{"type": "FeatureCollection", "features": [{"id": "16", "type": "Feature", "properties": {"osm_id": "8147752", "name": "Los Naranjos", "code": 1210, "source": "OSM via Geofabrik", "admin_level": 10, "layer": "barrios_int"}, "geometry": {"type": "Polygon", "coordinates": [[[-55.935219, -27.412392], [-55.9346752, -27.4126244], [-55.935219, -27.412392]]]}}, {"id": "17", "type": "Feature", "properties": {"osm_id": "3599714", "name": "San Jorge", "code": 1210, "source": "OSM via Geofabrik", "admin_level": 10, "layer": "barrios_int"}, "geometry": {"type": "Polygon", "coordinates": [[[-55.912866, -27.4171755], [-55.9088192, -27.4171124], [-55.912866, -27.4171755]]]}}, {"id": "19", "type": "Feature", "properties": {"osm_id": "3674005", "name": "Bernardino Caballero", "code": 1210, "source": "OSM via Geofabrik", "admin_level": 10, "layer": "barrios_int"}, "geometry": {"type": "Polygon", "coordinates": [[[-57.6139604, -25.3028863], [-57.6033019, -25.2924583], [-57.6112434, -25.3037566], [-57.6139604, -25.3028863]]]}}, {"id": "20", "type": "Feature", "properties": {"osm_id": "3684207", "name": "It\u00e1 Pyt\u00e3 Punta", "code": 1210, "source": "OSM via Geofabrik", "admin_level": 10, "layer": "barrios_int"}, "geometry": {"type": "Polygon", "coordinates": [[[-57.6671854, -25.2843626], [-57.6612657, -25.2840449], [-57.6670219, -25.2851013], [-57.6671854, -25.2843626]]]}}, {"id": "21", "type": "Feature", "properties": {"osm_id": "3726575", "name": "Yboty", "code": 1210, "source": "OSM via Geofabrik", "admin_level": 10, "layer": "barrios_int"}, "geometry": {"type": "Polygon", "coordinates": [[[-57.1642646, -25.389554], [-57.1481132, -25.3898856], [-57.1641395, -25.392693], [-57.1642646, -25.389554]]]}}, {"id": "31", "type": "Feature", "properties": {"osm_id": "4016171", "name": "Malvinas", "code": 1210, "source": "OSM via Geofabrik", "admin_level": 10, "layer": "barrios_int"}, "geometry": {"type": "Polygon", "coordinates": [[[-54.7761219, -26.5816597], [-54.7727708, -26.5771712], [-54.774193, -26.5839557], [-54.7761219, -26.5816597]]]}}, {"id": "36", "type": "Feature", "properties": {"osm_id": "4819274", "name": "Carlos Pellegrini", "code": 1210, "source": "OSM via Geofabrik", "admin_level": 10, "layer": "barrios_int"}, "geometry": {"type": "Polygon", "coordinates": [[[-55.9639374, -27.3998858], [-55.958021, -27.3984247], [-55.9638314, -27.3999871], [-55.9639374, -27.3998858]]]}}, {"id": "37", "type": "Feature", "properties": {"osm_id": "4819312", "name": "Las Tacuaritas", "code": 1210, "source": "OSM via Geofabrik", "admin_level": 10, "layer": "barrios_int"}, "geometry": {"type": "Polygon", "coordinates": [[[-55.955505, -27.400749], [-55.9554161, -27.4008694], [-55.955505, -27.400749]]]}}, {"id": "38", "type": "Feature", "properties": {"osm_id": "4822014", "name": "Las Lomas", "code": 1210, "source": "OSM via Geofabrik", "admin_level": 10, "layer": "barrios_int"}, "geometry": {"type": "Polygon", "coordinates": [[[-55.9535573, -27.4152898], [-55.9513047, -27.4158167], [-55.9535573, -27.4152898]]]}}, {"id": "39", "type": "Feature", "properties": {"osm_id": "4822015", "name": "Policial", "code": 1210, "source": "OSM via Geofabrik", "admin_level": 10, "layer": "barrios_int"}, "geometry": {"type": "Polygon", "coordinates": [[[-55.9513047, -27.4158167], [-55.9491251, -27.4163361], [-55.9513047, -27.4158167]]]}}, {"id": "40", "type": "Feature", "properties": {"osm_id": "4830152", "name": "25 de Octubre", "code": 1210, "source": "OSM via Geofabrik", "admin_level": 10, "layer": "barrios_int"}, "geometry": {"type": "Polygon", "coordinates": [[[-55.9396801, -27.3968348], [-55.9396545, -27.3968379], [-55.9396801, -27.3968348]]]}}, {"id": "41", "type": "Feature", "properties": {"osm_id": "4830335", "name": "V\u00edrgen de Itat\u00ed", "code": 1210, "source": "OSM via Geofabrik", "admin_level": 10, "layer": "barrios_int"}, "geometry": {"type": "Polygon", "coordinates": [[[-55.9059757, -27.4006879], [-55.9022599, -27.401141], [-55.9059757, -27.4006879]]]}}, {"id": "42", "type": "Feature", "properties": {"osm_id": "4830361", "name": "Primera Junta", "code": 1210, "source": "OSM via Geofabrik", "admin_level": 10, "layer": "barrios_int"}, "geometry": {"type": "Polygon", "coordinates": [[[-55.9054931, -27.3972479], [-55.9017731, -27.3976576], [-55.9054931, -27.3972479]]]}}, {"id": "43", "type": "Feature", "properties": {"osm_id": "4830406", "name": "Belgrano", "code": 1210, "source": "OSM via Geofabrik", "admin_level": 10, "layer": "barrios_int"}, "geometry": {"type": "Polygon", "coordinates": [[[-55.8975706, -27.3947374], [-55.8974536, -27.3947507], [-55.8975706, -27.3947374]]]}}, {"id": "44", "type": "Feature", "properties": {"osm_id": "5296135", "name": "Jorge Mario Bergoglio", "code": 1210, "source": "OSM via Geofabrik", "admin_level": 10, "layer": "barrios_int"}, "geometry": {"type": "Polygon", "coordinates": [[[-55.9008404, -27.3909844], [-55.8997773, -27.3910987], [-55.9008404, -27.3909844]]]}}, {"id": "45", "type": "Feature", "properties": {"osm_id": "4833656", "name": "Lavalle", "code": 1210, "source": "OSM via Geofabrik", "admin_level": 10, "layer": "barrios_int"}, "geometry": {"type": "Polygon", "coordinates": [[[-55.9111525, -27.3830741], [-55.9110507, -27.3830853], [-55.9111525, -27.3830741]]]}}, {"id": "46", "type": "Feature", "properties": {"osm_id": "4833949", "name": "Baradero", "code": 1210, "source": "OSM via Geofabrik", "admin_level": 10, "layer": "barrios_int"}, "geometry": {"type": "Polygon", "coordinates": [[[-55.8916013, -27.3602956], [-55.8905013, -27.3600392], [-55.8916013, -27.3602956]]]}}, {"id": "47", "type": "Feature", "properties": {"osm_id": "4836841", "name": "12 de Octubre", "code": 1210, "source": "OSM via Geofabrik", "admin_level": 10, "layer": "barrios_int"}, "geometry": {"type": "Polygon", "coordinates": [[[-55.9541536, -27.3648125], [-55.9540196, -27.3648264], [-55.9541536, -27.3648125]]]}}, {"id": "48", "type": "Feature", "properties": {"osm_id": "4836880", "name": "Primavera", "code": 1210, "source": "OSM via Geofabrik", "admin_level": 10, "layer": "barrios_int"}, "geometry": {"type": "Polygon", "coordinates": [[[-55.9149297, -27.3555471], [-55.9139842, -27.3556747], [-55.9149297, -27.3555471]]]}}, {"id": "49", "type": "Feature", "properties": {"osm_id": "4836877", "name": "La Radio", "code": 1210, "source": "OSM via Geofabrik", "admin_level": 10, "layer": "barrios_int"}, "geometry": {"type": "Polygon", "coordinates": [[[-55.9192085, -27.358424], [-55.9191001, -27.3584777], [-55.9192085, -27.358424]]]}}, {"id": "50", "type": "Feature", "properties": {"osm_id": "4836878", "name": "Las Orqu\u00eddeas", "code": 1210, "source": "OSM via Geofabrik", "admin_level": 10, "layer": "barrios_int"}, "geometry": {"type": "Polygon", "coordinates": [[[-55.9209946, -27.3582324], [-55.9209942, -27.3582727], [-55.9209946, -27.3582324]]]}}, {"id": "51", "type": "Feature", "properties": {"osm_id": "4843551", "name": "Las Malvinas", "code": 1210, "source": "OSM via Geofabrik", "admin_level": 10, "layer": "barrios_int"}, "geometry": {"type": "Polygon", "coordinates": [[[-55.919504, -27.3889104], [-55.9194742, -27.3889363], [-55.919504, -27.3889104]]]}}, {"id": "52", "type": "Feature", "properties": {"osm_id": "4843553", "name": "Singer", "code": 1210, "source": "OSM via Geofabrik", "admin_level": 10, "layer": "barrios_int"}, "geometry": {"type": "Polygon", "coordinates": [[[-55.9162586, -27.3926684], [-55.9125451, -27.3930667], [-55.9162586, -27.3926684]]]}}, {"id": "53", "type": "Feature", "properties": {"osm_id": "4843550", "name": "9 de Julio", "code": 1210, "source": "OSM via Geofabrik", "admin_level": 10, "layer": "barrios_int"}, "geometry": {"type": "Polygon", "coordinates": [[[-55.9199626, -27.3922503], [-55.9162586, -27.3926684], [-55.9199626, -27.3922503]]]}}, {"id": "54", "type": "Feature", "properties": {"osm_id": "4843552", "name": "Luz y Fuerza", "code": 1210, "source": "OSM via Geofabrik", "admin_level": 10, "layer": "barrios_int"}, "geometry": {"type": "Polygon", "coordinates": [[[-55.9157983, -27.3893439], [-55.9157309, -27.3893528], [-55.9157983, -27.3893439]]]}}, {"id": "55", "type": "Feature", "properties": {"osm_id": "5500794", "name": "8 de Diciembre", "code": 1210, "source": "OSM via Geofabrik", "admin_level": 10, "layer": "barrios_int"}, "geometry": {"type": "Polygon", "coordinates": [[[-55.9484842, -27.3789648], [-55.9475813, -27.3790648], [-55.9484842, -27.3789648]]]}}, {"id": "56", "type": "Feature", "properties": {"osm_id": "4843486", "name": "Parque Alta Vista", "code": 1210, "source": "OSM via Geofabrik", "admin_level": 10, "layer": "barrios_int"}, "geometry": {"type": "Polygon", "coordinates": [[[-55.9344885, -27.3872377], [-55.9307781, -27.3876631], [-55.9344885, -27.3872377]]]}}, {"id": "57", "type": "Feature", "properties": {"osm_id": "3726574", "name": "Ybu", "code": 1210, "source": "OSM via Geofabrik", "admin_level": 10, "layer": "barrios_int"}, "geometry": {"type": "Polygon", "coordinates": [[[-57.1494361, -25.385601], [-57.1423346, -25.3854313], [-57.1481883, -25.3878001], [-57.1494361, -25.385601]]]}}, {"id": "61", "type": "Feature", "properties": {"osm_id": "4843621", "name": "Libertad", "code": 1210, "source": "OSM via Geofabrik", "admin_level": 10, "layer": "barrios_int"}, "geometry": {"type": "Polygon", "coordinates": [[[-55.937332, -27.3801827], [-55.9335673, -27.3806017], [-55.937332, -27.3801827]]]}}, {"id": "62", "type": "Feature", "properties": {"osm_id": "4843620", "name": "Legislativo", "code": 1210, "source": "OSM via Geofabrik", "admin_level": 10, "layer": "barrios_int"}, "geometry": {"type": "Polygon", "coordinates": [[[-55.9378318, -27.3834969], [-55.9340279, -27.3839178], [-55.9378318, -27.3834969]]]}}, {"id": "63", "type": "Feature", "properties": {"osm_id": "5292263", "name": "Cerro Pel\u00f3n", "code": 1210, "source": "OSM via Geofabrik", "admin_level": 10, "layer": "barrios_int"}, "geometry": {"type": "Polygon", "coordinates": [[[-55.8899584, -27.3636465], [-55.8889048, -27.3637649], [-55.8899584, -27.3636465]]]}}, {"id": "64", "type": "Feature", "properties": {"osm_id": "5295265", "name": "H\u00e9roes de Malvinas", "code": 1210, "source": "OSM via Geofabrik", "admin_level": 10, "layer": "barrios_int"}, "geometry": {"type": "Polygon", "coordinates": [[[-55.9229048, -27.3851421], [-55.9190468, -27.3855811], [-55.9229048, -27.3851421]]]}}, {"id": "65", "type": "Feature", "properties": {"osm_id": "5307327", "name": "Victoria", "code": 1210, "source": "OSM via Geofabrik", "admin_level": 10, "layer": "barrios_int"}, "geometry": {"type": "Polygon", "coordinates": [[[-55.9465974, -27.4115409], [-55.9456107, -27.41178], [-55.9465974, -27.4115409]]]}}, {"id": "66", "type": "Feature", "properties": {"osm_id": "3595945", "name": "Panamb\u00ed Country Club", "code": 1210, "source": "OSM via Geofabrik", "admin_level": 10, "layer": "barrios_int"}, "geometry": {"type": "Polygon", "coordinates": [[[-55.940094, -27.4045449], [-55.9390104, -27.4043068], [-55.940094, -27.4045449]]]}}, {"id": "67", "type": "Feature", "properties": {"osm_id": "4830405", "name": "25 de Mayo", "code": 1210, "source": "OSM via Geofabrik", "admin_level": 10, "layer": "barrios_int"}, "geometry": {"type": "Polygon", "coordinates": [[[-55.9050223, -27.3938913], [-55.9044731, -27.3939485], [-55.9050223, -27.3938913]]]}}, {"id": "68", "type": "Feature", "properties": {"osm_id": "4833655", "name": "23 de Septiembre", "code": 1210, "source": "OSM via Geofabrik", "admin_level": 10, "layer": "barrios_int"}, "geometry": {"type": "Polygon", "coordinates": [[[-55.9073832, -27.3834873], [-55.9073192, -27.3834943], [-55.9073832, -27.3834873]]]}}, {"id": "70", "type": "Feature", "properties": {"osm_id": "5500806", "name": "La Cumbre", "code": 1210, "source": "OSM via Geofabrik", "admin_level": 10, "layer": "barrios_int"}, "geometry": {"type": "Polygon", "coordinates": [[[-55.913012, -27.3964161], [-55.9092389, -27.3968327], [-55.913012, -27.3964161]]]}}, {"id": "71", "type": "Feature", "properties": {"osm_id": "4833671", "name": "Sagrado Coraz\u00f3n de Jes\u00fas", "code": 1210, "source": "OSM via Geofabrik", "admin_level": 10, "layer": "barrios_int"}, "geometry": {"type": "Polygon", "coordinates": [[[-55.9130037, -27.3693109], [-55.9129307, -27.3693189], [-55.9130037, -27.3693109]]]}}, {"id": "72", "type": "Feature", "properties": {"osm_id": "5307421", "name": "Residencial Libertador General San Mart\u00edn", "code": 1210, "source": "OSM via Geofabrik", "admin_level": 10, "layer": "barrios_int"}, "geometry": {"type": "Polygon", "coordinates": [[[-55.9092914, -27.3697181], [-55.9091814, -27.3697305], [-55.9092914, -27.3697181]]]}}, {"id": "73", "type": "Feature", "properties": {"osm_id": "4224389", "name": "Hermoso", "code": 1210, "source": "OSM via Geofabrik", "admin_level": 10, "layer": "barrios_int"}, "geometry": {"type": "Polygon", "coordinates": [[[-55.9251278, -27.4090823], [-55.9250815, -27.4090874], [-55.9251278, -27.4090823]]]}}, {"id": "74", "type": "Feature", "properties": {"osm_id": "7749924", "name": "El Yerbal", "code": 1210, "source": "OSM via Geofabrik", "admin_level": 10, "layer": "barrios_int"}, "geometry": {"type": "Polygon", "coordinates": [[[-55.9349513, -27.3905638], [-55.9348945, -27.3905702], [-55.9349513, -27.3905638]]]}}, {"id": "75", "type": "Feature", "properties": {"osm_id": "5283505", "name": "La Querencia", "code": 1210, "source": "OSM via Geofabrik", "admin_level": 10, "layer": "barrios_int"}, "geometry": {"type": "Polygon", "coordinates": [[[-55.9223733, -27.3818287], [-55.9185896, -27.3822516], [-55.9223733, -27.3818287]]]}}, {"id": "76", "type": "Feature", "properties": {"osm_id": "4836846", "name": "San Miguel", "code": 1210, "source": "OSM via Geofabrik", "admin_level": 10, "layer": "barrios_int"}, "geometry": {"type": "Polygon", "coordinates": [[[-55.9317161, -27.3672714], [-55.9316596, -27.3672776], [-55.9317161, -27.3672714]]]}}, {"id": "77", "type": "Feature", "properties": {"osm_id": "4833672", "name": "Tajamar", "code": 1210, "source": "OSM via Geofabrik", "admin_level": 10, "layer": "barrios_int"}, "geometry": {"type": "Polygon", "coordinates": [[[-55.9055633, -27.3701176], [-55.9054604, -27.3701302], [-55.9055633, -27.3701176]]]}}, {"id": "78", "type": "Feature", "properties": {"osm_id": "4843655", "name": "Papini", "code": 1210, "source": "OSM via Geofabrik", "admin_level": 10, "layer": "barrios_int"}, "geometry": {"type": "Polygon", "coordinates": [[[-55.917213, -27.372225], [-55.9171801, -27.3722287], [-55.917213, -27.372225]]]}}, {"id": "79", "type": "Feature", "properties": {"osm_id": "10483446", "name": "La Rivera", "code": 1210, "source": "OSM via Geofabrik", "admin_level": 10, "layer": "barrios_int"}, "geometry": {"type": "Polygon", "coordinates": [[[-55.9192085, -27.358424], [-55.9146403, -27.353508], [-55.9191001, -27.3584777], [-55.9192085, -27.358424]]]}}, {"id": "80", "type": "Feature", "properties": {"osm_id": "4836881", "name": "Santa Teresita del Ni\u00f1o Jes\u00fas", "code": 1210, "source": "OSM via Geofabrik", "admin_level": 10, "layer": "barrios_int"}, "geometry": {"type": "Polygon", "coordinates": [[[-55.9153932, -27.3588437], [-55.9153893, -27.3588906], [-55.9153932, -27.3588437]]]}}, {"id": "81", "type": "Feature", "properties": {"osm_id": "4838527", "name": "Centro C\u00edvico", "code": 1210, "source": "OSM via Geofabrik", "admin_level": 10, "layer": "barrios_int"}, "geometry": {"type": "Polygon", "coordinates": [[[-55.9078901, -27.359718], [-55.9041361, -27.3601313], [-55.9078901, -27.359718]]]}}, {"id": "82", "type": "Feature", "properties": {"osm_id": "4833950", "name": "Los Aguacates", "code": 1210, "source": "OSM via Geofabrik", "admin_level": 10, "layer": "barrios_int"}, "geometry": {"type": "Polygon", "coordinates": [[[-55.8995142, -27.3537766], [-55.8988975, -27.3538421], [-55.8995142, -27.3537766]]]}}, {"id": "83", "type": "Feature", "properties": {"osm_id": "6095890", "name": "Virgen de Lourdes", "code": 1210, "source": "OSM via Geofabrik", "admin_level": 10, "layer": "barrios_int"}, "geometry": {"type": "Polygon", "coordinates": [[[-55.8970996, -27.3913867], [-55.8969771, -27.3913998], [-55.8970996, -27.3913867]]]}}, {"id": "84", "type": "Feature", "properties": {"osm_id": "4843619", "name": "Cristo Redentor", "code": 1210, "source": "OSM via Geofabrik", "admin_level": 10, "layer": "barrios_int"}, "geometry": {"type": "Polygon", "coordinates": [[[-55.9527978, -27.3818378], [-55.9527867, -27.3822303], [-55.9527978, -27.3818378]]]}}, {"id": "85", "type": "Feature", "properties": {"osm_id": "4843638", "name": "L\u00f3pez y Planes", "code": 1210, "source": "OSM via Geofabrik", "admin_level": 10, "layer": "barrios_int"}, "geometry": {"type": "Polygon", "coordinates": [[[-55.9513115, -27.3718696], [-55.9475676, -27.3722702], [-55.9513115, -27.3718696]]]}}, {"id": "86", "type": "Feature", "properties": {"osm_id": "4843622", "name": "Mart\u00edn Fierro", "code": 1210, "source": "OSM via Geofabrik", "admin_level": 10, "layer": "barrios_int"}, "geometry": {"type": "Polygon", "coordinates": [[[-55.9489865, -27.3822563], [-55.9452648, -27.3826641], [-55.9489865, -27.3822563]]]}}, {"id": "87", "type": "Feature", "properties": {"osm_id": "6587700", "name": "It\u00e1 Ver\u00e1", "code": 1210, "source": "OSM via Geofabrik", "admin_level": 10, "layer": "barrios_int"}, "geometry": {"type": "Polygon", "coordinates": [[[-55.952804, -27.3812477], [-55.9527978, -27.3818378], [-55.952804, -27.3812477]]]}}, {"id": "88", "type": "Feature", "properties": {"osm_id": "4830334", "name": "Alta Gracia", "code": 1210, "source": "OSM via Geofabrik", "admin_level": 10, "layer": "barrios_int"}, "geometry": {"type": "Polygon", "coordinates": [[[-55.920881, -27.3989381], [-55.9125451, -27.3930667], [-55.9171677, -27.3993564], [-55.920881, -27.3989381]]]}}, {"id": "89", "type": "Feature", "properties": {"osm_id": "5500833", "name": "Radio Parque", "code": 1210, "source": "OSM via Geofabrik", "admin_level": 10, "layer": "barrios_int"}, "geometry": {"type": "Polygon", "coordinates": [[[-55.9134672, -27.3997374], [-55.9133197, -27.3998503], [-55.9134672, -27.3997374]]]}}, {"id": "90", "type": "Feature", "properties": {"osm_id": "4833582", "name": "Rowing", "code": 1210, "source": "OSM via Geofabrik", "admin_level": 10, "layer": "barrios_int"}, "geometry": {"type": "Polygon", "coordinates": [[[-55.8949981, -27.4028776], [-55.894789, -27.4029028], [-55.8949981, -27.4028776]]]}}, {"id": "91", "type": "Feature", "properties": {"osm_id": "4830362", "name": "Villa Flor", "code": 1210, "source": "OSM via Geofabrik", "admin_level": 10, "layer": "barrios_int"}, "geometry": {"type": "Polygon", "coordinates": [[[-55.9017923, -27.397795], [-55.8980638, -27.3982072], [-55.9017923, -27.397795]]]}}, {"id": "92", "type": "Feature", "properties": {"osm_id": "4843617", "name": "25 de Diciembre", "code": 1210, "source": "OSM via Geofabrik", "admin_level": 10, "layer": "barrios_int"}, "geometry": {"type": "Polygon", "coordinates": [[[-55.9448132, -27.3793603], [-55.9438557, -27.3794698], [-55.9448132, -27.3793603]]]}}, {"id": "93", "type": "Feature", "properties": {"osm_id": "4838528", "name": "Tiro Federal", "code": 1210, "source": "OSM via Geofabrik", "admin_level": 10, "layer": "barrios_int"}, "geometry": {"type": "Polygon", "coordinates": [[[-55.9041361, -27.3601313], [-55.89952, -27.3538331], [-55.9006666, -27.3605134], [-55.9041361, -27.3601313]]]}}, {"id": "94", "type": "Feature", "properties": {"osm_id": "4843481", "name": "El Solar", "code": 1210, "source": "OSM via Geofabrik", "admin_level": 10, "layer": "barrios_int"}, "geometry": {"type": "Polygon", "coordinates": [[[-55.9260966, -27.3814186], [-55.9223733, -27.3818287], [-55.9260966, -27.3814186]]]}}, {"id": "95", "type": "Feature", "properties": {"osm_id": "4843623", "name": "San Gerardo", "code": 1210, "source": "OSM via Geofabrik", "admin_level": 10, "layer": "barrios_int"}, "geometry": {"type": "Polygon", "coordinates": [[[-55.9405911, -27.3764416], [-55.9368698, -27.3768444], [-55.9405911, -27.3764416]]]}}, {"id": "96", "type": "Feature", "properties": {"osm_id": "4843690", "name": "El Palomar", "code": 1210, "source": "OSM via Geofabrik", "admin_level": 10, "layer": "barrios_int"}, "geometry": {"type": "Polygon", "coordinates": [[[-55.8994903, -27.3809236], [-55.8985849, -27.374343], [-55.8911013, -27.375151], [-55.8988518, -27.3809779], [-55.8994903, -27.3809236]]]}}, {"id": "97", "type": "Feature", "properties": {"osm_id": "3559405", "name": "San Lorenzo", "code": 1210, "source": "OSM via Geofabrik", "admin_level": 10, "layer": "barrios_int"}, "geometry": {"type": "Polygon", "coordinates": [[[-55.9142697, -27.4277835], [-55.909681, -27.428301], [-55.9142697, -27.4277835]]]}}, {"id": "98", "type": "Feature", "properties": {"osm_id": "4836860", "name": "Docente", "code": 1210, "source": "OSM via Geofabrik", "admin_level": 10, "layer": "barrios_int"}, "geometry": {"type": "Polygon", "coordinates": [[[-55.934511, -27.3601376], [-55.9343311, -27.3601571], [-55.934511, -27.3601376]]]}}, {"id": "99", "type": "Feature", "properties": {"osm_id": "6204980", "name": "Cruz del Sur", "code": 1210, "source": "OSM via Geofabrik", "admin_level": 10, "layer": "barrios_int"}, "geometry": {"type": "Polygon", "coordinates": [[[-55.9914906, -27.3843278], [-55.9914357, -27.3850612], [-55.9914906, -27.3843278]]]}}, {"id": "100", "type": "Feature", "properties": {"osm_id": "4836843", "name": "Mar\u00eda de Nazaret", "code": 1210, "source": "OSM via Geofabrik", "admin_level": 10, "layer": "barrios_int"}, "geometry": {"type": "Polygon", "coordinates": [[[-55.9279945, -27.3676773], [-55.9279338, -27.367684], [-55.9279945, -27.3676773]]]}}, {"id": "101", "type": "Feature", "properties": {"osm_id": "4836608", "name": "Andresito Guacurar\u00ed", "code": 1210, "source": "OSM via Geofabrik", "admin_level": 10, "layer": "barrios_int"}, "geometry": {"type": "Polygon", "coordinates": [[[-55.928459, -27.3709933], [-55.9283983, -27.3709999], [-55.928459, -27.3709933]]]}}, {"id": "102", "type": "Feature", "properties": {"osm_id": "4833669", "name": "Aguas Corrientes", "code": 1210, "source": "OSM via Geofabrik", "admin_level": 10, "layer": "barrios_int"}, "geometry": {"type": "Polygon", "coordinates": [[[-55.9064704, -27.3768201], [-55.9018478, -27.3705316], [-55.9063643, -27.3768328], [-55.9064704, -27.3768201]]]}}, {"id": "114", "type": "Feature", "properties": {"osm_id": "4830340", "name": "Residencial Sur", "code": 1210, "source": "OSM via Geofabrik", "admin_level": 10, "layer": "barrios_int"}, "geometry": {"type": "Polygon", "coordinates": [[[-55.9097187, -27.4002829], [-55.9059757, -27.4006879], [-55.9097187, -27.4002829]]]}}, {"id": "115", "type": "Feature", "properties": {"osm_id": "4830360", "name": "Cristo Rey", "code": 1210, "source": "OSM via Geofabrik", "admin_level": 10, "layer": "barrios_int"}, "geometry": {"type": "Polygon", "coordinates": [[[-55.9094291, -27.3982001], [-55.9086324, -27.3982875], [-55.9094291, -27.3982001]]]}}, {"id": "116", "type": "Feature", "properties": {"osm_id": "3561369", "name": "Mini City", "code": 1210, "source": "OSM via Geofabrik", "admin_level": 10, "layer": "barrios_int"}, "geometry": {"type": "Polygon", "coordinates": [[[-55.9316478, -27.410043], [-55.9306333, -27.4104857], [-55.9316478, -27.410043]]]}}, {"id": "118", "type": "Feature", "properties": {"osm_id": "7076561", "name": "Ba. San Miguel", "code": 1210, "source": "OSM via Geofabrik", "admin_level": 10, "layer": "barrios_int"}, "geometry": {"type": "Polygon", "coordinates": [[[-54.6560282, -25.4367371], [-54.6453437, -25.4365301], [-54.655636, -25.4371515], [-54.6560282, -25.4367371]]]}}, {"id": "119", "type": "Feature", "properties": {"osm_id": "7076302", "name": "San Francisco", "code": 1210, "source": "OSM via Geofabrik", "admin_level": 10, "layer": "barrios_int"}, "geometry": {"type": "Polygon", "coordinates": [[[-54.6504827, -25.4412551], [-54.6444368, -25.4265463], [-54.6387364, -25.4377336], [-54.6503889, -25.4412511], [-54.6504827, -25.4412551]]]}}, {"id": "120", "type": "Feature", "properties": {"osm_id": "7081862", "name": "Ba. Costa del Lago", "code": 1210, "source": "OSM via Geofabrik", "admin_level": 10, "layer": "barrios_int"}, "geometry": {"type": "Polygon", "coordinates": [[[-54.6432358, -25.3427338], [-54.6332487, -25.3301952], [-54.6187973, -25.3373247], [-54.6316816, -25.3546738], [-54.640786, -25.3452615], [-54.6432358, -25.3427338]]]}}, {"id": "122", "type": "Feature", "properties": {"osm_id": "5312586", "name": "Congreso", "code": 1210, "source": "OSM via Geofabrik", "admin_level": 10, "layer": "barrios_int"}, "geometry": {"type": "Polygon", "coordinates": [[[-55.9395657, -27.40852], [-55.9358145, -27.4008108], [-55.9381471, -27.4086735], [-55.9395657, -27.40852]]]}}, {"id": "126", "type": "Feature", "properties": {"osm_id": "7118779", "name": "Colonia Felix de Azara II", "code": 1210, "source": "OSM via Geofabrik", "admin_level": 10, "layer": "barrios_int"}, "geometry": {"type": "Polygon", "coordinates": [[[-54.6783485, -25.4343317], [-54.657103, -25.4152276], [-54.6528416, -25.4190658], [-54.6641445, -25.4294511], [-54.6512491, -25.4413385], [-54.6692378, -25.4661751], [-54.6779502, -25.4582306], [-54.6677855, -25.4409114], [-54.6780807, -25.4346256], [-54.6783485, -25.4343317]]]}}, {"id": "128", "type": "Feature", "properties": {"osm_id": "7124632", "name": "Ba. San Isidro Asentamiento", "code": 1210, "source": "OSM via Geofabrik", "admin_level": 10, "layer": "barrios_int"}, "geometry": {"type": "Polygon", "coordinates": [[[-54.6782654, -25.3960271], [-54.667235, -25.3861494], [-54.6614703, -25.3913011], [-54.674786, -25.3991847], [-54.6782654, -25.3960271]]]}}, {"id": "131", "type": "Feature", "properties": {"osm_id": "7079209", "name": "Nueva Fortuna", "code": 1210, "source": "OSM via Geofabrik", "admin_level": 10, "layer": "barrios_int"}, "geometry": null}, {"id": "139", "type": "Feature", "properties": {"osm_id": "4836845", "name": "Ram\u00f3n Brousse", "code": 1210, "source": "OSM via Geofabrik", "admin_level": 10, "layer": "barrios_int"}, "geometry": {"type": "Polygon", "coordinates": [[[-55.9466848, -27.3655998], [-55.9466056, -27.3656092], [-55.9466848, -27.3655998]]]}}, {"id": "140", "type": "Feature", "properties": {"osm_id": "4843702", "name": "Villa Urquiza", "code": 1210, "source": "OSM via Geofabrik", "admin_level": 10, "layer": "barrios_int"}, "geometry": {"type": "Polygon", "coordinates": [[[-55.9003871, -27.3876434], [-55.8988518, -27.3809779], [-55.8887057, -27.3855291], [-55.8994071, -27.3877495], [-55.9003871, -27.3876434]]]}}, {"id": "141", "type": "Feature", "properties": {"osm_id": "7740064", "name": "San Mart\u00edn", "code": 1210, "source": "OSM via Geofabrik", "admin_level": 10, "layer": "barrios_int"}, "geometry": {"type": "Polygon", "coordinates": [[[-55.9219055, -27.3785088], [-55.9167559, -27.3688961], [-55.9139306, -27.3759997], [-55.9218493, -27.378515], [-55.9219055, -27.3785088]]]}}, {"id": "142", "type": "Feature", "properties": {"osm_id": "7565211", "name": "Barrio San Francisco", "code": 1210, "source": "OSM via Geofabrik", "admin_level": 10, "layer": "barrios_int"}, "geometry": {"type": "Polygon", "coordinates": [[[-54.589153, -25.982179], [-54.587667, -25.987382], [-54.589153, -25.982179]]]}}, {"id": "143", "type": "Feature", "properties": {"osm_id": "3512679", "name": "Complejo Habitacional V\u00edrgen de F\u00e1tima", "code": 1210, "source": "OSM via Geofabrik", "admin_level": 10, "layer": "barrios_int"}, "geometry": {"type": "Polygon", "coordinates": [[[-55.8813783, -27.4372461], [-55.870227, -27.4311782], [-55.8699713, -27.4376886], [-55.8798958, -27.4381233], [-55.8813783, -27.4372461]]]}}, {"id": "144", "type": "Feature", "properties": {"osm_id": "4819310", "name": "Hospital", "code": 1210, "source": "OSM via Geofabrik", "admin_level": 10, "layer": "barrios_int"}, "geometry": null}, {"id": "145", "type": "Feature", "properties": {"osm_id": "4830336", "name": "La Rotonda", "code": 1210, "source": "OSM via Geofabrik", "admin_level": 10, "layer": "barrios_int"}, "geometry": {"type": "Polygon", "coordinates": [[[-55.906448, -27.4040397], [-55.8980638, -27.3982072], [-55.9064142, -27.4040448], [-55.906448, -27.4040397]]]}}, {"id": "146", "type": "Feature", "properties": {"osm_id": "4836609", "name": "Los Pinos", "code": 1210, "source": "OSM via Geofabrik", "admin_level": 10, "layer": "barrios_int"}, "geometry": {"type": "Polygon", "coordinates": [[[-55.9204945, -27.368493], [-55.9204383, -27.3684991], [-55.9204945, -27.368493]]]}}, {"id": "147", "type": "Feature", "properties": {"osm_id": "3601461", "name": "Independencia", "code": 1210, "source": "OSM via Geofabrik", "admin_level": 10, "layer": "barrios_int"}, "geometry": {"type": "Polygon", "coordinates": [[[-55.9184591, -27.4144442], [-55.9119824, -27.4104872], [-55.9184028, -27.414459], [-55.9184591, -27.4144442]]]}}, {"id": "148", "type": "Feature", "properties": {"osm_id": "3599517", "name": "San Marcos", "code": 1210, "source": "OSM via Geofabrik", "admin_level": 10, "layer": "barrios_int"}, "geometry": {"type": "Polygon", "coordinates": [[[-55.9218988, -27.4197229], [-55.9184591, -27.4144442], [-55.9133089, -27.4206764], [-55.9218417, -27.4197287], [-55.9218988, -27.4197229]]]}}, {"id": "149", "type": "Feature", "properties": {"osm_id": "5307341", "name": "El Mens\u00fa", "code": 1210, "source": "OSM via Geofabrik", "admin_level": 10, "layer": "barrios_int"}, "geometry": {"type": "Polygon", "coordinates": [[[-55.9261328, -27.4108995], [-55.9221343, -27.4113503], [-55.9261328, -27.4108995]]]}}, {"id": "150", "type": "Feature", "properties": {"osm_id": "4836606", "name": "10 de Junio", "code": 1210, "source": "OSM via Geofabrik", "admin_level": 10, "layer": "barrios_int"}, "geometry": {"type": "Polygon", "coordinates": [[[-55.9289361, -27.37434], [-55.9288704, -27.3743472], [-55.9289361, -27.37434]]]}}, {"id": "151", "type": "Feature", "properties": {"osm_id": "5334603", "name": "6 de Septiembre", "code": 1210, "source": "OSM via Geofabrik", "admin_level": 10, "layer": "barrios_int"}, "geometry": {"type": "Polygon", "coordinates": [[[-55.8921907, -27.4242732], [-55.8864885, -27.4193865], [-55.8921865, -27.424318], [-55.8921907, -27.4242732]]]}}, {"id": "153", "type": "Feature", "properties": {"osm_id": "3678416", "name": "San Jorge", "code": 1210, "source": "OSM via Geofabrik", "admin_level": 10, "layer": "barrios_int"}, "geometry": {"type": "Polygon", "coordinates": [[[-57.564439, -25.2834597], [-57.5451442, -25.27528], [-57.5502284, -25.2932233], [-57.5641187, -25.2835811], [-57.564439, -25.2834597]]]}}, {"id": "155", "type": "Feature", "properties": {"osm_id": "4822008", "name": "90 viviendas", "code": 1210, "source": "OSM via Geofabrik", "admin_level": 10, "layer": "barrios_int"}, "geometry": {"type": "Polygon", "coordinates": [[[-55.9561292, -27.4146739], [-55.9535573, -27.4152898], [-55.9561292, -27.4146739]]]}}, {"id": "156", "type": "Feature", "properties": {"osm_id": "4819311", "name": "Club Vial", "code": 1210, "source": "OSM via Geofabrik", "admin_level": 10, "layer": "barrios_int"}, "geometry": {"type": "Polygon", "coordinates": [[[-55.9531094, -27.4046859], [-55.9524698, -27.4048413], [-55.9531094, -27.4046859]]]}}, {"id": "157", "type": "Feature", "properties": {"osm_id": "6755396", "name": "Claudia Ester", "code": 1210, "source": "OSM via Geofabrik", "admin_level": 10, "layer": "barrios_int"}, "geometry": {"type": "Polygon", "coordinates": [[[-55.8632818, -27.4367993], [-55.8628964, -27.4371346], [-55.8632818, -27.4367993]]]}}, {"id": "158", "type": "Feature", "properties": {"osm_id": "4843482", "name": "Ciudad Nueva", "code": 1210, "source": "OSM via Geofabrik", "admin_level": 10, "layer": "barrios_int"}, "geometry": {"type": "Polygon", "coordinates": [[[-55.9307781, -27.3876631], [-55.9299272, -27.3877605], [-55.9307781, -27.3876631]]]}}, {"id": "159", "type": "Feature", "properties": {"osm_id": "4843487", "name": "San Ram\u00f3n", "code": 1210, "source": "OSM via Geofabrik", "admin_level": 10, "layer": "barrios_int"}, "geometry": {"type": "Polygon", "coordinates": [[[-55.923309, -27.3885022], [-55.919504, -27.3889104], [-55.923309, -27.3885022]]]}}, {"id": "160", "type": "Feature", "properties": {"osm_id": "4843488", "name": "Sol Naciente", "code": 1210, "source": "OSM via Geofabrik", "admin_level": 10, "layer": "barrios_int"}, "geometry": {"type": "Polygon", "coordinates": [[[-55.9270304, -27.3880885], [-55.923309, -27.3885022], [-55.9270304, -27.3880885]]]}}, {"id": "161", "type": "Feature", "properties": {"osm_id": "3595231", "name": "Jard\u00edn", "code": 1210, "source": "OSM via Geofabrik", "admin_level": 10, "layer": "barrios_int"}, "geometry": {"type": "Polygon", "coordinates": [[[-55.935639, -27.4166916], [-55.9344243, -27.4172183], [-55.935639, -27.4166916]]]}}, {"id": "162", "type": "Feature", "properties": {"osm_id": "3561460", "name": "Mart\u00edn Miguel de G\u00fcemes", "code": 1210, "source": "OSM via Geofabrik", "admin_level": 10, "layer": "barrios_int"}, "geometry": {"type": "Polygon", "coordinates": [[[-55.9329887, -27.4124914], [-55.9320167, -27.412907], [-55.9329887, -27.4124914]]]}}, {"id": "163", "type": "Feature", "properties": {"osm_id": "3561482", "name": "Los \u00c1lamos", "code": 1210, "source": "OSM via Geofabrik", "admin_level": 10, "layer": "barrios_int"}, "geometry": {"type": "Polygon", "coordinates": [[[-55.9341364, -27.4128546], [-55.9333673, -27.4131844], [-55.9341364, -27.4128546]]]}}, {"id": "164", "type": "Feature", "properties": {"osm_id": "10483404", "name": "Uni\u00f3n Docentes Argentinos", "code": 1210, "source": "OSM via Geofabrik", "admin_level": 10, "layer": "barrios_int"}, "geometry": {"type": "Polygon", "coordinates": [[[-55.9505864, -27.3854547], [-55.9505003, -27.3855009], [-55.9505864, -27.3854547]]]}}, {"id": "165", "type": "Feature", "properties": {"osm_id": "12882436", "name": "Barrio Jard\u00edn I", "code": 1210, "source": "OSM via Geofabrik", "admin_level": 10, "layer": "barrios_int"}, "geometry": {"type": "Polygon", "coordinates": [[[-54.5665648, -25.9700589], [-54.5656902, -25.969934], [-54.5665648, -25.9700589]]]}}, {"id": "166", "type": "Feature", "properties": {"osm_id": "12882162", "name": "Barrio Lourdes", "code": 1210, "source": "OSM via Geofabrik", "admin_level": 10, "layer": "barrios_int"}, "geometry": {"type": "Polygon", "coordinates": [[[-54.579107, -25.9686802], [-54.5715943, -25.9678403], [-54.5791005, -25.9689726], [-54.579107, -25.9686802]]]}}, {"id": "167", "type": "Feature", "properties": {"osm_id": "8365232", "name": "Lagerenza'i", "code": 1210, "source": "OSM via Geofabrik", "admin_level": 10, "layer": "barrios_int"}, "geometry": {"type": "Polygon", "coordinates": [[[-61.9225361, -20.0892109], [-61.7352111, -19.6344056], [-61.3844617, -19.5796217], [-61.009973, -20.040587], [-60.90463, -20.355282], [-61.51439, -20.182631], [-61.620052, -20.170064], [-61.698262, -20.104244], [-61.71859, -20.096645], [-61.762181, -20.109798], [-61.855919, -20.098055], [-61.9225361, -20.0892109]]]}}, {"id": "170", "type": "Feature", "properties": {"osm_id": "8365986", "name": "Colonia San Alfredo", "code": 1210, "source": "OSM via Geofabrik", "admin_level": 10, "layer": "barrios_int"}, "geometry": {"type": "Polygon", "coordinates": [[[-61.3844617, -19.5796217], [-60.9984001, -19.5190336], [-60.795722, -19.86499], [-60.782891, -19.918759], [-60.793707, -19.931749], [-60.995152, -20.0145], [-61.009973, -20.040587], [-61.380069, -19.586511], [-61.3844617, -19.5796217]]]}}, {"id": "171", "type": "Feature", "properties": {"osm_id": "8366031", "name": "Zona Yacyreta", "code": 1210, "source": "OSM via Geofabrik", "admin_level": 10, "layer": "barrios_int"}, "geometry": {"type": "Polygon", "coordinates": [[[-58.803156, -19.996795], [-58.801896, -19.694483], [-58.705612, -19.693748], [-58.706039, -19.545142], [-58.6964876, -19.5057368], [-58.3009911, -19.7370057], [-58.310942, -20.233806], [-58.329376, -20.25207], [-58.342834, -20.256521], [-58.352804, -20.243604], [-58.370815, -20.2491], [-58.379559, -20.242938], [-58.401888, -20.258025], [-58.439666, -20.261694], [-58.468038, -20.285636], [-58.803087, -20.1342988], [-58.802817, -20.066824], [-58.803156, -19.996795]]]}}, {"id": "172", "type": "Feature", "properties": {"osm_id": "8366033", "name": "Sierra Leon", "code": 1210, "source": "OSM via Geofabrik", "admin_level": 10, "layer": "barrios_int"}, "geometry": {"type": "Polygon", "coordinates": [[[-60.9984001, -19.5190336], [-60.6376729, -19.4609083], [-60.660027, -19.785943], [-60.795722, -19.86499], [-60.99641, -19.523414], [-60.9984001, -19.5190336]]]}}, {"id": "173", "type": "Feature", "properties": {"osm_id": "8368034", "name": "San Carlos Sub-Urbano", "code": 1210, "source": "OSM via Geofabrik", "admin_level": 10, "layer": "barrios_int"}, "geometry": {"type": "Polygon", "coordinates": [[[-58.483563, -20.779976], [-58.473886, -20.778693], [-58.483008, -20.782525], [-58.483563, -20.779976]]]}}, {"id": "174", "type": "Feature", "properties": {"osm_id": "8368044", "name": "Zona Toro Pampa Este", "code": 1210, "source": "OSM via Geofabrik", "admin_level": 10, "layer": "barrios_int"}, "geometry": {"type": "Polygon", "coordinates": [[[-58.50462, -20.785351], [-58.324098, -20.764448], [-58.308931, -20.773887], [-58.178113, -20.776882], [-58.2073081, -21.0523194], [-58.2248167, -21.0600066], [-58.2272718, -21.0508631], [-58.2343236, -21.0575292], [-58.2555481, -21.0532256], [-58.2625959, -21.0656908], [-58.2736818, -21.0656393], [-58.2740614, -21.0744886], [-58.2851713, -21.0724625], [-58.2840852, -21.0869162], [-58.3045086, -21.0881242], [-58.3079353, -21.0727805], [-58.3183306, -21.0775652], [-58.3238852, -21.0714041], [-58.3319154, -21.0821439], [-58.3402352, -21.0805459], [-58.3391835, -21.0868806], [-58.3841048, -21.0886326], [-58.3957684, -21.0953258], [-58.3995587, -21.1106088], [-58.4160143, -21.1035221], [-58.4148815, -21.1105273], [-58.4245699, -21.1096007], [-58.4331427, -21.096428], [-58.4445713, -21.0982926], [-58.4561326, -21.0855251], [-58.480422, -21.085457], [-58.480316, -21.02064], [-58.494038, -21.006646], [-58.499029, -20.819291], [-58.50462, -20.785351]]]}}, {"id": "175", "type": "Feature", "properties": {"osm_id": "8368050", "name": "Zona TTE. Martinez", "code": 1210, "source": "OSM via Geofabrik", "admin_level": 10, "layer": "barrios_int"}, "geometry": {"type": "Polygon", "coordinates": [[[-59.887103, -20.756887], [-59.8776132, -20.6244613], [-59.7593248, -20.3973606], [-59.7592823, -20.2816631], [-59.5784766, -20.2812189], [-59.5802637, -20.1382519], [-59.409313, -20.1369655], [-59.301625, -21.231481], [-59.3590023, -21.2448395], [-59.3950381, -21.2668483], [-59.4385958, -21.2746212], [-59.4586441, -21.2993258], [-59.4973016, -21.1978826], [-59.766985, -21.201298], [-59.75087, -21.182933], [-59.755849, -21.096831], [-59.768323, -21.037456], [-59.809842, -20.987461], [-59.817786, -20.936654], [-59.839607, -20.903143], [-59.83831, -20.8807], [-59.863118, -20.820841], [-59.886896, -20.791957], [-59.887103, -20.756887]]]}}, {"id": "176", "type": "Feature", "properties": {"osm_id": "8368049", "name": "Zona Florida", "code": 1210, "source": "OSM via Geofabrik", "admin_level": 10, "layer": "barrios_int"}, "geometry": {"type": "Polygon", "coordinates": [[[-59.409313, -20.1369655], [-59.2851397, -20.1368337], [-59.271257, -20.1303213], [-58.9998596, -20.1323132], [-58.929074, -20.927046], [-58.890897, -21.175735], [-58.9030083, -21.1814784], [-58.9266788, -21.2225594], [-58.9392468, -21.2206468], [-58.94511, -21.1980865], [-58.9744896, -21.2171716], [-58.9920125, -21.213465], [-58.9875445, -21.2081799], [-59.001644, -21.2013224], [-59.0338253, -21.211405], [-59.0665742, -21.2344145], [-59.0889329, -21.2036992], [-59.1049504, -21.1964939], [-59.1289548, -21.2143855], [-59.187223, -21.2025181], [-59.2067965, -21.2115828], [-59.2365509, -21.2116712], [-59.2555559, -21.2304358], [-59.301625, -21.231481], [-59.407782, -20.181352], [-59.409313, -20.1369655]]]}}, {"id": "177", "type": "Feature", "properties": {"osm_id": "8368036", "name": "Comunidad Indigena Puerto Maria Elena (Pitiantuta)", "code": 1210, "source": "OSM via Geofabrik", "admin_level": 10, "layer": "barrios_int"}, "geometry": {"type": "Polygon", "coordinates": [[[-57.966229, -20.750822], [-57.950422, -20.732523], [-57.9347791, -20.7456528], [-57.9470517, -20.7623967], [-57.966229, -20.750822]]]}}, {"id": "178", "type": "Feature", "properties": {"osm_id": "8368035", "name": "Toro Pampa Sub-Urbano", "code": 1210, "source": "OSM via Geofabrik", "admin_level": 10, "layer": "barrios_int"}, "geometry": {"type": "Polygon", "coordinates": [[[-58.493869, -21.020225], [-58.483729, -21.01506], [-58.480316, -21.02064], [-58.480465, -21.027743], [-58.49347, -21.027703], [-58.493869, -21.020225]]]}}, {"id": "179", "type": "Feature", "properties": {"osm_id": "8368047", "name": "Maria Auxiliadora", "code": 1210, "source": "OSM via Geofabrik", "admin_level": 10, "layer": "barrios_int"}, "geometry": {"type": "Polygon", "coordinates": [[[-58.715879, -20.484492], [-58.464485, -20.450642], [-58.4723441, -20.4773703], [-58.4765068, -20.4704577], [-58.511416, -20.481214], [-58.4852598, -20.5229247], [-58.4565957, -20.4949297], [-58.4106037, -20.4861478], [-58.410014, -20.621968], [-58.459648, -20.656015], [-58.657698, -20.671962], [-58.660516, -20.665022], [-58.7145, -20.66617], [-58.71452, -20.528145], [-58.715879, -20.484492]]]}}, {"id": "180", "type": "Feature", "properties": {"osm_id": "8368048", "name": "Zona Corralito", "code": 1210, "source": "OSM via Geofabrik", "admin_level": 10, "layer": "barrios_int"}, "geometry": {"type": "Polygon", "coordinates": [[[-58.9998596, -20.1323132], [-58.803087, -20.1342988], [-58.468038, -20.285636], [-58.464485, -20.450642], [-58.715879, -20.484492], [-58.714955, -20.682024], [-58.950033, -20.69235], [-58.9998596, -20.1323132]]]}}, {"id": "181", "type": "Feature", "properties": {"osm_id": "8368041", "name": "Ciudad Fuerte Olimpo", "code": 1210, "source": "OSM via Geofabrik", "admin_level": 10, "layer": "barrios_int"}, "geometry": {"type": "Polygon", "coordinates": [[[-57.883245, -21.042315], [-57.873833, -21.03179], [-57.8637543, -21.0372072], [-57.8675716, -21.0587138], [-57.880406, -21.057099], [-57.881323, -21.042691], [-57.883245, -21.042315]]]}}, {"id": "182", "type": "Feature", "properties": {"osm_id": "8368393", "name": "Comunidad Indigena Santo Domingo", "code": 1210, "source": "OSM via Geofabrik", "admin_level": 10, "layer": "barrios_int"}, "geometry": {"type": "Polygon", "coordinates": [[[-59.958512, -21.925098], [-59.951103, -21.90582], [-59.944227, -21.906117], [-59.947394, -21.926394], [-59.958512, -21.925098]]]}}, {"id": "183", "type": "Feature", "properties": {"osm_id": "8368398", "name": "Comunidad Indigena 10 de Febrero", "code": 1210, "source": "OSM via Geofabrik", "admin_level": 10, "layer": "barrios_int"}, "geometry": {"type": "Polygon", "coordinates": [[[-59.927861, -21.77355], [-59.927315, -21.773698], [-59.927861, -21.77355]]]}}, {"id": "184", "type": "Feature", "properties": {"osm_id": "8368396", "name": "Comunidad Indigena 15 de Setiembre", "code": 1210, "source": "OSM via Geofabrik", "admin_level": 10, "layer": "barrios_int"}, "geometry": {"type": "Polygon", "coordinates": [[[-59.931868, -21.808278], [-59.93163, -21.809198], [-59.931868, -21.808278]]]}}, {"id": "185", "type": "Feature", "properties": {"osm_id": "8368365", "name": "Comunidad Indigena 10 de Junio", "code": 1210, "source": "OSM via Geofabrik", "admin_level": 10, "layer": "barrios_int"}, "geometry": {"type": "Polygon", "coordinates": [[[-59.896355, -22.054279], [-59.882464, -22.054247], [-59.8836, -22.062661], [-59.896303, -22.05811], [-59.896355, -22.054279]]]}}, {"id": "186", "type": "Feature", "properties": {"osm_id": "8368394", "name": "Comunidad Indigena San Martin", "code": 1210, "source": "OSM via Geofabrik", "admin_level": 10, "layer": "barrios_int"}, "geometry": {"type": "Polygon", "coordinates": [[[-59.949685, -21.894608], [-59.945591, -21.888698], [-59.942529, -21.894908], [-59.949685, -21.894608]]]}}, {"id": "187", "type": "Feature", "properties": {"osm_id": "8368389", "name": "Colonia 7", "code": 1210, "source": "OSM via Geofabrik", "admin_level": 10, "layer": "barrios_int"}, "geometry": {"type": "Polygon", "coordinates": [[[-60.115764, -22.267736], [-60.062002, -22.276084], [-60.060022, -22.3249], [-60.0933, -22.3417], [-60.114231, -22.332306], [-60.114419, -22.324373], [-60.115764, -22.267736]]]}}, {"id": "188", "type": "Feature", "properties": {"osm_id": "8368363", "name": "Colonia 17", "code": 1210, "source": "OSM via Geofabrik", "admin_level": 10, "layer": "barrios_int"}, "geometry": {"type": "Polygon", "coordinates": [[[-59.868903, -22.308082], [-59.847315, -22.274316], [-59.799025, -22.276444], [-59.800375, -22.323423], [-59.861885, -22.324875], [-59.866304, -22.310141], [-59.868903, -22.308082]]]}}, {"id": "189", "type": "Feature", "properties": {"osm_id": "8368368", "name": "Colonia 16", "code": 1210, "source": "OSM via Geofabrik", "admin_level": 10, "layer": "barrios_int"}, "geometry": {"type": "Polygon", "coordinates": [[[-59.896017, -22.302911], [-59.870565, -22.29227], [-59.871374, -22.275106], [-59.847315, -22.274316], [-59.868006, -22.299288], [-59.8571393, -22.347991], [-59.888502, -22.3482844], [-59.894215, -22.313771], [-59.896017, -22.302911]]]}}, {"id": "190", "type": "Feature", "properties": {"osm_id": "8368386", "name": "Colonia 11", "code": 1210, "source": "OSM via Geofabrik", "admin_level": 10, "layer": "barrios_int"}, "geometry": {"type": "Polygon", "coordinates": [[[-60.10018, -22.380382], [-60.0538068, -22.3729275], [-60.057808, -22.393865], [-60.074587, -22.408042], [-60.10018, -22.380382]]]}}, {"id": "191", "type": "Feature", "properties": {"osm_id": "8368373", "name": "Colonia Gnadenheim", "code": 1210, "source": "OSM via Geofabrik", "admin_level": 10, "layer": "barrios_int"}, "geometry": {"type": "Polygon", "coordinates": [[[-60.019381, -22.370695], [-60.0154818, -22.3523939], [-59.9912591, -22.3512445], [-59.9912736, -22.3838081], [-60.001739, -22.378922], [-60.019381, -22.370695]]]}}, {"id": "192", "type": "Feature", "properties": {"osm_id": "8368395", "name": "Comunidad Indigena Jesudi", "code": 1210, "source": "OSM via Geofabrik", "admin_level": 10, "layer": "barrios_int"}, "geometry": {"type": "Polygon", "coordinates": [[[-59.94173, -21.870886], [-59.939152, -21.871265], [-59.94173, -21.870886]]]}}, {"id": "193", "type": "Feature", "properties": {"osm_id": "8368364", "name": "Comunidad Indigena Tunucojai", "code": 1210, "source": "OSM via Geofabrik", "admin_level": 10, "layer": "barrios_int"}, "geometry": {"type": "Polygon", "coordinates": [[[-59.78592, -22.067859], [-59.78151, -22.055363], [-59.781145, -22.06808], [-59.78592, -22.067859]]]}}, {"id": "194", "type": "Feature", "properties": {"osm_id": "8368379", "name": "Comunidad Indigena U'jelavos", "code": 1210, "source": "OSM via Geofabrik", "admin_level": 10, "layer": "barrios_int"}, "geometry": {"type": "Polygon", "coordinates": [[[-60.0542936, -22.3603339], [-60.044063, -22.360418], [-60.048632, -22.366351], [-60.0542722, -22.3609871], [-60.0542936, -22.3603339]]]}}, {"id": "195", "type": "Feature", "properties": {"osm_id": "8368377", "name": "Filadelfia Industrial", "code": 1210, "source": "OSM via Geofabrik", "admin_level": 10, "layer": "barrios_int"}, "geometry": {"type": "Polygon", "coordinates": [[[-60.047497, -22.368767], [-60.034827, -22.358322], [-60.035716, -22.368919], [-60.047497, -22.368767]]]}}, {"id": "196", "type": "Feature", "properties": {"osm_id": "8368378", "name": "Comunidad Indigena Yvopey Renda (Barrio Guarani)", "code": 1210, "source": "OSM via Geofabrik", "admin_level": 10, "layer": "barrios_int"}, "geometry": {"type": "Polygon", "coordinates": [[[-60.044762, -22.362205], [-60.0367705, -22.3583351], [-60.043935, -22.363363], [-60.044762, -22.362205]]]}}, {"id": "197", "type": "Feature", "properties": {"osm_id": "8368376", "name": "Comunidad Indigena Cacique Mayeto", "code": 1210, "source": "OSM via Geofabrik", "admin_level": 10, "layer": "barrios_int"}, "geometry": {"type": "Polygon", "coordinates": [[[-60.034978, -22.370181], [-60.031891, -22.370266], [-60.034978, -22.370181]]]}}, {"id": "198", "type": "Feature", "properties": {"osm_id": "8368397", "name": "Comunidad Indigena 2 de Enero", "code": 1210, "source": "OSM via Geofabrik", "admin_level": 10, "layer": "barrios_int"}, "geometry": {"type": "Polygon", "coordinates": [[[-59.930551, -21.790145], [-59.930481, -21.790677], [-59.930551, -21.790145]]]}}, {"id": "199", "type": "Feature", "properties": {"osm_id": "8368384", "name": "Comunidad Indigena Obrero", "code": 1210, "source": "OSM via Geofabrik", "admin_level": 10, "layer": "barrios_int"}, "geometry": {"type": "Polygon", "coordinates": [[[-60.041781, -22.427644], [-60.036572, -22.433291], [-60.041781, -22.427644]]]}}, {"id": "200", "type": "Feature", "properties": {"osm_id": "8368375", "name": "Barrio Florida", "code": 1210, "source": "OSM via Geofabrik", "admin_level": 10, "layer": "barrios_int"}, "geometry": {"type": "Polygon", "coordinates": [[[-60.030549, -22.365812], [-60.018518, -22.365743], [-60.02953, -22.368344], [-60.030549, -22.365812]]]}}, {"id": "201", "type": "Feature", "properties": {"osm_id": "8368374", "name": "La Amistad", "code": 1210, "source": "OSM via Geofabrik", "admin_level": 10, "layer": "barrios_int"}, "geometry": {"type": "Polygon", "coordinates": [[[-60.027107, -22.3657794], [-60.027073, -22.358273], [-60.0154955, -22.3582837], [-60.015919, -22.366536], [-60.023257, -22.365772], [-60.027107, -22.3657794]]]}}, {"id": "202", "type": "Feature", "properties": {"osm_id": "8368370", "name": "Comunidad Indigena San Loewen", "code": 1210, "source": "OSM via Geofabrik", "admin_level": 10, "layer": "barrios_int"}, "geometry": {"type": "Polygon", "coordinates": [[[-59.910307, -22.303409], [-59.899581, -22.303341], [-59.909972, -22.306975], [-59.910307, -22.303409]]]}}, {"id": "203", "type": "Feature", "properties": {"osm_id": "8368371", "name": "Colonia 14", "code": 1210, "source": "OSM via Geofabrik", "admin_level": 10, "layer": "barrios_int"}, "geometry": {"type": "Polygon", "coordinates": [[[-59.912221, -22.280426], [-59.871374, -22.275106], [-59.870565, -22.29227], [-59.885034, -22.30034], [-59.910307, -22.303409], [-59.911631, -22.289322], [-59.912221, -22.280426]]]}}, {"id": "204", "type": "Feature", "properties": {"osm_id": "8368401", "name": "Zona Teniente Martinez", "code": 1210, "source": "OSM via Geofabrik", "admin_level": 10, "layer": "barrios_int"}, "geometry": {"type": "Polygon", "coordinates": [[[-60.182702, -21.647777], [-60.157056, -21.218441], [-60.177159, -20.830022], [-60.111019, -20.58095], [-59.9273, -20.632887], [-59.879513, -20.630417], [-59.886896, -20.791957], [-59.863118, -20.820841], [-59.83831, -20.8807], [-59.839607, -20.903143], [-59.817786, -20.936654], [-59.809842, -20.987461], [-59.768323, -21.037456], [-59.755849, -21.096831], [-59.75087, -21.182933], [-59.766985, -21.201298], [-59.715013, -21.345861], [-59.872402, -21.447163], [-59.904919, -21.646787], [-60.001497, -21.647264], [-60.182702, -21.647777]]]}}, {"id": "205", "type": "Feature", "properties": {"osm_id": "8372949", "name": "Sandhorst", "code": 1210, "source": "OSM via Geofabrik", "admin_level": 10, "layer": "barrios_int"}, "geometry": {"type": "Polygon", "coordinates": [[[-60.329582, -22.732339], [-60.328842, -22.631186], [-60.283622, -22.627095], [-60.28013, -22.636208], [-60.268463, -22.727147], [-60.303226, -22.729695], [-60.329582, -22.732339]]]}}, {"id": "206", "type": "Feature", "properties": {"osm_id": "8372943", "name": "Comunidad Indigena Santa Marta", "code": 1210, "source": "OSM via Geofabrik", "admin_level": 10, "layer": "barrios_int"}, "geometry": {"type": "Polygon", "coordinates": [[[-60.463699, -23.379286], [-60.452992, -23.376614], [-60.44249, -23.393163], [-60.457601, -23.397056], [-60.463699, -23.379286]]]}}, {"id": "207", "type": "Feature", "properties": {"osm_id": "8372937", "name": "Comunidad Indigena Casuarina La Serena", "code": 1210, "source": "OSM via Geofabrik", "admin_level": 10, "layer": "barrios_int"}, "geometry": {"type": "Polygon", "coordinates": [[[-59.983234, -22.920236], [-59.982623, -22.901857], [-59.972668, -22.90168], [-59.970437, -22.946981], [-59.981958, -22.946978], [-59.983234, -22.920236]]]}}, {"id": "208", "type": "Feature", "properties": {"osm_id": "8372940", "name": "Comunidad Indigena Casuarina Campo Virgen", "code": 1210, "source": "OSM via Geofabrik", "admin_level": 10, "layer": "barrios_int"}, "geometry": {"type": "Polygon", "coordinates": [[[-60.039716, -22.894877], [-60.013213, -22.89665], [-60.015862, -22.924657], [-60.030397, -22.92405], [-60.030084, -22.911865], [-60.037916, -22.90698], [-60.039716, -22.894877]]]}}, {"id": "209", "type": "Feature", "properties": {"osm_id": "8372938", "name": "Comunidad Indigena Casuarina La Promesa", "code": 1210, "source": "OSM via Geofabrik", "admin_level": 10, "layer": "barrios_int"}, "geometry": {"type": "Polygon", "coordinates": [[[-60.031881, -22.946926], [-60.030397, -22.92405], [-60.015862, -22.924657], [-60.013697, -22.911424], [-60.000829, -22.912249], [-60.000471, -22.905464], [-59.982749, -22.905638], [-59.981958, -22.946978], [-60.01928, -22.946956], [-60.031881, -22.946926]]]}}, {"id": "210", "type": "Feature", "properties": {"osm_id": "8372939", "name": "Comunidad Indigena Casuarina Campo Grande", "code": 1210, "source": "OSM via Geofabrik", "admin_level": 10, "layer": "barrios_int"}, "geometry": {"type": "Polygon", "coordinates": [[[-60.013697, -22.911424], [-60.013213, -22.89665], [-60.000906, -22.896644], [-60.000406, -22.881982], [-59.9743077, -22.8683983], [-59.972668, -22.90168], [-60.011147, -22.911588], [-60.013697, -22.911424]]]}}, {"id": "211", "type": "Feature", "properties": {"osm_id": "8372954", "name": "Zona La Rosaleda", "code": 1210, "source": "OSM via Geofabrik", "admin_level": 10, "layer": "barrios_int"}, "geometry": {"type": "Polygon", "coordinates": [[[-61.108796, -21.9857304], [-61.108467, -21.9746645], [-60.666589, -21.979471], [-60.667115, -22.016118], [-60.681797, -22.063335], [-60.68836, -22.200451], [-61.106812, -22.2019185], [-61.108796, -21.9857304]]]}}, {"id": "212", "type": "Feature", "properties": {"osm_id": "8372974", "name": "Zona General Garay", "code": 1210, "source": "OSM via Geofabrik", "admin_level": 10, "layer": "barrios_int"}, "geometry": {"type": "Polygon", "coordinates": [[[-62.3356999, -21.2917291], [-62.2609194, -21.0586278], [-62.2663417, -20.5631556], [-62.08117, -20.3080725], [-61.967761, -20.399918], [-61.804668, -20.632224], [-61.681832, -20.7894], [-61.71916, -20.813925], [-61.700363, -20.845513], [-61.652834, -20.826454], [-61.539341, -20.971291], [-61.47999, -21.101454], [-61.922546, -21.3089], [-62.3347859, -21.2914943], [-62.3356999, -21.2917291]]]}}, {"id": "213", "type": "Feature", "properties": {"osm_id": "8372952", "name": "Comunidad Indigena Paraiso", "code": 1210, "source": "OSM via Geofabrik", "admin_level": 10, "layer": "barrios_int"}, "geometry": {"type": "Polygon", "coordinates": [[[-60.601031, -22.543279], [-60.600153, -22.491933], [-60.567179, -22.494287], [-60.56752, -22.545613], [-60.601031, -22.543279]]]}}, {"id": "214", "type": "Feature", "properties": {"osm_id": "8372948", "name": "Zona Campo Via", "code": 1210, "source": "OSM via Geofabrik", "admin_level": 10, "layer": "barrios_int"}, "geometry": {"type": "Polygon", "coordinates": [[[-60.502716, -22.929614], [-60.494711, -22.730142], [-60.148127, -22.7293], [-60.061296, -22.79052], [-60.136519, -22.825223], [-60.168225, -22.855851], [-60.290259, -22.910389], [-60.290225, -22.938464], [-60.502716, -22.929614]]]}}, {"id": "215", "type": "Feature", "properties": {"osm_id": "8372935", "name": "Escuela Agr\u00edcola", "code": 1210, "source": "OSM via Geofabrik", "admin_level": 10, "layer": "barrios_int"}, "geometry": {"type": "Polygon", "coordinates": [[[-60.667115, -22.016118], [-60.666589, -21.979471], [-60.588042, -21.972455], [-60.5012517, -21.9717], [-60.503299, -22.012977], [-60.599231, -22.008235], [-60.604842, -22.017229], [-60.661574, -22.015957], [-60.667115, -22.016118]]]}}, {"id": "216", "type": "Feature", "properties": {"osm_id": "8372968", "name": "Zona Pelicano", "code": 1210, "source": "OSM via Geofabrik", "admin_level": 10, "layer": "barrios_int"}, "geometry": {"type": "Polygon", "coordinates": [[[-62.014161, -22.383623], [-62.007707, -22.280887], [-61.925542, -22.267823], [-61.76594, -22.466642], [-61.697002, -22.495006], [-61.644716, -22.496501], [-61.640147, -22.61235], [-61.748744, -22.598831], [-61.925174, -22.615447], [-61.973012, -22.628625], [-62.014161, -22.383623]]]}}, {"id": "217", "type": "Feature", "properties": {"osm_id": "8372944", "name": "Zona Avalos Sanches", "code": 1210, "source": "OSM via Geofabrik", "admin_level": 10, "layer": "barrios_int"}, "geometry": {"type": "Polygon", "coordinates": [[[-60.532239, -23.416259], [-60.294721, -23.361099], [-60.053894, -23.369225], [-60.092734, -23.492821], [-60.202723, -23.532855], [-60.463466, -23.56294], [-60.496616, -23.525802], [-60.530075, -23.510776], [-60.532239, -23.416259]]]}}, {"id": "218", "type": "Feature", "properties": {"osm_id": "8372967", "name": "Zona Pedro P Pe\u00f1a", "code": 1210, "source": "OSM via Geofabrik", "admin_level": 10, "layer": "barrios_int"}, "geometry": {"type": "Polygon", "coordinates": [[[-62.4678167, -22.3945515], [-62.4654097, -22.384935], [-62.348655, -22.296339], [-62.10202, -22.224579], [-62.08308, -22.221909], [-62.023766, -22.283434], [-62.007707, -22.280887], [-62.014161, -22.383623], [-61.973012, -22.628625], [-61.993926, -22.63438], [-62.026241, -22.664962], [-62.121892, -22.7958854], [-62.1395731, -22.7807318], [-62.135067, -22.770523], [-62.1469975, -22.7656953], [-62.1384144, -22.7616193], [-62.1572972, -22.7605508], [-62.1668257, -22.7475321], [-62.147299, -22.7484214], [-62.1771813, -22.7204733], [-62.1732031, -22.7105093], [-62.1818859, -22.7081974], [-62.1903091, -22.7197677], [-62.2067114, -22.7041761], [-62.1955212, -22.6903863], [-62.2048521, -22.6844144], [-62.1974127, -22.6613847], [-62.2171774, -22.660853], [-62.2052297, -22.6511739], [-62.2266637, -22.638405], [-62.2371222, -22.6470811], [-62.2349164, -22.61461], [-62.2534257, -22.6139979], [-62.2490312, -22.6028654], [-62.2609338, -22.6040797], [-62.255578, -22.5904977], [-62.2394482, -22.5916864], [-62.2506169, -22.5821034], [-62.2253291, -22.5602208], [-62.2255994, -22.5465314], [-62.2511741, -22.5356041], [-62.2545909, -22.5210931], [-62.2963199, -22.5191227], [-62.2842347, -22.5099631], [-62.2897836, -22.4731927], [-62.3008968, -22.4865877], [-62.3167455, -22.4868613], [-62.3270559, -22.4714138], [-62.3402088, -22.4800006], [-62.3403149, -22.4599689], [-62.3575938, -22.4632893], [-62.3617145, -22.4578524], [-62.3778455, -22.4823854], [-62.3908629, -22.4511323], [-62.4164829, -22.4468043], [-62.4212705, -22.4211461], [-62.4524157, -22.4191154], [-62.4570749, -22.3988967], [-62.4676855, -22.395841], [-62.4678167, -22.3945515]]]}}, {"id": "219", "type": "Feature", "properties": {"osm_id": "8372955", "name": "Zona Hernandarias", "code": 1210, "source": "OSM via Geofabrik", "admin_level": 10, "layer": "barrios_int"}, "geometry": {"type": "Polygon", "coordinates": [[[-61.738189, -21.763363], [-61.174682, -21.738518], [-61.180031, -21.9730645], [-61.389667, -21.9758825], [-61.432582, -22.0601318], [-61.590429, -22.0685807], [-61.603361, -22.0907105], [-61.688277, -22.08885], [-61.715285, -21.864679], [-61.737842, -21.867916], [-61.738138, -21.778414], [-61.738189, -21.763363]]]}}, {"id": "220", "type": "Feature", "properties": {"osm_id": "8372956", "name": "Zona Campo Karen", "code": 1210, "source": "OSM via Geofabrik", "admin_level": 10, "layer": "barrios_int"}, "geometry": {"type": "Polygon", "coordinates": [[[-61.603361, -22.0907105], [-61.590429, -22.0685807], [-61.432582, -22.0601318], [-61.389667, -21.9758825], [-61.108467, -21.9746645], [-61.106812, -22.2019185], [-61.553682, -22.2017465], [-61.550025, -22.1606959], [-61.603361, -22.0907105]]]}}, {"id": "221", "type": "Feature", "properties": {"osm_id": "8372957", "name": "Zona Mbutureta", "code": 1210, "source": "OSM via Geofabrik", "admin_level": 10, "layer": "barrios_int"}, "geometry": {"type": "Polygon", "coordinates": [[[-61.577973, -22.471866], [-61.553682, -22.2017465], [-60.68836, -22.200451], [-60.679195, -22.231481], [-60.668732, -22.479073], [-60.967061, -22.474054], [-60.968845, -22.500766], [-61.280659, -22.497012], [-61.432472, -22.487246], [-61.577973, -22.471866]]]}}, {"id": "222", "type": "Feature", "properties": {"osm_id": "8372962", "name": "Virgen de Fatima", "code": 1210, "source": "OSM via Geofabrik", "admin_level": 10, "layer": "barrios_int"}, "geometry": {"type": "Polygon", "coordinates": [[[-61.310242, -23.334569], [-60.553983, -23.358883], [-60.532239, -23.416259], [-60.530075, -23.510776], [-60.653596, -23.50792], [-60.653729, -23.529225], [-61.2751043, -23.5084286], [-61.2828803, -23.4874554], [-61.2967073, -23.4974454], [-61.29765, -23.467742], [-61.310242, -23.334569]]]}}, {"id": "223", "type": "Feature", "properties": {"osm_id": "8372958", "name": "Demattei", "code": 1210, "source": "OSM via Geofabrik", "admin_level": 10, "layer": "barrios_int"}, "geometry": {"type": "Polygon", "coordinates": [[[-61.014209, -22.72652], [-61.013399, -22.500267], [-60.968845, -22.500766], [-60.967061, -22.474054], [-60.691349, -22.478712], [-60.679249, -22.733016], [-60.943318, -22.726232], [-61.014209, -22.72652]]]}}, {"id": "224", "type": "Feature", "properties": {"osm_id": "8372973", "name": "Comunidad Indigena \u00d1u Guazu", "code": 1210, "source": "OSM via Geofabrik", "admin_level": 10, "layer": "barrios_int"}, "geometry": {"type": "Polygon", "coordinates": [[[-61.71916, -20.813925], [-61.681832, -20.7894], [-61.652834, -20.826454], [-61.700363, -20.845513], [-61.709464, -20.83022], [-61.71916, -20.813925]]]}}, {"id": "225", "type": "Feature", "properties": {"osm_id": "8372934", "name": "Santa Mar\u00eda", "code": 1210, "source": "OSM via Geofabrik", "admin_level": 10, "layer": "barrios_int"}, "geometry": {"type": "Polygon", "coordinates": [[[-60.60497, -22.010965], [-60.596124, -22.010461], [-60.599955, -22.021354], [-60.604825, -22.011114], [-60.60497, -22.010965]]]}}, {"id": "226", "type": "Feature", "properties": {"osm_id": "8372964", "name": "Zona Agropil", "code": 1210, "source": "OSM via Geofabrik", "admin_level": 10, "layer": "barrios_int"}, "geometry": {"type": "Polygon", "coordinates": [[[-61.8226579, -23.1302039], [-61.624026, -23.129235], [-61.630056, -22.909448], [-61.490491, -22.909134], [-61.484571, -22.727625], [-61.447723, -22.727589], [-61.447664, -22.73501], [-61.436539, -22.735229], [-61.436205, -22.727576], [-61.384382, -22.727506], [-61.35247, -22.887788], [-61.2982844, -23.4900119], [-61.316997, -23.4697454], [-61.3463017, -23.4687869], [-61.3517016, -23.4479477], [-61.3749198, -23.4561574], [-61.385638, -23.4466333], [-61.3810714, -23.457805], [-61.387071, -23.4604529], [-61.4032709, -23.444724], [-61.4171698, -23.4483615], [-61.4451234, -23.4201264], [-61.4557298, -23.4256305], [-61.4580133, -23.4178819], [-61.4732972, -23.4269573], [-61.4851895, -23.4183558], [-61.4868901, -23.4237565], [-61.520278, -23.380556], [-61.5235973, -23.3673092], [-61.5093871, -23.3498812], [-61.560278, -23.340833], [-61.575556, -23.314167], [-61.603889, -23.291944], [-61.5989481, -23.2836346], [-61.6270285, -23.2776601], [-61.6702467, -23.285982], [-61.6831018, -23.2760249], [-61.6827307, -23.2595238], [-61.7002106, -23.255382], [-61.7143138, -23.2391172], [-61.7319397, -23.2417041], [-61.7386599, -23.2150677], [-61.7330712, -23.2086739], [-61.7492208, -23.1762307], [-61.7670939, -23.168683], [-61.7655598, -23.1581049], [-61.7905655, -23.1645929], [-61.8132622, -23.1501332], [-61.8216, -23.1350518], [-61.8226579, -23.1302039]]]}}, {"id": "227", "type": "Feature", "properties": {"osm_id": "8372946", "name": "Zona Santa Marta", "code": 1210, "source": "OSM via Geofabrik", "admin_level": 10, "layer": "barrios_int"}, "geometry": {"type": "Polygon", "coordinates": [[[-60.66513, -23.1302], [-60.278622, -23.127303], [-60.257305, -23.18313], [-60.257525, -23.361879], [-60.294721, -23.361099], [-60.44249, -23.393163], [-60.452992, -23.376614], [-60.463699, -23.379286], [-60.457601, -23.397056], [-60.532239, -23.416259], [-60.553983, -23.358883], [-60.652648, -23.353787], [-60.663362, -23.161853], [-60.66513, -23.1302]]]}}, {"id": "228", "type": "Feature", "properties": {"osm_id": "8372970", "name": "Cruce Don Silvio", "code": 1210, "source": "OSM via Geofabrik", "admin_level": 10, "layer": "barrios_int"}, "geometry": {"type": "Polygon", "coordinates": [[[-62.261564, -22.015172], [-61.809414, -22.020351], [-61.805788, -22.274528], [-61.916092, -22.266318], [-62.023766, -22.283434], [-62.185823, -22.115181], [-62.255958, -22.022579], [-62.261564, -22.015172]]]}}, {"id": "229", "type": "Feature", "properties": {"osm_id": "8372972", "name": "Zona Mayor Infante Rivarola", "code": 1210, "source": "OSM via Geofabrik", "admin_level": 10, "layer": "barrios_int"}, "geometry": {"type": "Polygon", "coordinates": [[[-62.5647, -22.0033708], [-62.3356999, -21.2917291], [-61.943048, -21.311962], [-61.959222, -21.587854], [-61.922488, -21.615878], [-61.861158, -21.686941], [-61.738189, -21.763363], [-61.737842, -21.867916], [-61.715285, -21.864679], [-61.698678, -22.022027], [-62.538128, -22.006561], [-62.5647, -22.0033708]]]}}, {"id": "230", "type": "Feature", "properties": {"osm_id": "8372977", "name": "Zona Ochoa", "code": 1210, "source": "OSM via Geofabrik", "admin_level": 10, "layer": "barrios_int"}, "geometry": {"type": "Polygon", "coordinates": [[[-61.180031, -21.9730645], [-61.174682, -21.738518], [-61.01229, -21.730996], [-60.803849, -21.640215], [-60.5719498, -21.666258], [-60.580172, -21.8283788], [-60.4931505, -21.8356597], [-60.5012517, -21.9717], [-60.65635, -21.979598], [-61.146279, -21.9740895], [-61.180031, -21.9730645]]]}}, {"id": "231", "type": "Feature", "properties": {"osm_id": "8372931", "name": "Sagrada Familia", "code": 1210, "source": "OSM via Geofabrik", "admin_level": 10, "layer": "barrios_int"}, "geometry": {"type": "Polygon", "coordinates": [[[-60.600793, -22.032924], [-60.59605, -22.026211], [-60.594473, -22.035568], [-60.599268, -22.033968], [-60.600793, -22.032924]]]}}, {"id": "232", "type": "Feature", "properties": {"osm_id": "8372969", "name": "Zona Pratts Gill", "code": 1210, "source": "OSM via Geofabrik", "admin_level": 10, "layer": "barrios_int"}, "geometry": {"type": "Polygon", "coordinates": [[[-61.925542, -22.267823], [-61.805788, -22.274528], [-61.809414, -22.020351], [-61.698678, -22.022027], [-61.688277, -22.08885], [-61.603361, -22.0907105], [-61.550025, -22.1606959], [-61.577973, -22.471866], [-61.645601, -22.474084], [-61.644716, -22.496501], [-61.697002, -22.495006], [-61.76594, -22.466642], [-61.925542, -22.267823]]]}}, {"id": "233", "type": "Feature", "properties": {"osm_id": "8372928", "name": "Villa Militar", "code": 1210, "source": "OSM via Geofabrik", "admin_level": 10, "layer": "barrios_int"}, "geometry": {"type": "Polygon", "coordinates": [[[-60.62564, -22.027772], [-60.625342, -22.016118], [-60.604705, -22.017207], [-60.599706, -22.039765], [-60.615404, -22.039036], [-60.620105, -22.027748], [-60.62564, -22.027772]]]}}, {"id": "234", "type": "Feature", "properties": {"osm_id": "8372947", "name": "Virgen del Rosario", "code": 1210, "source": "OSM via Geofabrik", "admin_level": 10, "layer": "barrios_int"}, "geometry": {"type": "Polygon", "coordinates": [[[-60.676592, -22.926491], [-60.290225, -22.938464], [-60.278622, -23.127303], [-60.66513, -23.1302], [-60.667244, -23.092346], [-60.676592, -22.926491]]]}}, {"id": "235", "type": "Feature", "properties": {"osm_id": "8372929", "name": "Comunidad Ind\u00edgena Santa Teresita", "code": 1210, "source": "OSM via Geofabrik", "admin_level": 10, "layer": "barrios_int"}, "geometry": {"type": "Polygon", "coordinates": [[[-60.589973, -22.059007], [-60.589687, -22.034002], [-60.572528, -22.03603], [-60.585929, -22.065506], [-60.589973, -22.059007]]]}}, {"id": "236", "type": "Feature", "properties": {"osm_id": "8372930", "name": "Mar\u00eda Auxiliadora", "code": 1210, "source": "OSM via Geofabrik", "admin_level": 10, "layer": "barrios_int"}, "geometry": {"type": "Polygon", "coordinates": [[[-60.596999, -22.033781], [-60.596842, -22.033892], [-60.596999, -22.033781]]]}}, {"id": "237", "type": "Feature", "properties": {"osm_id": "8372932", "name": "San Antonio", "code": 1210, "source": "OSM via Geofabrik", "admin_level": 10, "layer": "barrios_int"}, "geometry": {"type": "Polygon", "coordinates": [[[-60.601159, -22.028969], [-60.601135, -22.029492], [-60.601159, -22.028969]]]}}, {"id": "238", "type": "Feature", "properties": {"osm_id": "8372933", "name": "San Juan", "code": 1210, "source": "OSM via Geofabrik", "admin_level": 10, "layer": "barrios_int"}, "geometry": {"type": "Polygon", "coordinates": [[[-60.602663, -22.016907], [-60.597379, -22.011969], [-60.59605, -22.026211], [-60.602545, -22.01701], [-60.602663, -22.016907]]]}}, {"id": "239", "type": "Feature", "properties": {"osm_id": "8372960", "name": "Zona Ayala Velazques", "code": 1210, "source": "OSM via Geofabrik", "admin_level": 10, "layer": "barrios_int"}, "geometry": {"type": "Polygon", "coordinates": [[[-61.384382, -22.727506], [-61.014209, -22.72652], [-61.01088, -23.090593], [-61.332513, -23.098957], [-61.35247, -22.887788], [-61.384382, -22.727506]]]}}, {"id": "240", "type": "Feature", "properties": {"osm_id": "8372961", "name": "Zona Margarino", "code": 1210, "source": "OSM via Geofabrik", "admin_level": 10, "layer": "barrios_int"}, "geometry": {"type": "Polygon", "coordinates": [[[-61.332513, -23.098957], [-61.01088, -23.090593], [-60.667244, -23.092346], [-60.652648, -23.353787], [-61.310242, -23.334569], [-61.332513, -23.098957]]]}}, {"id": "243", "type": "Feature", "properties": {"osm_id": "4830154", "name": "Guazup\u00ed", "code": 1210, "source": "OSM via Geofabrik", "admin_level": 10, "layer": "barrios_int"}, "geometry": {"type": "Polygon", "coordinates": [[[-55.9363564, -27.4007529], [-55.9362527, -27.4007644], [-55.9363564, -27.4007529]]]}}, {"id": "244", "type": "Feature", "properties": {"osm_id": "4843618", "name": "30 de Octubre", "code": 1210, "source": "OSM via Geofabrik", "admin_level": 10, "layer": "barrios_int"}, "geometry": {"type": "Polygon", "coordinates": [[[-55.9513008, -27.3786175], [-55.9512422, -27.3786427], [-55.9513008, -27.3786175]]]}}, {"id": "245", "type": "Feature", "properties": {"osm_id": "4830155", "name": "Los Manantiales", "code": 1210, "source": "OSM via Geofabrik", "admin_level": 10, "layer": "barrios_int"}, "geometry": {"type": "Polygon", "coordinates": [[[-55.9463881, -27.3927157], [-55.9429231, -27.3931014], [-55.9463881, -27.3927157]]]}}, {"id": "247", "type": "Feature", "properties": {"osm_id": "8636592", "name": "Santa Lucia", "code": 1210, "source": "OSM via Geofabrik", "admin_level": 10, "layer": "barrios_int"}, "geometry": {"type": "Polygon", "coordinates": [[[-57.547711, -24.953153], [-57.5466739, -24.9533265], [-57.547711, -24.953153]]]}}, {"id": "248", "type": "Feature", "properties": {"osm_id": "8636597", "name": "San Francisco", "code": 1210, "source": "OSM via Geofabrik", "admin_level": 10, "layer": "barrios_int"}, "geometry": {"type": "Polygon", "coordinates": [[[-57.559798, -24.957046], [-57.5588695, -24.9594195], [-57.559798, -24.957046]]]}}, {"id": "249", "type": "Feature", "properties": {"osm_id": "8636595", "name": "Isla Ita", "code": 1210, "source": "OSM via Geofabrik", "admin_level": 10, "layer": "barrios_int"}, "geometry": {"type": "Polygon", "coordinates": [[[-57.562927, -24.953982], [-57.557531, -24.956375], [-57.562552, -24.957476], [-57.562927, -24.953982]]]}}, {"id": "250", "type": "Feature", "properties": {"osm_id": "8636593", "name": "Cerrito", "code": 1210, "source": "OSM via Geofabrik", "admin_level": 10, "layer": "barrios_int"}, "geometry": {"type": "Polygon", "coordinates": [[[-57.558775, -24.95374], [-57.547408, -24.944473], [-57.547711, -24.953153], [-57.530407, -24.958557], [-57.526157, -24.994871], [-57.545165, -24.99405], [-57.558582, -24.987124], [-57.558038, -24.955302], [-57.558775, -24.95374]]]}}, {"id": "251", "type": "Feature", "properties": {"osm_id": "8636591", "name": "Tierra Prometida", "code": 1210, "source": "OSM via Geofabrik", "admin_level": 10, "layer": "barrios_int"}, "geometry": {"type": "Polygon", "coordinates": [[[-57.547173, -25.000291], [-57.545792, -25.001408], [-57.547173, -25.000291]]]}}, {"id": "252", "type": "Feature", "properties": {"osm_id": "8636594", "name": "Jara", "code": 1210, "source": "OSM via Geofabrik", "admin_level": 10, "layer": "barrios_int"}, "geometry": {"type": "Polygon", "coordinates": [[[-57.559979, -24.966543], [-57.553776, -24.960827], [-57.554026, -24.968312], [-57.559979, -24.966543]]]}}, {"id": "253", "type": "Feature", "properties": {"osm_id": "8636596", "name": "Rosarino", "code": 1210, "source": "OSM via Geofabrik", "admin_level": 10, "layer": "barrios_int"}, "geometry": {"type": "Polygon", "coordinates": [[[-57.566769, -24.964361], [-57.559798, -24.957046], [-57.5631615, -24.964654], [-57.566769, -24.964361]]]}}, {"id": "254", "type": "Feature", "properties": {"osm_id": "4819309", "name": "Barrio Fara\u00f3n", "code": 1210, "source": "OSM via Geofabrik", "admin_level": 10, "layer": "barrios_int"}, "geometry": {"type": "Polygon", "coordinates": [[[-55.9521953, -27.4016452], [-55.9515205, -27.401809], [-55.9521953, -27.4016452]]]}}, {"id": "255", "type": "Feature", "properties": {"osm_id": "9543054", "code": 1210, "source": "OSM via Geofabrik", "admin_level": 10, "layer": "barrios_int"}, "geometry": {"type": "Polygon", "coordinates": [[[-55.7034178, -22.5068145], [-55.7027729, -22.5077431], [-55.7034178, -22.5068145]]]}}, {"id": "256", "type": "Feature", "properties": {"osm_id": "4852077", "name": "Santa Rita", "code": 1210, "source": "OSM via Geofabrik", "admin_level": 10, "layer": "barrios_int"}, "geometry": {"type": "Polygon", "coordinates": [[[-55.941994, -27.386446], [-55.937332, -27.3801827], [-55.9349513, -27.3905638], [-55.9419449, -27.3864722], [-55.941994, -27.386446]]]}}, {"id": "257", "type": "Feature", "properties": {"osm_id": "10483560", "name": "San Jos\u00e9 de la Sagrada Familia", "code": 1210, "source": "OSM via Geofabrik", "admin_level": 10, "layer": "barrios_int"}, "geometry": {"type": "Polygon", "coordinates": [[[-55.9387532, -27.3901469], [-55.9377583, -27.3902556], [-55.9387532, -27.3901469]]]}}, {"id": "258", "type": "Feature", "properties": {"osm_id": "5500847", "name": "Villa Vedoya", "code": 1210, "source": "OSM via Geofabrik", "admin_level": 10, "layer": "barrios_int"}, "geometry": {"type": "Polygon", "coordinates": [[[-55.9213653, -27.402395], [-55.92121, -27.4024163], [-55.9213653, -27.402395]]]}}, {"id": "260", "type": "Feature", "properties": {"osm_id": "8368046", "name": "Zona Jaguarete Kora", "code": 1210, "source": "OSM via Geofabrik", "admin_level": 10, "layer": "barrios_int"}, "geometry": {"type": "Polygon", "coordinates": [[[-58.950033, -20.69235], [-58.714955, -20.682024], [-58.7145, -20.66617], [-58.660516, -20.665022], [-58.657698, -20.671962], [-58.459648, -20.656015], [-58.410014, -20.621968], [-58.4106037, -20.4861478], [-58.3852095, -20.476407], [-58.3708697, -20.4507733], [-58.3381378, -20.4535472], [-58.3197451, -20.4351861], [-58.286634, -20.4261405], [-58.2594179, -20.3858983], [-58.2536091, -20.3975184], [-58.2596126, -20.4145546], [-58.2418382, -20.4257039], [-58.214052, -20.427885], [-58.1788054, -20.4474238], [-58.1688336, -20.4344006], [-58.1440166, -20.4428849], [-58.1274451, -20.4358582], [-58.0937392, -20.4714404], [-58.0804614, -20.4712378], [-58.0860907, -20.4895613], [-58.079348, -20.4949228], [-58.0813046, -20.5084194], [-58.0536021, -20.5297139], [-58.0484124, -20.519251], [-58.0715277, -20.5064091], [-58.0657171, -20.4998954], [-58.0716628, -20.4915238], [-58.0622694, -20.4886184], [-58.051106, -20.4995371], [-58.0562414, -20.4841761], [-58.0422766, -20.4691448], [-58.0443896, -20.4609892], [-58.0340758, -20.4615155], [-58.0309021, -20.5005128], [-58.0185382, -20.501613], [-58.0161465, -20.5271733], [-57.9952421, -20.561592], [-58.013809, -20.6106846], [-57.9924573, -20.632918], [-57.9704846, -20.6425567], [-57.9884817, -20.6987868], [-57.9759778, -20.7067993], [-57.9548696, -20.7042329], [-57.9337491, -20.6668115], [-57.9197479, -20.6649561], [-57.8698911, -20.7255851], [-57.863862, -20.7450388], [-57.8755559, -20.7503081], [-57.9347791, -20.7456528], [-57.950422, -20.732523], [-57.980205, -20.764698], [-57.975813, -20.777714], [-57.986855, -20.783087], [-57.982954, -20.790127], [-57.992757, -20.784448], [-58.000199, -20.787828], [-57.997586, -20.795833], [-58.007983, -20.795848], [-58.003918, -20.803002], [-58.013651, -20.807781], [-58.00423, -20.809167], [-58.006096, -20.820651], [-58.039484, -20.799761], [-58.058563, -20.799746], [-58.060763, -20.789763], [-58.079751, -20.788908], [-58.093004, -20.799083], [-58.137412, -20.748884], [-58.154244, -20.759626], [-58.175999, -20.757805], [-58.178113, -20.776882], [-58.308931, -20.773887], [-58.324098, -20.764448], [-58.50462, -20.785351], [-58.507407, -20.770777], [-58.549806, -20.771918], [-58.778419, -20.804799], [-58.93979, -20.807102], [-58.950033, -20.69235]]]}}, {"id": "261", "type": "Feature", "properties": {"osm_id": "8368043", "name": "Zona Ribera Olimpo", "code": 1210, "source": "OSM via Geofabrik", "admin_level": 10, "layer": "barrios_int"}, "geometry": {"type": "Polygon", "coordinates": [[[-58.208179, -21.047624], [-58.175999, -20.757805], [-58.154244, -20.759626], [-58.138746, -20.748882], [-58.093004, -20.799083], [-58.079751, -20.788908], [-58.060763, -20.789763], [-58.058563, -20.799746], [-58.039484, -20.799761], [-58.00638, -20.820631], [-58.00423, -20.809167], [-58.013651, -20.807781], [-58.003918, -20.803002], [-58.007983, -20.795848], [-57.997586, -20.795833], [-58.000199, -20.787828], [-57.992757, -20.784448], [-57.982954, -20.790127], [-57.986855, -20.783087], [-57.975813, -20.777714], [-57.980205, -20.764698], [-57.966229, -20.750822], [-57.9470517, -20.7623967], [-57.9592535, -20.7978933], [-57.8938637, -20.7906965], [-57.8617627, -20.8205267], [-57.8548233, -20.8445785], [-57.904545, -20.8710224], [-57.9283652, -20.9003643], [-57.8890698, -20.9063719], [-57.8638205, -20.9484665], [-57.8216562, -20.935272], [-57.8244008, -20.9626952], [-57.816504, -20.9795643], [-57.8615011, -21.0352933], [-57.874448, -21.031974], [-57.883245, -21.042315], [-57.876837, -21.046927], [-57.880406, -21.057099], [-57.8675716, -21.0587138], [-57.8483542, -21.0939977], [-57.9323276, -21.0882772], [-57.9389685, -21.069779], [-57.9582513, -21.0644376], [-57.9976036, -21.0616364], [-58.0319842, -21.0841043], [-58.0646968, -21.0722035], [-58.0712319, -21.0781978], [-58.0866546, -21.0600338], [-58.0882707, -21.0671523], [-58.0941393, -21.0586424], [-58.1330541, -21.0624782], [-58.1388487, -21.0533742], [-58.1459157, -21.06562], [-58.1544115, -21.0596195], [-58.1718663, -21.0672378], [-58.1865568, -21.0449989], [-58.2006379, -21.0555618], [-58.2081786, -21.047624], [-58.208179, -21.047624]]]}}, {"id": "263", "type": "Feature", "properties": {"osm_id": "4833670", "name": "Centenario", "code": 1210, "source": "OSM via Geofabrik", "admin_level": 10, "layer": "barrios_int"}, "geometry": {"type": "Polygon", "coordinates": [[[-55.9125828, -27.3659703], [-55.9125103, -27.3659708], [-55.9125828, -27.3659703]]]}}, {"id": "264", "type": "Feature", "properties": {"osm_id": "9695362", "name": "Bosque Carand\u00e1", "code": 1210, "source": "OSM via Geofabrik", "admin_level": 10, "layer": "barrios_int"}, "geometry": {"type": "Polygon", "coordinates": [[[-55.7398141, -22.5029033], [-55.7392685, -22.5030721], [-55.7398141, -22.5029033]]]}}, {"id": "265", "type": "Feature", "properties": {"osm_id": "9413522", "name": "Jardim Aeroporto", "code": 1210, "source": "OSM via Geofabrik", "admin_level": 10, "layer": "barrios_int"}, "geometry": {"type": "Polygon", "coordinates": [[[-55.7086417, -22.5471602], [-55.7008397, -22.5418733], [-55.7086122, -22.5472733], [-55.7086417, -22.5471602]]]}}, {"id": "266", "type": "Feature", "properties": {"osm_id": "9413523", "name": "COHAB", "code": 1210, "source": "OSM via Geofabrik", "admin_level": 10, "layer": "barrios_int"}, "geometry": {"type": "Polygon", "coordinates": [[[-55.7091427, -22.5505691], [-55.7090708, -22.5505951], [-55.7091427, -22.5505691]]]}}, {"id": "267", "type": "Feature", "properties": {"osm_id": "9438687", "name": "Setor Judici\u00e1rio", "code": 1210, "source": "OSM via Geofabrik", "admin_level": 10, "layer": "barrios_int"}, "geometry": {"type": "Polygon", "coordinates": [[[-55.7221694, -22.5217475], [-55.7221211, -22.5218026], [-55.7221694, -22.5217475]]]}}, {"id": "268", "type": "Feature", "properties": {"osm_id": "9448484", "name": "Jardim Esperan\u00e7a", "code": 1210, "source": "OSM via Geofabrik", "admin_level": 10, "layer": "barrios_int"}, "geometry": {"type": "Polygon", "coordinates": [[[-55.7086032, -22.5170345], [-55.7085845, -22.517059], [-55.7086032, -22.5170345]]]}}, {"id": "269", "type": "Feature", "properties": {"osm_id": "9408656", "name": "Jardim Idepend\u00eancia", "code": 1210, "source": "OSM via Geofabrik", "admin_level": 10, "layer": "barrios_int"}, "geometry": {"type": "Polygon", "coordinates": [[[-55.7433074, -22.4909261], [-55.7432859, -22.4916324], [-55.7433074, -22.4909261]]]}}, {"id": "270", "type": "Feature", "properties": {"osm_id": "9457415", "name": "Jardim dos Estados", "code": 1210, "source": "OSM via Geofabrik", "admin_level": 10, "layer": "barrios_int"}, "geometry": {"type": "Polygon", "coordinates": [[[-55.6870288, -22.5593205], [-55.6867127, -22.5606027], [-55.6870288, -22.5593205]]]}}, {"id": "271", "type": "Feature", "properties": {"osm_id": "9457416", "name": "Jardim Vit\u00f3ria", "code": 1210, "source": "OSM via Geofabrik", "admin_level": 10, "layer": "barrios_int"}, "geometry": {"type": "Polygon", "coordinates": [[[-55.6902168, -22.5604669], [-55.6900058, -22.5612723], [-55.6902168, -22.5604669]]]}}, {"id": "272", "type": "Feature", "properties": {"osm_id": "8365985", "name": "Zona Agua Dulce", "code": 1210, "source": "OSM via Geofabrik", "admin_level": 10, "layer": "barrios_int"}, "geometry": {"type": "Polygon", "coordinates": [[[-60.119491, -19.335328], [-59.9777778, -19.2946861], [-59.0689278, -19.2876472], [-58.6964876, -19.5057368], [-58.706039, -19.545142], [-58.705612, -19.693748], [-58.801896, -19.694483], [-58.803087, -20.1342988], [-59.271257, -20.1303213], [-59.2851397, -20.1368337], [-59.5802637, -20.1382519], [-59.5784766, -20.2812189], [-59.7592823, -20.2816631], [-59.7593248, -20.3973606], [-59.767191, -20.4147687], [-59.879513, -20.630417], [-59.9273, -20.632887], [-59.995609, -20.613721], [-59.963037, -19.486286], [-59.976619, -19.455125], [-59.994594, -19.436589], [-59.997262, -19.419789], [-60.029682, -19.408574], [-60.041767, -19.394635], [-60.07528, -19.385924], [-60.090494, -19.371433], [-60.089065, -19.35615], [-60.119381, -19.336714], [-60.119491, -19.335328]]]}}, {"id": "273", "type": "Feature", "properties": {"osm_id": "8366030", "name": "Zona Bahia Negra Poty", "code": 1210, "source": "OSM via Geofabrik", "admin_level": 10, "layer": "barrios_int"}, "geometry": {"type": "Polygon", "coordinates": [[[-58.511416, -20.481214], [-58.4765068, -20.4704577], [-58.4723441, -20.4773703], [-58.464676, -20.4673029], [-58.468038, -20.285636], [-58.439666, -20.261694], [-58.401888, -20.258025], [-58.37804, -20.242697], [-58.370815, -20.2491], [-58.352804, -20.243604], [-58.340988, -20.256589], [-58.310942, -20.233806], [-58.3009911, -19.7370057], [-58.1638536, -19.8272684], [-58.2020324, -19.8626922], [-58.2055751, -19.8931043], [-58.1969835, -19.9248197], [-58.2140421, -19.9533835], [-58.1863952, -19.9697566], [-58.1759498, -20.028615], [-58.1573792, -20.0426724], [-58.1678355, -20.0502605], [-58.1631255, -20.0775409], [-58.1541472, -20.0765749], [-58.1378645, -20.1200846], [-58.1448249, -20.1379682], [-58.1681682, -20.153425], [-58.168832, -20.1728999], [-58.1553387, -20.1821484], [-58.1280445, -20.182954], [-58.1215214, -20.1924598], [-58.1245501, -20.2032433], [-58.1546512, -20.2151328], [-58.1648712, -20.2288401], [-58.1621645, -20.2595254], [-58.1435193, -20.2718322], [-58.1189717, -20.2489644], [-58.1005701, -20.2508577], [-58.0917095, -20.259762], [-58.0891026, -20.2792393], [-58.1023328, -20.3226516], [-58.0933942, -20.3555444], [-58.0748902, -20.3864477], [-58.0221547, -20.4004405], [-57.9984654, -20.4355116], [-57.9977617, -20.4535529], [-58.0185382, -20.501613], [-58.0309021, -20.5005128], [-58.0338339, -20.4621011], [-58.0443896, -20.4609892], [-58.0422766, -20.4691448], [-58.0566035, -20.4853842], [-58.051106, -20.4995371], [-58.0622694, -20.4886184], [-58.0716628, -20.4915238], [-58.0657171, -20.4998954], [-58.0715277, -20.5064091], [-58.0484124, -20.519251], [-58.0536021, -20.5297139], [-58.0813046, -20.5084194], [-58.079348, -20.4949228], [-58.0860907, -20.4895613], [-58.0804614, -20.4712378], [-58.0937392, -20.4714404], [-58.1274451, -20.4358582], [-58.1440166, -20.4428849], [-58.1688336, -20.4344006], [-58.1788054, -20.4474238], [-58.214052, -20.427885], [-58.2418382, -20.4257039], [-58.2596126, -20.4145546], [-58.2539691, -20.3910194], [-58.263462, -20.3860747], [-58.286634, -20.4261405], [-58.3197451, -20.4351861], [-58.3381378, -20.4535472], [-58.3708697, -20.4507733], [-58.3852095, -20.476407], [-58.4565957, -20.4949297], [-58.4852598, -20.5229247], [-58.511416, -20.481214]]]}}, {"id": "275", "type": "Feature", "properties": {"osm_id": "8366032", "name": "Lagerenza 4 de Mayo", "code": 1210, "source": "OSM via Geofabrik", "admin_level": 10, "layer": "barrios_int"}, "geometry": {"type": "Polygon", "coordinates": [[[-61.009973, -20.040587], [-60.995152, -20.0145], [-60.793707, -19.931749], [-60.782891, -19.918759], [-60.795722, -19.86499], [-60.660027, -19.785943], [-60.6376729, -19.4609083], [-60.1193272, -19.3312884], [-60.112598, -19.344743], [-60.089065, -19.35615], [-60.090494, -19.371433], [-60.07528, -19.385924], [-60.041767, -19.394635], [-60.029682, -19.408574], [-59.997262, -19.419789], [-59.994594, -19.436589], [-59.966737, -19.472527], [-59.995609, -20.613721], [-60.90463, -20.355282], [-60.910424, -20.327458], [-61.009973, -20.040587]]]}}, {"id": "276", "type": "Feature", "properties": {"osm_id": "10483554", "name": "Regimiento", "code": 1210, "source": "OSM via Geofabrik", "admin_level": 10, "layer": "barrios_int"}, "geometry": {"type": "Polygon", "coordinates": [[[-55.9238018, -27.3647474], [-55.923754, -27.3647518], [-55.9238018, -27.3647474]]]}}, {"id": "277", "type": "Feature", "properties": {"osm_id": "5312234", "name": "Virgen del Valle", "code": 1210, "source": "OSM via Geofabrik", "admin_level": 10, "layer": "barrios_int"}, "geometry": {"type": "Polygon", "coordinates": [[[-55.9233228, -27.3613894], [-55.9232836, -27.3613948], [-55.9233228, -27.3613894]]]}}, {"id": "278", "type": "Feature", "properties": {"osm_id": "9410173", "name": "Residencial Vila Verde", "code": 1210, "source": "OSM via Geofabrik", "admin_level": 10, "layer": "barrios_int"}, "geometry": {"type": "Polygon", "coordinates": [[[-55.7281199, -22.5279291], [-55.7280394, -22.5279724], [-55.7281199, -22.5279291]]]}}, {"id": "279", "type": "Feature", "properties": {"osm_id": "9577993", "name": "Bairro da Saudade", "code": 1210, "source": "OSM via Geofabrik", "admin_level": 10, "layer": "barrios_int"}, "geometry": {"type": "Polygon", "coordinates": [[[-55.7292397, -22.5263249], [-55.7231589, -22.5246601], [-55.7292039, -22.5263808], [-55.7292397, -22.5263249]]]}}, {"id": "280", "type": "Feature", "properties": {"osm_id": "4833583", "name": "Hip\u00f3lito Yrigoyen", "code": 1210, "source": "OSM via Geofabrik", "admin_level": 10, "layer": "barrios_int"}, "geometry": {"type": "Polygon", "coordinates": [[[-55.8985332, -27.4015583], [-55.8983828, -27.4015758], [-55.8985332, -27.4015583]]]}}, {"id": "281", "type": "Feature", "properties": {"osm_id": "4830339", "name": "Parque Adam", "code": 1210, "source": "OSM via Geofabrik", "admin_level": 10, "layer": "barrios_int"}, "geometry": {"type": "Polygon", "coordinates": [[[-55.8990046, -27.404902], [-55.898569, -27.4049411], [-55.8990046, -27.404902]]]}}, {"id": "282", "type": "Feature", "properties": {"osm_id": "9467349", "name": "Itapema Iate Clube", "code": 1210, "source": "OSM via Geofabrik", "admin_level": 10, "layer": "barrios_int"}, "geometry": {"type": "Polygon", "coordinates": [[[-55.6961877, -22.5537046], [-55.6910062, -22.5508091], [-55.6955659, -22.5541433], [-55.6961877, -22.5537046]]]}}, {"id": "283", "type": "Feature", "properties": {"osm_id": "9413325", "name": "Flamboyant Residencial Park", "code": 1210, "source": "OSM via Geofabrik", "admin_level": 10, "layer": "barrios_int"}, "geometry": {"type": "Polygon", "coordinates": [[[-55.6999406, -22.552013], [-55.6948567, -22.5495061], [-55.6998307, -22.5521492], [-55.6999406, -22.552013]]]}}, {"id": "284", "type": "Feature", "properties": {"osm_id": "9413328", "name": "Jardim Nsa. Senhora de F\u00e1tima", "code": 1210, "source": "OSM via Geofabrik", "admin_level": 10, "layer": "barrios_int"}, "geometry": {"type": "Polygon", "coordinates": [[[-55.6923409, -22.5444068], [-55.6881381, -22.5381902], [-55.6834343, -22.5431942], [-55.6906969, -22.5443239], [-55.6923409, -22.5444068]]]}}, {"id": "285", "type": "Feature", "properties": {"osm_id": "9413327", "name": "Vila Min. Salgado Filho", "code": 1210, "source": "OSM via Geofabrik", "admin_level": 10, "layer": "barrios_int"}, "geometry": {"type": "Polygon", "coordinates": [[[-55.6999806, -22.5461437], [-55.689338, -22.5442817], [-55.6933837, -22.5520321], [-55.6995345, -22.5464877], [-55.6999806, -22.5461437]]]}}, {"id": "286", "type": "Feature", "properties": {"osm_id": "9448487", "name": "Bosque Ponta Por\u00e3", "code": 1210, "source": "OSM via Geofabrik", "admin_level": 10, "layer": "barrios_int"}, "geometry": {"type": "Polygon", "coordinates": [[[-55.7136385, -22.5165706], [-55.7095883, -22.5091088], [-55.7135444, -22.5167941], [-55.7136385, -22.5165706]]]}}, {"id": "287", "type": "Feature", "properties": {"osm_id": "9448488", "name": "Portal do Morumbi", "code": 1210, "source": "OSM via Geofabrik", "admin_level": 10, "layer": "barrios_int"}, "geometry": {"type": "Polygon", "coordinates": [[[-55.7153526, -22.5217937], [-55.7096069, -22.5180818], [-55.7150321, -22.5221622], [-55.7153526, -22.5217937]]]}}, {"id": "288", "type": "Feature", "properties": {"osm_id": "9417895", "name": "Ipanema", "code": 1210, "source": "OSM via Geofabrik", "admin_level": 10, "layer": "barrios_int"}, "geometry": {"type": "Polygon", "coordinates": [[[-55.7201028, -22.5227751], [-55.720076, -22.5228296], [-55.7201028, -22.5227751]]]}}, {"id": "289", "type": "Feature", "properties": {"osm_id": "9448483", "name": "Vila Lac\u00edria", "code": 1210, "source": "OSM via Geofabrik", "admin_level": 10, "layer": "barrios_int"}, "geometry": {"type": "Polygon", "coordinates": [[[-55.7179002, -22.5255468], [-55.7176244, -22.525991], [-55.7179002, -22.5255468]]]}}, {"id": "290", "type": "Feature", "properties": {"osm_id": "9599531", "name": "San Lu\u00eds", "code": 1210, "source": "OSM via Geofabrik", "admin_level": 10, "layer": "barrios_int"}, "geometry": {"type": "Polygon", "coordinates": [[[-57.4327972, -23.3919865], [-57.4243841, -23.3869671], [-57.4324435, -23.39267], [-57.4327972, -23.3919865]]]}}, {"id": "291", "type": "Feature", "properties": {"osm_id": "9599536", "name": "Inmaculada", "code": 1210, "source": "OSM via Geofabrik", "admin_level": 10, "layer": "barrios_int"}, "geometry": {"type": "Polygon", "coordinates": [[[-57.4547705, -23.4073003], [-57.44133, -23.4023858], [-57.4411596, -23.4143386], [-57.4547106, -23.4077421], [-57.4547705, -23.4073003]]]}}, {"id": "292", "type": "Feature", "properties": {"osm_id": "9599537", "name": "San Antonio", "code": 1210, "source": "OSM via Geofabrik", "admin_level": 10, "layer": "barrios_int"}, "geometry": {"type": "Polygon", "coordinates": [[[-57.4512997, -23.4143399], [-57.4411596, -23.4143386], [-57.4413353, -23.430868], [-57.4509832, -23.4151287], [-57.4512997, -23.4143399]]]}}, {"id": "293", "type": "Feature", "properties": {"osm_id": "9599535", "name": "Itacurub\u00ed", "code": 1210, "source": "OSM via Geofabrik", "admin_level": 10, "layer": "barrios_int"}, "geometry": null}, {"id": "294", "type": "Feature", "properties": {"osm_id": "9599539", "name": "Santo Domingo de Guzm\u00e1n", "code": 1210, "source": "OSM via Geofabrik", "admin_level": 10, "layer": "barrios_int"}, "geometry": {"type": "Polygon", "coordinates": [[[-57.4323108, -23.4238204], [-57.4173402, -23.4234801], [-57.4141114, -23.4380907], [-57.4322614, -23.4248837], [-57.4323108, -23.4238204]]]}}, {"id": "295", "type": "Feature", "properties": {"osm_id": "16945928", "name": "Barrio San Anselmo", "code": 1210, "source": "OSM via Geofabrik", "admin_level": 10, "layer": "barrios_int"}, "geometry": {"type": "Polygon", "coordinates": [[[-55.7328681, -27.4568289], [-55.7282586, -27.4538039], [-55.7328513, -27.456903], [-55.7328681, -27.4568289]]]}}, {"id": "296", "type": "Feature", "properties": {"osm_id": "10185047", "name": "San Jorge", "code": 1210, "source": "OSM via Geofabrik", "admin_level": 10, "layer": "barrios_int"}, "geometry": {"type": "Polygon", "coordinates": [[[-57.556752, -25.4274311], [-57.5491394, -25.4185466], [-57.5406717, -25.4233113], [-57.5520423, -25.433324], [-57.5566709, -25.4274927], [-57.556752, -25.4274311]]]}}, {"id": "297", "type": "Feature", "properties": {"osm_id": "5334604", "name": "Las Vertientes", "code": 1210, "source": "OSM via Geofabrik", "admin_level": 10, "layer": "barrios_int"}, "geometry": {"type": "Polygon", "coordinates": [[[-55.895654, -27.4230619], [-55.8952088, -27.4244805], [-55.895654, -27.4230619]]]}}, {"id": "299", "type": "Feature", "properties": {"osm_id": "9454049", "name": "Jardim Itaipu", "code": 1210, "source": "OSM via Geofabrik", "admin_level": 10, "layer": "barrios_int"}, "geometry": {"type": "Polygon", "coordinates": [[[-55.7256668, -22.4953834], [-55.7224819, -22.4899095], [-55.7248884, -22.4960044], [-55.7256668, -22.4953834]]]}}, {"id": "300", "type": "Feature", "properties": {"osm_id": "9454050", "name": "Ch\u00e1caras Alvorada", "code": 1210, "source": "OSM via Geofabrik", "admin_level": 10, "layer": "barrios_int"}, "geometry": {"type": "Polygon", "coordinates": [[[-55.7528365, -22.4750353], [-55.7353387, -22.4595516], [-55.7330092, -22.4454537], [-55.7333353, -22.4628063], [-55.752815, -22.4752638], [-55.7528365, -22.4750353]]]}}, {"id": "310", "type": "Feature", "properties": {"osm_id": "9795107", "name": "San Isidro", "code": 1210, "source": "OSM via Geofabrik", "admin_level": 10, "layer": "barrios_int"}, "geometry": {"type": "Polygon", "coordinates": [[[-55.8446538, -27.3760011], [-55.8204249, -27.3724106], [-55.8116639, -27.3793294], [-55.8214125, -27.4111762], [-55.8275415, -27.3926056], [-55.8446458, -27.3760469], [-55.8446538, -27.3760011]]]}}, {"id": "315", "type": "Feature", "properties": {"osm_id": "9413324", "name": "Jardim Universit\u00e1rio", "code": 1210, "source": "OSM via Geofabrik", "admin_level": 10, "layer": "barrios_int"}, "geometry": {"type": "Polygon", "coordinates": [[[-55.6983184, -22.5633926], [-55.6931819, -22.5615053], [-55.6905096, -22.5730078], [-55.6982639, -22.563482], [-55.6983184, -22.5633926]]]}}, {"id": "316", "type": "Feature", "properties": {"osm_id": "9413329", "name": "S\u00e3o Domingos", "code": 1210, "source": "OSM via Geofabrik", "admin_level": 10, "layer": "barrios_int"}, "geometry": {"type": "Polygon", "coordinates": [[[-55.7055764, -22.5604153], [-55.6977052, -22.5575776], [-55.6917511, -22.5610073], [-55.6997936, -22.5625287], [-55.7055764, -22.5604153]]]}}, {"id": "317", "type": "Feature", "properties": {"osm_id": "9441003", "name": "Jardim Am\u00e9rica", "code": 1210, "source": "OSM via Geofabrik", "admin_level": 10, "layer": "barrios_int"}, "geometry": {"type": "Polygon", "coordinates": [[[-55.6987001, -22.5570464], [-55.6898332, -22.5603063], [-55.6986612, -22.5570984], [-55.6987001, -22.5570464]]]}}, {"id": "318", "type": "Feature", "properties": {"osm_id": "9413326", "name": "Ignez Andreazza", "code": 1210, "source": "OSM via Geofabrik", "admin_level": 10, "layer": "barrios_int"}, "geometry": {"type": "Polygon", "coordinates": [[[-55.7017828, -22.5502577], [-55.7013036, -22.5506401], [-55.7017828, -22.5502577]]]}}, {"id": "319", "type": "Feature", "properties": {"osm_id": "9457411", "name": "Vila Jockei Clube", "code": 1210, "source": "OSM via Geofabrik", "admin_level": 10, "layer": "barrios_int"}, "geometry": {"type": "Polygon", "coordinates": [[[-55.704608, -22.5578975], [-55.7017828, -22.5502577], [-55.7039115, -22.5581801], [-55.704608, -22.5578975]]]}}, {"id": "320", "type": "Feature", "properties": {"osm_id": "9422492", "name": "Vila Maisa", "code": 1210, "source": "OSM via Geofabrik", "admin_level": 10, "layer": "barrios_int"}, "geometry": {"type": "Polygon", "coordinates": [[[-55.7247193, -22.4961606], [-55.7198468, -22.4907587], [-55.7243305, -22.4965198], [-55.7247193, -22.4961606]]]}}, {"id": "321", "type": "Feature", "properties": {"osm_id": "10185048", "name": "Acosta \u00d1u", "code": 1210, "source": "OSM via Geofabrik", "admin_level": 10, "layer": "barrios_int"}, "geometry": {"type": "Polygon", "coordinates": [[[-57.5507404, -25.4174953], [-57.5412031, -25.4103677], [-57.538051, -25.4243089], [-57.5501635, -25.4178785], [-57.5507404, -25.4174953]]]}}, {"id": "323", "type": "Feature", "properties": {"osm_id": "9457414", "name": "Jardim Altos da Gl\u00f3ria", "code": 1210, "source": "OSM via Geofabrik", "admin_level": 10, "layer": "barrios_int"}, "geometry": {"type": "Polygon", "coordinates": [[[-55.6856648, -22.558837], [-55.6766317, -22.5700838], [-55.682981, -22.5725293], [-55.6853474, -22.5603292], [-55.6856648, -22.558837]]]}}, {"id": "324", "type": "Feature", "properties": {"osm_id": "9457418", "name": "S\u00e3o Rafael", "code": 1210, "source": "OSM via Geofabrik", "admin_level": 10, "layer": "barrios_int"}, "geometry": {"type": "Polygon", "coordinates": [[[-55.6875056, -22.572459], [-55.6810499, -22.5729823], [-55.6873448, -22.5731485], [-55.6875056, -22.572459]]]}}, {"id": "325", "type": "Feature", "properties": {"osm_id": "9965735", "name": "S\u00e3o Francisco", "code": 1210, "source": "OSM via Geofabrik", "admin_level": 10, "layer": "barrios_int"}, "geometry": {"type": "Polygon", "coordinates": [[[-55.6947912, -22.5775725], [-55.6875056, -22.572459], [-55.69372, -22.578171], [-55.6947912, -22.5775725]]]}}, {"id": "326", "type": "Feature", "properties": {"osm_id": "9457417", "name": "Marambaia", "code": 1210, "source": "OSM via Geofabrik", "admin_level": 10, "layer": "barrios_int"}, "geometry": {"type": "Polygon", "coordinates": [[[-55.6931819, -22.5615053], [-55.693095, -22.5618878], [-55.6931819, -22.5615053]]]}}, {"id": "327", "type": "Feature", "properties": {"osm_id": "9454051", "name": "Jardim das Oliveiras", "code": 1210, "source": "OSM via Geofabrik", "admin_level": 10, "layer": "barrios_int"}, "geometry": {"type": "Polygon", "coordinates": [[[-55.7380978, -22.4867884], [-55.7380711, -22.4876577], [-55.7380978, -22.4867884]]]}}, {"id": "328", "type": "Feature", "properties": {"osm_id": "9408653", "name": "Residencial Manuel Padial", "code": 1210, "source": "OSM via Geofabrik", "admin_level": 10, "layer": "barrios_int"}, "geometry": {"type": "Polygon", "coordinates": [[[-55.720829, -22.490417], [-55.7198468, -22.4907587], [-55.720829, -22.490417]]]}}, {"id": "329", "type": "Feature", "properties": {"osm_id": "9413589", "name": "Jardim Planalto", "code": 1210, "source": "OSM via Geofabrik", "admin_level": 10, "layer": "barrios_int"}, "geometry": {"type": "Polygon", "coordinates": [[[-55.7312976, -22.4992765], [-55.7230053, -22.4974503], [-55.7273415, -22.5064536], [-55.7311444, -22.5008278], [-55.7312976, -22.4992765]]]}}, {"id": "330", "type": "Feature", "properties": {"osm_id": "4836607", "name": "20 de Junio", "code": 1210, "source": "OSM via Geofabrik", "admin_level": 10, "layer": "barrios_int"}, "geometry": {"type": "Polygon", "coordinates": [[[-55.9247266, -27.3714025], [-55.924673, -27.3714084], [-55.9247266, -27.3714025]]]}}, {"id": "331", "type": "Feature", "properties": {"osm_id": "9408658", "name": "Jardim Ibirapuera", "code": 1210, "source": "OSM via Geofabrik", "admin_level": 10, "layer": "barrios_int"}, "geometry": {"type": "Polygon", "coordinates": [[[-55.7455369, -22.4990986], [-55.7455085, -22.4991361], [-55.7455369, -22.4990986]]]}}, {"id": "332", "type": "Feature", "properties": {"osm_id": "9408659", "name": "Residencial Carand\u00e1", "code": 1210, "source": "OSM via Geofabrik", "admin_level": 10, "layer": "barrios_int"}, "geometry": {"type": "Polygon", "coordinates": [[[-55.741617, -22.5050438], [-55.7362783, -22.5038552], [-55.7415491, -22.5053693], [-55.741617, -22.5050438]]]}}, {"id": "333", "type": "Feature", "properties": {"osm_id": "9408660", "name": "Parque dos Ip\u00eas I", "code": 1210, "source": "OSM via Geofabrik", "admin_level": 10, "layer": "barrios_int"}, "geometry": {"type": "Polygon", "coordinates": [[[-55.7373124, -22.5067727], [-55.7362801, -22.5070232], [-55.7373124, -22.5067727]]]}}, {"id": "334", "type": "Feature", "properties": {"osm_id": "9417898", "name": "Vila Ferrovi\u00e1ria", "code": 1210, "source": "OSM via Geofabrik", "admin_level": 10, "layer": "barrios_int"}, "geometry": {"type": "Polygon", "coordinates": [[[-55.7368855, -22.5184418], [-55.7283044, -22.5210261], [-55.7368357, -22.5185928], [-55.7368855, -22.5184418]]]}}, {"id": "335", "type": "Feature", "properties": {"osm_id": "9417896", "name": "Vila Ren\u00f4", "code": 1210, "source": "OSM via Geofabrik", "admin_level": 10, "layer": "barrios_int"}, "geometry": {"type": "Polygon", "coordinates": [[[-55.7242348, -22.5164245], [-55.7167222, -22.5140254], [-55.7223827, -22.5218856], [-55.7240779, -22.5168884], [-55.7242348, -22.5164245]]]}}, {"id": "337", "type": "Feature", "properties": {"osm_id": "9408657", "name": "Parque dos Ip\u00eas II", "code": 1210, "source": "OSM via Geofabrik", "admin_level": 10, "layer": "barrios_int"}, "geometry": {"type": "Polygon", "coordinates": [[[-55.7408073, -22.4995826], [-55.7350798, -22.4950415], [-55.7406733, -22.4996599], [-55.7408073, -22.4995826]]]}}, {"id": "339", "type": "Feature", "properties": {"osm_id": "9417897", "name": "Jardim Panambi", "code": 1210, "source": "OSM via Geofabrik", "admin_level": 10, "layer": "barrios_int"}, "geometry": {"type": "Polygon", "coordinates": [[[-55.7310674, -22.517421], [-55.7255903, -22.5122456], [-55.7300871, -22.5177012], [-55.7310674, -22.517421]]]}}, {"id": "340", "type": "Feature", "properties": {"osm_id": "9408665", "name": "Vila Alegrete", "code": 1210, "source": "OSM via Geofabrik", "admin_level": 10, "layer": "barrios_int"}, "geometry": {"type": "Polygon", "coordinates": [[[-55.7404588, -22.5079794], [-55.7294764, -22.50537], [-55.7325842, -22.5145505], [-55.740338, -22.508165], [-55.7404588, -22.5079794]]]}}, {"id": "344", "type": "Feature", "properties": {"osm_id": "10103795", "name": "Nueva Durango", "code": 1210, "source": "OSM via Geofabrik", "admin_level": 10, "layer": "barrios_int"}, "geometry": {"type": "Polygon", "coordinates": [[[-55.9520418, -24.2360599], [-55.9355628, -24.2296605], [-55.9489705, -24.1831282], [-55.9324557, -24.183032], [-55.9314406, -24.1735093], [-55.8373691, -24.1754155], [-55.8366809, -24.2043439], [-55.8040442, -24.195366], [-55.7780172, -24.2756236], [-55.8188709, -24.2827557], [-55.8659078, -24.2579985], [-55.9385635, -24.2748216], [-55.9520418, -24.2360599]]]}}, {"id": "345", "type": "Feature", "properties": {"osm_id": "10136649", "name": "Villa Guillermina", "code": 1210, "source": "OSM via Geofabrik", "admin_level": 10, "layer": "barrios_int"}, "geometry": {"type": "Polygon", "coordinates": [[[-55.7572059, -22.4874879], [-55.7466781, -22.4863491], [-55.7570824, -22.4888943], [-55.7572059, -22.4874879]]]}}, {"id": "347", "type": "Feature", "properties": {"osm_id": "10137854", "name": "Libertad", "code": 1210, "source": "OSM via Geofabrik", "admin_level": 10, "layer": "barrios_int"}, "geometry": {"type": "Polygon", "coordinates": [[[-55.7618097, -22.5192505], [-55.7425521, -22.5188536], [-55.7539134, -22.5294082], [-55.7618097, -22.5192505]]]}}, {"id": "350", "type": "Feature", "properties": {"osm_id": "10189978", "name": "Mar\u00eda Auxiliadora", "code": 1210, "source": "OSM via Geofabrik", "admin_level": 10, "layer": "barrios_int"}, "geometry": {"type": "Polygon", "coordinates": [[[-57.5800653, -25.4192441], [-57.5604253, -25.4239619], [-57.5695197, -25.4323635], [-57.5778656, -25.4215887], [-57.5800653, -25.4192441]]]}}, {"id": "351", "type": "Feature", "properties": {"osm_id": "10189979", "name": "San Blas", "code": 1210, "source": "OSM via Geofabrik", "admin_level": 10, "layer": "barrios_int"}, "geometry": {"type": "Polygon", "coordinates": [[[-57.5730201, -25.4148692], [-57.5543718, -25.4144499], [-57.5659023, -25.4212523], [-57.5729796, -25.4149647], [-57.5730201, -25.4148692]]]}}, {"id": "352", "type": "Feature", "properties": {"osm_id": "9412571", "name": "Vila Jamaica", "code": 1210, "source": "OSM via Geofabrik", "admin_level": 10, "layer": "barrios_int"}, "geometry": {"type": "Polygon", "coordinates": [[[-55.7181555, -22.5096938], [-55.7181019, -22.5098456], [-55.7181555, -22.5096938]]]}}, {"id": "355", "type": "Feature", "properties": {"osm_id": "8368382", "name": "Villa Primavera", "code": 1210, "source": "OSM via Geofabrik", "admin_level": 10, "layer": "barrios_int"}, "geometry": {"type": "Polygon", "coordinates": [[[-60.057808, -22.393865], [-60.0540935, -22.3664454], [-60.04637, -22.366063], [-59.9912736, -22.3838081], [-59.9912847, -22.397733], [-60.035035, -22.395598], [-60.057808, -22.393865]]]}}, {"id": "356", "type": "Feature", "properties": {"osm_id": "4830157", "name": "Parque 2 de Abril", "code": 1210, "source": "OSM via Geofabrik", "admin_level": 10, "layer": "barrios_int"}, "geometry": {"type": "Polygon", "coordinates": [[[-55.9358863, -27.3972975], [-55.9358304, -27.3973074], [-55.9358863, -27.3972975]]]}}, {"id": "357", "type": "Feature", "properties": {"osm_id": "10483059", "name": "Centro Comercial", "code": 1210, "source": "OSM via Geofabrik", "admin_level": 10, "layer": "barrios_int"}, "geometry": {"type": "Polygon", "coordinates": [[[-55.9176485, -27.402829], [-55.9175871, -27.4028361], [-55.9176485, -27.402829]]]}}, {"id": "358", "type": "Feature", "properties": {"osm_id": "9592580", "name": "General D\u00edaz", "code": 1210, "source": "OSM via Geofabrik", "admin_level": 10, "layer": "barrios_int"}, "geometry": null}, {"id": "359", "type": "Feature", "properties": {"osm_id": "9408654", "name": "Jardim Ivone II", "code": 1210, "source": "OSM via Geofabrik", "admin_level": 10, "layer": "barrios_int"}, "geometry": {"type": "Polygon", "coordinates": [[[-55.7272053, -22.4857441], [-55.7265418, -22.4860323], [-55.7272053, -22.4857441]]]}}, {"id": "360", "type": "Feature", "properties": {"osm_id": "10295246", "name": "Perpetuo Socorro", "code": 1210, "source": "OSM via Geofabrik", "admin_level": 10, "layer": "barrios_int"}, "geometry": {"type": "Polygon", "coordinates": [[[-55.7375677, -22.5387809], [-55.7322002, -22.5361308], [-55.7282917, -22.5440756], [-55.7369777, -22.5397676], [-55.7375677, -22.5387809]]]}}, {"id": "361", "type": "Feature", "properties": {"osm_id": "9448557", "name": "Mariscal Estigarribia", "code": 1210, "source": "OSM via Geofabrik", "admin_level": 10, "layer": "barrios_int"}, "geometry": {"type": "Polygon", "coordinates": [[[-55.7447464, -22.530925], [-55.7378856, -22.5267332], [-55.7322002, -22.5361308], [-55.7395329, -22.539826], [-55.7447304, -22.5309529], [-55.7447464, -22.530925]]]}}, {"id": "362", "type": "Feature", "properties": {"osm_id": "9848332", "name": "Guaran\u00ed", "code": 1210, "source": "OSM via Geofabrik", "admin_level": 10, "layer": "barrios_int"}, "geometry": {"type": "Polygon", "coordinates": [[[-55.7473256, -22.5438202], [-55.7348057, -22.5435577], [-55.7430974, -22.551364], [-55.7466808, -22.5449605], [-55.7473256, -22.5438202]]]}}, {"id": "363", "type": "Feature", "properties": {"osm_id": "9592581", "name": "San Antonio", "code": 1210, "source": "OSM via Geofabrik", "admin_level": 10, "layer": "barrios_int"}, "geometry": {"type": "Polygon", "coordinates": [[[-55.7263562, -22.5557635], [-55.7103209, -22.558653], [-55.7211687, -22.5642211], [-55.7257679, -22.5567289], [-55.7263562, -22.5557635]]]}}, {"id": "364", "type": "Feature", "properties": {"osm_id": "10390578", "name": "Asentamento Romero Kue", "code": 1210, "source": "OSM via Geofabrik", "admin_level": 10, "layer": "barrios_int"}, "geometry": {"type": "Polygon", "coordinates": [[[-55.7793591, -22.5728616], [-55.7704063, -22.5732846], [-55.7790482, -22.5734464], [-55.7793591, -22.5728616]]]}}, {"id": "365", "type": "Feature", "properties": {"osm_id": "9592583", "name": "Manuel Fern\u00e1ndez", "code": 1210, "source": "OSM via Geofabrik", "admin_level": 10, "layer": "barrios_int"}, "geometry": null}, {"id": "366", "type": "Feature", "properties": {"osm_id": "10295245", "name": "San Gerardo", "code": 1210, "source": "OSM via Geofabrik", "admin_level": 10, "layer": "barrios_int"}, "geometry": {"type": "Polygon", "coordinates": [[[-55.7377969, -22.5580448], [-55.7295194, -22.5529871], [-55.7247177, -22.5584635], [-55.7344613, -22.564701], [-55.7375827, -22.5584276], [-55.7377969, -22.5580448]]]}}, {"id": "367", "type": "Feature", "properties": {"osm_id": "10390586", "name": "Callej\u00f3n Genes", "code": 1210, "source": "OSM via Geofabrik", "admin_level": 10, "layer": "barrios_int"}, "geometry": {"type": "Polygon", "coordinates": [[[-55.7842535, -22.5633844], [-55.7830167, -22.5550697], [-55.7663276, -22.5472562], [-55.7585264, -22.5598741], [-55.7779698, -22.5677931], [-55.7840534, -22.5635375], [-55.7842535, -22.5633844]]]}}, {"id": "368", "type": "Feature", "properties": {"osm_id": "10390942", "name": "Santa Ana", "code": 1210, "source": "OSM via Geofabrik", "admin_level": 10, "layer": "barrios_int"}, "geometry": {"type": "Polygon", "coordinates": [[[-55.7659724, -22.5693794], [-55.7655127, -22.5702916], [-55.7659724, -22.5693794]]]}}, {"id": "369", "type": "Feature", "properties": {"osm_id": "10390943", "name": "Virgen de Los Pobres", "code": 1210, "source": "OSM via Geofabrik", "admin_level": 10, "layer": "barrios_int"}, "geometry": {"type": "Polygon", "coordinates": [[[-55.7622335, -22.567613], [-55.7620943, -22.5677818], [-55.7622335, -22.567613]]]}}, {"id": "370", "type": "Feature", "properties": {"osm_id": "9592577", "name": "Defensores del Chaco", "code": 1210, "source": "OSM via Geofabrik", "admin_level": 10, "layer": "barrios_int"}, "geometry": {"type": "Polygon", "coordinates": [[[-55.7198131, -22.5632941], [-55.6984164, -22.5632786], [-55.6941079, -22.5784053], [-55.7197398, -22.563353], [-55.7198131, -22.5632941]]]}}, {"id": "371", "type": "Feature", "properties": {"osm_id": "9592579", "name": "Colonia Mafucci", "code": 1210, "source": "OSM via Geofabrik", "admin_level": 10, "layer": "barrios_int"}, "geometry": {"type": "Polygon", "coordinates": [[[-55.7641339, -22.5986192], [-55.7461799, -22.5797271], [-55.7347434, -22.5924669], [-55.7254796, -22.5849405], [-55.7204244, -22.590306], [-55.7351983, -22.6299421], [-55.7641339, -22.5986192]]]}}, {"id": "372", "type": "Feature", "properties": {"osm_id": "10482013", "name": "1 de Abril", "code": 1210, "source": "OSM via Geofabrik", "admin_level": 10, "layer": "barrios_int"}, "geometry": {"type": "Polygon", "coordinates": [[[-55.9589793, -27.4140042], [-55.9561292, -27.4146739], [-55.9589793, -27.4140042]]]}}, {"id": "373", "type": "Feature", "properties": {"osm_id": "4822011", "name": "La Cima", "code": 1210, "source": "OSM via Geofabrik", "admin_level": 10, "layer": "barrios_int"}, "geometry": {"type": "Polygon", "coordinates": [[[-55.9554901, -27.4125467], [-55.9548339, -27.4127027], [-55.9554901, -27.4125467]]]}}, {"id": "374", "type": "Feature", "properties": {"osm_id": "5500874", "name": "Mar\u00eda Elena Walsh", "code": 1210, "source": "OSM via Geofabrik", "admin_level": 10, "layer": "barrios_int"}, "geometry": {"type": "Polygon", "coordinates": [[[-55.9580854, -27.4055448], [-55.9573294, -27.4058175], [-55.9580854, -27.4055448]]]}}, {"id": "375", "type": "Feature", "properties": {"osm_id": "10482148", "name": "17 de Octubre", "code": 1210, "source": "OSM via Geofabrik", "admin_level": 10, "layer": "barrios_int"}, "geometry": {"type": "Polygon", "coordinates": [[[-55.9596166, -27.4107338], [-55.9588794, -27.4110224], [-55.9596166, -27.4107338]]]}}, {"id": "376", "type": "Feature", "properties": {"osm_id": "10483478", "name": "Nuevo Amanecer", "code": 1210, "source": "OSM via Geofabrik", "admin_level": 10, "layer": "barrios_int"}, "geometry": {"type": "Polygon", "coordinates": [[[-55.9568432, -27.4084094], [-55.9561318, -27.4086743], [-55.9568432, -27.4084094]]]}}, {"id": "377", "type": "Feature", "properties": {"osm_id": "10483119", "name": "El Laurel", "code": 1210, "source": "OSM via Geofabrik", "admin_level": 10, "layer": "barrios_int"}, "geometry": {"type": "Polygon", "coordinates": [[[-55.9431888, -27.3543422], [-55.9223253, -27.3538098], [-55.9431848, -27.3544768], [-55.9431888, -27.3543422]]]}}, {"id": "378", "type": "Feature", "properties": {"osm_id": "4836879", "name": "Obrero", "code": 1210, "source": "OSM via Geofabrik", "admin_level": 10, "layer": "barrios_int"}, "geometry": {"type": "Polygon", "coordinates": [[[-55.9228557, -27.3580797], [-55.9209942, -27.3582727], [-55.9228557, -27.3580797]]]}}, {"id": "393", "type": "Feature", "properties": {"osm_id": "9410339", "name": "Residencial Ponta Por\u00e3 II", "code": 1210, "source": "OSM via Geofabrik", "admin_level": 10, "layer": "barrios_int"}, "geometry": {"type": "Polygon", "coordinates": [[[-55.7273415, -22.5064536], [-55.7174353, -22.4973151], [-55.7170098, -22.506731], [-55.7227092, -22.5066181], [-55.7273415, -22.5064536]]]}}, {"id": "394", "type": "Feature", "properties": {"osm_id": "4843484", "name": "Los Jilgueros", "code": 1210, "source": "OSM via Geofabrik", "admin_level": 10, "layer": "barrios_int"}, "geometry": {"type": "Polygon", "coordinates": [[[-55.9265777, -27.3847356], [-55.9229048, -27.3851421], [-55.9265777, -27.3847356]]]}}, {"id": "404", "type": "Feature", "properties": {"osm_id": "9413524", "name": "Granja", "code": 1210, "source": "OSM via Geofabrik", "admin_level": 10, "layer": "barrios_int"}, "geometry": {"type": "Polygon", "coordinates": [[[-55.7169165, -22.5525605], [-55.7058632, -22.5516308], [-55.7079015, -22.5595577], [-55.7167634, -22.5527561], [-55.7169165, -22.5525605]]]}}, {"id": "408", "type": "Feature", "properties": {"osm_id": "3654342", "name": "It\u00e1 Enramada", "code": 1210, "source": "OSM via Geofabrik", "admin_level": 10, "layer": "barrios_int"}, "geometry": {"type": "Polygon", "coordinates": [[[-57.6468188, -25.3585318], [-57.6440304, -25.3446707], [-57.6345559, -25.3426836], [-57.6357326, -25.3686505], [-57.6467497, -25.3587525], [-57.6468188, -25.3585318]]]}}, {"id": "418", "type": "Feature", "properties": {"osm_id": "11031288", "name": "Barrio Gardes", "code": 1210, "source": "OSM via Geofabrik", "admin_level": 10, "layer": "barrios_int"}, "geometry": {"type": "Polygon", "coordinates": [[[-54.6851618, -26.4104463], [-54.6851495, -26.41105], [-54.6851618, -26.4104463]]]}}, {"id": "419", "type": "Feature", "properties": {"osm_id": "11031383", "name": "Barrio Primero de Mayo", "code": 1210, "source": "OSM via Geofabrik", "admin_level": 10, "layer": "barrios_int"}, "geometry": {"type": "Polygon", "coordinates": [[[-54.6724026, -26.3955513], [-54.6722826, -26.3960546], [-54.6724026, -26.3955513]]]}}, {"id": "420", "type": "Feature", "properties": {"osm_id": "11031319", "name": "Barrio Puerto Pinares", "code": 1210, "source": "OSM via Geofabrik", "admin_level": 10, "layer": "barrios_int"}, "geometry": {"type": "MultiPolygon", "coordinates": [[[[-54.6967752, -26.4338218], [-54.6939492, -26.4283181], [-54.6962154, -26.433786], [-54.6967752, -26.4338218]]], [[[-54.6878744, -26.4281807], [-54.687582, -26.4281852], [-54.6878744, -26.4281807]]]]}}, {"id": "421", "type": "Feature", "properties": {"osm_id": "11031482", "name": "Barrio Georgias del Sur", "code": 1210, "source": "OSM via Geofabrik", "admin_level": 10, "layer": "barrios_int"}, "geometry": {"type": "Polygon", "coordinates": [[[-54.6733604, -26.3974323], [-54.6733347, -26.3979922], [-54.6733604, -26.3974323]]]}}, {"id": "422", "type": "Feature", "properties": {"osm_id": "11033331", "name": "Barrio Bern\u00edn", "code": 1210, "source": "OSM via Geofabrik", "admin_level": 10, "layer": "barrios_int"}, "geometry": {"type": "Polygon", "coordinates": [[[-54.680743, -26.410703], [-54.6797537, -26.4129484], [-54.680743, -26.410703]]]}}, {"id": "423", "type": "Feature", "properties": {"osm_id": "11031519", "name": "Barrio Guaran\u00ed", "code": 1210, "source": "OSM via Geofabrik", "admin_level": 10, "layer": "barrios_int"}, "geometry": {"type": "Polygon", "coordinates": [[[-54.6710959, -26.3973755], [-54.6659323, -26.3997978], [-54.6704585, -26.4078757], [-54.6710633, -26.3979998], [-54.6710959, -26.3973755]]]}}, {"id": "424", "type": "Feature", "properties": {"osm_id": "11033376", "name": "Barrio Universitario", "code": 1210, "source": "OSM via Geofabrik", "admin_level": 10, "layer": "barrios_int"}, "geometry": {"type": "Polygon", "coordinates": [[[-54.6657158, -26.4056887], [-54.6606252, -26.4068347], [-54.6656851, -26.4070196], [-54.6657158, -26.4056887]]]}}, {"id": "425", "type": "Feature", "properties": {"osm_id": "11033417", "name": "Barrio Pedro Giacchino", "code": 1210, "source": "OSM via Geofabrik", "admin_level": 10, "layer": "barrios_int"}, "geometry": {"type": "Polygon", "coordinates": [[[-54.6622093, -26.4068696], [-54.6621561, -26.4079165], [-54.6622093, -26.4068696]]]}}, {"id": "426", "type": "Feature", "properties": {"osm_id": "11044810", "name": "Barrio Avanti", "code": 1210, "source": "OSM via Geofabrik", "admin_level": 10, "layer": "barrios_int"}, "geometry": {"type": "Polygon", "coordinates": [[[-54.6556177, -26.4065913], [-54.6555951, -26.4071568], [-54.6556177, -26.4065913]]]}}, {"id": "427", "type": "Feature", "properties": {"osm_id": "11044956", "name": "Barrio Iberia", "code": 1210, "source": "OSM via Geofabrik", "admin_level": 10, "layer": "barrios_int"}, "geometry": {"type": "Polygon", "coordinates": [[[-54.6506599, -26.4067544], [-54.6506124, -26.4069681], [-54.6506599, -26.4067544]]]}}, {"id": "428", "type": "Feature", "properties": {"osm_id": "11047453", "name": "Barrio 9 de Julio", "code": 1210, "source": "OSM via Geofabrik", "admin_level": 10, "layer": "barrios_int"}, "geometry": {"type": "Polygon", "coordinates": [[[-54.6865897, -26.4164286], [-54.6864637, -26.4168201], [-54.6865897, -26.4164286]]]}}, {"id": "429", "type": "Feature", "properties": {"osm_id": "8372971", "name": "Zona Pozo Hondo", "code": 1210, "source": "OSM via Geofabrik", "admin_level": 10, "layer": "barrios_int"}, "geometry": {"type": "Polygon", "coordinates": [[[-62.6406685, -22.2362478], [-62.5647, -22.0033708], [-62.261564, -22.015172], [-62.185823, -22.115181], [-62.08308, -22.221909], [-62.348655, -22.296339], [-62.4654097, -22.384935], [-62.4808933, -22.3727572], [-62.5061968, -22.3802746], [-62.5283307, -22.3699232], [-62.5426032, -22.374684], [-62.5365511, -22.357632], [-62.5702965, -22.3296626], [-62.5676642, -22.3151213], [-62.5893236, -22.3247346], [-62.6007487, -22.3181028], [-62.6056593, -22.3025016], [-62.6265569, -22.3073684], [-62.621023, -22.2601091], [-62.6404827, -22.236238], [-62.6406685, -22.2362478]]]}}, {"id": "430", "type": "Feature", "properties": {"osm_id": "11067688", "name": "Barrio Amistad", "code": 1210, "source": "OSM via Geofabrik", "admin_level": 10, "layer": "barrios_int"}, "geometry": {"type": "Polygon", "coordinates": [[[-54.6477885, -26.4088318], [-54.6477662, -26.4101159], [-54.6477885, -26.4088318]]]}}, {"id": "431", "type": "Feature", "properties": {"osm_id": "11067894", "name": "Barrio el Fundador", "code": 1210, "source": "OSM via Geofabrik", "admin_level": 10, "layer": "barrios_int"}, "geometry": {"type": "Polygon", "coordinates": [[[-54.6674783, -26.4202483], [-54.6674651, -26.4208916], [-54.6674783, -26.4202483]]]}}, {"id": "432", "type": "Feature", "properties": {"osm_id": "11031609", "name": "Barrio El Porvenir", "code": 1210, "source": "OSM via Geofabrik", "admin_level": 10, "layer": "barrios_int"}, "geometry": {"type": "Polygon", "coordinates": [[[-54.6805476, -26.4084544], [-54.6706004, -26.4055982], [-54.6804478, -26.409198], [-54.6805476, -26.4084544]]]}}, {"id": "433", "type": "Feature", "properties": {"osm_id": "11068732", "name": "Barrio Gildi", "code": 1210, "source": "OSM via Geofabrik", "admin_level": 10, "layer": "barrios_int"}, "geometry": {"type": "Polygon", "coordinates": [[[-54.6771308, -26.4068593], [-54.6768391, -26.4014622], [-54.6708976, -26.4011682], [-54.6753348, -26.4063427], [-54.6771308, -26.4068593]]]}}, {"id": "434", "type": "Feature", "properties": {"osm_id": "11068684", "name": "Barrio Lomas del Paran\u00e1", "code": 1210, "source": "OSM via Geofabrik", "admin_level": 10, "layer": "barrios_int"}, "geometry": {"type": "Polygon", "coordinates": [[[-54.6808436, -26.4016479], [-54.680746, -26.4031025], [-54.6808436, -26.4016479]]]}}, {"id": "435", "type": "Feature", "properties": {"osm_id": "11068689", "name": "Barrio Santa Rosa", "code": 1210, "source": "OSM via Geofabrik", "admin_level": 10, "layer": "barrios_int"}, "geometry": {"type": "Polygon", "coordinates": [[[-54.6483226, -26.4029181], [-54.6482584, -26.4035518], [-54.6483226, -26.4029181]]]}}, {"id": "436", "type": "Feature", "properties": {"osm_id": "11068726", "name": "Barrio Eliseo Ingustinus Christiansen", "code": 1210, "source": "OSM via Geofabrik", "admin_level": 10, "layer": "barrios_int"}, "geometry": {"type": "Polygon", "coordinates": [[[-54.6656851, -26.4070196], [-54.665683, -26.4071075], [-54.6656851, -26.4070196]]]}}, {"id": "437", "type": "Feature", "properties": {"osm_id": "11044661", "name": "Barrio Primavera", "code": 1210, "source": "OSM via Geofabrik", "admin_level": 10, "layer": "barrios_int"}, "geometry": {"type": "Polygon", "coordinates": [[[-54.672582, -26.4084416], [-54.6656851, -26.4070196], [-54.665209, -26.4202207], [-54.6725502, -26.4085685], [-54.672582, -26.4084416]]]}}, {"id": "438", "type": "Feature", "properties": {"osm_id": "11068865", "name": "Barrio San Cayetano - Santa Catalina", "code": 1210, "source": "OSM via Geofabrik", "admin_level": 10, "layer": "barrios_int"}, "geometry": {"type": "Polygon", "coordinates": [[[-54.6515315, -26.3878737], [-54.6514885, -26.3884576], [-54.6515315, -26.3878737]]]}}, {"id": "439", "type": "Feature", "properties": {"osm_id": "11035695", "name": "Barrio 20 de junio", "code": 1210, "source": "OSM via Geofabrik", "admin_level": 10, "layer": "barrios_int"}, "geometry": {"type": "Polygon", "coordinates": [[[-54.6604134, -26.4068251], [-54.6602299, -26.4102197], [-54.6604134, -26.4068251]]]}}, {"id": "440", "type": "Feature", "properties": {"osm_id": "11068900", "name": "Barrio Gruber", "code": 1210, "source": "OSM via Geofabrik", "admin_level": 10, "layer": "barrios_int"}, "geometry": {"type": "Polygon", "coordinates": [[[-54.6592915, -26.4130623], [-54.6589701, -26.4193875], [-54.6592915, -26.4130623]]]}}, {"id": "441", "type": "Feature", "properties": {"osm_id": "9855105", "name": "Achucarro", "code": 1210, "source": "OSM via Geofabrik", "admin_level": 10, "layer": "barrios_int"}, "geometry": {"type": "Polygon", "coordinates": [[[-57.564107, -25.4357291], [-57.538051, -25.4243089], [-57.5344387, -25.4436987], [-57.5446132, -25.4554322], [-57.5637454, -25.4359882], [-57.564107, -25.4357291]]]}}, {"id": "442", "type": "Feature", "properties": {"osm_id": "3682961", "name": "Tablada Nueva", "code": 1210, "source": "OSM via Geofabrik", "admin_level": 10, "layer": "barrios_int"}, "geometry": {"type": "Polygon", "coordinates": [[[-57.6090738, -25.2514487], [-57.5989205, -25.2482721], [-57.5922074, -25.2624255], [-57.6007562, -25.2628494], [-57.6090738, -25.2514487]]]}}, {"id": "443", "type": "Feature", "properties": {"osm_id": "3674401", "name": "Jara", "code": 1210, "source": "OSM via Geofabrik", "admin_level": 10, "layer": "barrios_int"}, "geometry": {"type": "Polygon", "coordinates": [[[-57.6113586, -25.2720052], [-57.5973209, -25.2662151], [-57.60604, -25.2850486], [-57.6110838, -25.2723921], [-57.6113586, -25.2720052]]]}}, {"id": "448", "type": "Feature", "properties": {"osm_id": "9599532", "name": "Obrero", "code": 1210, "source": "OSM via Geofabrik", "admin_level": 10, "layer": "barrios_int"}, "geometry": {"type": "Polygon", "coordinates": [[[-57.4493283, -23.3886767], [-57.4288043, -23.382931], [-57.4381757, -23.3972583], [-57.4492398, -23.3886717], [-57.4493283, -23.3886767]]]}}, {"id": "449", "type": "Feature", "properties": {"osm_id": "9599533", "name": "San Jos\u00e9 Obrero", "code": 1210, "source": "OSM via Geofabrik", "admin_level": 10, "layer": "barrios_int"}, "geometry": {"type": "Polygon", "coordinates": [[[-57.4583352, -23.3919188], [-57.4474615, -23.3879504], [-57.441456, -23.394708], [-57.44133, -23.4023858], [-57.4526642, -23.4025454], [-57.4581635, -23.3922241], [-57.4583352, -23.3919188]]]}}, {"id": "451", "type": "Feature", "properties": {"osm_id": "7565241", "name": "Paticua", "code": 1210, "source": "OSM via Geofabrik", "admin_level": 10, "layer": "barrios_int"}, "geometry": {"type": "Polygon", "coordinates": [[[-54.694903, -26.386365], [-54.694008, -26.387178], [-54.694903, -26.386365]]]}}, {"id": "455", "type": "Feature", "properties": {"osm_id": "8372966", "name": "Zona El Solitario", "code": 1210, "source": "OSM via Geofabrik", "admin_level": 10, "layer": "barrios_int"}, "geometry": {"type": "Polygon", "coordinates": [[[-62.117343, -22.7941446], [-62.026241, -22.664962], [-61.993926, -22.63438], [-61.925174, -22.615447], [-61.748744, -22.598831], [-61.640147, -22.61235], [-61.635907, -22.720104], [-61.484571, -22.727625], [-61.490491, -22.909134], [-62.0215559, -22.9080011], [-62.0315981, -22.8995412], [-62.041297, -22.8684646], [-62.0570898, -22.8627705], [-62.0601797, -22.8484153], [-62.0720673, -22.8469125], [-62.0766592, -22.8269786], [-62.0887184, -22.8267412], [-62.0963574, -22.8051824], [-62.1081162, -22.8196608], [-62.1162701, -22.7943424], [-62.117343, -22.7941446]]]}}, {"id": "456", "type": "Feature", "properties": {"osm_id": "9448486", "name": "S\u00e3o Jo\u00e3o", "code": 1210, "source": "OSM via Geofabrik", "admin_level": 10, "layer": "barrios_int"}, "geometry": {"type": "Polygon", "coordinates": [[[-55.7095883, -22.5091088], [-55.7094672, -22.5097226], [-55.7095883, -22.5091088]]]}}, {"id": "457", "type": "Feature", "properties": {"osm_id": "3683019", "name": "Zeballos Cu\u00e9", "code": 1210, "source": "OSM via Geofabrik", "admin_level": 10, "layer": "barrios_int"}, "geometry": {"type": "Polygon", "coordinates": [[[-57.5799759, -25.2315185], [-57.5643959, -25.225475], [-57.5451805, -25.2343963], [-57.5521678, -25.242672], [-57.5785947, -25.2321138], [-57.5799759, -25.2315185]]]}}, {"id": "464", "type": "Feature", "properties": {"osm_id": "4833657", "name": "Lluvia de Oro", "code": 1210, "source": "OSM via Geofabrik", "admin_level": 10, "layer": "barrios_int"}, "geometry": {"type": "Polygon", "coordinates": [[[-55.9078451, -27.3868092], [-55.9077589, -27.3868186], [-55.9078451, -27.3868092]]]}}, {"id": "469", "type": "Feature", "properties": {"osm_id": "11806378", "name": "Santa Librada", "code": 1210, "source": "OSM via Geofabrik", "admin_level": 10, "layer": "barrios_int"}, "geometry": {"type": "Polygon", "coordinates": [[[-56.3432698, -27.3178479], [-56.3229695, -27.3263921], [-56.3368996, -27.3324766], [-56.3419086, -27.3248432], [-56.3432698, -27.3178479]]]}}, {"id": "470", "type": "Feature", "properties": {"osm_id": "11806379", "name": "Riberas del Paran\u00e1", "code": 1210, "source": "OSM via Geofabrik", "admin_level": 10, "layer": "barrios_int"}, "geometry": {"type": "Polygon", "coordinates": [[[-56.3293434, -27.3192359], [-56.3212033, -27.3189107], [-56.3230429, -27.3261441], [-56.3292099, -27.3202688], [-56.3293434, -27.3192359]]]}}, {"id": "471", "type": "Feature", "properties": {"osm_id": "11806380", "name": "San Francisco", "code": 1210, "source": "OSM via Geofabrik", "admin_level": 10, "layer": "barrios_int"}, "geometry": {"type": "Polygon", "coordinates": [[[-56.3352777, -27.3197143], [-56.3290184, -27.3213352], [-56.3351631, -27.3207613], [-56.3352777, -27.3197143]]]}}, {"id": "472", "type": "Feature", "properties": {"osm_id": "11806381", "name": "San Miguel", "code": 1210, "source": "OSM via Geofabrik", "admin_level": 10, "layer": "barrios_int"}, "geometry": {"type": "Polygon", "coordinates": [[[-56.32957, -27.3113652], [-56.3295292, -27.3125815], [-56.32957, -27.3113652]]]}}, {"id": "473", "type": "Feature", "properties": {"osm_id": "11806348", "name": "Villa Permanente", "code": 1210, "source": "OSM via Geofabrik", "admin_level": 10, "layer": "barrios_int"}, "geometry": {"type": "Polygon", "coordinates": [[[-56.3433982, -27.3118985], [-56.3432698, -27.3178479], [-56.3433982, -27.3118985]]]}}, {"id": "474", "type": "Feature", "properties": {"osm_id": "11806664", "name": "La Amistad", "code": 1210, "source": "OSM via Geofabrik", "admin_level": 10, "layer": "barrios_int"}, "geometry": {"type": "Polygon", "coordinates": [[[-56.3395433, -27.3126495], [-56.3376885, -27.3198887], [-56.338946, -27.312784], [-56.3395433, -27.3126495]]]}}, {"id": "475", "type": "Feature", "properties": {"osm_id": "11806663", "name": "Centro", "code": 1210, "source": "OSM via Geofabrik", "admin_level": 10, "layer": "barrios_int"}, "geometry": {"type": "Polygon", "coordinates": [[[-56.3356021, -27.3168226], [-56.32957, -27.3113652], [-56.3293434, -27.3192359], [-56.3354465, -27.3182287], [-56.3356021, -27.3168226]]]}}, {"id": "476", "type": "Feature", "properties": {"osm_id": "11806666", "name": "Aguapey", "code": 1210, "source": "OSM via Geofabrik", "admin_level": 10, "layer": "barrios_int"}, "geometry": {"type": "Polygon", "coordinates": [[[-56.3334289, -27.3085748], [-56.3249508, -27.310682], [-56.3333059, -27.3096012], [-56.3334289, -27.3085748]]]}}, {"id": "477", "type": "Feature", "properties": {"osm_id": "11806665", "name": "Ka\u00b4Aguy Rory", "code": 1210, "source": "OSM via Geofabrik", "admin_level": 10, "layer": "barrios_int"}, "geometry": {"type": "Polygon", "coordinates": [[[-56.3389531, -27.3075673], [-56.3319685, -27.3062954], [-56.338815, -27.3083698], [-56.3389531, -27.3075673]]]}}, {"id": "486", "type": "Feature", "properties": {"osm_id": "11810406", "name": "Cristo Rey", "code": 1210, "source": "OSM via Geofabrik", "admin_level": 10, "layer": "barrios_int"}, "geometry": {"type": "Polygon", "coordinates": [[[-55.959256, -27.2734949], [-55.9564895, -27.2762056], [-55.959256, -27.2734949]]]}}, {"id": "487", "type": "Feature", "properties": {"osm_id": "11810323", "name": "8 de Diciembre", "code": 1210, "source": "OSM via Geofabrik", "admin_level": 10, "layer": "barrios_int"}, "geometry": {"type": "Polygon", "coordinates": [[[-55.9491205, -27.3078564], [-55.939305, -27.2958578], [-55.9378794, -27.3041956], [-55.9488577, -27.3079374], [-55.9491205, -27.3078564]]]}}, {"id": "488", "type": "Feature", "properties": {"osm_id": "11810408", "name": "24 de Junio", "code": 1210, "source": "OSM via Geofabrik", "admin_level": 10, "layer": "barrios_int"}, "geometry": {"type": "Polygon", "coordinates": [[[-55.958122, -27.3060117], [-55.9523253, -27.3010055], [-55.9491205, -27.3078564], [-55.9579664, -27.3060212], [-55.958122, -27.3060117]]]}}, {"id": "489", "type": "Feature", "properties": {"osm_id": "11810407", "name": "Terrazas", "code": 1210, "source": "OSM via Geofabrik", "admin_level": 10, "layer": "barrios_int"}, "geometry": {"type": "Polygon", "coordinates": [[[-55.9597771, -27.2935652], [-55.9470063, -27.2843301], [-55.9402015, -27.2925595], [-55.9471035, -27.3038574], [-55.9592726, -27.2940676], [-55.9597771, -27.2935652]]]}}, {"id": "490", "type": "Feature", "properties": {"osm_id": "11810409", "name": "Lomas del Sur", "code": 1210, "source": "OSM via Geofabrik", "admin_level": 10, "layer": "barrios_int"}, "geometry": {"type": "Polygon", "coordinates": [[[-55.9604348, -27.2990592], [-55.9593514, -27.3001052], [-55.9604348, -27.2990592]]]}}, {"id": "491", "type": "Feature", "properties": {"osm_id": "11810410", "name": "Centro", "code": 1210, "source": "OSM via Geofabrik", "admin_level": 10, "layer": "barrios_int"}, "geometry": {"type": "Polygon", "coordinates": [[[-55.9692389, -27.3018105], [-55.9597771, -27.2935652], [-55.9579913, -27.3052252], [-55.9681501, -27.3020854], [-55.9692389, -27.3018105]]]}}, {"id": "492", "type": "Feature", "properties": {"osm_id": "11810411", "name": "Santa Rita", "code": 1210, "source": "OSM via Geofabrik", "admin_level": 10, "layer": "barrios_int"}, "geometry": {"type": "Polygon", "coordinates": [[[-55.9674277, -27.3077534], [-55.963918, -27.3033865], [-55.9665495, -27.3080883], [-55.9674277, -27.3077534]]]}}, {"id": "493", "type": "Feature", "properties": {"osm_id": "11810412", "name": "San Antonio", "code": 1210, "source": "OSM via Geofabrik", "admin_level": 10, "layer": "barrios_int"}, "geometry": {"type": "Polygon", "coordinates": [[[-55.9705631, -27.3051518], [-55.9697876, -27.3052717], [-55.9705631, -27.3051518]]]}}, {"id": "498", "type": "Feature", "properties": {"osm_id": "11855409", "name": "San Antonio", "code": 1210, "source": "OSM via Geofabrik", "admin_level": 10, "layer": "barrios_int"}, "geometry": {"type": "Polygon", "coordinates": [[[-54.6389124, -25.4073168], [-54.6341356, -25.3980357], [-54.6299454, -25.407884], [-54.638675, -25.4073176], [-54.6389124, -25.4073168]]]}}, {"id": "499", "type": "Feature", "properties": {"osm_id": "11855412", "name": "Caacupemi", "code": 1210, "source": "OSM via Geofabrik", "admin_level": 10, "layer": "barrios_int"}, "geometry": {"type": "Polygon", "coordinates": [[[-54.6528416, -25.4190658], [-54.6401905, -25.4147045], [-54.6462884, -25.42491], [-54.6521217, -25.4197026], [-54.6528416, -25.4190658]]]}}, {"id": "503", "type": "Feature", "properties": {"osm_id": "5331569", "name": "Los Lapachos", "code": 1210, "source": "OSM via Geofabrik", "admin_level": 10, "layer": "barrios_int"}, "geometry": {"type": "Polygon", "coordinates": [[[-55.9222438, -27.4121748], [-55.9216408, -27.412237], [-55.9222438, -27.4121748]]]}}, {"id": "506", "type": "Feature", "properties": {"osm_id": "9454046", "name": "Vila Vit\u00f3ria", "code": 1210, "source": "OSM via Geofabrik", "admin_level": 10, "layer": "barrios_int"}, "geometry": {"type": "Polygon", "coordinates": [[[-55.7212294, -22.5304726], [-55.7211974, -22.5305082], [-55.7212294, -22.5304726]]]}}, {"id": "510", "type": "Feature", "properties": {"osm_id": "9413385", "name": "Jardim Monte", "code": 1210, "source": "OSM via Geofabrik", "admin_level": 10, "layer": "barrios_int"}, "geometry": {"type": "Polygon", "coordinates": [[[-55.752815, -22.4752638], [-55.7448381, -22.4759647], [-55.752465, -22.4768238], [-55.752815, -22.4752638]]]}}, {"id": "513", "type": "Feature", "properties": {"osm_id": "8368388", "name": "Colonia 6", "code": 1210, "source": "OSM via Geofabrik", "admin_level": 10, "layer": "barrios_int"}, "geometry": {"type": "Polygon", "coordinates": [[[-60.0933, -22.3417], [-60.055163, -22.324573], [-60.0538068, -22.3729275], [-60.075168, -22.376533], [-60.083455, -22.353653], [-60.0933, -22.3417]]]}}, {"id": "514", "type": "Feature", "properties": {"osm_id": "8368380", "name": "Filadelfia Centro", "code": 1210, "source": "OSM via Geofabrik", "admin_level": 10, "layer": "barrios_int"}, "geometry": {"type": "Polygon", "coordinates": [[[-60.0547443, -22.3361793], [-60.008693, -22.337248], [-60.0086932, -22.3516608], [-60.027073, -22.358273], [-60.027107, -22.3657794], [-60.03489, -22.365834], [-60.034827, -22.358322], [-60.0542936, -22.3603339], [-60.0547443, -22.3361793]]]}}, {"id": "515", "type": "Feature", "properties": {"osm_id": "10041662", "name": "Parque das Aroeiras", "code": 1210, "source": "OSM via Geofabrik", "admin_level": 10, "layer": "barrios_int"}, "geometry": {"type": "Polygon", "coordinates": [[[-55.7358433, -22.4999133], [-55.733401, -22.4953145], [-55.7353351, -22.5000471], [-55.7358433, -22.4999133]]]}}, {"id": "516", "type": "Feature", "properties": {"osm_id": "9454052", "name": "Parque dos Eucaliptos", "code": 1210, "source": "OSM via Geofabrik", "admin_level": 10, "layer": "barrios_int"}, "geometry": {"type": "Polygon", "coordinates": [[[-55.7408748, -22.4869216], [-55.7408232, -22.4877582], [-55.7408748, -22.4869216]]]}}, {"id": "522", "type": "Feature", "properties": {"osm_id": "4830407", "name": "San Alberto", "code": 1210, "source": "OSM via Geofabrik", "admin_level": 10, "layer": "barrios_int"}, "geometry": {"type": "Polygon", "coordinates": [[[-55.9153376, -27.3859828], [-55.9152623, -27.3859911], [-55.9153376, -27.3859828]]]}}, {"id": "523", "type": "Feature", "properties": {"osm_id": "9459659", "name": "Vila S\u00e3o Vincente de Paulo", "code": 1210, "source": "OSM via Geofabrik", "admin_level": 10, "layer": "barrios_int"}, "geometry": {"type": "Polygon", "coordinates": [[[-55.7435397, -22.5111973], [-55.74323, -22.5116069], [-55.7435397, -22.5111973]]]}}, {"id": "524", "type": "Feature", "properties": {"osm_id": "9457413", "name": "Jardim Primavera", "code": 1210, "source": "OSM via Geofabrik", "admin_level": 10, "layer": "barrios_int"}, "geometry": {"type": "Polygon", "coordinates": [[[-55.6842104, -22.5583755], [-55.6841719, -22.5585053], [-55.6842104, -22.5583755]]]}}, {"id": "525", "type": "Feature", "properties": {"osm_id": "9454045", "name": "Vila Dr. Rezende", "code": 1210, "source": "OSM via Geofabrik", "admin_level": 10, "layer": "barrios_int"}, "geometry": {"type": "Polygon", "coordinates": [[[-55.7262366, -22.533701], [-55.7211974, -22.5305082], [-55.7215819, -22.5398098], [-55.7262043, -22.5337396], [-55.7262366, -22.533701]]]}}, {"id": "526", "type": "Feature", "properties": {"osm_id": "9485884", "name": "Vila dos Professores", "code": 1210, "source": "OSM via Geofabrik", "admin_level": 10, "layer": "barrios_int"}, "geometry": {"type": "Polygon", "coordinates": [[[-55.7330565, -22.5245813], [-55.7259017, -22.5241675], [-55.7326499, -22.52517], [-55.7330565, -22.5245813]]]}}, {"id": "527", "type": "Feature", "properties": {"osm_id": "9457461", "name": "Centro", "code": 1210, "source": "OSM via Geofabrik", "admin_level": 10, "layer": "barrios_int"}, "geometry": {"type": "Polygon", "coordinates": [[[-55.7397943, -22.5209652], [-55.7102712, -22.5584904], [-55.723548, -22.5518262], [-55.739368, -22.5220302], [-55.7397943, -22.5209652]]]}}, {"id": "529", "type": "Feature", "properties": {"osm_id": "9413323", "name": "J\u00falia Cardinal", "code": 1210, "source": "OSM via Geofabrik", "admin_level": 10, "layer": "barrios_int"}, "geometry": {"type": "Polygon", "coordinates": [[[-55.688637, -22.5811075], [-55.6731319, -22.5769353], [-55.6846459, -22.5855812], [-55.688637, -22.5811075]]]}}, {"id": "531", "type": "Feature", "properties": {"osm_id": "13694559", "name": "A-3-2 Sector B", "code": 1210, "source": "OSM via Geofabrik", "admin_level": 10, "layer": "barrios_int"}, "geometry": {"type": "Polygon", "coordinates": [[[-55.8919514, -27.4247022], [-55.8818711, -27.4226839], [-55.8918604, -27.4248008], [-55.8919514, -27.4247022]]]}}, {"id": "533", "type": "Feature", "properties": {"osm_id": "12512689", "name": "Barrio R\u00edo y Sol", "code": 1210, "source": "OSM via Geofabrik", "admin_level": 10, "layer": "barrios_int"}, "geometry": {"type": "Polygon", "coordinates": [[[-55.0359649, -26.799596], [-55.0359464, -26.8006346], [-55.0359649, -26.799596]]]}}, {"id": "534", "type": "Feature", "properties": {"osm_id": "12511725", "name": "Barrio Los Frutales", "code": 1210, "source": "OSM via Geofabrik", "admin_level": 10, "layer": "barrios_int"}, "geometry": {"type": "Polygon", "coordinates": [[[-55.0311831, -26.7964251], [-55.0311534, -26.7993348], [-55.0311831, -26.7964251]]]}}, {"id": "535", "type": "Feature", "properties": {"osm_id": "12512732", "name": "Barrio San Jos\u00e9", "code": 1210, "source": "OSM via Geofabrik", "admin_level": 10, "layer": "barrios_int"}, "geometry": {"type": "Polygon", "coordinates": [[[-55.0291827, -26.7930823], [-55.02916, -26.7933998], [-55.0291827, -26.7930823]]]}}, {"id": "536", "type": "Feature", "properties": {"osm_id": "12512737", "name": "Barrio Puerto", "code": 1210, "source": "OSM via Geofabrik", "admin_level": 10, "layer": "barrios_int"}, "geometry": {"type": "Polygon", "coordinates": [[[-55.025721, -26.7917571], [-55.0256037, -26.7936366], [-55.025721, -26.7917571]]]}}, {"id": "537", "type": "Feature", "properties": {"osm_id": "12512861", "name": "Barrio Culmey", "code": 1210, "source": "OSM via Geofabrik", "admin_level": 10, "layer": "barrios_int"}, "geometry": {"type": "Polygon", "coordinates": [[[-55.0275395, -26.7992892], [-55.0208332, -26.8021068], [-55.0275274, -26.8000767], [-55.0275395, -26.7992892]]]}}, {"id": "538", "type": "Feature", "properties": {"osm_id": "12512753", "name": "Barrio Gendarmer\u00eda", "code": 1210, "source": "OSM via Geofabrik", "admin_level": 10, "layer": "barrios_int"}, "geometry": {"type": "Polygon", "coordinates": [[[-55.0256037, -26.7936366], [-55.0254453, -26.7961758], [-55.0256037, -26.7936366]]]}}, {"id": "539", "type": "Feature", "properties": {"osm_id": "12512863", "name": "Barrio 25 de Mayo", "code": 1210, "source": "OSM via Geofabrik", "admin_level": 10, "layer": "barrios_int"}, "geometry": {"type": "Polygon", "coordinates": [[[-55.0207019, -26.8029532], [-55.0206449, -26.8031473], [-55.0207019, -26.8029532]]]}}, {"id": "540", "type": "Feature", "properties": {"osm_id": "12512971", "name": "Barrio San Felipe", "code": 1210, "source": "OSM via Geofabrik", "admin_level": 10, "layer": "barrios_int"}, "geometry": {"type": "Polygon", "coordinates": [[[-55.0180159, -26.7971174], [-55.0180111, -26.7978244], [-55.0180159, -26.7971174]]]}}, {"id": "541", "type": "Feature", "properties": {"osm_id": "12512862", "name": "Barrio San Miguel", "code": 1210, "source": "OSM via Geofabrik", "admin_level": 10, "layer": "barrios_int"}, "geometry": {"type": "Polygon", "coordinates": [[[-55.0204807, -26.8025284], [-55.0194595, -26.8025496], [-55.0204807, -26.8025284]]]}}, {"id": "542", "type": "Feature", "properties": {"osm_id": "12512972", "name": "Santa Rita", "code": 1210, "source": "OSM via Geofabrik", "admin_level": 10, "layer": "barrios_int"}, "geometry": {"type": "Polygon", "coordinates": [[[-55.0136323, -26.7999222], [-55.0135948, -26.8000289], [-55.0136323, -26.7999222]]]}}, {"id": "543", "type": "Feature", "properties": {"osm_id": "12513014", "name": "Barrio Norte", "code": 1210, "source": "OSM via Geofabrik", "admin_level": 10, "layer": "barrios_int"}, "geometry": {"type": "Polygon", "coordinates": [[[-55.0125052, -26.8064139], [-55.0124246, -26.8009812], [-55.0071064, -26.8064963], [-55.0123337, -26.8064198], [-55.0125052, -26.8064139]]]}}, {"id": "544", "type": "Feature", "properties": {"osm_id": "12513105", "name": "Barrio San Francisco", "code": 1210, "source": "OSM via Geofabrik", "admin_level": 10, "layer": "barrios_int"}, "geometry": {"type": "Polygon", "coordinates": [[[-55.008346, -26.8015532], [-54.9953338, -26.8023481], [-54.9958367, -26.8077965], [-55.0079566, -26.8037808], [-55.008346, -26.8015532]]]}}, {"id": "545", "type": "Feature", "properties": {"osm_id": "12512901", "name": "Barrio Los Lapachos", "code": 1210, "source": "OSM via Geofabrik", "admin_level": 10, "layer": "barrios_int"}, "geometry": {"type": "Polygon", "coordinates": [[[-55.018226, -26.8053097], [-55.0138502, -26.7999022], [-55.0168764, -26.8053176], [-55.018226, -26.8053097]]]}}, {"id": "546", "type": "Feature", "properties": {"osm_id": "12513125", "name": "Barrio Itat\u00ed", "code": 1210, "source": "OSM via Geofabrik", "admin_level": 10, "layer": "barrios_int"}, "geometry": {"type": "Polygon", "coordinates": [[[-55.0132415, -26.8084852], [-55.0077873, -26.8118981], [-55.013213, -26.8161157], [-55.0132326, -26.8092562], [-55.0132415, -26.8084852]]]}}, {"id": "547", "type": "Feature", "properties": {"osm_id": "12513297", "name": "Barrio Mirador", "code": 1210, "source": "OSM via Geofabrik", "admin_level": 10, "layer": "barrios_int"}, "geometry": {"type": "Polygon", "coordinates": [[[-55.0206755, -26.8073711], [-55.0132007, -26.8064235], [-55.0206669, -26.8076674], [-55.0206755, -26.8073711]]]}}, {"id": "548", "type": "Feature", "properties": {"osm_id": "12513315", "name": "Barrio Kolping", "code": 1210, "source": "OSM via Geofabrik", "admin_level": 10, "layer": "barrios_int"}, "geometry": {"type": "Polygon", "coordinates": [[[-55.0222341, -26.8165974], [-55.0169485, -26.8109877], [-55.0221355, -26.8166021], [-55.0222341, -26.8165974]]]}}, {"id": "549", "type": "Feature", "properties": {"osm_id": "12513324", "name": "Barrio Nuevo Ruta 12", "code": 1210, "source": "OSM via Geofabrik", "admin_level": 10, "layer": "barrios_int"}, "geometry": {"type": "Polygon", "coordinates": [[[-55.0225967, -26.8204313], [-55.0216833, -26.8204592], [-55.0225967, -26.8204313]]]}}, {"id": "550", "type": "Feature", "properties": {"osm_id": "12518161", "name": "Barrio Los Para\u00edsos", "code": 1210, "source": "OSM via Geofabrik", "admin_level": 10, "layer": "barrios_int"}, "geometry": {"type": "Polygon", "coordinates": [[[-55.0383306, -26.804739], [-55.0298171, -26.8044084], [-55.0383227, -26.8056661], [-55.0383306, -26.804739]]]}}, {"id": "551", "type": "Feature", "properties": {"osm_id": "12518162", "name": "Barrio Municipal", "code": 1210, "source": "OSM via Geofabrik", "admin_level": 10, "layer": "barrios_int"}, "geometry": {"type": "Polygon", "coordinates": [[[-55.0383227, -26.8056661], [-55.0309484, -26.8056016], [-55.0382474, -26.8065195], [-55.0383227, -26.8056661]]]}}, {"id": "552", "type": "Feature", "properties": {"osm_id": "12518196", "name": "Barrio Caacup\u00e9-Ideal", "code": 1210, "source": "OSM via Geofabrik", "admin_level": 10, "layer": "barrios_int"}, "geometry": {"type": "Polygon", "coordinates": [[[-55.0349725, -26.8101358], [-55.0322368, -26.8101533], [-55.0349725, -26.8101358]]]}}, {"id": "553", "type": "Feature", "properties": {"osm_id": "12519152", "name": "Barrio Am\u00e9rica Unida", "code": 1210, "source": "OSM via Geofabrik", "admin_level": 10, "layer": "barrios_int"}, "geometry": {"type": "Polygon", "coordinates": [[[-55.0335324, -26.812032], [-55.033306, -26.8123851], [-55.0335324, -26.812032]]]}}, {"id": "554", "type": "Feature", "properties": {"osm_id": "12519153", "name": "Barrio Gervasio Posadas", "code": 1210, "source": "OSM via Geofabrik", "admin_level": 10, "layer": "barrios_int"}, "geometry": {"type": "Polygon", "coordinates": [[[-55.0331621, -26.812969], [-55.0329763, -26.8131661], [-55.0331621, -26.812969]]]}}, {"id": "555", "type": "Feature", "properties": {"osm_id": "12519154", "name": "Barrio F\u00e1tima", "code": 1210, "source": "OSM via Geofabrik", "admin_level": 10, "layer": "barrios_int"}, "geometry": {"type": "Polygon", "coordinates": [[[-55.0371635, -26.8136182], [-55.028965, -26.8142203], [-55.0371616, -26.8149571], [-55.0371635, -26.8136182]]]}}, {"id": "556", "type": "Feature", "properties": {"osm_id": "12519160", "name": "Barrio Mapuri", "code": 1210, "source": "OSM via Geofabrik", "admin_level": 10, "layer": "barrios_int"}, "geometry": {"type": "Polygon", "coordinates": [[[-55.0162133, -26.8252731], [-55.0160965, -26.8252724], [-55.0162133, -26.8252731]]]}}, {"id": "557", "type": "Feature", "properties": {"osm_id": "12519779", "name": "Barrio Weber", "code": 1210, "source": "OSM via Geofabrik", "admin_level": 10, "layer": "barrios_int"}, "geometry": null}, {"id": "558", "type": "Feature", "properties": {"osm_id": "12524020", "name": "Barrio Las Heras", "code": 1210, "source": "OSM via Geofabrik", "admin_level": 10, "layer": "barrios_int"}, "geometry": {"type": "Polygon", "coordinates": [[[-55.0401898, -26.8198701], [-55.0268746, -26.8184201], [-55.0401134, -26.820341], [-55.0401898, -26.8198701]]]}}, {"id": "559", "type": "Feature", "properties": {"osm_id": "12525056", "name": "Barrio Cerro Azul", "code": 1210, "source": "OSM via Geofabrik", "admin_level": 10, "layer": "barrios_int"}, "geometry": {"type": "Polygon", "coordinates": [[[-55.0399678, -26.8163468], [-55.0315086, -26.8165942], [-55.0399605, -26.8166585], [-55.0399678, -26.8163468]]]}}, {"id": "560", "type": "Feature", "properties": {"osm_id": "12882376", "name": "Barrio Primavera", "code": 1210, "source": "OSM via Geofabrik", "admin_level": 10, "layer": "barrios_int"}, "geometry": {"type": "Polygon", "coordinates": [[[-54.5636118, -25.9641838], [-54.5632746, -25.9641956], [-54.5636118, -25.9641838]]]}}, {"id": "561", "type": "Feature", "properties": {"osm_id": "12532320", "name": "Barrio 80 Viviendas", "code": 1210, "source": "OSM via Geofabrik", "admin_level": 10, "layer": "barrios_int"}, "geometry": {"type": "Polygon", "coordinates": [[[-54.5634079, -25.9666772], [-54.5621225, -25.9667595], [-54.5634079, -25.9666772]]]}}, {"id": "563", "type": "Feature", "properties": {"osm_id": "4836842", "name": "Judicial", "code": 1210, "source": "OSM via Geofabrik", "admin_level": 10, "layer": "barrios_int"}, "geometry": {"type": "Polygon", "coordinates": [[[-55.9392132, -27.3664402], [-55.9391564, -27.3664465], [-55.9392132, -27.3664402]]]}}, {"id": "564", "type": "Feature", "properties": {"osm_id": "4836862", "name": "Lucas Braulio Areco", "code": 1210, "source": "OSM via Geofabrik", "admin_level": 10, "layer": "barrios_int"}, "geometry": {"type": "Polygon", "coordinates": [[[-55.9349945, -27.36352], [-55.9344754, -27.363582], [-55.9349945, -27.36352]]]}}, {"id": "565", "type": "Feature", "properties": {"osm_id": "7754516", "name": "Monse\u00f1or Kemerer", "code": 1210, "source": "OSM via Geofabrik", "admin_level": 10, "layer": "barrios_int"}, "geometry": {"type": "Polygon", "coordinates": [[[-55.9434026, -27.3693549], [-55.9418013, -27.3593269], [-55.934511, -27.3601376], [-55.9359219, -27.3701803], [-55.942466, -27.3694569], [-55.9434026, -27.3693549]]]}}, {"id": "566", "type": "Feature", "properties": {"osm_id": "4836861", "name": "Los Carenciados", "code": 1210, "source": "OSM via Geofabrik", "admin_level": 10, "layer": "barrios_int"}, "geometry": {"type": "Polygon", "coordinates": [[[-55.9387542, -27.3631032], [-55.9386916, -27.3631205], [-55.9387542, -27.3631032]]]}}, {"id": "569", "type": "Feature", "properties": {"osm_id": "9448482", "name": "BNH", "code": 1210, "source": "OSM via Geofabrik", "admin_level": 10, "layer": "barrios_int"}, "geometry": {"type": "Polygon", "coordinates": [[[-55.7161881, -22.5236143], [-55.7161565, -22.5236549], [-55.7161881, -22.5236143]]]}}, {"id": "570", "type": "Feature", "properties": {"osm_id": "9448485", "name": "Jardim Manlaiver", "code": 1210, "source": "OSM via Geofabrik", "admin_level": 10, "layer": "barrios_int"}, "geometry": {"type": "Polygon", "coordinates": [[[-55.7145667, -22.5227546], [-55.7086032, -22.5170345], [-55.7127516, -22.5250421], [-55.7145667, -22.5227546]]]}}, {"id": "572", "type": "Feature", "properties": {"osm_id": "11068701", "name": "Barrio Las Araucarias", "code": 1210, "source": "OSM via Geofabrik", "admin_level": 10, "layer": "barrios_int"}, "geometry": {"type": "Polygon", "coordinates": [[[-54.6408734, -26.4005224], [-54.6408127, -26.4016775], [-54.6408734, -26.4005224]]]}}, {"id": "574", "type": "Feature", "properties": {"osm_id": "11068873", "name": "Barrio Pionero Augusto Kohler", "code": 1210, "source": "OSM via Geofabrik", "admin_level": 10, "layer": "barrios_int"}, "geometry": {"type": "Polygon", "coordinates": [[[-54.6651602, -26.421444], [-54.665049, -26.424953], [-54.6651602, -26.421444]]]}}, {"id": "575", "type": "Feature", "properties": {"osm_id": "12512697", "name": "Barrio Los Pinos", "code": 1210, "source": "OSM via Geofabrik", "admin_level": 10, "layer": "barrios_int"}, "geometry": {"type": "Polygon", "coordinates": [[[-55.0321313, -26.7993883], [-55.032069, -26.7999044], [-55.0321313, -26.7993883]]]}}, {"id": "578", "type": "Feature", "properties": {"osm_id": "11067315", "name": "Barrio Durian", "code": 1210, "source": "OSM via Geofabrik", "admin_level": 10, "layer": "barrios_int"}, "geometry": {"type": "Polygon", "coordinates": [[[-54.645458, -26.4092652], [-54.6454508, -26.4094076], [-54.645458, -26.4092652]]]}}, {"id": "580", "type": "Feature", "properties": {"osm_id": "11068767", "name": "Barrio Los Lapachos", "code": 1210, "source": "OSM via Geofabrik", "admin_level": 10, "layer": "barrios_int"}, "geometry": {"type": "Polygon", "coordinates": [[[-54.6513513, -26.3907764], [-54.6462667, -26.3873799], [-54.6472825, -26.3962083], [-54.6513262, -26.3911753], [-54.6513513, -26.3907764]]]}}, {"id": "581", "type": "Feature", "properties": {"osm_id": "11044884", "name": "Barrio Bompadre", "code": 1210, "source": "OSM via Geofabrik", "admin_level": 10, "layer": "barrios_int"}, "geometry": {"type": "Polygon", "coordinates": [[[-54.6530902, -26.4072345], [-54.6530489, -26.4079242], [-54.6530902, -26.4072345]]]}}, {"id": "585", "type": "Feature", "properties": {"osm_id": "4224392", "name": "El Libertador", "code": 1210, "source": "OSM via Geofabrik", "admin_level": 10, "layer": "barrios_int"}, "geometry": {"type": "Polygon", "coordinates": [[[-55.9232865, -27.405753], [-55.9232392, -27.4057579], [-55.9232865, -27.405753]]]}}, {"id": "587", "type": "Feature", "properties": {"osm_id": "12882161", "name": "Barrio El Progreso", "code": 1210, "source": "OSM via Geofabrik", "admin_level": 10, "layer": "barrios_int"}, "geometry": {"type": "Polygon", "coordinates": [[[-54.5791764, -25.9672965], [-54.578749, -25.9672725], [-54.5791764, -25.9672965]]]}}, {"id": "588", "type": "Feature", "properties": {"osm_id": "12882163", "name": "Barrio Nueva Agentina", "code": 1210, "source": "OSM via Geofabrik", "admin_level": 10, "layer": "barrios_int"}, "geometry": {"type": "Polygon", "coordinates": [[[-54.5792529, -25.9763878], [-54.5739275, -25.9703928], [-54.5781303, -25.976538], [-54.5792529, -25.9763878]]]}}, {"id": "589", "type": "Feature", "properties": {"osm_id": "12882165", "name": "Barrio Obrero", "code": 1210, "source": "OSM via Geofabrik", "admin_level": 10, "layer": "barrios_int"}, "geometry": {"type": "Polygon", "coordinates": [[[-54.5769874, -25.9794947], [-54.5717599, -25.9774425], [-54.5769179, -25.9806105], [-54.5769874, -25.9794947]]]}}, {"id": "590", "type": "Feature", "properties": {"osm_id": "12882435", "name": "Barrrio 120 Viviendas", "code": 1210, "source": "OSM via Geofabrik", "admin_level": 10, "layer": "barrios_int"}, "geometry": {"type": "Polygon", "coordinates": [[[-54.5664074, -25.9680745], [-54.5659143, -25.9681397], [-54.5664074, -25.9680745]]]}}, {"id": "591", "type": "Feature", "properties": {"osm_id": "12532703", "name": "Barrio Cooperativa", "code": 1210, "source": "OSM via Geofabrik", "admin_level": 10, "layer": "barrios_int"}, "geometry": {"type": "Polygon", "coordinates": [[[-54.5616796, -25.9763761], [-54.5574304, -25.9716382], [-54.5613063, -25.9765682], [-54.5616796, -25.9763761]]]}}, {"id": "592", "type": "Feature", "properties": {"osm_id": "12884051", "name": "Barrio 32 Viviendas", "code": 1210, "source": "OSM via Geofabrik", "admin_level": 10, "layer": "barrios_int"}, "geometry": {"type": "Polygon", "coordinates": [[[-54.5630529, -25.970246], [-54.5628473, -25.9706409], [-54.5630529, -25.970246]]]}}, {"id": "593", "type": "Feature", "properties": {"osm_id": "12882164", "name": "Barrio Belgrano", "code": 1210, "source": "OSM via Geofabrik", "admin_level": 10, "layer": "barrios_int"}, "geometry": {"type": "Polygon", "coordinates": [[[-54.5744846, -25.9770216], [-54.5712204, -25.9705132], [-54.5735915, -25.9771698], [-54.5744846, -25.9770216]]]}}, {"id": "594", "type": "Feature", "properties": {"osm_id": "12884057", "name": "Barrio Lapachillo", "code": 1210, "source": "OSM via Geofabrik", "admin_level": 10, "layer": "barrios_int"}, "geometry": {"type": "Polygon", "coordinates": [[[-54.5714228, -25.9731679], [-54.5657402, -25.9718457], [-54.5714039, -25.9732395], [-54.5714228, -25.9731679]]]}}, {"id": "595", "type": "Feature", "properties": {"osm_id": "12884423", "name": "Barrio Kotur", "code": 1210, "source": "OSM via Geofabrik", "admin_level": 10, "layer": "barrios_int"}, "geometry": {"type": "Polygon", "coordinates": [[[-54.5678706, -25.9778337], [-54.56082, -25.9749384], [-54.5676645, -25.9780588], [-54.5678706, -25.9778337]]]}}, {"id": "598", "type": "Feature", "properties": {"osm_id": "12892638", "name": "Barrio Industrial", "code": 1210, "source": "OSM via Geofabrik", "admin_level": 10, "layer": "barrios_int"}, "geometry": {"type": "Polygon", "coordinates": [[[-54.5861565, -25.990941], [-54.5801385, -25.9865614], [-54.5860207, -25.9915167], [-54.5861565, -25.990941]]]}}, {"id": "599", "type": "Feature", "properties": {"osm_id": "12892639", "name": "Tupicu\u00e1", "code": 1210, "source": "OSM via Geofabrik", "admin_level": 10, "layer": "barrios_int"}, "geometry": {"type": "Polygon", "coordinates": [[[-54.5814846, -25.9828123], [-54.581214, -25.982824], [-54.5814846, -25.9828123]]]}}, {"id": "600", "type": "Feature", "properties": {"osm_id": "7565191", "name": "Barrio Kallsten II", "code": 1210, "source": "OSM via Geofabrik", "admin_level": 10, "layer": "barrios_int"}, "geometry": {"type": "Polygon", "coordinates": [[[-54.5908926, -25.966755], [-54.590883, -25.966756], [-54.5908926, -25.966755]]]}}, {"id": "609", "type": "Feature", "properties": {"osm_id": "3511484", "name": "Miguel Lan\u00fas", "code": 1210, "source": "OSM via Geofabrik", "admin_level": 10, "layer": "barrios_int"}, "geometry": {"type": "Polygon", "coordinates": [[[-55.8908076, -27.4295581], [-55.8788674, -27.4202201], [-55.8696792, -27.4286459], [-55.8829297, -27.4377141], [-55.8906468, -27.4297233], [-55.8908076, -27.4295581]]]}}, {"id": "610", "type": "Feature", "properties": {"osm_id": "4830341", "name": "Teniente Roberto Est\u00e9vez", "code": 1210, "source": "OSM via Geofabrik", "admin_level": 10, "layer": "barrios_int"}, "geometry": {"type": "Polygon", "coordinates": [[[-55.9100444, -27.4026248], [-55.9100193, -27.4027973], [-55.9100444, -27.4026248]]]}}, {"id": "611", "type": "Feature", "properties": {"osm_id": "3673828", "name": "Mburica\u00f3", "code": 1210, "source": "OSM via Geofabrik", "admin_level": 10, "layer": "barrios_int"}, "geometry": {"type": "Polygon", "coordinates": [[[-57.6076345, -25.3049263], [-57.598909, -25.2916699], [-57.5928899, -25.2968179], [-57.596337, -25.3086341], [-57.6057333, -25.305526], [-57.6076345, -25.3049263]]]}}, {"id": "616", "type": "Feature", "properties": {"osm_id": "10189984", "name": "San Roque", "code": 1210, "source": "OSM via Geofabrik", "admin_level": 10, "layer": "barrios_int"}, "geometry": {"type": "Polygon", "coordinates": [[[-57.5625129, -25.4070373], [-57.5551585, -25.40051], [-57.5459366, -25.4119146], [-57.5507404, -25.4174953], [-57.5624485, -25.4070545], [-57.5625129, -25.4070373]]]}}, {"id": "621", "type": "Feature", "properties": {"osm_id": "3656903", "name": "Ca\u00f1ada del Ybyray", "code": 1210, "source": "OSM via Geofabrik", "admin_level": 10, "layer": "barrios_int"}, "geometry": {"type": "Polygon", "coordinates": [[[-57.5845472, -25.2726682], [-57.5810288, -25.2608705], [-57.5744597, -25.2691951], [-57.5845011, -25.2726797], [-57.5845472, -25.2726682]]]}}, {"id": "622", "type": "Feature", "properties": {"osm_id": "3682950", "name": "Santa Rosa", "code": 1210, "source": "OSM via Geofabrik", "admin_level": 10, "layer": "barrios_int"}, "geometry": {"type": "Polygon", "coordinates": [[[-57.591215, -25.2499589], [-57.5804508, -25.2508836], [-57.5848841, -25.2569907], [-57.590973, -25.2502494], [-57.591215, -25.2499589]]]}}, {"id": "623", "type": "Feature", "properties": {"osm_id": "3682948", "name": "Virgen de F\u00e1tima", "code": 1210, "source": "OSM via Geofabrik", "admin_level": 10, "layer": "barrios_int"}, "geometry": {"type": "Polygon", "coordinates": [[[-57.5971342, -25.2563589], [-57.591215, -25.2499589], [-57.5848841, -25.2569907], [-57.5922074, -25.2624255], [-57.5970194, -25.2564743], [-57.5971342, -25.2563589]]]}}, {"id": "625", "type": "Feature", "properties": {"osm_id": "11810322", "name": "Para\u00edso", "code": 1210, "source": "OSM via Geofabrik", "admin_level": 10, "layer": "barrios_int"}, "geometry": {"type": "Polygon", "coordinates": [[[-55.9475791, -27.2837601], [-55.9335871, -27.2921746], [-55.9425916, -27.2969563], [-55.9470063, -27.2843301], [-55.9475791, -27.2837601]]]}}, {"id": "626", "type": "Feature", "properties": {"osm_id": "11810405", "name": "San Jos\u00e9 Obrero", "code": 1210, "source": "OSM via Geofabrik", "admin_level": 10, "layer": "barrios_int"}, "geometry": {"type": "Polygon", "coordinates": [[[-55.960318, -27.2792718], [-55.9527473, -27.2731899], [-55.9445185, -27.2813546], [-55.9555176, -27.284195], [-55.960318, -27.2792718]]]}}, {"id": "633", "type": "Feature", "properties": {"osm_id": "4836844", "name": "Padre Ren\u00e9 Galoppo", "code": 1210, "source": "OSM via Geofabrik", "admin_level": 10, "layer": "barrios_int"}, "geometry": {"type": "Polygon", "coordinates": [[[-55.9354589, -27.3668621], [-55.9353585, -27.3668734], [-55.9354589, -27.3668621]]]}}, {"id": "636", "type": "Feature", "properties": {"osm_id": "12892640", "name": "Barrio San Mart\u00edn", "code": 1210, "source": "OSM via Geofabrik", "admin_level": 10, "layer": "barrios_int"}, "geometry": {"type": "Polygon", "coordinates": [[[-54.5964592, -25.9680224], [-54.5842709, -25.968512], [-54.5888673, -25.9743835], [-54.5957978, -25.9687059], [-54.5964592, -25.9680224]]]}}, {"id": "637", "type": "Feature", "properties": {"osm_id": "13246304", "name": "Barrio Piedras Preciosas", "code": 1210, "source": "OSM via Geofabrik", "admin_level": 10, "layer": "barrios_int"}, "geometry": {"type": "MultiPolygon", "coordinates": [[[[-54.5953405, -25.9588755], [-54.5933448, -25.9666116], [-54.6029049, -25.9655503], [-54.5961077, -25.9591338], [-54.5953405, -25.9588755]]], [[[-54.5953405, -25.9588755], [-54.5941152, -25.9592711], [-54.5953405, -25.9588755]]]]}}, {"id": "638", "type": "Feature", "properties": {"osm_id": "3683830", "name": "Sant\u00edsima Trinidad", "code": 1210, "source": "OSM via Geofabrik", "admin_level": 10, "layer": "barrios_int"}, "geometry": {"type": "Polygon", "coordinates": [[[-57.5848841, -25.2569907], [-57.5694303, -25.2578494], [-57.5791767, -25.262708], [-57.5848703, -25.2570047], [-57.5848841, -25.2569907]]]}}, {"id": "640", "type": "Feature", "properties": {"osm_id": "3679931", "name": "Terminal", "code": 1210, "source": "OSM via Geofabrik", "admin_level": 10, "layer": "barrios_int"}, "geometry": {"type": "Polygon", "coordinates": [[[-57.5989762, -25.3280176], [-57.5913716, -25.3248472], [-57.5892535, -25.3349595], [-57.5989117, -25.3280652], [-57.5989762, -25.3280176]]]}}, {"id": "644", "type": "Feature", "properties": {"osm_id": "9599530", "name": "Villa Alta", "code": 1210, "source": "OSM via Geofabrik", "admin_level": 10, "layer": "barrios_int"}, "geometry": {"type": "Polygon", "coordinates": [[[-57.4277725, -23.3849923], [-57.4255303, -23.3851668], [-57.4277725, -23.3849923]]]}}, {"id": "647", "type": "Feature", "properties": {"osm_id": "11855415", "name": "F\u00e1tima", "code": 1210, "source": "OSM via Geofabrik", "admin_level": 10, "layer": "barrios_int"}, "geometry": {"type": "Polygon", "coordinates": [[[-54.6530036, -25.3991279], [-54.6473369, -25.4033679], [-54.6521114, -25.4075551], [-54.6530035, -25.3991797], [-54.6530036, -25.3991279]]]}}, {"id": "648", "type": "Feature", "properties": {"osm_id": "8368045", "name": "Zona Toro Pampa Oeste", "code": 1210, "source": "OSM via Geofabrik", "admin_level": 10, "layer": "barrios_int"}, "geometry": {"type": "Polygon", "coordinates": [[[-58.93979, -20.807102], [-58.778419, -20.804799], [-58.507407, -20.770777], [-58.493132, -20.857512], [-58.494038, -21.006646], [-58.486382, -21.020291], [-58.493869, -21.020225], [-58.49347, -21.027703], [-58.482731, -21.027736], [-58.480422, -21.085457], [-58.4977901, -21.0898658], [-58.5148886, -21.1101453], [-58.5229797, -21.1094961], [-58.525035, -21.1214044], [-58.5502945, -21.1332226], [-58.5547457, -21.116123], [-58.6025367, -21.0906428], [-58.7013758, -21.10771], [-58.7242775, -21.1067185], [-58.7322174, -21.0987314], [-58.7521205, -21.1373834], [-58.7759335, -21.1299519], [-58.8266085, -21.1628911], [-58.8578167, -21.150172], [-58.8776006, -21.158762], [-58.890897, -21.175735], [-58.929074, -20.927046], [-58.93979, -20.807102]]]}}, {"id": "657", "type": "Feature", "properties": {"osm_id": "8368369", "name": "Colonia 15", "code": 1210, "source": "OSM via Geofabrik", "admin_level": 10, "layer": "barrios_int"}, "geometry": {"type": "Polygon", "coordinates": [[[-59.909965, -22.307047], [-59.896017, -22.302911], [-59.888502, -22.3482844], [-59.9073537, -22.3484851], [-59.909583, -22.311116], [-59.909965, -22.307047]]]}}, {"id": "661", "type": "Feature", "properties": {"osm_id": "9412572", "name": "Nova Ponta Por\u00e3", "code": 1210, "source": "OSM via Geofabrik", "admin_level": 10, "layer": "barrios_int"}, "geometry": {"type": "Polygon", "coordinates": [[[-55.716432, -22.5091346], [-55.7095883, -22.5091088], [-55.7163209, -22.5094448], [-55.716432, -22.5091346]]]}}, {"id": "662", "type": "Feature", "properties": {"osm_id": "9412273", "name": "Jardim Coimbra", "code": 1210, "source": "OSM via Geofabrik", "admin_level": 10, "layer": "barrios_int"}, "geometry": {"type": "Polygon", "coordinates": [[[-55.7170098, -22.506731], [-55.7162829, -22.5066844], [-55.7170098, -22.506731]]]}}, {"id": "663", "type": "Feature", "properties": {"osm_id": "9412275", "name": "Coopha Fronteira", "code": 1210, "source": "OSM via Geofabrik", "admin_level": 10, "layer": "barrios_int"}, "geometry": {"type": "Polygon", "coordinates": [[[-55.720756, -22.5104864], [-55.7162829, -22.5066844], [-55.7207076, -22.5105883], [-55.720756, -22.5104864]]]}}, {"id": "664", "type": "Feature", "properties": {"osm_id": "9454048", "name": "Santa Izabel", "code": 1210, "source": "OSM via Geofabrik", "admin_level": 10, "layer": "barrios_int"}, "geometry": {"type": "Polygon", "coordinates": [[[-55.7143783, -22.5260691], [-55.7075038, -22.5216843], [-55.7143379, -22.5261232], [-55.7143783, -22.5260691]]]}}, {"id": "665", "type": "Feature", "properties": {"osm_id": "9454047", "name": "Vila Luiz Curvo", "code": 1210, "source": "OSM via Geofabrik", "admin_level": 10, "layer": "barrios_int"}, "geometry": {"type": "Polygon", "coordinates": [[[-55.7178374, -22.5283018], [-55.71781, -22.5283361], [-55.7178374, -22.5283018]]]}}, {"id": "669", "type": "Feature", "properties": {"osm_id": "10351767", "name": "General Genes", "code": 1210, "source": "OSM via Geofabrik", "admin_level": 10, "layer": "barrios_int"}, "geometry": {"type": "Polygon", "coordinates": [[[-55.7671487, -22.5462709], [-55.7519796, -22.5358549], [-55.7430974, -22.551364], [-55.7574651, -22.5582027], [-55.7663276, -22.5472562], [-55.7671487, -22.5462709]]]}}, {"id": "670", "type": "Feature", "properties": {"osm_id": "9448556", "name": "San Juan Neuman", "code": 1210, "source": "OSM via Geofabrik", "admin_level": 10, "layer": "barrios_int"}, "geometry": {"type": "Polygon", "coordinates": [[[-55.761097, -22.560982], [-55.7514995, -22.5524365], [-55.740431, -22.5555405], [-55.7569441, -22.5667327], [-55.7610219, -22.561109], [-55.761097, -22.560982]]]}}, {"id": "671", "type": "Feature", "properties": {"osm_id": "11810324", "name": "F\u00e1tima", "code": 1210, "source": "OSM via Geofabrik", "admin_level": 10, "layer": "barrios_int"}, "geometry": {"type": "Polygon", "coordinates": [[[-55.9388536, -27.3001878], [-55.9296319, -27.296156], [-55.9199314, -27.3051656], [-55.9378794, -27.3041956], [-55.9388536, -27.3001878]]]}}, {"id": "674", "type": "Feature", "properties": {"osm_id": "11810321", "name": "Campo Verde", "code": 1210, "source": "OSM via Geofabrik", "admin_level": 10, "layer": "barrios_int"}, "geometry": {"type": "Polygon", "coordinates": [[[-55.9387981, -27.29636], [-55.9290093, -27.2930302], [-55.9367839, -27.298326], [-55.9387981, -27.29636]]]}}, {"id": "675", "type": "Feature", "properties": {"osm_id": "11810320", "name": "La Azotea", "code": 1210, "source": "OSM via Geofabrik", "admin_level": 10, "layer": "barrios_int"}, "geometry": {"type": "Polygon", "coordinates": [[[-55.93064, -27.2951672], [-55.9208805, -27.2920316], [-55.9241619, -27.3013708], [-55.930122, -27.2956723], [-55.93064, -27.2951672]]]}}, {"id": "676", "type": "Feature", "properties": {"osm_id": "4833951", "name": "Villa Sarita", "code": 1210, "source": "OSM via Geofabrik", "admin_level": 10, "layer": "barrios_int"}, "geometry": {"type": "Polygon", "coordinates": [[[-55.9004135, -27.3603137], [-55.8995142, -27.3537766], [-55.8912304, -27.3577491], [-55.9000914, -27.3603437], [-55.9004135, -27.3603137]]]}}, {"id": "678", "type": "Feature", "properties": {"osm_id": "9592578", "name": "Jard\u00edn Aurora", "code": 1210, "source": "OSM via Geofabrik", "admin_level": 10, "layer": "barrios_int"}, "geometry": {"type": "Polygon", "coordinates": [[[-55.7462004, -22.5804905], [-55.7196497, -22.5633866], [-55.710727, -22.5729332], [-55.7347434, -22.5924669], [-55.7422216, -22.5845496], [-55.7462004, -22.5804905]]]}}, {"id": "679", "type": "Feature", "properties": {"osm_id": "12884050", "name": "Barrrio Aprovi", "code": 1210, "source": "OSM via Geofabrik", "admin_level": 10, "layer": "barrios_int"}, "geometry": {"type": "Polygon", "coordinates": [[[-54.5678402, -25.9739121], [-54.5677498, -25.9740045], [-54.5678402, -25.9739121]]]}}, {"id": "680", "type": "Feature", "properties": {"osm_id": "12884052", "name": "Barrio San Antonio", "code": 1210, "source": "OSM via Geofabrik", "admin_level": 10, "layer": "barrios_int"}, "geometry": {"type": "Polygon", "coordinates": [[[-54.5719119, -25.9774288], [-54.5717599, -25.9774425], [-54.5719119, -25.9774288]]]}}, {"id": "685", "type": "Feature", "properties": {"osm_id": "9408652", "name": "Residencial Guy Vilela", "code": 1210, "source": "OSM via Geofabrik", "admin_level": 10, "layer": "barrios_int"}, "geometry": {"type": "Polygon", "coordinates": [[[-55.7252003, -22.489041], [-55.719909, -22.4833139], [-55.7239546, -22.4894354], [-55.7252003, -22.489041]]]}}, {"id": "686", "type": "Feature", "properties": {"osm_id": "9408651", "name": "Jardim Ivone I", "code": 1210, "source": "OSM via Geofabrik", "admin_level": 10, "layer": "barrios_int"}, "geometry": {"type": "Polygon", "coordinates": [[[-55.7325352, -22.4818463], [-55.7255904, -22.4820923], [-55.7283283, -22.4880365], [-55.73246, -22.4823552], [-55.7325352, -22.4818463]]]}}, {"id": "687", "type": "Feature", "properties": {"osm_id": "9454053", "name": "Jardim das Flores", "code": 1210, "source": "OSM via Geofabrik", "admin_level": 10, "layer": "barrios_int"}, "geometry": {"type": "MultiPolygon", "coordinates": [[[[-55.7475267, -22.4833655], [-55.7472909, -22.4836696], [-55.7475267, -22.4833655]]], [[[-55.7475211, -22.4924438], [-55.7470119, -22.492469], [-55.7475211, -22.4924438]]]]}}, {"id": "688", "type": "Feature", "properties": {"osm_id": "18558622", "name": "Comunidad Aborigen Santa Ana Poty", "code": 1210, "source": "OSM via Geofabrik", "admin_level": 10, "layer": "barrios_int"}, "geometry": {"type": "Polygon", "coordinates": [[[-55.5926197, -27.3550663], [-55.5924321, -27.3555535], [-55.5926197, -27.3550663]]]}}, {"id": "693", "type": "Feature", "properties": {"osm_id": "12532702", "name": "Barrio Uni\u00f3n", "code": 1210, "source": "OSM via Geofabrik", "admin_level": 10, "layer": "barrios_int"}, "geometry": {"type": "Polygon", "coordinates": [[[-54.5653375, -25.9805102], [-54.5638784, -25.9803664], [-54.5653375, -25.9805102]]]}}, {"id": "694", "type": "Feature", "properties": {"osm_id": "14163096", "name": "Barrio Rinc\u00f3n Norte", "code": 1210, "source": "OSM via Geofabrik", "admin_level": 10, "layer": "barrios_int"}, "geometry": {"type": "Polygon", "coordinates": [[[-58.561941, -27.3080714], [-58.5473812, -27.303979], [-58.557311, -27.3136826], [-58.561832, -27.3081947], [-58.561941, -27.3080714]]]}}, {"id": "695", "type": "Feature", "properties": {"osm_id": "14163098", "name": "Barrio Punta Iglesias", "code": 1210, "source": "OSM via Geofabrik", "admin_level": 10, "layer": "barrios_int"}, "geometry": {"type": "Polygon", "coordinates": [[[-58.5480738, -27.3032232], [-58.5357839, -27.3033042], [-58.5423484, -27.3101289], [-58.5476858, -27.3036805], [-58.5480738, -27.3032232]]]}}, {"id": "696", "type": "Feature", "properties": {"osm_id": "14163125", "name": "Barrio Rinc\u00f3n Sur", "code": 1210, "source": "OSM via Geofabrik", "admin_level": 10, "layer": "barrios_int"}, "geometry": {"type": "Polygon", "coordinates": [[[-58.5602996, -27.3188189], [-58.5445577, -27.307349], [-58.55941, -27.3198666], [-58.5602996, -27.3188189]]]}}, {"id": "697", "type": "Feature", "properties": {"osm_id": "14163276", "name": "Barrio Contadores", "code": 1210, "source": "OSM via Geofabrik", "admin_level": 10, "layer": "barrios_int"}, "geometry": {"type": "Polygon", "coordinates": [[[-58.5666332, -27.3197905], [-58.5585664, -27.3209053], [-58.5661215, -27.3204531], [-58.5666332, -27.3197905]]]}}, {"id": "698", "type": "Feature", "properties": {"osm_id": "14163277", "name": "Barrio 30 Viviendas", "code": 1210, "source": "OSM via Geofabrik", "admin_level": 10, "layer": "barrios_int"}, "geometry": {"type": "Polygon", "coordinates": [[[-58.5688662, -27.3212235], [-58.5683047, -27.3218827], [-58.5688662, -27.3212235]]]}}, {"id": "699", "type": "Feature", "properties": {"osm_id": "14163351", "name": "Barrio Esperanza", "code": 1210, "source": "OSM via Geofabrik", "admin_level": 10, "layer": "barrios_int"}, "geometry": {"type": "Polygon", "coordinates": [[[-58.5778321, -27.3235879], [-58.5707038, -27.3189271], [-58.5772088, -27.3243552], [-58.5778321, -27.3235879]]]}}, {"id": "700", "type": "Feature", "properties": {"osm_id": "14163350", "name": "Barrio Chacra 30", "code": 1210, "source": "OSM via Geofabrik", "admin_level": 10, "layer": "barrios_int"}, "geometry": {"type": "Polygon", "coordinates": [[[-58.5759391, -27.3258539], [-58.5675886, -27.3227363], [-58.5753968, -27.3265531], [-58.5759391, -27.3258539]]]}}, {"id": "701", "type": "Feature", "properties": {"osm_id": "14163214", "name": "Barrio Pai Cue", "code": 1210, "source": "OSM via Geofabrik", "admin_level": 10, "layer": "barrios_int"}, "geometry": {"type": "Polygon", "coordinates": [[[-58.5894242, -27.3228806], [-58.5817851, -27.3232092], [-58.589326, -27.3229947], [-58.5894242, -27.3228806]]]}}, {"id": "702", "type": "Feature", "properties": {"osm_id": "14163428", "name": "Barrio Caba\u00f1a Don Juli\u00e1n", "code": 1210, "source": "OSM via Geofabrik", "admin_level": 10, "layer": "barrios_int"}, "geometry": {"type": "Polygon", "coordinates": [[[-58.6068101, -27.3263742], [-58.5972171, -27.3244205], [-58.6011484, -27.3329473], [-58.6062027, -27.3268146], [-58.6068101, -27.3263742]]]}}, {"id": "703", "type": "Feature", "properties": {"osm_id": "14163510", "name": "Barrio Malvinas", "code": 1210, "source": "OSM via Geofabrik", "admin_level": 10, "layer": "barrios_int"}, "geometry": {"type": "Polygon", "coordinates": [[[-58.5707038, -27.3189271], [-58.5620194, -27.3167703], [-58.5700891, -27.319699], [-58.5707038, -27.3189271]]]}}, {"id": "704", "type": "Feature", "properties": {"osm_id": "14163275", "name": "Barrio Nuevo", "code": 1210, "source": "OSM via Geofabrik", "admin_level": 10, "layer": "barrios_int"}, "geometry": {"type": "Polygon", "coordinates": [[[-58.5799898, -27.3252957], [-58.5791317, -27.3263523], [-58.5799898, -27.3252957]]]}}, {"id": "706", "type": "Feature", "properties": {"osm_id": "8368385", "name": "Colonia Friedensfeld", "code": 1210, "source": "OSM via Geofabrik", "admin_level": 10, "layer": "barrios_int"}, "geometry": {"type": "Polygon", "coordinates": [[[-60.1185725, -22.4451446], [-60.063883, -22.398998], [-60.035767, -22.433704], [-60.0410802, -22.4744111], [-60.0896919, -22.4656968], [-60.1170655, -22.4462755], [-60.1185725, -22.4451446]]]}}, {"id": "707", "type": "Feature", "properties": {"osm_id": "10483433", "name": "La Misi\u00f3n", "code": 1210, "source": "OSM via Geofabrik", "admin_level": 10, "layer": "barrios_int"}, "geometry": {"type": "Polygon", "coordinates": [[[-55.9438579, -27.3999091], [-55.9434538, -27.3999523], [-55.9438579, -27.3999091]]]}}, {"id": "708", "type": "Feature", "properties": {"osm_id": "3555183", "name": "Sesquicentenario", "code": 1210, "source": "OSM via Geofabrik", "admin_level": 10, "layer": "barrios_int"}, "geometry": {"type": "Polygon", "coordinates": [[[-55.8991562, -27.4215881], [-55.8916015, -27.4219674], [-55.8990809, -27.4217519], [-55.8991562, -27.4215881]]]}}, {"id": "709", "type": "Feature", "properties": {"osm_id": "4833948", "name": "Bajada Vieja", "code": 1210, "source": "OSM via Geofabrik", "admin_level": 10, "layer": "barrios_int"}, "geometry": {"type": "Polygon", "coordinates": [[[-55.8917218, -27.3612401], [-55.8908878, -27.3613301], [-55.8917218, -27.3612401]]]}}, {"id": "711", "type": "Feature", "properties": {"osm_id": "3674223", "name": "Mariscal L\u00f3pez", "code": 1210, "source": "OSM via Geofabrik", "admin_level": 10, "layer": "barrios_int"}, "geometry": {"type": "Polygon", "coordinates": [[[-57.6112111, -25.2938622], [-57.6005934, -25.2814668], [-57.5944751, -25.2823446], [-57.5969587, -25.2913048], [-57.6109945, -25.2938705], [-57.6112111, -25.2938622]]]}}, {"id": "713", "type": "Feature", "properties": {"osm_id": "3678105", "name": "Luis Alberto de Herrera", "code": 1210, "source": "OSM via Geofabrik", "admin_level": 10, "layer": "barrios_int"}, "geometry": {"type": "Polygon", "coordinates": [[[-57.5629029, -25.3021577], [-57.5502284, -25.2932233], [-57.5532249, -25.3075047], [-57.5625271, -25.3023601], [-57.5629029, -25.3021577]]]}}, {"id": "714", "type": "Feature", "properties": {"osm_id": "5307419", "name": "Altos de Bella Vista", "code": 1210, "source": "OSM via Geofabrik", "admin_level": 10, "layer": "barrios_int"}, "geometry": {"type": "Polygon", "coordinates": [[[-55.9305132, -27.418785], [-55.9275878, -27.4134856], [-55.9199357, -27.4162856], [-55.9304685, -27.4187878], [-55.9305132, -27.418785]]]}}, {"id": "715", "type": "Feature", "properties": {"osm_id": "4819180", "name": "San Lorenzo A", "code": 1210, "source": "OSM via Geofabrik", "admin_level": 10, "layer": "barrios_int"}, "geometry": {"type": "Polygon", "coordinates": [[[-55.9136854, -27.4233432], [-55.9125698, -27.4233846], [-55.9136854, -27.4233432]]]}}, {"id": "716", "type": "Feature", "properties": {"osm_id": "3988783", "name": "San Lucas", "code": 1210, "source": "OSM via Geofabrik", "admin_level": 10, "layer": "barrios_int"}, "geometry": {"type": "Polygon", "coordinates": [[[-55.9323072, -27.4219968], [-55.9322125, -27.4220076], [-55.9323072, -27.4219968]]]}}, {"id": "717", "type": "Feature", "properties": {"osm_id": "3678185", "name": "Ycu\u00e1 Sat\u00ed", "code": 1210, "source": "OSM via Geofabrik", "admin_level": 10, "layer": "barrios_int"}, "geometry": {"type": "Polygon", "coordinates": [[[-57.5737043, -25.2897116], [-57.5608584, -25.2847024], [-57.550328, -25.2933697], [-57.5736818, -25.28972], [-57.5737043, -25.2897116]]]}}, {"id": "718", "type": "Feature", "properties": {"osm_id": "3678139", "name": "San Crist\u00f3bal", "code": 1210, "source": "OSM via Geofabrik", "admin_level": 10, "layer": "barrios_int"}, "geometry": {"type": "Polygon", "coordinates": [[[-57.5771315, -25.2953353], [-57.5737043, -25.2897116], [-57.5569787, -25.2930402], [-57.5629029, -25.3021577], [-57.5749739, -25.2962632], [-57.5771315, -25.2953353]]]}}, {"id": "719", "type": "Feature", "properties": {"osm_id": "3678186", "name": "Villa Morra", "code": 1210, "source": "OSM via Geofabrik", "admin_level": 10, "layer": "barrios_int"}, "geometry": {"type": "Polygon", "coordinates": [[[-57.5897105, -25.2897486], [-57.5719034, -25.2864766], [-57.5771315, -25.2953353], [-57.5895383, -25.2899429], [-57.5897105, -25.2897486]]]}}, {"id": "720", "type": "Feature", "properties": {"osm_id": "3681754", "name": "Santo Domingo", "code": 1210, "source": "OSM via Geofabrik", "admin_level": 10, "layer": "barrios_int"}, "geometry": {"type": "Polygon", "coordinates": [[[-57.5887264, -25.2865061], [-57.5845472, -25.2726682], [-57.5766984, -25.2754822], [-57.5886702, -25.2865045], [-57.5887264, -25.2865061]]]}}, {"id": "724", "type": "Feature", "properties": {"osm_id": "14163410", "name": "Barrio Pescadores", "code": 1210, "source": "OSM via Geofabrik", "admin_level": 10, "layer": "barrios_int"}, "geometry": {"type": "Polygon", "coordinates": [[[-58.5972908, -27.3251521], [-58.5894242, -27.3228806], [-58.5813584, -27.3326248], [-58.5875821, -27.3368907], [-58.5966509, -27.3257969], [-58.5972908, -27.3251521]]]}}, {"id": "725", "type": "Feature", "properties": {"osm_id": "14163256", "name": "Barrio Sentia", "code": 1210, "source": "OSM via Geofabrik", "admin_level": 10, "layer": "barrios_int"}, "geometry": {"type": "Polygon", "coordinates": [[[-58.586662, -27.3262325], [-58.5798929, -27.3252173], [-58.5794663, -27.3347107], [-58.5862753, -27.3267484], [-58.586662, -27.3262325]]]}}, {"id": "726", "type": "Feature", "properties": {"osm_id": "14163095", "name": "Barrio Judicial", "code": 1210, "source": "OSM via Geofabrik", "admin_level": 10, "layer": "barrios_int"}, "geometry": {"type": "Polygon", "coordinates": [[[-58.5637128, -27.3146916], [-58.5556231, -27.3158231], [-58.5633406, -27.3152042], [-58.5637128, -27.3146916]]]}}, {"id": "727", "type": "Feature", "properties": {"osm_id": "14163094", "name": "Barrio Jard\u00edn", "code": 1210, "source": "OSM via Geofabrik", "admin_level": 10, "layer": "barrios_int"}, "geometry": {"type": "Polygon", "coordinates": [[[-58.5662837, -27.3116355], [-58.5613698, -27.3087258], [-58.5658126, -27.312201], [-58.5662837, -27.3116355]]]}}, {"id": "728", "type": "Feature", "properties": {"osm_id": "14163175", "name": "Barrio Centro", "code": 1210, "source": "OSM via Geofabrik", "admin_level": 10, "layer": "barrios_int"}, "geometry": {"type": "Polygon", "coordinates": [[[-58.5838015, -27.3209131], [-58.5639054, -27.314488], [-58.5798929, -27.3252173], [-58.5837995, -27.3209375], [-58.5838015, -27.3209131]]]}}, {"id": "732", "type": "Feature", "properties": {"osm_id": "14766796", "name": "Barrio de Arroyo Pora (Sapuc\u00e1i)", "code": 1210, "source": "OSM via Geofabrik", "admin_level": 10, "layer": "barrios_int"}, "geometry": {"type": "Polygon", "coordinates": [[[-57.0033758, -25.6521182], [-56.9998989, -25.6313045], [-56.9673925, -25.6455724], [-56.9776733, -25.6558582], [-57.0032401, -25.6521186], [-57.0033758, -25.6521182]], [[-56.9957437, -25.6506297], [-56.9848819, -25.6530034], [-56.9803889, -25.6456373], [-56.9871524, -25.6401745], [-56.9948397, -25.6478918], [-56.9957437, -25.6506297]]]}}, {"id": "734", "type": "Feature", "properties": {"osm_id": "14766799", "name": "Barrio de Cerro Roke", "code": 1210, "source": "OSM via Geofabrik", "admin_level": 10, "layer": "barrios_int"}, "geometry": {"type": "Polygon", "coordinates": [[[-56.9735213, -25.6505645], [-56.9499376, -25.6393378], [-56.9239706, -25.6125503], [-56.9488827, -25.6482412], [-56.9417389, -25.6519862], [-56.9552519, -25.6592674], [-56.9691208, -25.6564423], [-56.9735213, -25.6505645]]]}}, {"id": "735", "type": "Feature", "properties": {"osm_id": "14769595", "name": "Barrio de Cerro Cor\u00e1", "code": 1210, "source": "OSM via Geofabrik", "admin_level": 10, "layer": "barrios_int"}, "geometry": {"type": "Polygon", "coordinates": [[[-56.9409868, -25.5992889], [-56.9142875, -25.5910961], [-56.909965, -25.5980825], [-56.9348785, -25.6168048], [-56.9409868, -25.5992889]]]}}, {"id": "736", "type": "Feature", "properties": {"osm_id": "14766800", "name": "Barrio de Loma Guasu", "code": 1210, "source": "OSM via Geofabrik", "admin_level": 10, "layer": "barrios_int"}, "geometry": {"type": "Polygon", "coordinates": [[[-56.9894334, -25.6358165], [-56.9721105, -25.6181651], [-56.9750401, -25.6062489], [-56.9360748, -25.5955391], [-56.9522895, -25.6088992], [-56.9535344, -25.6392015], [-56.9673925, -25.6455724], [-56.9846775, -25.6381224], [-56.9894334, -25.6358165]]]}}, {"id": "737", "type": "Feature", "properties": {"osm_id": "14769594", "name": "Barrio de Costa Po'i", "code": 1210, "source": "OSM via Geofabrik", "admin_level": 10, "layer": "barrios_int"}, "geometry": {"type": "Polygon", "coordinates": [[[-56.9555099, -25.6265238], [-56.9522895, -25.6088992], [-56.9417206, -25.5994304], [-56.9348785, -25.6168048], [-56.9499376, -25.6393378], [-56.9552283, -25.6273485], [-56.9555099, -25.6265238]]]}}, {"id": "738", "type": "Feature", "properties": {"osm_id": "14769757", "name": "Barrio de Ytororo", "code": 1210, "source": "OSM via Geofabrik", "admin_level": 10, "layer": "barrios_int"}, "geometry": {"type": "Polygon", "coordinates": [[[-56.9901657, -25.5798721], [-56.9703595, -25.5716215], [-56.9610496, -25.5871597], [-56.9570224, -25.5821335], [-56.9439686, -25.5934376], [-56.9750401, -25.6062489], [-56.9900559, -25.5800763], [-56.9901657, -25.5798721]]]}}, {"id": "739", "type": "Feature", "properties": {"osm_id": "14769758", "name": "Barrio de Costa Irala", "code": 1210, "source": "OSM via Geofabrik", "admin_level": 10, "layer": "barrios_int"}, "geometry": {"type": "Polygon", "coordinates": [[[-56.9991863, -25.6165981], [-56.9870196, -25.5930948], [-56.9778472, -25.6037615], [-56.9846102, -25.6218937], [-56.9989202, -25.6208805], [-56.9991863, -25.6165981]]]}}, {"id": "743", "type": "Feature", "properties": {"osm_id": "14769590", "name": "Barrio de San Blas", "code": 1210, "source": "OSM via Geofabrik", "admin_level": 10, "layer": "barrios_int"}, "geometry": {"type": "Polygon", "coordinates": [[[-56.9776733, -25.6558582], [-56.9735213, -25.6505645], [-56.958544, -25.6597683], [-56.9665513, -25.6637822], [-56.9740793, -25.6570778], [-56.9776733, -25.6558582]]]}}, {"id": "744", "type": "Feature", "properties": {"osm_id": "14880010", "name": "Barrio de Planta Urbana", "code": 1210, "source": "OSM via Geofabrik", "admin_level": 10, "layer": "barrios_int"}, "geometry": {"type": "Polygon", "coordinates": [[[-56.968227, -25.6641487], [-56.9648885, -25.6596685], [-56.9609806, -25.6665442], [-56.968227, -25.6641487]]]}}, {"id": "745", "type": "Feature", "properties": {"osm_id": "14769591", "name": "Barrio de Santa Teresita", "code": 1210, "source": "OSM via Geofabrik", "admin_level": 10, "layer": "barrios_int"}, "geometry": {"type": "Polygon", "coordinates": [[[-56.9595667, -25.6658732], [-56.9584391, -25.6596694], [-56.9488837, -25.661264], [-56.9448306, -25.6679469], [-56.9558227, -25.6672478], [-56.9595667, -25.6658732]]]}}, {"id": "749", "type": "Feature", "properties": {"osm_id": "3673175", "name": "San Vicente", "code": 1210, "source": "OSM via Geofabrik", "admin_level": 10, "layer": "barrios_int"}, "geometry": {"type": "Polygon", "coordinates": [[[-57.6319313, -25.306389], [-57.6199261, -25.304126], [-57.6114052, -25.3131675], [-57.6260106, -25.3316257], [-57.6318701, -25.3073272], [-57.6319313, -25.306389]]]}}, {"id": "750", "type": "Feature", "properties": {"osm_id": "17545222", "name": "Barrio Loteo Ilex", "code": 1210, "source": "OSM via Geofabrik", "admin_level": 10, "layer": "barrios_int"}, "geometry": {"type": "Polygon", "coordinates": [[[-54.6136675, -26.0331489], [-54.6136498, -26.0341387], [-54.6136675, -26.0331489]]]}}, {"id": "754", "type": "Feature", "properties": {"osm_id": "5283524", "name": "Santa Catalina", "code": 1210, "source": "OSM via Geofabrik", "admin_level": 10, "layer": "barrios_int"}, "geometry": {"type": "Polygon", "coordinates": [[[-55.9083587, -27.3630601], [-55.9046056, -27.3634806], [-55.9083587, -27.3630601]]]}}, {"id": "755", "type": "Feature", "properties": {"osm_id": "7740004", "name": "Patot\u00ed", "code": 1210, "source": "OSM via Geofabrik", "admin_level": 10, "layer": "barrios_int"}, "geometry": {"type": "Polygon", "coordinates": [[[-55.9121537, -27.3626437], [-55.9062707, -27.3559269], [-55.9083587, -27.3630601], [-55.9121537, -27.3626437]]]}}, {"id": "756", "type": "Feature", "properties": {"osm_id": "3555384", "name": "Kennedy", "code": 1210, "source": "OSM via Geofabrik", "admin_level": 10, "layer": "barrios_int"}, "geometry": {"type": "Polygon", "coordinates": [[[-55.8991663, -27.407565], [-55.8991396, -27.4077181], [-55.8991663, -27.407565]]]}}, {"id": "757", "type": "Feature", "properties": {"osm_id": "3659208", "name": "Santa Ana", "code": 1210, "source": "OSM via Geofabrik", "admin_level": 10, "layer": "barrios_int"}, "geometry": {"type": "Polygon", "coordinates": [[[-57.6708882, -25.3134548], [-57.6461934, -25.3140041], [-57.6640389, -25.3217712], [-57.6708131, -25.313536], [-57.6708882, -25.3134548]]]}}, {"id": "759", "type": "Feature", "properties": {"osm_id": "12517295", "name": "Barrio Arco Iris", "code": 1210, "source": "OSM via Geofabrik", "admin_level": 10, "layer": "barrios_int"}, "geometry": {"type": "Polygon", "coordinates": [[[-55.0320192, -26.8282996], [-55.0227924, -26.8220502], [-55.0237308, -26.8316704], [-55.0318178, -26.8283991], [-55.0320192, -26.8282996]]]}}, {"id": "760", "type": "Feature", "properties": {"osm_id": "12519178", "name": "Barrio Primavera", "code": 1210, "source": "OSM via Geofabrik", "admin_level": 10, "layer": "barrios_int"}, "geometry": {"type": "Polygon", "coordinates": [[[-55.0324031, -26.8252289], [-55.0276177, -26.8203056], [-55.0308904, -26.8262323], [-55.0324031, -26.8252289]]]}}, {"id": "769", "type": "Feature", "properties": {"osm_id": "15848069", "name": "Barrio 29 de Septiembre", "code": 1210, "source": "OSM via Geofabrik", "admin_level": 10, "layer": "barrios_int"}, "geometry": {"type": "Polygon", "coordinates": [[[-57.7298497, -25.3097115], [-57.7289431, -25.3098127], [-57.7298497, -25.3097115]]]}}, {"id": "770", "type": "Feature", "properties": {"osm_id": "12517494", "name": "Barrio Loma Alta", "code": 1210, "source": "OSM via Geofabrik", "admin_level": 10, "layer": "barrios_int"}, "geometry": {"type": "Polygon", "coordinates": [[[-55.0270287, -26.8219675], [-55.0158124, -26.8210455], [-55.0192081, -26.83011], [-55.025606, -26.8219924], [-55.0270287, -26.8219675]]]}}, {"id": "771", "type": "Feature", "properties": {"osm_id": "3656618", "name": "Pinoz\u00e1", "code": 1210, "source": "OSM via Geofabrik", "admin_level": 10, "layer": "barrios_int"}, "geometry": {"type": "Polygon", "coordinates": [[[-57.6218366, -25.299291], [-57.6076345, -25.3049263], [-57.6114052, -25.3131675], [-57.6215063, -25.2999184], [-57.6218366, -25.299291]]]}}, {"id": "772", "type": "Feature", "properties": {"osm_id": "3674123", "name": "Pettirossi", "code": 1210, "source": "OSM via Geofabrik", "admin_level": 10, "layer": "barrios_int"}, "geometry": {"type": "Polygon", "coordinates": [[[-57.6325114, -25.3018242], [-57.6261716, -25.2908019], [-57.6199261, -25.304126], [-57.6235221, -25.3085984], [-57.6324953, -25.302015], [-57.6325114, -25.3018242]]]}}, {"id": "773", "type": "Feature", "properties": {"osm_id": "3674856", "name": "Las Mercedes", "code": 1210, "source": "OSM via Geofabrik", "admin_level": 10, "layer": "barrios_int"}, "geometry": {"type": "Polygon", "coordinates": [[[-57.6191202, -25.2895095], [-57.6130155, -25.2699945], [-57.6104589, -25.291141], [-57.6182198, -25.2900262], [-57.6191202, -25.2895095]]]}}, {"id": "776", "type": "Feature", "properties": {"osm_id": "16103152", "name": "Barrio MO\u00d1AI KUARE", "code": 1210, "source": "OSM via Geofabrik", "admin_level": 10, "layer": "barrios_int"}, "geometry": null}, {"id": "777", "type": "Feature", "properties": {"osm_id": "16103151", "name": "Barrio ACEVEDO", "code": 1210, "source": "OSM via Geofabrik", "admin_level": 10, "layer": "barrios_int"}, "geometry": null}, {"id": "778", "type": "Feature", "properties": {"osm_id": "16102962", "name": "Barrio ZANJITA YVY ATA", "code": 1210, "source": "OSM via Geofabrik", "admin_level": 10, "layer": "barrios_int"}, "geometry": {"type": "Polygon", "coordinates": [[[-57.9297418, -26.0933641], [-57.9139145, -26.0738085], [-57.8622871, -26.0942585], [-57.8766894, -26.1054557], [-57.8367455, -26.1386225], [-57.8681448, -26.1552366], [-57.8964862, -26.1392088], [-57.9048385, -26.1278912], [-57.8957247, -26.115572], [-57.906947, -26.1083381], [-57.9297418, -26.0933641]]]}}, {"id": "779", "type": "Feature", "properties": {"osm_id": "16103150", "name": "Barrio KARANDAYTY", "code": 1210, "source": "OSM via Geofabrik", "admin_level": 10, "layer": "barrios_int"}, "geometry": null}, {"id": "780", "type": "Feature", "properties": {"osm_id": "16103149", "name": "Barrio MONTIEL POTRERO", "code": 1210, "source": "OSM via Geofabrik", "admin_level": 10, "layer": "barrios_int"}, "geometry": null}, {"id": "781", "type": "Feature", "properties": {"osm_id": "16103145", "name": "Barrio SAN MIGUEL", "code": 1210, "source": "OSM via Geofabrik", "admin_level": 10, "layer": "barrios_int"}, "geometry": null}, {"id": "782", "type": "Feature", "properties": {"osm_id": "16103146", "name": "Barrio ALEGRE", "code": 1210, "source": "OSM via Geofabrik", "admin_level": 10, "layer": "barrios_int"}, "geometry": null}, {"id": "783", "type": "Feature", "properties": {"osm_id": "16103147", "name": "Barrio VALLE PUKU", "code": 1210, "source": "OSM via Geofabrik", "admin_level": 10, "layer": "barrios_int"}, "geometry": null}, {"id": "784", "type": "Feature", "properties": {"osm_id": "16103148", "name": "Barrio KARANDAYTY", "code": 1210, "source": "OSM via Geofabrik", "admin_level": 10, "layer": "barrios_int"}, "geometry": null}, {"id": "785", "type": "Feature", "properties": {"osm_id": "16102961", "name": "Barrio ZANJITA", "code": 1210, "source": "OSM via Geofabrik", "admin_level": 10, "layer": "barrios_int"}, "geometry": {"type": "Polygon", "coordinates": [[[-58.0949086, -26.1255037], [-58.0722019, -26.1084552], [-58.0243084, -26.1073761], [-57.9495348, -26.0673716], [-57.9258376, -26.036977], [-57.8993389, -26.021022], [-57.859525, -26.0103579], [-57.8760378, -26.0285629], [-57.8572696, -26.0339555], [-57.8441719, -26.0477362], [-57.8397517, -26.0613651], [-57.845395, -26.0701931], [-57.8037135, -26.0923471], [-57.7741663, -26.0957001], [-57.5844122, -26.1971934], [-57.5932075, -26.214078], [-57.6109959, -26.21916], [-57.6095263, -26.2379994], [-57.6193122, -26.2373277], [-57.6209752, -26.2448915], [-57.6258047, -26.2353833], [-57.6439948, -26.2384723], [-57.6591819, -26.2213653], [-57.6598731, -26.2031315], [-57.7155021, -26.2005671], [-57.7460929, -26.2395682], [-57.8081201, -26.1994536], [-57.811965, -26.1768613], [-57.8681448, -26.1552366], [-57.8367455, -26.1386225], [-57.8766894, -26.1054557], [-57.8622871, -26.0942585], [-57.8924528, -26.077814], [-57.9139145, -26.0738085], [-57.9297418, -26.0933641], [-57.8957247, -26.115572], [-57.9048385, -26.1278912], [-57.8964862, -26.1392088], [-57.9163843, -26.1645156], [-57.9376477, -26.1732063], [-57.9592211, -26.1639257], [-57.9756492, -26.1903595], [-58.0252763, -26.1553854], [-58.0352015, -26.162469], [-58.0684964, -26.1405774], [-58.0949086, -26.1255037]]]}}, {"id": "786", "type": "Feature", "properties": {"osm_id": "16103142", "name": "Barrio SAN JUAN", "code": 1210, "source": "OSM via Geofabrik", "admin_level": 10, "layer": "barrios_int"}, "geometry": null}, {"id": "787", "type": "Feature", "properties": {"osm_id": "16103144", "name": "Barrio TORYPA", "code": 1210, "source": "OSM via Geofabrik", "admin_level": 10, "layer": "barrios_int"}, "geometry": null}, {"id": "788", "type": "Feature", "properties": {"osm_id": "16103143", "name": "Barrio CENTRO", "code": 1210, "source": "OSM via Geofabrik", "admin_level": 10, "layer": "barrios_int"}, "geometry": null}, {"id": "806", "type": "Feature", "properties": {"osm_id": "4835711", "name": "Villa Mola", "code": 1210, "source": "OSM via Geofabrik", "admin_level": 10, "layer": "barrios_int"}, "geometry": {"type": "Polygon", "coordinates": [[[-55.8880908, -27.3752199], [-55.8841706, -27.3689497], [-55.8802472, -27.3749912], [-55.8880708, -27.3752365], [-55.8880908, -27.3752199]]]}}, {"id": "807", "type": "Feature", "properties": {"osm_id": "5283273", "name": "Yacyret\u00e1", "code": 1210, "source": "OSM via Geofabrik", "admin_level": 10, "layer": "barrios_int"}, "geometry": {"type": "Polygon", "coordinates": [[[-55.9331037, -27.3772635], [-55.9321759, -27.3705824], [-55.9210025, -27.3718081], [-55.9294045, -27.3776871], [-55.9331037, -27.3772635]]]}}, {"id": "808", "type": "Feature", "properties": {"osm_id": "7740469", "name": "San Cayetano", "code": 1210, "source": "OSM via Geofabrik", "admin_level": 10, "layer": "barrios_int"}, "geometry": {"type": "Polygon", "coordinates": [[[-55.9331037, -27.3772635], [-55.9210025, -27.3718081], [-55.9294045, -27.3776871], [-55.9331037, -27.3772635]]]}}, {"id": "809", "type": "Feature", "properties": {"osm_id": "5265890", "name": "Yohas\u00e1", "code": 1210, "source": "OSM via Geofabrik", "admin_level": 10, "layer": "barrios_int"}, "geometry": {"type": "Polygon", "coordinates": [[[-55.9335673, -27.3806017], [-55.9298583, -27.3810094], [-55.9335673, -27.3806017]]]}}, {"id": "810", "type": "Feature", "properties": {"osm_id": "10391277", "name": "Ciudad Nueva", "code": 1210, "source": "OSM via Geofabrik", "admin_level": 10, "layer": "barrios_int"}, "geometry": {"type": "Polygon", "coordinates": [[[-55.7254796, -22.5849405], [-55.710727, -22.5729332], [-55.7068328, -22.5768751], [-55.719502, -22.5913445], [-55.7250029, -22.585494], [-55.7254796, -22.5849405]]]}}, {"id": "811", "type": "Feature", "properties": {"osm_id": "9592582", "name": "San Blas", "code": 1210, "source": "OSM via Geofabrik", "admin_level": 10, "layer": "barrios_int"}, "geometry": {"type": "Polygon", "coordinates": [[[-55.7314165, -22.564593], [-55.7247177, -22.5584635], [-55.7211687, -22.5642211], [-55.7313132, -22.56469], [-55.7314165, -22.564593]]]}}, {"id": "812", "type": "Feature", "properties": {"osm_id": "10390585", "name": "Fracci\u00f3n Amambay", "code": 1210, "source": "OSM via Geofabrik", "admin_level": 10, "layer": "barrios_int"}, "geometry": {"type": "Polygon", "coordinates": [[[-55.7334421, -22.5639947], [-55.7328882, -22.5647423], [-55.7334421, -22.5639947]]]}}, {"id": "813", "type": "Feature", "properties": {"osm_id": "9575950", "name": "Obrero", "code": 1210, "source": "OSM via Geofabrik", "admin_level": 10, "layer": "barrios_int"}, "geometry": {"type": "Polygon", "coordinates": [[[-55.757331, -22.5670007], [-55.7401756, -22.5553554], [-55.7296298, -22.5689818], [-55.7347151, -22.573665], [-55.7473465, -22.5800842], [-55.756543, -22.5675115], [-55.757331, -22.5670007]]]}}, {"id": "814", "type": "Feature", "properties": {"osm_id": "9459660", "name": "Jardim Primor", "code": 1210, "source": "OSM via Geofabrik", "admin_level": 10, "layer": "barrios_int"}, "geometry": {"type": "Polygon", "coordinates": [[[-55.7409441, -22.5151193], [-55.7336021, -22.5139229], [-55.7397943, -22.5209652], [-55.7407203, -22.5155466], [-55.7409441, -22.5151193]]]}}, {"id": "815", "type": "Feature", "properties": {"osm_id": "9417900", "name": "Vila \u00c1urea", "code": 1210, "source": "OSM via Geofabrik", "admin_level": 10, "layer": "barrios_int"}, "geometry": {"type": "Polygon", "coordinates": [[[-55.7350327, -22.518153], [-55.7291476, -22.5117779], [-55.7342307, -22.5183759], [-55.7350327, -22.518153]]]}}, {"id": "816", "type": "Feature", "properties": {"osm_id": "9413332", "name": "Mooca", "code": 1210, "source": "OSM via Geofabrik", "admin_level": 10, "layer": "barrios_int"}, "geometry": {"type": "Polygon", "coordinates": [[[-55.6924357, -22.5564942], [-55.6909237, -22.5576518], [-55.6924357, -22.5564942]]]}}, {"id": "817", "type": "Feature", "properties": {"osm_id": "9457412", "name": "Vila Aral Moreira", "code": 1210, "source": "OSM via Geofabrik", "admin_level": 10, "layer": "barrios_int"}, "geometry": {"type": "Polygon", "coordinates": [[[-55.6978342, -22.5547923], [-55.697634, -22.5550064], [-55.6978342, -22.5547923]]]}}, {"id": "818", "type": "Feature", "properties": {"osm_id": "10391276", "name": "Rep\u00fablica", "code": 1210, "source": "OSM via Geofabrik", "admin_level": 10, "layer": "barrios_int"}, "geometry": {"type": "Polygon", "coordinates": [[[-55.7351983, -22.6299421], [-55.7211328, -22.5926265], [-55.7068328, -22.5768751], [-55.6848655, -22.6003557], [-55.686804, -22.6068869], [-55.7324988, -22.6327564], [-55.7351983, -22.6299421]]]}}, {"id": "820", "type": "Feature", "properties": {"osm_id": "9412274", "name": "Residencial Jamil Saldanha Derzi", "code": 1210, "source": "OSM via Geofabrik", "admin_level": 10, "layer": "barrios_int"}, "geometry": {"type": "Polygon", "coordinates": [[[-55.714456, -22.5006747], [-55.7142675, -22.5016838], [-55.714456, -22.5006747]]]}}, {"id": "821", "type": "Feature", "properties": {"osm_id": "9459735", "name": "Jardim das Paineiras", "code": 1210, "source": "OSM via Geofabrik", "admin_level": 10, "layer": "barrios_int"}, "geometry": {"type": "Polygon", "coordinates": [[[-55.7318991, -22.495008], [-55.7317096, -22.4956574], [-55.7318991, -22.495008]]]}}, {"id": "822", "type": "Feature", "properties": {"osm_id": "3677732", "name": "Mariscal Estigarribia", "code": 1210, "source": "OSM via Geofabrik", "admin_level": 10, "layer": "barrios_int"}, "geometry": {"type": "Polygon", "coordinates": [[[-57.583102, -25.3052483], [-57.5771315, -25.2953353], [-57.5653681, -25.3007868], [-57.5697526, -25.3111926], [-57.5830531, -25.3052752], [-57.583102, -25.3052483]]]}}, {"id": "823", "type": "Feature", "properties": {"osm_id": "3511803", "name": "A-3-2 Sector A", "code": 1210, "source": "OSM via Geofabrik", "admin_level": 10, "layer": "barrios_int"}, "geometry": {"type": "Polygon", "coordinates": [[[-55.8887065, -27.4222514], [-55.8880798, -27.4222914], [-55.8887065, -27.4222514]]]}}, {"id": "824", "type": "Feature", "properties": {"osm_id": "4835710", "name": "Villa Blosset", "code": 1210, "source": "OSM via Geofabrik", "admin_level": 10, "layer": "barrios_int"}, "geometry": {"type": "Polygon", "coordinates": [[[-55.8871262, -27.3686798], [-55.8869395, -27.3686624], [-55.8871262, -27.3686798]]]}}, {"id": "825", "type": "Feature", "properties": {"osm_id": "16935796", "name": "Barrio Belgrano", "code": 1210, "source": "OSM via Geofabrik", "admin_level": 10, "layer": "barrios_int"}, "geometry": {"type": "Polygon", "coordinates": [[[-55.7550426, -27.4608536], [-55.7539876, -27.4517334], [-55.7466908, -27.4522521], [-55.7449651, -27.4615959], [-55.7550038, -27.4608571], [-55.7550426, -27.4608536]]]}}, {"id": "826", "type": "Feature", "properties": {"osm_id": "16935797", "name": "Barrio 2 de Febrero", "code": 1210, "source": "OSM via Geofabrik", "admin_level": 10, "layer": "barrios_int"}, "geometry": {"type": "Polygon", "coordinates": [[[-55.7447031, -27.4616182], [-55.743633, -27.4524127], [-55.73364, -27.4533379], [-55.7346904, -27.4625186], [-55.7445968, -27.4616286], [-55.7447031, -27.4616182]]]}}, {"id": "827", "type": "Feature", "properties": {"osm_id": "16945926", "name": "Barrio 20 de Junio", "code": 1210, "source": "OSM via Geofabrik", "admin_level": 10, "layer": "barrios_int"}, "geometry": {"type": "Polygon", "coordinates": [[[-55.7564596, -27.4699226], [-55.7553343, -27.4608227], [-55.7449933, -27.461846], [-55.7462276, -27.4706605], [-55.7553698, -27.4699729], [-55.7564596, -27.4699226]]]}}, {"id": "828", "type": "Feature", "properties": {"osm_id": "16945927", "name": "Barrio San Jorge", "code": 1210, "source": "OSM via Geofabrik", "admin_level": 10, "layer": "barrios_int"}, "geometry": {"type": "Polygon", "coordinates": [[[-55.7457415, -27.4701488], [-55.7447313, -27.4618759], [-55.7343831, -27.462769], [-55.7354009, -27.4717572], [-55.7457388, -27.4702271], [-55.7457415, -27.4701488]]]}}, {"id": "829", "type": "Feature", "properties": {"osm_id": "16945929", "name": "Barrio Santa Celilia", "code": 1210, "source": "OSM via Geofabrik", "admin_level": 10, "layer": "barrios_int"}, "geometry": {"type": "Polygon", "coordinates": [[[-55.734356, -27.4625154], [-55.7333919, -27.4626271], [-55.734356, -27.4625154]]]}}, {"id": "830", "type": "Feature", "properties": {"osm_id": "4830158", "name": "Santa Luc\u00eda", "code": 1210, "source": "OSM via Geofabrik", "admin_level": 10, "layer": "barrios_int"}, "geometry": {"type": "Polygon", "coordinates": [[[-55.9321367, -27.3977176], [-55.9320868, -27.3977227], [-55.9321367, -27.3977176]]]}}, {"id": "831", "type": "Feature", "properties": {"osm_id": "4830338", "name": "Oeste", "code": 1210, "source": "OSM via Geofabrik", "admin_level": 10, "layer": "barrios_int"}, "geometry": {"type": "Polygon", "coordinates": [[[-55.9317247, -27.3943635], [-55.927986, -27.3947614], [-55.9317247, -27.3943635]]]}}, {"id": "832", "type": "Feature", "properties": {"osm_id": "4843485", "name": "Los Kiris", "code": 1210, "source": "OSM via Geofabrik", "admin_level": 10, "layer": "barrios_int"}, "geometry": {"type": "Polygon", "coordinates": [[[-55.9312228, -27.3909923], [-55.9311781, -27.3909973], [-55.9312228, -27.3909923]]]}}, {"id": "833", "type": "Feature", "properties": {"osm_id": "19725818", "name": "Barrio Comandante Andresito", "code": 1210, "source": "OSM via Geofabrik", "admin_level": 10, "layer": "barrios_int"}, "geometry": null}, {"id": "834", "type": "Feature", "properties": {"osm_id": "10390580", "name": "Asentamento San Miguel", "code": 1210, "source": "OSM via Geofabrik", "admin_level": 10, "layer": "barrios_int"}, "geometry": {"type": "Polygon", "coordinates": [[[-55.7517865, -22.5783792], [-55.7514034, -22.5789669], [-55.7517865, -22.5783792]]]}}, {"id": "835", "type": "Feature", "properties": {"osm_id": "17206814", "name": "Barrio de Mar\u00eda Auxiliadora", "code": 1210, "source": "OSM via Geofabrik", "admin_level": 10, "layer": "barrios_int"}, "geometry": {"type": "Polygon", "coordinates": [[[-56.9493341, -25.6632811], [-56.9468909, -25.6633137], [-56.9493341, -25.6632811]]]}}, {"id": "836", "type": "Feature", "properties": {"osm_id": "17206813", "name": "Barrio de Tierra Negra", "code": 1210, "source": "OSM via Geofabrik", "admin_level": 10, "layer": "barrios_int"}, "geometry": {"type": "Polygon", "coordinates": [[[-56.9569067, -25.6759802], [-56.9546792, -25.6675628], [-56.9424915, -25.6680064], [-56.9425932, -25.6772441], [-56.9559901, -25.6761737], [-56.9569067, -25.6759802]]]}}, {"id": "837", "type": "Feature", "properties": {"osm_id": "17207321", "name": "Barrio de Virgen del Carmen", "code": 1210, "source": "OSM via Geofabrik", "admin_level": 10, "layer": "barrios_int"}, "geometry": {"type": "Polygon", "coordinates": [[[-56.9426048, -25.6693076], [-56.9402231, -25.6694255], [-56.9426048, -25.6693076]]]}}, {"id": "838", "type": "Feature", "properties": {"osm_id": "14769592", "name": "Barrio de Mbokaja", "code": 1210, "source": "OSM via Geofabrik", "admin_level": 10, "layer": "barrios_int"}, "geometry": {"type": "Polygon", "coordinates": [[[-56.9552519, -25.6592674], [-56.9233667, -25.653023], [-56.8905168, -25.6671881], [-56.8941546, -25.6860671], [-56.9052907, -25.6861789], [-56.9277126, -25.6819817], [-56.9551923, -25.6593708], [-56.9552519, -25.6592674]]]}}, {"id": "839", "type": "Feature", "properties": {"osm_id": "17207450", "name": "Barrio de Potrero Yvate", "code": 1210, "source": "OSM via Geofabrik", "admin_level": 10, "layer": "barrios_int"}, "geometry": {"type": "Polygon", "coordinates": [[[-56.9473916, -25.7035729], [-56.9388308, -25.6710226], [-56.9235807, -25.6868879], [-56.9316978, -25.7043899], [-56.9467652, -25.703709], [-56.9473916, -25.7035729]]]}}, {"id": "840", "type": "Feature", "properties": {"osm_id": "17207451", "name": "Barrio de Potrero Villalba", "code": 1210, "source": "OSM via Geofabrik", "admin_level": 10, "layer": "barrios_int"}, "geometry": {"type": "Polygon", "coordinates": [[[-56.9329371, -25.7027776], [-56.9246957, -25.6821416], [-56.8951059, -25.6861953], [-56.9118333, -25.7032469], [-56.9317355, -25.7034543], [-56.9329371, -25.7027776]]]}}, {"id": "841", "type": "Feature", "properties": {"osm_id": "17213588", "name": "Barrio de Mbopi Kua", "code": 1210, "source": "OSM via Geofabrik", "admin_level": 10, "layer": "barrios_int"}, "geometry": {"type": "Polygon", "coordinates": [[[-56.9500965, -25.7155956], [-56.9469853, -25.7043651], [-56.9118333, -25.7032469], [-56.9175578, -25.7186112], [-56.9480187, -25.7160195], [-56.9500965, -25.7155956]]]}}, {"id": "842", "type": "Feature", "properties": {"osm_id": "17218103", "name": "Barrio de Paso Pe", "code": 1210, "source": "OSM via Geofabrik", "admin_level": 10, "layer": "barrios_int"}, "geometry": {"type": "Polygon", "coordinates": [[[-56.9532074, -25.7390022], [-56.9500965, -25.7155956], [-56.9391329, -25.716608], [-56.932536, -25.7246897], [-56.9354855, -25.7399467], [-56.9507064, -25.7393701], [-56.9532074, -25.7390022]]]}}, {"id": "843", "type": "Feature", "properties": {"osm_id": "17218104", "name": "Borria de Bolas Kua", "code": 1210, "source": "OSM via Geofabrik", "admin_level": 10, "layer": "barrios_int"}, "geometry": {"type": "Polygon", "coordinates": [[[-56.9388203, -25.7439956], [-56.9356267, -25.7212492], [-56.9177135, -25.7178849], [-56.9196812, -25.7442595], [-56.9384706, -25.7443105], [-56.9388203, -25.7439956]]]}}, {"id": "844", "type": "Feature", "properties": {"osm_id": "14879839", "name": "Barrio de Cerro Verde", "code": 1210, "source": "OSM via Geofabrik", "admin_level": 10, "layer": "barrios_int"}, "geometry": {"type": "Polygon", "coordinates": [[[-56.969794, -25.6938437], [-56.9569067, -25.6759802], [-56.939893, -25.6821864], [-56.953345, -25.7402743], [-56.9666987, -25.7400577], [-56.9596541, -25.708772], [-56.9678006, -25.7078568], [-56.969705, -25.6938789], [-56.969794, -25.6938437]]]}}, {"id": "845", "type": "Feature", "properties": {"osm_id": "17218268", "name": "Barrio de Jarigua'Ami", "code": 1210, "source": "OSM via Geofabrik", "admin_level": 10, "layer": "barrios_int"}, "geometry": {"type": "Polygon", "coordinates": [[[-57.0770018, -25.818427], [-57.0572767, -25.8097222], [-57.0437532, -25.7901663], [-57.0216422, -25.7862322], [-57.0167251, -25.7766212], [-57.0035505, -25.7854403], [-56.9764707, -25.7750602], [-56.9774865, -25.7627623], [-56.9706463, -25.7601456], [-56.9604605, -25.7581184], [-56.9491862, -25.7739785], [-56.9481333, -25.7822078], [-56.9671563, -25.8011928], [-56.9635031, -25.8230481], [-57.0001826, -25.8485447], [-57.0359734, -25.8484249], [-57.0506015, -25.8369602], [-57.069314, -25.8350623], [-57.076955, -25.8185294], [-57.0770018, -25.818427]]]}}, {"id": "846", "type": "Feature", "properties": {"osm_id": "17218267", "name": "Barrio de Colonia Santa Isabel", "code": 1210, "source": "OSM via Geofabrik", "admin_level": 10, "layer": "barrios_int"}, "geometry": {"type": "Polygon", "coordinates": [[[-56.9834673, -25.7505622], [-56.9576918, -25.736651], [-56.9366493, -25.7410733], [-56.9380541, -25.747928], [-56.9753109, -25.7627912], [-56.977192, -25.7551986], [-56.9703402, -25.7526421], [-56.9783318, -25.750782], [-56.9834673, -25.7505622]]]}}, {"id": "847", "type": "Feature", "properties": {"osm_id": "10482621", "name": "Bah\u00eda Oeste", "code": 1210, "source": "OSM via Geofabrik", "admin_level": 10, "layer": "barrios_int"}, "geometry": {"type": "Polygon", "coordinates": [[[-55.9501645, -27.3921186], [-55.9501492, -27.3923106], [-55.9501645, -27.3921186]]]}}, {"id": "848", "type": "Feature", "properties": {"osm_id": "17412301", "name": "Itaemb\u00e9 Por\u00e1", "code": 1210, "source": "OSM via Geofabrik", "admin_level": 10, "layer": "barrios_int"}, "geometry": {"type": "Polygon", "coordinates": [[[-55.9515982, -27.4134655], [-55.9513945, -27.4135149], [-55.9515982, -27.4134655]]]}}, {"id": "852", "type": "Feature", "properties": {"osm_id": "17539477", "name": "Barrio Nueva Esperanza II", "code": 1210, "source": "OSM via Geofabrik", "admin_level": 10, "layer": "barrios_int"}, "geometry": {"type": "Polygon", "coordinates": [[[-54.6212969, -26.0395228], [-54.6157458, -26.0429076], [-54.6212609, -26.0403017], [-54.6212969, -26.0395228]]]}}, {"id": "853", "type": "Feature", "properties": {"osm_id": "17545221", "name": "Barrio Helvecia", "code": 1210, "source": "OSM via Geofabrik", "admin_level": 10, "layer": "barrios_int"}, "geometry": {"type": "Polygon", "coordinates": [[[-54.6162422, -26.0392949], [-54.6114886, -26.0364099], [-54.6110988, -26.0426476], [-54.6161245, -26.0402278], [-54.6162422, -26.0392949]]]}}, {"id": "854", "type": "Feature", "properties": {"osm_id": "17550602", "name": "Barrio El Progreso", "code": 1210, "source": "OSM via Geofabrik", "admin_level": 10, "layer": "barrios_int"}, "geometry": {"type": "Polygon", "coordinates": [[[-54.6217463, -26.0335162], [-54.6163578, -26.0331809], [-54.6217026, -26.0339457], [-54.6217463, -26.0335162]]]}}, {"id": "855", "type": "Feature", "properties": {"osm_id": "17550603", "name": "Barrio Tareferos", "code": 1210, "source": "OSM via Geofabrik", "admin_level": 10, "layer": "barrios_int"}, "geometry": {"type": "Polygon", "coordinates": [[[-54.6163635, -26.0341676], [-54.6162948, -26.0350722], [-54.6163635, -26.0341676]]]}}, {"id": "856", "type": "Feature", "properties": {"osm_id": "17545223", "name": "Barrio El Triunfo", "code": 1210, "source": "OSM via Geofabrik", "admin_level": 10, "layer": "barrios_int"}, "geometry": {"type": "Polygon", "coordinates": [[[-54.6215623, -26.035474], [-54.616528, -26.0372317], [-54.6215537, -26.0360243], [-54.6215623, -26.035474]]]}}, {"id": "857", "type": "Feature", "properties": {"osm_id": "17550604", "name": "Barrio Bella Vista", "code": 1210, "source": "OSM via Geofabrik", "admin_level": 10, "layer": "barrios_int"}, "geometry": {"type": "Polygon", "coordinates": [[[-54.6244036, -26.0318325], [-54.6243264, -26.0326523], [-54.6244036, -26.0318325]]]}}, {"id": "858", "type": "Feature", "properties": {"osm_id": "17552705", "name": "Barrio 12 Viviendas", "code": 1210, "source": "OSM via Geofabrik", "admin_level": 10, "layer": "barrios_int"}, "geometry": {"type": "Polygon", "coordinates": [[[-54.6265148, -26.0328936], [-54.6264766, -26.0340138], [-54.6265148, -26.0328936]]]}}, {"id": "859", "type": "Feature", "properties": {"osm_id": "17552706", "name": "Barrio San Blas 1", "code": 1210, "source": "OSM via Geofabrik", "admin_level": 10, "layer": "barrios_int"}, "geometry": {"type": "Polygon", "coordinates": [[[-54.6183508, -26.0279482], [-54.6118722, -26.0310873], [-54.6183444, -26.028064], [-54.6183508, -26.0279482]]]}}, {"id": "860", "type": "Feature", "properties": {"osm_id": "17552708", "name": "Barrio San Miguel", "code": 1210, "source": "OSM via Geofabrik", "admin_level": 10, "layer": "barrios_int"}, "geometry": {"type": "Polygon", "coordinates": [[[-54.6219228, -26.0267216], [-54.6218854, -26.0274004], [-54.6219228, -26.0267216]]]}}, {"id": "861", "type": "Feature", "properties": {"osm_id": "17552707", "name": "Barrio San Blas 2", "code": 1210, "source": "OSM via Geofabrik", "admin_level": 10, "layer": "barrios_int"}, "geometry": {"type": "Polygon", "coordinates": [[[-54.6249173, -26.0314257], [-54.6184452, -26.0279588], [-54.6248939, -26.0315491], [-54.6249173, -26.0314257]]]}}, {"id": "863", "type": "Feature", "properties": {"osm_id": "17567197", "name": "Barrio 8 de Diciembre", "code": 1210, "source": "OSM via Geofabrik", "admin_level": 10, "layer": "barrios_int"}, "geometry": {"type": "Polygon", "coordinates": [[[-54.6246452, -26.023219], [-54.6187326, -26.0229823], [-54.6245995, -26.0240981], [-54.6246452, -26.023219]]]}}, {"id": "867", "type": "Feature", "properties": {"osm_id": "17633957", "name": "Barrio 25 de Mayo", "code": 1210, "source": "OSM via Geofabrik", "admin_level": 10, "layer": "barrios_int"}, "geometry": {"type": "Polygon", "coordinates": [[[-54.61589, -26.019285], [-54.6158421, -26.0200687], [-54.61589, -26.019285]]]}}, {"id": "868", "type": "Feature", "properties": {"osm_id": "17633958", "name": "Barrio Centro", "code": 1210, "source": "OSM via Geofabrik", "admin_level": 10, "layer": "barrios_int"}, "geometry": {"type": "Polygon", "coordinates": [[[-54.6180066, -26.0201881], [-54.6119857, -26.0211638], [-54.6179771, -26.020337], [-54.6180066, -26.0201881]]]}}, {"id": "869", "type": "Feature", "properties": {"osm_id": "3658489", "name": "Tembetary", "code": 1210, "source": "OSM via Geofabrik", "admin_level": 10, "layer": "barrios_int"}, "geometry": {"type": "Polygon", "coordinates": [[[-57.596337, -25.3086341], [-57.593535, -25.3031827], [-57.5845408, -25.3076201], [-57.5951446, -25.3090825], [-57.596337, -25.3086341]]]}}, {"id": "870", "type": "Feature", "properties": {"osm_id": "3657383", "name": "Recoleta", "code": 1210, "source": "OSM via Geofabrik", "admin_level": 10, "layer": "barrios_int"}, "geometry": {"type": "Polygon", "coordinates": [[[-57.601325, -25.2952882], [-57.5887264, -25.2865061], [-57.5771315, -25.2953353], [-57.5845408, -25.3076201], [-57.6012739, -25.2953158], [-57.601325, -25.2952882]]]}}, {"id": "871", "type": "Feature", "properties": {"osm_id": "17649427", "name": "Neighbourhood: Potrero Jara vicinia", "code": 1210, "source": "OSM via Geofabrik", "admin_level": 10, "layer": "barrios_int"}, "geometry": {"type": "Polygon", "coordinates": [[[-57.0366753, -25.6671423], [-57.0114761, -25.6554747], [-56.9800695, -25.6985241], [-57.018663, -25.711251], [-57.0352268, -25.7032947], [-57.0184106, -25.6758606], [-57.0360775, -25.6672096], [-57.0366753, -25.6671423]]]}}, {"id": "872", "type": "Feature", "properties": {"osm_id": "14766797", "name": "Barrio de Adriano Irala", "code": 1210, "source": "OSM via Geofabrik", "admin_level": 10, "layer": "barrios_int"}, "geometry": {"type": "Polygon", "coordinates": [[[-57.0114761, -25.6554747], [-56.9851665, -25.6532905], [-56.9546792, -25.6675628], [-56.968988, -25.6893737], [-56.9678006, -25.7078568], [-56.9596541, -25.708772], [-56.9677722, -25.7263468], [-57.0112123, -25.6561217], [-57.0114761, -25.6554747]]]}}, {"id": "873", "type": "Feature", "properties": {"osm_id": "14766801", "name": "Barrio de Yvyraity", "code": 1210, "source": "OSM via Geofabrik", "admin_level": 10, "layer": "barrios_int"}, "geometry": {"type": "Polygon", "coordinates": [[[-56.9998989, -25.6313045], [-56.9989202, -25.6208805], [-56.9846102, -25.6218937], [-56.9747415, -25.6018499], [-56.9721105, -25.6181651], [-56.9894334, -25.6358165], [-56.9977253, -25.6317958], [-56.9998989, -25.6313045]]]}}, {"id": "875", "type": "Feature", "properties": {"osm_id": "17656903", "name": "Vicinia / Neighborhood: ESTANCIA ABELENDA", "code": 1210, "source": "OSM via Geofabrik", "admin_level": 10, "layer": "barrios_int"}, "geometry": {"type": "Polygon", "coordinates": [[[-57.1114553, -25.6912257], [-57.0867004, -25.6871812], [-57.0745431, -25.6639252], [-57.0435129, -25.6598884], [-57.0184106, -25.6758606], [-57.0352268, -25.7032947], [-57.0077746, -25.710768], [-57.0018567, -25.7259042], [-57.0039095, -25.7393172], [-57.0202066, -25.7535518], [-57.0451231, -25.7528233], [-57.0595159, -25.7306973], [-57.1051897, -25.7024757], [-57.1113305, -25.6913828], [-57.1114553, -25.6912257]]]}}, {"id": "876", "type": "Feature", "properties": {"osm_id": "17679185", "name": "Urbs: 1 DE JUNIO", "code": 1210, "source": "OSM via Geofabrik", "admin_level": 10, "layer": "barrios_int"}, "geometry": {"type": "Polygon", "coordinates": [[[-57.095153, -25.6310377], [-57.0486906, -25.6411189], [-57.0575437, -25.6594851], [-57.0710832, -25.6667949], [-57.0951302, -25.6311707], [-57.095153, -25.6310377]]]}}, {"id": "877", "type": "Feature", "properties": {"osm_id": "17567198", "name": "Barrio Obrero", "code": 1210, "source": "OSM via Geofabrik", "admin_level": 10, "layer": "barrios_int"}, "geometry": {"type": "Polygon", "coordinates": [[[-54.6186538, -26.0229973], [-54.6185627, -26.0230948], [-54.6186538, -26.0229973]]]}}, {"id": "878", "type": "Feature", "properties": {"osm_id": "17770748", "name": "Barrio Villa Nueva", "code": 1210, "source": "OSM via Geofabrik", "admin_level": 10, "layer": "barrios_int"}, "geometry": {"type": "Polygon", "coordinates": [[[-54.6125095, -26.0227804], [-54.6009389, -26.0257451], [-54.6124364, -26.0235918], [-54.6125095, -26.0227804]]]}}, {"id": "879", "type": "Feature", "properties": {"osm_id": "17633956", "name": "Barrio Scherer", "code": 1210, "source": "OSM via Geofabrik", "admin_level": 10, "layer": "barrios_int"}, "geometry": {"type": "Polygon", "coordinates": [[[-54.6189063, -26.0182947], [-54.6188585, -26.0191847], [-54.6189063, -26.0182947]]]}}, {"id": "880", "type": "Feature", "properties": {"osm_id": "17770749", "name": "Barrio APSA", "code": 1210, "source": "OSM via Geofabrik", "admin_level": 10, "layer": "barrios_int"}, "geometry": {"type": "Polygon", "coordinates": [[[-54.6191344, -26.0151621], [-54.619067, -26.0152972], [-54.6191344, -26.0151621]]]}}, {"id": "881", "type": "Feature", "properties": {"osm_id": "17770750", "name": "Barrio 40 Viviendas Malvinas", "code": 1210, "source": "OSM via Geofabrik", "admin_level": 10, "layer": "barrios_int"}, "geometry": {"type": "Polygon", "coordinates": [[[-54.6130365, -26.0141969], [-54.6130036, -26.014939], [-54.6130365, -26.0141969]]]}}, {"id": "882", "type": "Feature", "properties": {"osm_id": "17770751", "name": "Barrio Industrial", "code": 1210, "source": "OSM via Geofabrik", "admin_level": 10, "layer": "barrios_int"}, "geometry": {"type": "Polygon", "coordinates": [[[-54.6193718, -26.013398], [-54.6103375, -26.0127957], [-54.619287, -26.0134998], [-54.6193718, -26.013398]]]}}, {"id": "883", "type": "Feature", "properties": {"osm_id": "17770785", "name": "Barrio San Francisco", "code": 1210, "source": "OSM via Geofabrik", "admin_level": 10, "layer": "barrios_int"}, "geometry": {"type": "Polygon", "coordinates": [[[-54.6063915, -26.0203308], [-54.6063221, -26.0210337], [-54.6063915, -26.0203308]]]}}, {"id": "884", "type": "Feature", "properties": {"osm_id": "17770786", "name": "Barrio Los Cedros", "code": 1210, "source": "OSM via Geofabrik", "admin_level": 10, "layer": "barrios_int"}, "geometry": {"type": "Polygon", "coordinates": [[[-54.6088718, -26.0221791], [-54.6088511, -26.0225524], [-54.6088718, -26.0221791]]]}}, {"id": "885", "type": "Feature", "properties": {"osm_id": "17774090", "name": "Barrio Nordeste", "code": 1210, "source": "OSM via Geofabrik", "admin_level": 10, "layer": "barrios_int"}, "geometry": {"type": "Polygon", "coordinates": [[[-54.60819, -26.0177713], [-54.6081229, -26.0184608], [-54.60819, -26.0177713]]]}}, {"id": "886", "type": "Feature", "properties": {"osm_id": "17774091", "name": "Barrio 50 Viviendas", "code": 1210, "source": "OSM via Geofabrik", "admin_level": 10, "layer": "barrios_int"}, "geometry": {"type": "Polygon", "coordinates": [[[-54.6084869, -26.0143801], [-54.6084453, -26.0149683], [-54.6084869, -26.0143801]]]}}, {"id": "887", "type": "Feature", "properties": {"osm_id": "17774092", "name": "Barrio Los Lapachos", "code": 1210, "source": "OSM via Geofabrik", "admin_level": 10, "layer": "barrios_int"}, "geometry": {"type": "Polygon", "coordinates": [[[-54.6103375, -26.0127957], [-54.610281, -26.013211], [-54.6103375, -26.0127957]]]}}, {"id": "888", "type": "Feature", "properties": {"osm_id": "17774122", "name": "Barrio Belgrano", "code": 1210, "source": "OSM via Geofabrik", "admin_level": 10, "layer": "barrios_int"}, "geometry": {"type": "Polygon", "coordinates": [[[-54.5858324, -26.0236197], [-54.5825994, -26.0236152], [-54.5858324, -26.0236197]]]}}, {"id": "889", "type": "Feature", "properties": {"osm_id": "17774123", "name": "Barrio Villa 60", "code": 1210, "source": "OSM via Geofabrik", "admin_level": 10, "layer": "barrios_int"}, "geometry": {"type": "Polygon", "coordinates": [[[-54.643101, -26.0354221], [-54.636863, -26.0347663], [-54.6429991, -26.0357885], [-54.643101, -26.0354221]]]}}, {"id": "890", "type": "Feature", "properties": {"osm_id": "17774124", "name": "Barrio Kil\u00f3metro Uno", "code": 1210, "source": "OSM via Geofabrik", "admin_level": 10, "layer": "barrios_int"}, "geometry": {"type": "Polygon", "coordinates": [[[-54.6370741, -26.0146821], [-54.6279862, -26.0141564], [-54.6282944, -26.0205941], [-54.6370506, -26.0154136], [-54.6370741, -26.0146821]]]}}, {"id": "891", "type": "Feature", "properties": {"osm_id": "9408663", "name": "Jardim Bot\u00e2nico", "code": 1210, "source": "OSM via Geofabrik", "admin_level": 10, "layer": "barrios_int"}, "geometry": {"type": "Polygon", "coordinates": [[[-55.7314604, -22.5032338], [-55.731431, -22.5043701], [-55.7314604, -22.5032338]]]}}, {"id": "892", "type": "Feature", "properties": {"osm_id": "9413590", "name": "Ch\u00e1cara Vista Alegre I & II", "code": 1210, "source": "OSM via Geofabrik", "admin_level": 10, "layer": "barrios_int"}, "geometry": {"type": "Polygon", "coordinates": [[[-55.7380928, -22.5008729], [-55.7310868, -22.501787], [-55.7380907, -22.5009674], [-55.7380928, -22.5008729]]]}}, {"id": "893", "type": "Feature", "properties": {"osm_id": "9408664", "name": "Residencial Ponta Por\u00e3 I", "code": 1210, "source": "OSM via Geofabrik", "admin_level": 10, "layer": "barrios_int"}, "geometry": {"type": "Polygon", "coordinates": [[[-55.7315311, -22.5113574], [-55.7207143, -22.5066466], [-55.7172106, -22.5125523], [-55.7302966, -22.5116056], [-55.7315311, -22.5113574]]]}}, {"id": "894", "type": "Feature", "properties": {"osm_id": "9417894", "name": "Maria Auxiliadora", "code": 1210, "source": "OSM via Geofabrik", "admin_level": 10, "layer": "barrios_int"}, "geometry": {"type": "Polygon", "coordinates": [[[-55.7247617, -22.5149868], [-55.7172106, -22.5125523], [-55.7244978, -22.5155949], [-55.7247617, -22.5149868]]]}}, {"id": "895", "type": "Feature", "properties": {"osm_id": "17789900", "name": "Barrio Arroyito", "code": 1210, "source": "OSM via Geofabrik", "admin_level": 10, "layer": "barrios_int"}, "geometry": {"type": "Polygon", "coordinates": [[[-54.6034178, -26.0032926], [-54.5953552, -25.9952383], [-54.5951394, -26.0032361], [-54.6030407, -26.0033458], [-54.6034178, -26.0032926]]]}}, {"id": "896", "type": "Feature", "properties": {"osm_id": "17789901", "name": "Barrio El Molino", "code": 1210, "source": "OSM via Geofabrik", "admin_level": 10, "layer": "barrios_int"}, "geometry": {"type": "Polygon", "coordinates": [[[-54.5903681, -25.9989254], [-54.5903391, -26.0031196], [-54.5903681, -25.9989254]]]}}, {"id": "897", "type": "Feature", "properties": {"osm_id": "17789902", "name": "Barrio Rol\u00f3n Varga", "code": 1210, "source": "OSM via Geofabrik", "admin_level": 10, "layer": "barrios_int"}, "geometry": {"type": "Polygon", "coordinates": [[[-54.5888739, -25.9946795], [-54.5825006, -25.9949184], [-54.5865006, -26.0029645], [-54.5888221, -25.9948064], [-54.5888739, -25.9946795]]]}}, {"id": "898", "type": "Feature", "properties": {"osm_id": "17789903", "name": "Barrio La Cuchara", "code": 1210, "source": "OSM via Geofabrik", "admin_level": 10, "layer": "barrios_int"}, "geometry": {"type": "Polygon", "coordinates": [[[-54.5795575, -25.9963171], [-54.5732908, -25.9967105], [-54.5795109, -25.9976602], [-54.5795575, -25.9963171]]]}}, {"id": "899", "type": "Feature", "properties": {"osm_id": "17789904", "name": "Barrio Pindo SA", "code": 1210, "source": "OSM via Geofabrik", "admin_level": 10, "layer": "barrios_int"}, "geometry": {"type": "Polygon", "coordinates": [[[-54.5857966, -26.0188499], [-54.5857774, -26.0189946], [-54.5857966, -26.0188499]]]}}, {"id": "900", "type": "Feature", "properties": {"osm_id": "17789969", "name": "Barrio Zona Bomba de Agua", "code": 1210, "source": "OSM via Geofabrik", "admin_level": 10, "layer": "barrios_int"}, "geometry": {"type": "Polygon", "coordinates": [[[-54.62681, -25.993758], [-54.6267719, -25.9868761], [-54.6217717, -25.9940993], [-54.62681, -25.993758]]]}}, {"id": "901", "type": "Feature", "properties": {"osm_id": "17789970", "name": "Barrio Alto Paran\u00e1 SA", "code": 1210, "source": "OSM via Geofabrik", "admin_level": 10, "layer": "barrios_int"}, "geometry": {"type": "Polygon", "coordinates": [[[-54.6415425, -25.9873813], [-54.6397174, -25.9875959], [-54.6415425, -25.9873813]]]}}, {"id": "902", "type": "Feature", "properties": {"osm_id": "17789971", "name": "Barrio Primavera", "code": 1210, "source": "OSM via Geofabrik", "admin_level": 10, "layer": "barrios_int"}, "geometry": {"type": "Polygon", "coordinates": [[[-54.5973648, -26.0510813], [-54.5970707, -26.0595059], [-54.5973648, -26.0510813]]]}}, {"id": "903", "type": "Feature", "properties": {"osm_id": "17789972", "name": "Barrio Colonia Helvecia", "code": 1210, "source": "OSM via Geofabrik", "admin_level": 10, "layer": "barrios_int"}, "geometry": {"type": "Polygon", "coordinates": [[[-54.6558364, -26.0516306], [-54.6361704, -26.0463256], [-54.6509316, -26.0609516], [-54.6558364, -26.0516306]]]}}, {"id": "904", "type": "Feature", "properties": {"osm_id": "17789998", "name": "Barrio Esperanza SA", "code": 1210, "source": "OSM via Geofabrik", "admin_level": 10, "layer": "barrios_int"}, "geometry": {"type": "Polygon", "coordinates": [[[-54.6118722, -26.0310873], [-54.5982595, -26.0301825], [-54.6117621, -26.0328517], [-54.6118722, -26.0310873]]]}}, {"id": "905", "type": "Feature", "properties": {"osm_id": "17789999", "name": "Barrio Nueva Esperanza I", "code": 1210, "source": "OSM via Geofabrik", "admin_level": 10, "layer": "barrios_int"}, "geometry": {"type": "Polygon", "coordinates": [[[-54.6219783, -26.0316742], [-54.6118722, -26.0310873], [-54.6219092, -26.0323258], [-54.6219783, -26.0316742]]]}}, {"id": "906", "type": "Feature", "properties": {"osm_id": "17774093", "name": "Barrio Ernest", "code": 1210, "source": "OSM via Geofabrik", "admin_level": 10, "layer": "barrios_int"}, "geometry": {"type": "Polygon", "coordinates": [[[-54.6056078, -26.0124691], [-54.605552, -26.0128831], [-54.6056078, -26.0124691]]]}}, {"id": "913", "type": "Feature", "properties": {"osm_id": "17653235", "name": "Vicinia: Arroyo Pora", "code": 1210, "source": "OSM via Geofabrik", "admin_level": 10, "layer": "barrios_int"}, "geometry": {"type": "Polygon", "coordinates": [[[-57.0350128, -25.665728], [-57.0286126, -25.6363341], [-57.0134876, -25.6251515], [-56.9993937, -25.6271205], [-57.0033758, -25.6521182], [-57.0221649, -25.6658556], [-57.0346999, -25.6657869], [-57.0350128, -25.665728]]]}}, {"id": "914", "type": "Feature", "properties": {"osm_id": "17671901", "name": "vicinia / Neighborhood: LOMA", "code": 1210, "source": "OSM via Geofabrik", "admin_level": 10, "layer": "barrios_int"}, "geometry": {"type": "Polygon", "coordinates": [[[-57.0615026, -25.662364], [-57.0502159, -25.6417137], [-57.0369651, -25.6497306], [-57.0310275, -25.6455335], [-57.0371398, -25.6679337], [-57.0435129, -25.6598884], [-57.0613681, -25.6624214], [-57.0615026, -25.662364]]]}}, {"id": "916", "type": "Feature", "properties": {"osm_id": "5312224", "name": "San Francisco de As\u00eds", "code": 1210, "source": "OSM via Geofabrik", "admin_level": 10, "layer": "barrios_int"}, "geometry": {"type": "Polygon", "coordinates": [[[-55.9186206, -27.4062421], [-55.9173712, -27.4063739], [-55.9186206, -27.4062421]]]}}, {"id": "917", "type": "Feature", "properties": {"osm_id": "17989807", "name": "Barrio Obrero", "code": 1210, "source": "OSM via Geofabrik", "admin_level": 10, "layer": "barrios_int"}, "geometry": {"type": "Polygon", "coordinates": [[[-54.5866422, -25.6050887], [-54.5864184, -25.6050721], [-54.5866422, -25.6050887]]]}}, {"id": "918", "type": "Feature", "properties": {"osm_id": "17989808", "name": "Barrio Villa Tacuara", "code": 1210, "source": "OSM via Geofabrik", "admin_level": 10, "layer": "barrios_int"}, "geometry": {"type": "Polygon", "coordinates": [[[-54.5807767, -25.6039668], [-54.5799495, -25.6039961], [-54.5807767, -25.6039668]]]}}, {"id": "926", "type": "Feature", "properties": {"osm_id": "8372965", "name": "Mistolar", "code": 1210, "source": "OSM via Geofabrik", "admin_level": 10, "layer": "barrios_int"}, "geometry": {"type": "Polygon", "coordinates": [[[-62.0282936, -22.9213618], [-62.0215559, -22.9080011], [-61.630056, -22.909448], [-61.624026, -23.129235], [-61.8226579, -23.1302039], [-61.859444, -23.086944], [-61.8901155, -23.0840797], [-61.8949231, -23.081261], [-61.8877204, -23.0791625], [-61.9139851, -23.0633065], [-61.9272992, -23.0709213], [-61.940833, -23.044167], [-61.9535919, -23.0469418], [-61.9556131, -23.0251243], [-61.9827175, -23.0229667], [-61.989466, -23.0028809], [-61.9970727, -23.010248], [-61.9924593, -22.9921555], [-62.0020723, -22.9947628], [-62.0059562, -22.9884221], [-61.995163, -22.9688251], [-62.0103121, -22.9764114], [-61.9959355, -22.9514778], [-62.0037675, -22.9392662], [-61.9990039, -22.9306107], [-62.0060635, -22.9263223], [-62.0077586, -22.9336145], [-62.0282078, -22.9229428], [-62.0282936, -22.9213618]]]}}, {"id": "927", "type": "Feature", "properties": {"osm_id": "8372963", "name": "General D\u00edaz", "code": 1210, "source": "OSM via Geofabrik", "admin_level": 10, "layer": "barrios_int"}, "geometry": {"type": "Polygon", "coordinates": [[[-61.2756697, -23.5102086], [-60.653729, -23.529225], [-60.653596, -23.50792], [-60.530075, -23.510776], [-60.496616, -23.525802], [-60.463466, -23.56294], [-60.580971, -23.574891], [-60.580646, -23.584457], [-60.601665, -23.611015], [-60.675205, -23.59219], [-60.6697635, -23.7018678], [-60.6864425, -23.727974], [-60.7659602, -23.7776476], [-60.801988, -23.766941], [-60.790524, -23.794957], [-60.7808118, -23.7950003], [-60.7817316, -23.8295507], [-60.7603195, -23.872485], [-60.849167, -23.873889], [-60.921389, -23.823056], [-60.9898984, -23.8180803], [-60.9995846, -23.7914426], [-61.0158775, -23.77841], [-61.0123624, -23.7614679], [-61.0397555, -23.741004], [-61.0575441, -23.7070508], [-61.08056, -23.6908307], [-61.0856452, -23.6752417], [-61.0793673, -23.6712273], [-61.099693, -23.6555998], [-61.0892452, -23.6396291], [-61.0999424, -23.6283215], [-61.0882351, -23.6139282], [-61.149167, -23.586111], [-61.1825, -23.554722], [-61.224722, -23.555278], [-61.2750429, -23.5120971], [-61.2756697, -23.5102086]]]}}, {"id": "928", "type": "Feature", "properties": {"osm_id": "18029678", "name": "Santa Rosa", "code": 1210, "source": "OSM via Geofabrik", "admin_level": 10, "layer": "barrios_int"}, "geometry": {"type": "Polygon", "coordinates": [[[-55.63567, -27.1269942], [-55.6123761, -27.1291438], [-55.5750387, -27.1539075], [-55.5794183, -27.1672371], [-55.5968714, -27.1588964], [-55.6131366, -27.1663575], [-55.6211722, -27.160357], [-55.6156013, -27.1519937], [-55.6245019, -27.1365545], [-55.63567, -27.1269942]]]}}, {"id": "929", "type": "Feature", "properties": {"osm_id": "3681574", "name": "Virgen del Huerto", "code": 1210, "source": "OSM via Geofabrik", "admin_level": 10, "layer": "barrios_int"}, "geometry": {"type": "Polygon", "coordinates": [[[-57.6006648, -25.2814824], [-57.5946433, -25.2679235], [-57.5944751, -25.2823446], [-57.6005934, -25.2814668], [-57.6006648, -25.2814824]]]}}, {"id": "930", "type": "Feature", "properties": {"osm_id": "17949662", "name": "Hohenau 5", "code": 1210, "source": "OSM via Geofabrik", "admin_level": 10, "layer": "barrios_int"}, "geometry": {"type": "Polygon", "coordinates": [[[-55.8885041, -26.880026], [-55.8589789, -26.8603735], [-55.7871781, -26.9246209], [-55.795729, -26.9318264], [-55.8205283, -26.9227142], [-55.8295065, -26.9335979], [-55.8884442, -26.8801626], [-55.8885041, -26.880026]]]}}, {"id": "931", "type": "Feature", "properties": {"osm_id": "17949661", "name": "Hohenau 4", "code": 1210, "source": "OSM via Geofabrik", "admin_level": 10, "layer": "barrios_int"}, "geometry": {"type": "Polygon", "coordinates": [[[-55.8228873, -27.0114568], [-55.8009386, -26.988511], [-55.7918166, -26.9680934], [-55.7999287, -26.9606199], [-55.7905397, -26.9579303], [-55.7898095, -26.9458225], [-55.7702807, -26.9399008], [-55.7103103, -26.9955459], [-55.7169244, -27.0106616], [-55.7357068, -27.0086649], [-55.745405, -27.0235706], [-55.7477045, -27.0107043], [-55.7669725, -27.0125661], [-55.7864512, -26.9920659], [-55.8119831, -27.0188135], [-55.8228873, -27.0114568]]]}}, {"id": "932", "type": "Feature", "properties": {"osm_id": "18064278", "name": "Itapesyi", "code": 1210, "source": "OSM via Geofabrik", "admin_level": 10, "layer": "barrios_int"}, "geometry": {"type": "Polygon", "coordinates": [[[-55.829589, -26.9311356], [-55.8205283, -26.9227142], [-55.8020133, -26.9269963], [-55.8074434, -26.9375764], [-55.7992487, -26.937367], [-55.7905379, -26.957794], [-55.7999287, -26.9606199], [-55.8295224, -26.9313653], [-55.829589, -26.9311356]]]}}, {"id": "933", "type": "Feature", "properties": {"osm_id": "18064277", "name": "Santa Mar\u00eda", "code": 1210, "source": "OSM via Geofabrik", "admin_level": 10, "layer": "barrios_int"}, "geometry": {"type": "Polygon", "coordinates": [[[-55.807468, -26.9373916], [-55.8048098, -26.9281791], [-55.795729, -26.9318264], [-55.7870541, -26.9246185], [-55.7702807, -26.9399008], [-55.7940833, -26.9519429], [-55.7992487, -26.937367], [-55.8074434, -26.9375764], [-55.807468, -26.9373916]]]}}, {"id": "934", "type": "Feature", "properties": {"osm_id": "5331660", "name": "El Progreso", "code": 1210, "source": "OSM via Geofabrik", "admin_level": 10, "layer": "barrios_int"}, "geometry": {"type": "Polygon", "coordinates": [[[-55.9115463, -27.4074996], [-55.9102485, -27.4076306], [-55.9115463, -27.4074996]]]}}, {"id": "935", "type": "Feature", "properties": {"osm_id": "3559345", "name": "Santa Rosa", "code": 1210, "source": "OSM via Geofabrik", "admin_level": 10, "layer": "barrios_int"}, "geometry": {"type": "Polygon", "coordinates": [[[-55.9010672, -27.4138145], [-55.9010454, -27.4139229], [-55.9010672, -27.4138145]]]}}, {"id": "938", "type": "Feature", "properties": {"osm_id": "3601331", "name": "San Juan Evangelista", "code": 1210, "source": "OSM via Geofabrik", "admin_level": 10, "layer": "barrios_int"}, "geometry": {"type": "Polygon", "coordinates": [[[-55.9123849, -27.4135501], [-55.9121886, -27.4135575], [-55.9123849, -27.4135501]]]}}, {"id": "939", "type": "Feature", "properties": {"osm_id": "8368383", "name": "Cruce Filadelfia", "code": 1210, "source": "OSM via Geofabrik", "admin_level": 10, "layer": "barrios_int"}, "geometry": {"type": "Polygon", "coordinates": [[[-60.063883, -22.398998], [-60.057808, -22.393865], [-59.9912847, -22.397733], [-59.9913877, -22.4668847], [-59.9534676, -22.4668854], [-59.9531405, -22.5187171], [-60.0410802, -22.4744111], [-60.035284, -22.428823], [-60.06102, -22.408932], [-60.063883, -22.398998]]]}}, {"id": "940", "type": "Feature", "properties": {"osm_id": "8372976", "name": "Zona Teniente Pico", "code": 1210, "source": "OSM via Geofabrik", "admin_level": 10, "layer": "barrios_int"}, "geometry": {"type": "Polygon", "coordinates": [[[-60.803849, -21.640215], [-60.799049, -21.108809], [-60.742623, -20.399938], [-60.5363845, -20.4565462], [-60.5467999, -21.1052785], [-60.5719498, -21.666258], [-60.639189, -21.658744], [-60.803849, -21.640215]]]}}, {"id": "941", "type": "Feature", "properties": {"osm_id": "8368400", "name": "Zona Teniente Pico", "code": 1210, "source": "OSM via Geofabrik", "admin_level": 10, "layer": "barrios_int"}, "geometry": {"type": "Polygon", "coordinates": [[[-60.5703867, -21.6385429], [-60.5467999, -21.1052785], [-60.5363845, -20.4565462], [-60.111019, -20.58095], [-60.177159, -20.830022], [-60.157056, -21.218441], [-60.182702, -21.647777], [-60.551295, -21.63918], [-60.5703867, -21.6385429]]]}}, {"id": "943", "type": "Feature", "properties": {"osm_id": "9599534", "name": "Villa Armando", "code": 1210, "source": "OSM via Geofabrik", "admin_level": 10, "layer": "barrios_int"}, "geometry": {"type": "Polygon", "coordinates": [[[-57.4414169, -23.3969021], [-57.4289323, -23.3927614], [-57.4288408, -23.4022031], [-57.44133, -23.4023858], [-57.4414169, -23.3969021]]]}}, {"id": "944", "type": "Feature", "properties": {"osm_id": "9506278", "name": "Jard\u00edn Primavera", "code": 1210, "source": "OSM via Geofabrik", "admin_level": 10, "layer": "barrios_int"}, "geometry": {"type": "Polygon", "coordinates": [[[-55.7470633, -22.50916], [-55.7451278, -22.514122], [-55.7470633, -22.50916]]]}}, {"id": "945", "type": "Feature", "properties": {"osm_id": "18239201", "name": "Barrio 100 Viviendas Iprodha", "code": 1210, "source": "OSM via Geofabrik", "admin_level": 10, "layer": "barrios_int"}, "geometry": {"type": "Polygon", "coordinates": [[[-54.5909562, -25.92059], [-54.5896968, -25.9206715], [-54.5909562, -25.92059]]]}}, {"id": "946", "type": "Feature", "properties": {"osm_id": "18239200", "name": "Barrio 26 de Octubre", "code": 1210, "source": "OSM via Geofabrik", "admin_level": 10, "layer": "barrios_int"}, "geometry": {"type": "Polygon", "coordinates": [[[-54.5912183, -25.9156457], [-54.5911813, -25.915679], [-54.5912183, -25.9156457]]]}}, {"id": "947", "type": "Feature", "properties": {"osm_id": "18239203", "name": "Barrio Tayi", "code": 1210, "source": "OSM via Geofabrik", "admin_level": 10, "layer": "barrios_int"}, "geometry": {"type": "Polygon", "coordinates": [[[-54.5870982, -25.920811], [-54.5862968, -25.920864], [-54.5870982, -25.920811]]]}}, {"id": "948", "type": "Feature", "properties": {"osm_id": "18239202", "name": "Barrio Itat\u00ed", "code": 1210, "source": "OSM via Geofabrik", "admin_level": 10, "layer": "barrios_int"}, "geometry": {"type": "Polygon", "coordinates": [[[-54.58972, -25.9216256], [-54.5892059, -25.9148696], [-54.5880946, -25.9217016], [-54.58972, -25.9216256]]]}}, {"id": "949", "type": "Feature", "properties": {"osm_id": "18239205", "name": "Barrio Central", "code": 1210, "source": "OSM via Geofabrik", "admin_level": 10, "layer": "barrios_int"}, "geometry": {"type": "Polygon", "coordinates": [[[-54.5846038, -25.9195912], [-54.5840904, -25.9199951], [-54.5846038, -25.9195912]]]}}, {"id": "950", "type": "Feature", "properties": {"osm_id": "18239206", "name": "Barrio Centro", "code": 1210, "source": "OSM via Geofabrik", "admin_level": 10, "layer": "barrios_int"}, "geometry": {"type": "Polygon", "coordinates": [[[-54.5847618, -25.9219025], [-54.584002, -25.9219566], [-54.5847618, -25.9219025]]]}}, {"id": "951", "type": "Feature", "properties": {"osm_id": "18239207", "name": "Barrio 17 de Octubre", "code": 1210, "source": "OSM via Geofabrik", "admin_level": 10, "layer": "barrios_int"}, "geometry": {"type": "Polygon", "coordinates": [[[-54.5796743, -25.9222635], [-54.5788711, -25.9224232], [-54.5796743, -25.9222635]]]}}, {"id": "952", "type": "Feature", "properties": {"osm_id": "18239208", "name": "Barrio Otto Bemberg", "code": 1210, "source": "OSM via Geofabrik", "admin_level": 10, "layer": "barrios_int"}, "geometry": {"type": "Polygon", "coordinates": [[[-54.5783454, -25.9210377], [-54.5777693, -25.9211604], [-54.5783454, -25.9210377]]]}}, {"id": "953", "type": "Feature", "properties": {"osm_id": "18239222", "name": "Barrio Santo Domingo", "code": 1210, "source": "OSM via Geofabrik", "admin_level": 10, "layer": "barrios_int"}, "geometry": {"type": "Polygon", "coordinates": [[[-54.5853817, -25.9150843], [-54.5852561, -25.915092], [-54.5853817, -25.9150843]]]}}, {"id": "954", "type": "Feature", "properties": {"osm_id": "18239210", "name": "Barrio San Jorge", "code": 1210, "source": "OSM via Geofabrik", "admin_level": 10, "layer": "barrios_int"}, "geometry": {"type": "Polygon", "coordinates": [[[-54.5827153, -25.9186104], [-54.5825654, -25.9187366], [-54.5827153, -25.9186104]]]}}, {"id": "955", "type": "Feature", "properties": {"osm_id": "18239220", "name": "Barrio Santa Ana", "code": 1210, "source": "OSM via Geofabrik", "admin_level": 10, "layer": "barrios_int"}, "geometry": {"type": "Polygon", "coordinates": [[[-54.5822984, -25.915475], [-54.5820158, -25.9155331], [-54.5822984, -25.915475]]]}}, {"id": "956", "type": "Feature", "properties": {"osm_id": "18239221", "name": "Barrio 50 Viviendas Norte", "code": 1210, "source": "OSM via Geofabrik", "admin_level": 10, "layer": "barrios_int"}, "geometry": {"type": "Polygon", "coordinates": [[[-54.5800252, -25.9159651], [-54.5791193, -25.9161687], [-54.5800252, -25.9159651]]]}}, {"id": "957", "type": "Feature", "properties": {"osm_id": "18239209", "name": "Barrio Empleado", "code": 1210, "source": "OSM via Geofabrik", "admin_level": 10, "layer": "barrios_int"}, "geometry": {"type": "Polygon", "coordinates": [[[-54.5808397, -25.9190818], [-54.5789066, -25.9194961], [-54.5808397, -25.9190818]]]}}, {"id": "958", "type": "Feature", "properties": {"osm_id": "18239204", "name": "Barrio Parque", "code": 1210, "source": "OSM via Geofabrik", "admin_level": 10, "layer": "barrios_int"}, "geometry": {"type": "Polygon", "coordinates": [[[-54.587188, -25.916631], [-54.5871536, -25.9171478], [-54.587188, -25.916631]]]}}, {"id": "959", "type": "Feature", "properties": {"osm_id": "18239232", "name": "Barrio Eva Per\u00f3n", "code": 1210, "source": "OSM via Geofabrik", "admin_level": 10, "layer": "barrios_int"}, "geometry": {"type": "Polygon", "coordinates": [[[-54.58987, -25.9235335], [-54.5882957, -25.9236602], [-54.58987, -25.9235335]]]}}, {"id": "960", "type": "Feature", "properties": {"osm_id": "18239233", "name": "Barrio San Antonio Sur", "code": 1210, "source": "OSM via Geofabrik", "admin_level": 10, "layer": "barrios_int"}, "geometry": {"type": "Polygon", "coordinates": [[[-54.5899589, -25.9246131], [-54.5883897, -25.924705], [-54.5899589, -25.9246131]]]}}, {"id": "961", "type": "Feature", "properties": {"osm_id": "18239234", "name": "Barrio EMSA", "code": 1210, "source": "OSM via Geofabrik", "admin_level": 10, "layer": "barrios_int"}, "geometry": {"type": "Polygon", "coordinates": [[[-54.5883897, -25.924705], [-54.5874427, -25.9247626], [-54.5883897, -25.924705]]]}}, {"id": "962", "type": "Feature", "properties": {"osm_id": "18239235", "name": "Barrio San Antonio Norte", "code": 1210, "source": "OSM via Geofabrik", "admin_level": 10, "layer": "barrios_int"}, "geometry": {"type": "Polygon", "coordinates": [[[-54.5882957, -25.9236602], [-54.5873431, -25.9237293], [-54.5882957, -25.9236602]]]}}, {"id": "963", "type": "Feature", "properties": {"osm_id": "18239237", "name": "Barrio 30 Viviendas Iprodha", "code": 1210, "source": "OSM via Geofabrik", "admin_level": 10, "layer": "barrios_int"}, "geometry": {"type": "Polygon", "coordinates": [[[-54.5799848, -25.9254314], [-54.5792071, -25.9255255], [-54.5799848, -25.9254314]]]}}, {"id": "964", "type": "Feature", "properties": {"osm_id": "18239238", "name": "Barrio 50 Viviendas Sur", "code": 1210, "source": "OSM via Geofabrik", "admin_level": 10, "layer": "barrios_int"}, "geometry": {"type": "Polygon", "coordinates": [[[-54.5798149, -25.9232625], [-54.5793466, -25.9233627], [-54.5798149, -25.9232625]]]}}, {"id": "965", "type": "Feature", "properties": {"osm_id": "18239240", "name": "Barrio 24 Viviendas", "code": 1210, "source": "OSM via Geofabrik", "admin_level": 10, "layer": "barrios_int"}, "geometry": {"type": "Polygon", "coordinates": [[[-54.5808979, -25.9252197], [-54.5799848, -25.9254314], [-54.5808979, -25.9252197]]]}}, {"id": "966", "type": "Feature", "properties": {"osm_id": "18239236", "name": "Barrio Bossetti", "code": 1210, "source": "OSM via Geofabrik", "admin_level": 10, "layer": "barrios_int"}, "geometry": {"type": "Polygon", "coordinates": [[[-54.5858309, -25.924892], [-54.5850493, -25.9249418], [-54.5858309, -25.924892]]]}}, {"id": "967", "type": "Feature", "properties": {"osm_id": "18239239", "name": "Barrio San Miguel", "code": 1210, "source": "OSM via Geofabrik", "admin_level": 10, "layer": "barrios_int"}, "geometry": {"type": "Polygon", "coordinates": [[[-54.5818694, -25.9251587], [-54.5809811, -25.9252004], [-54.5818694, -25.9251587]]]}}, {"id": "968", "type": "Feature", "properties": {"osm_id": "10133427", "name": "Portal de Pedro Juan", "code": 1210, "source": "OSM via Geofabrik", "admin_level": 10, "layer": "barrios_int"}, "geometry": {"type": "Polygon", "coordinates": [[[-55.7512552, -22.5077503], [-55.7511054, -22.5080986], [-55.7512552, -22.5077503]]]}}, {"id": "969", "type": "Feature", "properties": {"osm_id": "8372975", "name": "Zona La Patria", "code": 1210, "source": "OSM via Geofabrik", "admin_level": 10, "layer": "barrios_int"}, "geometry": {"type": "Polygon", "coordinates": [[[-62.08117, -20.3080725], [-61.9225361, -20.0892109], [-61.768661, -20.109639], [-61.71859, -20.096645], [-61.698262, -20.104244], [-61.620052, -20.170064], [-61.51439, -20.182631], [-60.742623, -20.399938], [-60.799049, -21.108809], [-60.803849, -21.640215], [-61.01229, -21.730996], [-61.738189, -21.763363], [-61.861158, -21.686941], [-61.922488, -21.615878], [-61.959222, -21.587854], [-61.943048, -21.311962], [-61.922546, -21.3089], [-61.47999, -21.101454], [-61.539341, -20.971291], [-61.804668, -20.632224], [-61.967761, -20.399918], [-62.080642, -20.308311], [-62.08117, -20.3080725]]]}}, {"id": "971", "type": "Feature", "properties": {"osm_id": "10133426", "name": "Don Roty", "code": 1210, "source": "OSM via Geofabrik", "admin_level": 10, "layer": "barrios_int"}, "geometry": {"type": "Polygon", "coordinates": [[[-55.7668184, -22.513035], [-55.7548195, -22.5049205], [-55.747691, -22.5160989], [-55.7661325, -22.5133997], [-55.7668184, -22.513035]]]}}, {"id": "972", "type": "Feature", "properties": {"osm_id": "18293900", "name": "Barrio Uni\u00f3n", "code": 1210, "source": "OSM via Geofabrik", "admin_level": 10, "layer": "barrios_int"}, "geometry": {"type": "Polygon", "coordinates": [[[-54.5810653, -25.6235513], [-54.5809281, -25.6239027], [-54.5810653, -25.6235513]]]}}, {"id": "973", "type": "Feature", "properties": {"osm_id": "18294068", "name": "\u00b4Barrio Las Le\u00f1as", "code": 1210, "source": "OSM via Geofabrik", "admin_level": 10, "layer": "barrios_int"}, "geometry": {"type": "Polygon", "coordinates": [[[-54.5786096, -25.6290812], [-54.5717656, -25.6241604], [-54.5784536, -25.6294299], [-54.5786096, -25.6290812]]]}}, {"id": "974", "type": "Feature", "properties": {"osm_id": "18294069", "name": "Barrio Santa Rita", "code": 1210, "source": "OSM via Geofabrik", "admin_level": 10, "layer": "barrios_int"}, "geometry": {"type": "Polygon", "coordinates": [[[-54.5768544, -25.6188461], [-54.5768064, -25.6190571], [-54.5768544, -25.6188461]]]}}, {"id": "975", "type": "Feature", "properties": {"osm_id": "18296878", "name": "Barrio Almirante Brown", "code": 1210, "source": "OSM via Geofabrik", "admin_level": 10, "layer": "barrios_int"}, "geometry": {"type": "Polygon", "coordinates": [[[-54.5922202, -25.6093704], [-54.5809981, -25.6046971], [-54.5859143, -25.6104145], [-54.5922202, -25.6093704]]]}}, {"id": "976", "type": "Feature", "properties": {"osm_id": "18296879", "name": "Barrio Libertad", "code": 1210, "source": "OSM via Geofabrik", "admin_level": 10, "layer": "barrios_int"}, "geometry": {"type": "Polygon", "coordinates": [[[-54.5866359, -25.6118768], [-54.5858281, -25.6138627], [-54.5866359, -25.6118768]]]}}, {"id": "977", "type": "Feature", "properties": {"osm_id": "18296691", "name": "Barrio Villa Alta", "code": 1210, "source": "OSM via Geofabrik", "admin_level": 10, "layer": "barrios_int"}, "geometry": {"type": "Polygon", "coordinates": [[[-54.584228, -25.6091484], [-54.5796108, -25.6040654], [-54.5695428, -25.6129578], [-54.5828553, -25.6095912], [-54.584228, -25.6091484]]]}}, {"id": "978", "type": "Feature", "properties": {"osm_id": "18296903", "name": "Barrio Bel\u00e9n", "code": 1210, "source": "OSM via Geofabrik", "admin_level": 10, "layer": "barrios_int"}, "geometry": {"type": "Polygon", "coordinates": [[[-54.5858281, -25.6138627], [-54.5788901, -25.6106547], [-54.5768064, -25.6190571], [-54.5854211, -25.6139947], [-54.5858281, -25.6138627]]]}}, {"id": "979", "type": "Feature", "properties": {"osm_id": "18297023", "name": "Barrio Primavera", "code": 1210, "source": "OSM via Geofabrik", "admin_level": 10, "layer": "barrios_int"}, "geometry": {"type": "Polygon", "coordinates": [[[-54.5826046, -25.6201454], [-54.5768064, -25.6190571], [-54.5825748, -25.62022], [-54.5826046, -25.6201454]]]}}, {"id": "980", "type": "Feature", "properties": {"osm_id": "18293901", "name": "Barrio Los Cedros", "code": 1210, "source": "OSM via Geofabrik", "admin_level": 10, "layer": "barrios_int"}, "geometry": {"type": "Polygon", "coordinates": [[[-54.580599, -25.6246556], [-54.5802889, -25.6253565], [-54.580599, -25.6246556]]]}}, {"id": "981", "type": "Feature", "properties": {"osm_id": "18296904", "name": "Barrio San Lucas", "code": 1210, "source": "OSM via Geofabrik", "admin_level": 10, "layer": "barrios_int"}, "geometry": {"type": "Polygon", "coordinates": [[[-54.5904234, -25.6161044], [-54.5903458, -25.6161932], [-54.5904234, -25.6161044]]]}}, {"id": "982", "type": "Feature", "properties": {"osm_id": "18300585", "name": "Barrio 1 de Mayo", "code": 1210, "source": "OSM via Geofabrik", "admin_level": 10, "layer": "barrios_int"}, "geometry": null}, {"id": "983", "type": "Feature", "properties": {"osm_id": "18297024", "name": "Barrio Bicentenario", "code": 1210, "source": "OSM via Geofabrik", "admin_level": 10, "layer": "barrios_int"}, "geometry": {"type": "Polygon", "coordinates": [[[-54.5864607, -25.6245995], [-54.5827187, -25.6199612], [-54.5796169, -25.6269109], [-54.5857632, -25.6247961], [-54.5864607, -25.6245995]]]}}, {"id": "984", "type": "Feature", "properties": {"osm_id": "18300587", "name": "Barri Santa Rosa", "code": 1210, "source": "OSM via Geofabrik", "admin_level": 10, "layer": "barrios_int"}, "geometry": {"type": "Polygon", "coordinates": [[[-54.5946936, -25.6235313], [-54.5904234, -25.6161044], [-54.5855134, -25.6221407], [-54.594681, -25.6237322], [-54.5946936, -25.6235313]]]}}, {"id": "985", "type": "Feature", "properties": {"osm_id": "18343227", "name": "Friesland", "code": 1210, "source": "OSM via Geofabrik", "admin_level": 10, "layer": "barrios_int"}, "geometry": {"type": "Polygon", "coordinates": [[[-56.8619083, -24.6358745], [-56.8425535, -24.5984788], [-56.8584107, -24.5921182], [-56.8557714, -24.5873574], [-56.8296574, -24.5772692], [-56.8103227, -24.5525713], [-56.7483522, -24.5843573], [-56.6461009, -24.5873976], [-56.6451644, -24.612818], [-56.620252, -24.6122133], [-56.6054891, -24.6263754], [-56.609523, -24.647062], [-56.6795586, -24.6648903], [-56.6852386, -24.6747786], [-56.7158949, -24.6636143], [-56.7047436, -24.6552858], [-56.7121747, -24.6484397], [-56.7304498, -24.6710285], [-56.7382538, -24.6526451], [-56.7488646, -24.6523916], [-56.7570071, -24.6739727], [-56.7681323, -24.6715684], [-56.7818712, -24.6442806], [-56.8286918, -24.6493513], [-56.8618225, -24.6371422], [-56.8619083, -24.6358745]]]}}, {"id": "986", "type": "Feature", "properties": {"osm_id": "18343228", "name": "Volendam", "code": 1210, "source": "OSM via Geofabrik", "admin_level": 10, "layer": "barrios_int"}, "geometry": {"type": "Polygon", "coordinates": [[[-57.1822473, -24.3055988], [-57.1583728, -24.2884114], [-57.1117667, -24.2782407], [-57.1262935, -24.2507364], [-57.1166376, -24.2354754], [-57.0739368, -24.2258679], [-57.0344547, -24.1988808], [-56.9977192, -24.1875284], [-56.9633654, -24.1957296], [-56.9291834, -24.2800011], [-56.9424871, -24.2877269], [-56.9274668, -24.3164746], [-56.9937495, -24.3380018], [-57.0239404, -24.3258993], [-57.1040634, -24.3550293], [-57.103999, -24.3666208], [-57.1622137, -24.3840159], [-57.1765409, -24.3818091], [-57.1619001, -24.3484947], [-57.1820569, -24.3058237], [-57.1822473, -24.3055988]]]}}, {"id": "987", "type": "Feature", "properties": {"osm_id": "18347555", "name": "Luz y Esperanza", "code": 1210, "source": "OSM via Geofabrik", "admin_level": 10, "layer": "barrios_int"}, "geometry": {"type": "Polygon", "coordinates": [[[-55.6882165, -25.3806138], [-55.6805033, -25.3175569], [-55.6478331, -25.3203259], [-55.6536482, -25.3740997], [-55.6755564, -25.3723548], [-55.6763718, -25.381525], [-55.6882165, -25.3806138]]]}}, {"id": "988", "type": "Feature", "properties": {"osm_id": "18347556", "name": "Florida", "code": 1210, "source": "OSM via Geofabrik", "admin_level": 10, "layer": "barrios_int"}, "geometry": {"type": "MultiPolygon", "coordinates": [[[[-55.6937123, -25.3041184], [-55.6868485, -25.2699034], [-55.673347, -25.2642181], [-55.6823234, -25.3059222], [-55.6937123, -25.3041184]]], [[[-55.6737705, -25.2638754], [-55.6737408, -25.263956], [-55.6737705, -25.2638754]]]]}}, {"id": "989", "type": "Feature", "properties": {"osm_id": "18347557", "name": "Neu-Sommerfeld", "code": 1210, "source": "OSM via Geofabrik", "admin_level": 10, "layer": "barrios_int"}, "geometry": {"type": "Polygon", "coordinates": [[[-56.0046613, -25.3265007], [-55.9866475, -25.3102466], [-55.9810899, -25.2769553], [-55.9511994, -25.2865983], [-55.9193991, -25.2472648], [-55.8936499, -25.2519614], [-55.8977054, -25.2736373], [-55.9190558, -25.2802926], [-55.9013318, -25.3075891], [-55.9380458, -25.3565211], [-55.9256433, -25.3683487], [-55.9554559, -25.3972562], [-55.9693724, -25.3852996], [-55.983249, -25.3402495], [-56.0045403, -25.3265378], [-56.0046613, -25.3265007]]]}}, {"id": "991", "type": "Feature", "properties": {"osm_id": "18347585", "name": "Neu-Bergthal", "code": 1210, "source": "OSM via Geofabrik", "admin_level": 10, "layer": "barrios_int"}, "geometry": {"type": "Polygon", "coordinates": [[[-55.7015646, -25.7295271], [-55.6843035, -25.6740149], [-55.6941592, -25.6726796], [-55.6897364, -25.6285004], [-55.6566322, -25.6305994], [-55.6541491, -25.6455215], [-55.633353, -25.6505677], [-55.6625268, -25.6997179], [-55.6743545, -25.7383739], [-55.6908953, -25.7433945], [-55.7014236, -25.729431], [-55.7015646, -25.7295271]]]}}, {"id": "992", "type": "Feature", "properties": {"osm_id": "18347586", "name": "Tres Palmas", "code": 1210, "source": "OSM via Geofabrik", "admin_level": 10, "layer": "barrios_int"}, "geometry": {"type": "Polygon", "coordinates": [[[-55.5611939, -25.1162297], [-55.5501647, -25.1159188], [-55.5508513, -25.1362397], [-55.5607373, -25.1407371], [-55.5598636, -25.1179005], [-55.5611939, -25.1162297]]]}}, {"id": "993", "type": "Feature", "properties": {"osm_id": "18347587", "name": "Agua Azul", "code": 1210, "source": "OSM via Geofabrik", "admin_level": 10, "layer": "barrios_int"}, "geometry": {"type": "Polygon", "coordinates": [[[-54.9811635, -24.2870758], [-54.9367707, -24.2700384], [-54.9183386, -24.2974602], [-54.962198, -24.3155296], [-54.9770468, -24.295661], [-54.9811635, -24.2870758]]]}}, {"id": "994", "type": "Feature", "properties": {"osm_id": "18347640", "name": "Rio Verde del Este", "code": 1210, "source": "OSM via Geofabrik", "admin_level": 10, "layer": "barrios_int"}, "geometry": {"type": "Polygon", "coordinates": [[[-56.229639, -23.558887], [-56.218481, -23.490263], [-56.1619393, -23.4806812], [-56.1368318, -23.56407], [-56.111994, -23.5945664], [-56.1435937, -23.5997925], [-56.161425, -23.5700586], [-56.2110137, -23.577886], [-56.2270855, -23.5610506], [-56.229639, -23.558887]]]}}, {"id": "998", "type": "Feature", "properties": {"osm_id": "18347642", "name": "Mexico", "code": 1210, "source": "OSM via Geofabrik", "admin_level": 10, "layer": "barrios_int"}, "geometry": {"type": "Polygon", "coordinates": [[[-56.5717145, -23.657691], [-56.5620156, -23.6581627], [-56.5604277, -23.6309583], [-56.5177462, -23.6410696], [-56.5111178, -23.6311425], [-56.465446, -23.6146349], [-56.4687606, -23.6328455], [-56.4800044, -23.6329438], [-56.4799186, -23.6636068], [-56.4747473, -23.6630172], [-56.4869994, -23.7213976], [-56.5193792, -23.7371687], [-56.5446778, -23.7252648], [-56.5644618, -23.7304115], [-56.5717145, -23.657691]]]}}, {"id": "999", "type": "Feature", "properties": {"osm_id": "18347641", "name": "Rio Verde", "code": 1210, "source": "OSM via Geofabrik", "admin_level": 10, "layer": "barrios_int"}, "geometry": {"type": "Polygon", "coordinates": [[[-56.4864266, -23.721174], [-56.4684579, -23.6338346], [-56.4388892, -23.6122484], [-56.3912103, -23.6127202], [-56.3382098, -23.5935493], [-56.3182837, -23.6995909], [-56.3386587, -23.7592519], [-56.3662082, -23.7828187], [-56.3981434, -23.7789806], [-56.3979073, -23.7641152], [-56.3577171, -23.7102362], [-56.3574382, -23.6785819], [-56.4478608, -23.6781692], [-56.4401575, -23.7136742], [-56.4707991, -23.7283293], [-56.473846, -23.7149905], [-56.4864266, -23.721174]]]}}, {"id": "1000", "type": "Feature", "properties": {"osm_id": "18347643", "name": "Santa Clara", "code": 1210, "source": "OSM via Geofabrik", "admin_level": 10, "layer": "barrios_int"}, "geometry": {"type": "Polygon", "coordinates": [[[-56.5788565, -23.5171039], [-56.5772257, -23.4992374], [-56.5287099, -23.5018546], [-56.5311561, -23.5378598], [-56.5405214, -23.5563989], [-56.5753804, -23.5541082], [-56.5730415, -23.517458], [-56.5788565, -23.5171039]]]}}, {"id": "1001", "type": "Feature", "properties": {"osm_id": "18347644", "name": "Manitoba", "code": 1210, "source": "OSM via Geofabrik", "admin_level": 10, "layer": "barrios_int"}, "geometry": {"type": "Polygon", "coordinates": [[[-56.8078318, -23.5573672], [-56.7898718, -23.5224691], [-56.7352191, -23.525735], [-56.7341891, -23.5086765], [-56.6197553, -23.5148548], [-56.6258708, -23.5687356], [-56.5047449, -23.5731264], [-56.5046993, -23.5843115], [-56.5221015, -23.5954613], [-56.54843, -23.5995513], [-56.5667549, -23.5937702], [-56.5890279, -23.5979586], [-56.5875259, -23.6066888], [-56.6048852, -23.5997283], [-56.63587, -23.6033659], [-56.6719619, -23.5973294], [-56.68533, -23.5773105], [-56.6974965, -23.5766418], [-56.6986981, -23.5941045], [-56.7844001, -23.5985878], [-56.7860952, -23.5587637], [-56.8078318, -23.5573672]]]}}, {"id": "1002", "type": "Feature", "properties": {"osm_id": "8372945", "name": "Zona 4 Vientos", "code": 1210, "source": "OSM via Geofabrik", "admin_level": 10, "layer": "barrios_int"}, "geometry": {"type": "Polygon", "coordinates": [[[-60.282364, -23.066398], [-60.132086, -23.070068], [-60.111964, -23.016638], [-59.964121, -23.019443], [-59.958426, -23.067302], [-59.992281, -23.157465], [-59.978988, -23.172979], [-60.053894, -23.369225], [-60.257525, -23.361879], [-60.257305, -23.18313], [-60.278622, -23.127303], [-60.282305, -23.067356], [-60.282364, -23.066398]]]}}, {"id": "1004", "type": "Feature", "properties": {"osm_id": "8368362", "name": "Zona Kalal", "code": 1210, "source": "OSM via Geofabrik", "admin_level": 10, "layer": "barrios_int"}, "geometry": {"type": "Polygon", "coordinates": [[[-59.914645, -22.237629], [-59.881887, -22.234869], [-59.869761, -22.185869], [-59.827209, -22.184023], [-59.826294, -22.158135], [-59.7397294, -22.1567421], [-59.7391631, -22.3491751], [-59.8571393, -22.347991], [-59.861885, -22.324875], [-59.800375, -22.323423], [-59.799025, -22.276444], [-59.912221, -22.280426], [-59.914187, -22.250758], [-59.914645, -22.237629]]]}}, {"id": "1005", "type": "Feature", "properties": {"osm_id": "8368372", "name": "Colonia Lichtenfeld", "code": 1210, "source": "OSM via Geofabrik", "admin_level": 10, "layer": "barrios_int"}, "geometry": {"type": "Polygon", "coordinates": [[[-60.008777, -22.34046], [-60.008674, -22.334341], [-59.941588, -22.334879], [-59.941415, -22.3488898], [-60.0086932, -22.3516608], [-60.008774, -22.342103], [-60.008777, -22.34046]]]}}, {"id": "1006", "type": "Feature", "properties": {"osm_id": "8372959", "name": "Pirizal", "code": 1210, "source": "OSM via Geofabrik", "admin_level": 10, "layer": "barrios_int"}, "geometry": {"type": "Polygon", "coordinates": [[[-61.014209, -22.72652], [-60.679249, -22.733016], [-60.6791648, -22.905113], [-60.667244, -23.092346], [-61.01088, -23.090593], [-61.010835, -22.851117], [-61.014209, -22.72652]]]}}, {"id": "1007", "type": "Feature", "properties": {"osm_id": "8372953", "name": "Buzarquis Platanillo", "code": 1210, "source": "OSM via Geofabrik", "admin_level": 10, "layer": "barrios_int"}, "geometry": {"type": "Polygon", "coordinates": [[[-60.691349, -22.478712], [-60.599933, -22.478998], [-60.601031, -22.543279], [-60.56752, -22.545613], [-60.567123, -22.485895], [-60.386272, -22.487157], [-60.380268, -22.732606], [-60.494711, -22.730142], [-60.502716, -22.929614], [-60.676592, -22.926491], [-60.679249, -22.733016], [-60.691349, -22.478712]]]}}, {"id": "1008", "type": "Feature", "properties": {"osm_id": "8372951", "name": "Colonia 50", "code": 1210, "source": "OSM via Geofabrik", "admin_level": 10, "layer": "barrios_int"}, "geometry": {"type": "Polygon", "coordinates": [[[-60.341191, -22.488504], [-60.084347, -22.492792], [-60.088109, -22.557071], [-60.128035, -22.555929], [-60.129415, -22.571584], [-60.233267, -22.569857], [-60.23871, -22.544693], [-60.339642, -22.541707], [-60.341191, -22.488504]]]}}, {"id": "1009", "type": "Feature", "properties": {"osm_id": "8372941", "name": "Zona Campo Grande", "code": 1210, "source": "OSM via Geofabrik", "admin_level": 10, "layer": "barrios_int"}, "geometry": {"type": "Polygon", "coordinates": [[[-60.289698, -22.947034], [-60.0662878, -22.9467793], [-60.0684598, -22.868778], [-59.9800891, -22.8683962], [-59.990958, -22.88207], [-60.000406, -22.881982], [-60.000906, -22.896644], [-60.039716, -22.894877], [-60.03721, -22.911728], [-60.030084, -22.911865], [-60.031881, -22.946926], [-59.970437, -22.946981], [-59.964121, -23.019443], [-60.111964, -23.016638], [-60.132086, -23.070068], [-60.282364, -23.066398], [-60.289698, -22.947034]]]}}, {"id": "1010", "type": "Feature", "properties": {"osm_id": "8372942", "name": "Comunidad Indigena Laguna Verde", "code": 1210, "source": "OSM via Geofabrik", "admin_level": 10, "layer": "barrios_int"}, "geometry": {"type": "Polygon", "coordinates": [[[-60.290259, -22.910389], [-60.1741774, -22.8584818], [-60.1742028, -22.9461823], [-60.289698, -22.947034], [-60.290254, -22.914462], [-60.290259, -22.910389]]]}}, {"id": "1011", "type": "Feature", "properties": {"osm_id": "18352213", "name": "Madel\u00f3n", "code": 1210, "source": "OSM via Geofabrik", "admin_level": 10, "layer": "barrios_int"}, "geometry": {"type": "Polygon", "coordinates": [[[-61.6287419, -21.2580066], [-61.5952036, -21.2402477], [-61.5532753, -21.203323], [-61.5377614, -21.1948606], [-61.5326115, -21.2021227], [-61.4022347, -21.1332287], [-61.3871285, -21.1568639], [-61.3723442, -21.1483989], [-61.3380866, -21.1905192], [-61.4964554, -21.2531271], [-61.5028927, -21.2441476], [-61.6128632, -21.2845811], [-61.6287419, -21.2580066]]]}}, {"id": "1012", "type": "Feature", "properties": {"osm_id": "18352214", "name": "Monte Claro", "code": 1210, "source": "OSM via Geofabrik", "admin_level": 10, "layer": "barrios_int"}, "geometry": {"type": "Polygon", "coordinates": [[[-61.2128039, -21.2270123], [-61.10249, -21.1721571], [-61.059682, -21.2636512], [-61.1240405, -21.2901149], [-61.2128039, -21.2270123]]]}}, {"id": "1014", "type": "Feature", "properties": {"osm_id": "8368366", "name": "Comunidad Indigena La Esquina", "code": 1210, "source": "OSM via Geofabrik", "admin_level": 10, "layer": "barrios_int"}, "geometry": {"type": "Polygon", "coordinates": [[[-59.908239, -22.054306], [-59.896355, -22.054279], [-59.896247, -22.062247], [-59.9080767, -22.0618839], [-59.908239, -22.054306]]]}}, {"id": "1015", "type": "Feature", "properties": {"osm_id": "8368399", "name": "Zona Teniente Montania", "code": 1210, "source": "OSM via Geofabrik", "admin_level": 10, "layer": "barrios_int"}, "geometry": {"type": "Polygon", "coordinates": [[[-60.580172, -21.8283788], [-60.5703867, -21.6385429], [-60.289373, -21.647737], [-59.904919, -21.646787], [-59.941012, -21.887502], [-59.94959, -21.889975], [-59.942529, -21.894908], [-59.944227, -21.906117], [-59.951103, -21.90582], [-59.958512, -21.925098], [-59.947394, -21.926394], [-59.9524469, -22.0526037], [-60.144728, -22.039792], [-60.144874, -22.010847], [-60.5034827, -22.0090594], [-60.4931505, -21.8356597], [-60.5794291, -21.8284311], [-60.580172, -21.8283788]]]}}, {"id": "1017", "type": "Feature", "properties": {"osm_id": "8368367", "name": "Campo Loro", "code": 1210, "source": "OSM via Geofabrik", "admin_level": 10, "layer": "barrios_int"}, "geometry": {"type": "Polygon", "coordinates": [[[-59.9284284, -22.1151381], [-59.928218, -22.0546678], [-59.8836, -22.062661], [-59.882464, -22.054247], [-59.78448, -22.05532], [-59.781145, -22.06808], [-59.78151, -22.055363], [-59.7401915, -22.0555371], [-59.7397294, -22.1567421], [-59.826294, -22.158135], [-59.827209, -22.184023], [-59.869761, -22.185869], [-59.881887, -22.234869], [-59.925665, -22.238556], [-59.926098, -22.177886], [-59.9284284, -22.1151381]]]}}, {"id": "1018", "type": "Feature", "properties": {"osm_id": "8368392", "name": "Filadelfia Norte", "code": 1210, "source": "OSM via Geofabrik", "admin_level": 10, "layer": "barrios_int"}, "geometry": {"type": "Polygon", "coordinates": [[[-60.411595, -22.197419], [-60.4094123, -22.0080891], [-60.144874, -22.010847], [-60.144728, -22.039792], [-59.928218, -22.0546678], [-59.925665, -22.238556], [-59.914645, -22.237629], [-59.9073537, -22.3484851], [-59.941415, -22.3488898], [-59.941588, -22.334879], [-60.0547443, -22.3361793], [-60.062002, -22.276084], [-60.115761, -22.26768], [-60.113921, -22.231007], [-60.26325, -22.231361], [-60.293083, -22.198364], [-60.389638, -22.197857], [-60.411595, -22.197419]]]}}, {"id": "1020", "type": "Feature", "properties": {"osm_id": "18352207", "name": "Neuland", "code": 1210, "source": "OSM via Geofabrik", "admin_level": 10, "layer": "barrios_int"}, "geometry": {"type": "MultiPolygon", "coordinates": [[[[-61.4116598, -23.1496356], [-61.4108841, -22.9899773], [-61.2323562, -22.9897007], [-61.2306825, -23.2277555], [-61.3791052, -23.2287808], [-61.3796202, -23.1519167], [-61.4116598, -23.1496356]]], [[[-61.1638096, -22.9856519], [-61.1184266, -22.9847827], [-61.1181477, -23.0749499], [-61.1622581, -23.075839], [-61.1638096, -22.9856519]]], [[[-61.0182614, -23.1174609], [-60.9899373, -23.1175596], [-60.9920402, -23.1912877], [-61.014898, -23.185867], [-61.0182614, -23.1174609]]], [[[-60.8254329, -23.0671446], [-60.7872811, -23.0670657], [-60.7761875, -23.0092485], [-60.7522622, -23.0044293], [-60.757412, -22.9833926], [-60.6756369, -22.9859013], [-60.6755074, -23.0729906], [-60.8253256, -23.0727513], [-60.8254329, -23.0671446]]], [[[-60.7641469, -22.9452385], [-60.7640396, -22.906128], [-60.7339774, -22.9063256], [-60.7211887, -22.9114251], [-60.7208038, -22.9456553], [-60.7641469, -22.9452385]]], [[[-60.7220753, -22.6733378], [-60.7220109, -22.6321885], [-60.6493982, -22.6346048], [-60.6492479, -22.6734566], [-60.7220753, -22.6733378]]], [[[-60.6794704, -22.8262662], [-60.5951717, -22.8294986], [-60.5951502, -22.6644607], [-60.5540373, -22.6643023], [-60.55393, -22.6735489], [-60.5372574, -22.6739647], [-60.5360987, -22.7126075], [-60.4692151, -22.7126669], [-60.4695799, -22.6957026], [-60.3953149, -22.6930895], [-60.3843071, -22.6819832], [-60.3842821, -22.5504395], [-60.3098247, -22.5503491], [-60.3097105, -22.5105844], [-60.0896472, -22.5091081], [-60.0892473, -22.5502606], [-60.0213264, -22.5504874], [-60.0203316, -22.5894427], [-60.0680623, -22.5895632], [-60.0695299, -22.6344075], [-59.98413, -22.6343774], [-59.9836734, -22.6736851], [-59.9629798, -22.6735497], [-59.9630451, -22.7121843], [-59.9205816, -22.7120941], [-59.9208099, -22.790383], [-59.7522151, -22.7906086], [-59.7522006, -22.8686458], [-59.8846954, -22.8684306], [-59.8835839, -22.8113902], [-59.9213708, -22.8163152], [-59.9210704, -22.8293487], [-60.04533, -22.8320186], [-60.0458292, -22.8092673], [-60.1010655, -22.8101083], [-60.1009794, -22.8299086], [-60.1741691, -22.8300518], [-60.1741802, -22.868112], [-60.5419717, -22.8687249], [-60.542594, -22.9469957], [-60.6372438, -22.9468376], [-60.6372235, -22.9055708], [-60.6791648, -22.905113], [-60.6794704, -22.8262662]], [[-60.6372779, -22.8677353], [-60.6372535, -22.8882813], [-60.5952424, -22.8886319], [-60.5952638, -22.8689018], [-60.6372779, -22.8677353]]], [[[-60.6755123, -23.0874976], [-60.6324039, -23.0874976], [-60.6292925, -23.1164319], [-60.5906687, -23.1165898], [-60.5907331, -23.1480828], [-60.6755056, -23.1478926], [-60.6755123, -23.0874976]]], [[[-60.5955935, -22.5645439], [-60.547142, -22.5644052], [-60.5478072, -22.6352258], [-60.5952181, -22.6344499], [-60.5955935, -22.5645439]]], [[[-60.5259609, -22.5493612], [-60.5184936, -22.5492027], [-60.518794, -22.5366975], [-60.489633, -22.5367569], [-60.4898476, -22.5055582], [-60.48105, -22.5055186], [-60.4817795, -22.5367371], [-60.4720807, -22.5367569], [-60.471909, -22.5505305], [-60.4895258, -22.550689], [-60.4894185, -22.5734371], [-60.5257892, -22.5732984], [-60.5259609, -22.5493612]]], [[[-60.1998768, -22.9472887], [-60.1772364, -22.9472548], [-60.1767713, -22.9858187], [-60.1998168, -22.9859174], [-60.1998768, -22.9472887]]]]}}, {"id": "1024", "type": "Feature", "properties": {"osm_id": "18352295", "name": "Fernheim", "code": 1210, "source": "OSM via Geofabrik", "admin_level": 10, "layer": "barrios_int"}, "geometry": {"type": "MultiPolygon", "coordinates": [[[[-60.8330725, -22.4664605], [-60.8330081, -22.427352], [-60.7909511, -22.4273916], [-60.7908009, -22.3881332], [-60.7485293, -22.388034], [-60.7487224, -22.3490423], [-60.7278441, -22.3490225], [-60.7276295, -22.3879745], [-60.7065366, -22.3879547], [-60.7063221, -22.4270544], [-60.6644152, -22.4269156], [-60.6646942, -22.3681328], [-60.706601, -22.368232], [-60.7067297, -22.3490225], [-60.6647156, -22.3488836], [-60.6651448, -22.270788], [-60.7487868, -22.270093], [-60.748701, -22.2316841], [-60.6652735, -22.2315451], [-60.6653379, -22.1950925], [-60.4468773, -22.1949535], [-60.411322, -22.2246923], [-60.4114317, -22.1146769], [-60.3274275, -22.1145892], [-60.3272558, -22.1736376], [-60.2822591, -22.1735581], [-60.2820016, -22.1934473], [-60.2428843, -22.1933877], [-60.2429487, -22.1540437], [-60.2014281, -22.1539642], [-60.2015353, -22.1136946], [-60.1596071, -22.1134163], [-60.1595641, -22.1539443], [-60.0754501, -22.1539045], [-60.0752355, -22.0537858], [-60.0332214, -22.0541438], [-60.0331784, -22.07576], [-59.970286, -22.0759191], [-59.9704148, -22.1150067], [-59.9284284, -22.1151381], [-59.9282933, -22.076615], [-59.9570037, -22.0766747], [-59.957026, -22.0615879], [-59.9458394, -22.0616181], [-59.9523994, -22.0545342], [-59.9493423, -21.9453721], [-59.9081407, -21.9453933], [-59.9081622, -21.9769956], [-59.8485742, -21.9770354], [-59.848262, -22.054368], [-59.908239, -22.054306], [-59.9078796, -22.076078], [-59.8658869, -22.0753224], [-59.8645152, -22.1624638], [-59.890243, -22.1630599], [-59.8905004, -22.2324963], [-59.7390875, -22.2326083], [-59.7391631, -22.3491751], [-59.9680385, -22.3490877], [-59.9680056, -22.366563], [-59.9913086, -22.3667416], [-59.9914373, -22.4667557], [-59.9629415, -22.4668747], [-59.9630341, -22.5895651], [-59.9230533, -22.5895207], [-59.9161604, -22.6734591], [-59.8787671, -22.6723144], [-59.8786987, -22.7056675], [-59.8673262, -22.711685], [-59.7521199, -22.7108338], [-59.7522151, -22.7906086], [-59.9208099, -22.790383], [-59.9205816, -22.7120941], [-59.9630451, -22.7121843], [-59.9629798, -22.6735497], [-59.9836734, -22.6736851], [-59.98413, -22.6343774], [-60.0695299, -22.6344075], [-60.0680623, -22.5895632], [-60.0203316, -22.5894427], [-60.0213264, -22.5504874], [-60.0892473, -22.5502606], [-60.0896472, -22.5091081], [-60.2286742, -22.5107615], [-60.228803, -22.4673528], [-60.453615, -22.4680468], [-60.4535721, -22.4294941], [-60.4112147, -22.4294544], [-60.4111718, -22.3903553], [-60.2844642, -22.3897006], [-60.2848719, -22.3196277], [-60.3972672, -22.2342662], [-60.5792497, -22.2340676], [-60.5794643, -22.2731708], [-60.6231307, -22.2732105], [-60.6228732, -22.319846], [-60.580108, -22.3193895], [-60.5793891, -22.3886444], [-60.6225728, -22.3884705], [-60.6224008, -22.4273082], [-60.6643206, -22.4274445], [-60.6643307, -22.4665083], [-60.8330725, -22.4664605]]], [[[-60.5831706, -21.8823837], [-60.5691158, -21.6083763], [-60.2901875, -21.6082367], [-60.2902519, -21.7918565], [-60.0025635, -21.7916923], [-60.0025062, -21.9454098], [-60.0341116, -21.9453106], [-60.0341116, -21.8429532], [-60.1462065, -21.8427341], [-60.1450478, -21.96959], [-60.1833498, -21.9703661], [-60.1836716, -21.951341], [-60.2401911, -21.9514803], [-60.2402126, -21.88095], [-60.3140699, -21.8822244], [-60.3132545, -21.92252], [-60.3846871, -21.923993], [-60.3835928, -21.9778878], [-60.4364645, -21.9779077], [-60.436443, -21.8433913], [-60.5619918, -21.8432718], [-60.5619918, -21.8823439], [-60.5831706, -21.8823837]]], [[[-59.7042515, -21.5154902], [-59.6211869, -21.5148642], [-59.6215174, -21.5545647], [-59.6626434, -21.5547058], [-59.6628814, -21.5924656], [-59.7040805, -21.5928333], [-59.7042515, -21.5154902]]], [[[-59.5710139, -22.3100684], [-59.486536, -22.2598525], [-59.4862701, -22.1546051], [-59.4444062, -22.154625], [-59.4442345, -22.1155484], [-59.3987013, -22.1156676], [-59.367745, -22.076228], [-59.241472, -22.13127], [-59.305312, -22.1518155], [-59.3598497, -22.1847354], [-59.3599463, -22.2447616], [-59.3181935, -22.245078], [-59.3159431, -22.3164816], [-59.1786504, -22.3164205], [-59.1785861, -22.3556594], [-59.3118168, -22.3558579], [-59.3117738, -22.5120288], [-59.537275, -22.5110181], [-59.5368244, -22.4672426], [-59.5706631, -22.4673418], [-59.5710123, -22.3107832], [-59.5710139, -22.3100684]]], [[[-59.108352, -22.1553227], [-59.108352, -22.1161071], [-59.0664023, -22.1161867], [-59.066295, -22.1553823], [-58.9813058, -22.1586106], [-58.9806053, -22.19293], [-58.95565, -22.192175], [-58.9547703, -22.2315283], [-59.1051649, -22.2342957], [-59.1067856, -22.1554817], [-59.108352, -22.1553227]]]]}}, {"id": "1025", "type": "Feature", "properties": {"osm_id": "18351263", "name": "Menno", "code": 1210, "source": "OSM via Geofabrik", "admin_level": 10, "layer": "barrios_int"}, "geometry": {"type": "MultiPolygon", "coordinates": [[[[-60.1262447, -23.3367199], [-60.1219746, -23.2932299], [-60.0239533, -23.2940722], [-60.0406696, -23.336972], [-60.1262447, -23.3367199]]], [[[-60.0107599, -23.2584925], [-59.982161, -23.181383], [-59.9066922, -23.1816564], [-59.9069282, -23.2590948], [-60.0107599, -23.2584925]]], [[[-59.9914373, -22.4667557], [-59.9913086, -22.3667416], [-59.9680056, -22.366563], [-59.9680385, -22.3490877], [-59.7391631, -22.3491751], [-59.7390875, -22.2326083], [-59.8905004, -22.2324963], [-59.890243, -22.1630599], [-59.8645152, -22.1624638], [-59.8641929, -22.1540818], [-59.8037578, -22.1538698], [-59.8033093, -22.1160121], [-59.7815706, -22.1158267], [-59.7815491, -22.0861841], [-59.8063955, -22.0858823], [-59.8061611, -22.0762422], [-59.8239924, -22.0756059], [-59.82425, -22.0547306], [-59.77037, -22.0553996], [-59.7703911, -22.0268405], [-59.7367884, -22.0268405], [-59.7366812, -22.055541], [-59.416363, -22.056525], [-59.367745, -22.076228], [-59.3987013, -22.1156676], [-59.4442345, -22.1155484], [-59.4444062, -22.154625], [-59.4862701, -22.1546051], [-59.486536, -22.2598525], [-59.5710139, -22.3100684], [-59.5706631, -22.4673418], [-59.5368244, -22.4672426], [-59.537275, -22.5110181], [-59.331874, -22.511953], [-59.3240608, -22.6340933], [-59.3317377, -22.634097], [-59.3318044, -22.6731409], [-59.3519987, -22.6731806], [-59.3526424, -22.7613189], [-59.4033255, -22.7599932], [-59.4020595, -22.7914902], [-59.4594587, -22.7914111], [-59.45933, -22.7120413], [-59.5057, -22.7116076], [-59.5049549, -22.6339795], [-59.5886771, -22.6337897], [-59.5890289, -22.6725725], [-59.6809234, -22.6724282], [-59.6812667, -22.7024014], [-59.718131, -22.7024409], [-59.7521628, -22.673537], [-59.7521199, -22.7108338], [-59.8673262, -22.711685], [-59.8786987, -22.7056675], [-59.8788704, -22.6343683], [-59.7522916, -22.6330809], [-59.7520555, -22.5883932], [-59.7887267, -22.5881356], [-59.7885765, -22.5634085], [-59.8123087, -22.5582168], [-59.8112358, -22.5490219], [-59.8362984, -22.5490021], [-59.8367275, -22.5768029], [-59.9627913, -22.5134057], [-59.9629415, -22.4668747], [-59.9914373, -22.4667557]]], [[[-59.9626688, -22.9109491], [-59.9626343, -22.8684025], [-59.9087326, -22.8684219], [-59.9088614, -22.9111371], [-59.9626688, -22.9109491]]], [[[-59.9073421, -23.3753216], [-59.9071061, -23.2800546], [-59.8674952, -23.2798575], [-59.8674737, -23.2628067], [-59.8618947, -23.2628067], [-59.8619162, -23.2799561], [-59.8219835, -23.2799561], [-59.8221766, -23.3398237], [-59.8030578, -23.339804], [-59.8030364, -23.3579284], [-59.7787034, -23.3577117], [-59.7787892, -23.3395479], [-59.7420107, -23.3393114], [-59.7426545, -23.1821947], [-59.7877799, -23.1821158], [-59.7878014, -23.1626259], [-59.8018562, -23.1622511], [-59.8034011, -23.1115403], [-59.7693478, -23.1114417], [-59.7697126, -23.084421], [-59.7523104, -23.0844012], [-59.752289, -23.0538805], [-59.7382556, -23.0538212], [-59.7382127, -23.0056768], [-59.7810422, -23.0053212], [-59.7804629, -22.9473393], [-59.7475468, -22.9473788], [-59.7488343, -22.8695234], [-59.7342001, -22.8696421], [-59.7343289, -22.8637502], [-59.7488986, -22.8635525], [-59.7496711, -22.8442143], [-59.7202956, -22.8401604], [-59.7162186, -22.8514714], [-59.7055756, -22.8516493], [-59.7055112, -22.8361262], [-59.6954476, -22.8361856], [-59.6934735, -22.8437397], [-59.6836459, -22.8405164], [-59.6912848, -22.8326852], [-59.6911775, -22.8153205], [-59.6182643, -22.8153205], [-59.6176635, -22.8695234], [-59.543656, -22.869385], [-59.5436131, -22.9473986], [-59.6763073, -22.9474578], [-59.6765005, -22.9852526], [-59.6341859, -22.9858057], [-59.6340786, -23.030778], [-59.5221125, -23.0261176], [-59.5222413, -23.0620937], [-59.4713866, -23.0682336], [-59.4660865, -23.0309557], [-59.4464098, -23.0309952], [-59.4466244, -23.1927275], [-59.3174063, -23.1926288], [-59.3196808, -23.376011], [-59.3938385, -23.3761095], [-59.39386, -23.2909936], [-59.499303, -23.2913878], [-59.4997536, -23.3473496], [-59.5661222, -23.3549735], [-59.5966779, -23.3547962], [-59.5969783, -23.3012813], [-59.6392285, -23.3011434], [-59.6386277, -23.3757549], [-59.6901046, -23.3758731], [-59.691156, -23.4150042], [-59.7480403, -23.4149254], [-59.7481691, -23.3758534], [-59.9073421, -23.3753216]]], [[[-59.8274525, -21.976092], [-59.8273554, -21.9453641], [-59.7626176, -21.9451451], [-59.7625961, -21.9759913], [-59.8274525, -21.976092]]], [[[-59.7985346, -21.8552836], [-59.7366292, -21.8553234], [-59.7366292, -21.8021393], [-59.783128, -21.8021194], [-59.7830636, -21.7477197], [-59.7098071, -21.74475], [-59.7096998, -21.6779663], [-59.7778708, -21.6779463], [-59.7777635, -21.6299426], [-59.7867114, -21.6299027], [-59.7776777, -21.593216], [-59.7879345, -21.5931761], [-59.788192, -21.5151237], [-59.7042515, -21.5154902], [-59.7040805, -21.5928333], [-59.6628814, -21.5924656], [-59.6626434, -21.5547058], [-59.6215174, -21.5545647], [-59.6211869, -21.5148642], [-59.5384676, -21.5129478], [-59.5373303, -21.5913406], [-59.5955021, -21.5918793], [-59.5955879, -21.6462581], [-59.4076831, -21.6461185], [-59.406975, -21.8105864], [-59.0117032, -21.8035937], [-59.0112955, -21.8216823], [-58.9726717, -21.8212241], [-58.9724571, -21.8359444], [-58.8984496, -21.8470981], [-58.8787944, -21.8599039], [-58.7583739, -21.8670531], [-58.7627298, -21.9597815], [-58.770991, -21.9601198], [-58.8797385, -21.9374709], [-58.9649684, -21.939521], [-58.9721567, -21.8624132], [-59.0483744, -21.8583107], [-59.0486748, -22.0759946], [-59.217611, -22.0763326], [-59.217611, -21.9445366], [-59.4065887, -21.9440589], [-59.4068462, -21.8502847], [-59.6439964, -21.850464], [-59.6440179, -21.8193317], [-59.5956308, -21.8191723], [-59.5955665, -21.7602753], [-59.6679217, -21.7600561], [-59.6697027, -21.8862886], [-59.7365219, -21.8862886], [-59.7366479, -21.9075905], [-59.7925908, -21.9078109], [-59.7926552, -21.8868063], [-59.7983844, -21.8867067], [-59.7985346, -21.8552836]]], [[[-59.7503635, -22.8145269], [-59.7179384, -22.8135858], [-59.7179384, -22.826046], [-59.7276802, -22.826224], [-59.7275943, -22.8352223], [-59.7436876, -22.8352421], [-59.7438378, -22.8172053], [-59.7502322, -22.8174426], [-59.7503635, -22.8145269]]], [[[-59.6697721, -21.9760133], [-59.669536, -21.9135977], [-59.6560821, -21.9136176], [-59.6561464, -21.8862624], [-59.5956358, -21.8863619], [-59.5955714, -21.9759138], [-59.6697721, -21.9760133]]], [[[-59.3124379, -22.6340876], [-59.3121996, -22.5630036], [-59.2928019, -22.5617552], [-59.2861071, -22.5503212], [-59.2051902, -22.5503411], [-59.2053404, -22.5614184], [-59.183239, -22.5615174], [-59.179441, -22.5886422], [-59.1792908, -22.6339636], [-59.2148891, -22.6340402], [-59.2152538, -22.5890582], [-59.247612, -22.5890384], [-59.2476335, -22.5699982], [-59.2924371, -22.5705728], [-59.2921152, -22.5891573], [-59.2768588, -22.5891374], [-59.2756786, -22.6340698], [-59.3124379, -22.6340876]]], [[[-59.2691286, -22.7136931], [-59.2059213, -22.7136025], [-59.2056568, -22.8506294], [-59.2690592, -22.8505159], [-59.2691286, -22.7136931]]], [[[-59.1700437, -22.9483106], [-59.0959609, -22.9462233], [-59.0992713, -22.986507], [-59.1699979, -22.9868542], [-59.1700437, -22.9483106]]], [[[-59.1216183, -22.9152606], [-59.1215325, -22.8430227], [-58.9462447, -22.8431018], [-58.9445067, -22.9146479], [-58.9945674, -22.9165057], [-58.9922071, -22.9488952], [-59.0443278, -22.9483814], [-59.0445853, -22.9178101], [-59.1216183, -22.9152606]]]]}}, {"id": "1026", "type": "Feature", "properties": {"osm_id": "3683447", "name": "La Catedral", "code": 1210, "source": "OSM via Geofabrik", "admin_level": 10, "layer": "barrios_int"}, "geometry": {"type": "Polygon", "coordinates": [[[-57.6399553, -25.2873598], [-57.6344531, -25.2786881], [-57.6272486, -25.2807771], [-57.6333058, -25.291183], [-57.639091, -25.2878487], [-57.6399553, -25.2873598]]]}}, {"id": "1027", "type": "Feature", "properties": {"osm_id": "3683423", "name": "Ricardo Brugada", "code": 1210, "source": "OSM via Geofabrik", "admin_level": 10, "layer": "barrios_int"}, "geometry": {"type": "Polygon", "coordinates": [[[-57.6344531, -25.2786881], [-57.6176181, -25.2762754], [-57.6191202, -25.2895095], [-57.6342637, -25.278667], [-57.6344531, -25.2786881]]]}}, {"id": "1033", "type": "Feature", "properties": {"osm_id": "18558612", "name": "Barrio 36 Cajitas", "code": 1210, "source": "OSM via Geofabrik", "admin_level": 10, "layer": "barrios_int"}, "geometry": {"type": "Polygon", "coordinates": [[[-55.5956312, -27.3669315], [-55.5873436, -27.3598894], [-55.5821877, -27.3696406], [-55.5901876, -27.3743232], [-55.5956312, -27.3669315]]]}}, {"id": "1034", "type": "Feature", "properties": {"osm_id": "18558670", "name": "Barrio Mart\u00edn Chico", "code": 1210, "source": "OSM via Geofabrik", "admin_level": 10, "layer": "barrios_int"}, "geometry": {"type": "Polygon", "coordinates": [[[-55.5874077, -27.3608375], [-55.5798881, -27.3567807], [-55.5727789, -27.3637054], [-55.5819, -27.3687346], [-55.5873745, -27.36112], [-55.5874077, -27.3608375]]]}}, {"id": "1035", "type": "Feature", "properties": {"osm_id": "18558671", "name": "Barrio Comunidad Aborigen  Yvytemi", "code": 1210, "source": "OSM via Geofabrik", "admin_level": 10, "layer": "barrios_int"}, "geometry": {"type": "Polygon", "coordinates": [[[-55.5812435, -27.3696192], [-55.5682976, -27.3680779], [-55.5758279, -27.3765594], [-55.5808871, -27.3701132], [-55.5812435, -27.3696192]]]}}, {"id": "1037", "type": "Feature", "properties": {"osm_id": "18558681", "name": "Barrio San Pantale\u00f3n", "code": 1210, "source": "OSM via Geofabrik", "admin_level": 10, "layer": "barrios_int"}, "geometry": {"type": "Polygon", "coordinates": [[[-55.5901876, -27.3743232], [-55.5821877, -27.3696406], [-55.5764125, -27.3765453], [-55.5878916, -27.3775984], [-55.5901876, -27.3743232]]]}}, {"id": "1038", "type": "Feature", "properties": {"osm_id": "18558738", "name": "Barrio Establecimiento CBS\u00e9", "code": 1210, "source": "OSM via Geofabrik", "admin_level": 10, "layer": "barrios_int"}, "geometry": {"type": "Polygon", "coordinates": [[[-55.5895067, -27.3827869], [-55.5873279, -27.3856871], [-55.5895067, -27.3827869]]]}}, {"id": "1039", "type": "Feature", "properties": {"osm_id": "11855414", "name": "Santo Domingo", "code": 1210, "source": "OSM via Geofabrik", "admin_level": 10, "layer": "barrios_int"}, "geometry": {"type": "Polygon", "coordinates": [[[-54.6521114, -25.4075551], [-54.6439959, -25.4064604], [-54.6521027, -25.4076397], [-54.6521114, -25.4075551]]]}}, {"id": "1040", "type": "Feature", "properties": {"osm_id": "10390579", "name": "Solares de Amambay", "code": 1210, "source": "OSM via Geofabrik", "admin_level": 10, "layer": "barrios_int"}, "geometry": {"type": "Polygon", "coordinates": [[[-55.7778612, -22.5677192], [-55.7609804, -22.5613488], [-55.7652106, -22.5709168], [-55.7515387, -22.5708293], [-55.7502199, -22.5809574], [-55.7586717, -22.5834926], [-55.7777824, -22.5676965], [-55.7778612, -22.5677192]]]}}, {"id": "1041", "type": "Feature", "properties": {"osm_id": "18757132", "name": "Barrio 25 Viviendas", "code": 1210, "source": "OSM via Geofabrik", "admin_level": 10, "layer": "barrios_int"}, "geometry": {"type": "Polygon", "coordinates": [[[-55.542817, -27.2676099], [-55.5422442, -27.2681112], [-55.542817, -27.2676099]]]}}, {"id": "1042", "type": "Feature", "properties": {"osm_id": "18757134", "name": "42 Viviendas Itat\u00ed", "code": 1210, "source": "OSM via Geofabrik", "admin_level": 10, "layer": "barrios_int"}, "geometry": {"type": "Polygon", "coordinates": [[[-55.5435799, -27.2651731], [-55.5429447, -27.2657262], [-55.5435799, -27.2651731]]]}}, {"id": "1043", "type": "Feature", "properties": {"osm_id": "18757133", "name": "Barrio 10 Viviendas", "code": 1210, "source": "OSM via Geofabrik", "admin_level": 10, "layer": "barrios_int"}, "geometry": {"type": "Polygon", "coordinates": [[[-55.5445388, -27.2660147], [-55.5439183, -27.2665937], [-55.5445388, -27.2660147]]]}}, {"id": "1044", "type": "Feature", "properties": {"osm_id": "18757147", "name": "Barrio Gendarmer\u00eda", "code": 1210, "source": "OSM via Geofabrik", "admin_level": 10, "layer": "barrios_int"}, "geometry": null}, {"id": "1045", "type": "Feature", "properties": {"osm_id": "18757323", "name": "Barrio Centro", "code": 1210, "source": "OSM via Geofabrik", "admin_level": 10, "layer": "barrios_int"}, "geometry": {"type": "Polygon", "coordinates": [[[-55.5452634, -27.2618893], [-55.5353597, -27.2543636], [-55.5445923, -27.2624884], [-55.5452634, -27.2618893]]]}}, {"id": "1046", "type": "Feature", "properties": {"osm_id": "18757164", "name": "Barrio Loteo Gruber", "code": 1210, "source": "OSM via Geofabrik", "admin_level": 10, "layer": "barrios_int"}, "geometry": {"type": "Polygon", "coordinates": [[[-55.5426416, -27.2511705], [-55.542407, -27.2513261], [-55.5426416, -27.2511705]]]}}, {"id": "1047", "type": "Feature", "properties": {"osm_id": "18757327", "name": "Barrio 28 Viviendas Juan M. Rosas", "code": 1210, "source": "OSM via Geofabrik", "admin_level": 10, "layer": "barrios_int"}, "geometry": {"type": "Polygon", "coordinates": [[[-55.5408571, -27.2536884], [-55.5404071, -27.2540926], [-55.5408571, -27.2536884]]]}}, {"id": "1048", "type": "Feature", "properties": {"osm_id": "18757330", "name": "Barrio Hospital", "code": 1210, "source": "OSM via Geofabrik", "admin_level": 10, "layer": "barrios_int"}, "geometry": {"type": "Polygon", "coordinates": [[[-55.5417864, -27.2553003], [-55.541369, -27.2556854], [-55.5417864, -27.2553003]]]}}, {"id": "1049", "type": "Feature", "properties": {"osm_id": "18757329", "name": "Barrio 30 Viviendas Bosque Alegre", "code": 1210, "source": "OSM via Geofabrik", "admin_level": 10, "layer": "barrios_int"}, "geometry": {"type": "Polygon", "coordinates": [[[-55.5423982, -27.2558433], [-55.5419655, -27.2562101], [-55.5423982, -27.2558433]]]}}, {"id": "1050", "type": "Feature", "properties": {"osm_id": "18757328", "name": "Barrio Loteo Alcaraz", "code": 1210, "source": "OSM via Geofabrik", "admin_level": 10, "layer": "barrios_int"}, "geometry": {"type": "Polygon", "coordinates": [[[-55.542844, -27.255443], [-55.5426745, -27.2556091], [-55.542844, -27.255443]]]}}, {"id": "1051", "type": "Feature", "properties": {"osm_id": "8368390", "name": "Colonia 22", "code": 1210, "source": "OSM via Geofabrik", "admin_level": 10, "layer": "barrios_int"}, "geometry": {"type": "Polygon", "coordinates": [[[-60.2727186, -22.3292822], [-60.26325, -22.231361], [-60.113921, -22.231007], [-60.114231, -22.332306], [-60.202515, -22.316477], [-60.203055, -22.331168], [-60.215866, -22.331335], [-60.229551, -22.361839], [-60.2605753, -22.338485], [-60.2727186, -22.3292822]]]}}, {"id": "1052", "type": "Feature", "properties": {"osm_id": "10391275", "name": "Colonia Potrero Sur", "code": 1210, "source": "OSM via Geofabrik", "admin_level": 10, "layer": "barrios_int"}, "geometry": {"type": "Polygon", "coordinates": [[[-55.7324988, -22.6327564], [-55.686804, -22.6068869], [-55.6896374, -22.5945573], [-55.6829396, -22.5889504], [-55.655618, -22.6055291], [-55.7134962, -22.6527659], [-55.7169104, -22.6490041], [-55.7324988, -22.6327564]]]}}, {"id": "1053", "type": "Feature", "properties": {"osm_id": "10390944", "name": "Villa Teresa", "code": 1210, "source": "OSM via Geofabrik", "admin_level": 10, "layer": "barrios_int"}, "geometry": {"type": "Polygon", "coordinates": [[[-55.710727, -22.5729332], [-55.7049116, -22.5681622], [-55.688637, -22.5811075], [-55.6860368, -22.5989024], [-55.7099748, -22.5736972], [-55.710727, -22.5729332]]]}}, {"id": "1054", "type": "Feature", "properties": {"osm_id": "8368660", "name": "15 de Agosto", "code": 1210, "source": "OSM via Geofabrik", "admin_level": 10, "layer": "barrios_int"}, "geometry": {"type": "Polygon", "coordinates": [[[-60.4148176, -22.2215591], [-60.411595, -22.197419], [-60.293083, -22.198364], [-60.26325, -22.231361], [-60.2727186, -22.3292822], [-60.4109314, -22.2245113], [-60.4148176, -22.2215591]]]}}, {"id": "1055", "type": "Feature", "properties": {"osm_id": "8368387", "name": "Colonia 8", "code": 1210, "source": "OSM via Geofabrik", "admin_level": 10, "layer": "barrios_int"}, "geometry": {"type": "Polygon", "coordinates": [[[-60.229551, -22.361839], [-60.215866, -22.331335], [-60.203055, -22.331168], [-60.202515, -22.316477], [-60.096795, -22.337456], [-60.075168, -22.376533], [-60.10018, -22.380382], [-60.074587, -22.408042], [-60.1185725, -22.4451446], [-60.218081, -22.3704611], [-60.229551, -22.361839]]]}}, {"id": "1057", "type": "Feature", "properties": {"osm_id": "8372936", "name": "Laguna Negra", "code": 1210, "source": "OSM via Geofabrik", "admin_level": 10, "layer": "barrios_int"}, "geometry": {"type": "Polygon", "coordinates": [[[-60.68836, -22.200451], [-60.4132266, -22.218204], [-60.083112, -22.4668973], [-60.084347, -22.492792], [-60.549461, -22.4847], [-60.567123, -22.485895], [-60.567179, -22.494287], [-60.600153, -22.491933], [-60.599933, -22.478998], [-60.668732, -22.479073], [-60.679195, -22.231481], [-60.68836, -22.200451]]]}}, {"id": "1059", "type": "Feature", "properties": {"osm_id": "4830153", "name": "Centinela", "code": 1210, "source": "OSM via Geofabrik", "admin_level": 10, "layer": "barrios_int"}, "geometry": {"type": "Polygon", "coordinates": [[[-55.9472616, -27.3979315], [-55.947154, -27.3981235], [-55.9472616, -27.3979315]]]}}, {"id": "1060", "type": "Feature", "properties": {"osm_id": "9408650", "name": "Residencial Kamel Saad", "code": 1210, "source": "OSM via Geofabrik", "admin_level": 10, "layer": "barrios_int"}, "geometry": {"type": "Polygon", "coordinates": [[[-55.7433566, -22.4838009], [-55.7319808, -22.4867332], [-55.7433068, -22.4845497], [-55.7433566, -22.4838009]]]}}, {"id": "1061", "type": "Feature", "properties": {"osm_id": "11855410", "name": "Nuestra Se\u00f1ora de la Asunci\u00f3n", "code": 1210, "source": "OSM via Geofabrik", "admin_level": 10, "layer": "barrios_int"}, "geometry": {"type": "Polygon", "coordinates": [[[-54.649057, -25.4018113], [-54.6355147, -25.3999761], [-54.6389124, -25.4073168], [-54.6487434, -25.4021018], [-54.649057, -25.4018113]]]}}, {"id": "1062", "type": "Feature", "properties": {"osm_id": "17987888", "name": "Barrio Rivera del Paran\u00e1", "code": 1210, "source": "OSM via Geofabrik", "admin_level": 10, "layer": "barrios_int"}, "geometry": {"type": "Polygon", "coordinates": [[[-54.5942328, -25.6076283], [-54.5895685, -25.5959358], [-54.5941101, -25.6079903], [-54.5942328, -25.6076283]]]}}, {"id": "1065", "type": "Feature", "properties": {"osm_id": "18294070", "name": "Barrio Los Trabajadores", "code": 1210, "source": "OSM via Geofabrik", "admin_level": 10, "layer": "barrios_int"}, "geometry": {"type": "Polygon", "coordinates": [[[-54.5746301, -25.6232574], [-54.5697268, -25.6172311], [-54.5743091, -25.6233558], [-54.5746301, -25.6232574]]]}}, {"id": "1066", "type": "Feature", "properties": {"osm_id": "18294071", "name": "Barrio Industrial", "code": 1210, "source": "OSM via Geofabrik", "admin_level": 10, "layer": "barrios_int"}, "geometry": {"type": "Polygon", "coordinates": [[[-54.5772019, -25.6144006], [-54.5668036, -25.6160541], [-54.5771643, -25.6155372], [-54.5772019, -25.6144006]]]}}, {"id": "1067", "type": "Feature", "properties": {"osm_id": "5501262", "name": "Nazareno", "code": 1210, "source": "OSM via Geofabrik", "admin_level": 10, "layer": "barrios_int"}, "geometry": {"type": "Polygon", "coordinates": [[[-55.9150986, -27.4066077], [-55.9138968, -27.4067412], [-55.9150986, -27.4066077]]]}}, {"id": "1068", "type": "Feature", "properties": {"osm_id": "5500836", "name": "Malagrida", "code": 1210, "source": "OSM via Geofabrik", "admin_level": 10, "layer": "barrios_int"}, "geometry": {"type": "Polygon", "coordinates": [[[-55.9138847, -27.403255], [-55.913825, -27.403262], [-55.9138847, -27.403255]]]}}, {"id": "1069", "type": "Feature", "properties": {"osm_id": "4836859", "name": "Apos", "code": 1210, "source": "OSM via Geofabrik", "admin_level": 10, "layer": "barrios_int"}, "geometry": {"type": "Polygon", "coordinates": [[[-55.9270185, -27.3609779], [-55.9266167, -27.3610228], [-55.9270185, -27.3609779]]]}}, {"id": "1070", "type": "Feature", "properties": {"osm_id": "19016311", "name": "Universitario", "code": 1210, "source": "OSM via Geofabrik", "admin_level": 10, "layer": "barrios_int"}, "geometry": {"type": "Polygon", "coordinates": [[[-55.6452067, -27.0599338], [-55.6450722, -27.0600773], [-55.6452067, -27.0599338]]]}}, {"id": "1071", "type": "Feature", "properties": {"osm_id": "18064276", "name": "Hohenau 3", "code": 1210, "source": "OSM via Geofabrik", "admin_level": 10, "layer": "barrios_int"}, "geometry": {"type": "Polygon", "coordinates": [[[-55.7183647, -27.0125123], [-55.7103103, -26.9955459], [-55.6427723, -27.0576054], [-55.6713351, -27.0760408], [-55.6860116, -27.0672326], [-55.6852375, -27.0765639], [-55.6921914, -27.0777126], [-55.6883719, -27.0720858], [-55.6981014, -27.0744335], [-55.7017186, -27.0664014], [-55.6767746, -27.0573441], [-55.6824067, -27.0480471], [-55.6986931, -27.0535317], [-55.6943264, -27.0485631], [-55.7054506, -27.0454456], [-55.6948629, -27.0433553], [-55.7031514, -27.0393129], [-55.7026847, -27.0234221], [-55.718043, -27.012636], [-55.7183647, -27.0125123]]]}}, {"id": "1072", "type": "Feature", "properties": {"osm_id": "19016650", "name": "Colinas del Sur", "code": 1210, "source": "OSM via Geofabrik", "admin_level": 10, "layer": "barrios_int"}, "geometry": {"type": "Polygon", "coordinates": [[[-55.6592187, -27.0650949], [-55.6437351, -27.0669027], [-55.6473026, -27.0741218], [-55.6580322, -27.0660182], [-55.6592187, -27.0650949]]]}}, {"id": "1073", "type": "Feature", "properties": {"osm_id": "19016649", "name": "El Mirador", "code": 1210, "source": "OSM via Geofabrik", "admin_level": 10, "layer": "barrios_int"}, "geometry": {"type": "Polygon", "coordinates": [[[-55.6543231, -27.0748058], [-55.6473026, -27.0741218], [-55.6542005, -27.0749173], [-55.6543231, -27.0748058]]]}}, {"id": "1074", "type": "Feature", "properties": {"osm_id": "10189977", "name": "Naranjat\u00fd", "code": 1210, "source": "OSM via Geofabrik", "admin_level": 10, "layer": "barrios_int"}, "geometry": {"type": "Polygon", "coordinates": [[[-57.5659023, -25.4212523], [-57.5543718, -25.4144499], [-57.5599753, -25.4241425], [-57.5656558, -25.421374], [-57.5659023, -25.4212523]]]}}, {"id": "1075", "type": "Feature", "properties": {"osm_id": "10185049", "name": "Antigua Imagen", "code": 1210, "source": "OSM via Geofabrik", "admin_level": 10, "layer": "barrios_int"}, "geometry": {"type": "Polygon", "coordinates": [[[-57.5695197, -25.4323635], [-57.5520098, -25.4166013], [-57.564107, -25.4357291], [-57.5689693, -25.4327171], [-57.5695197, -25.4323635]]]}}, {"id": "1076", "type": "Feature", "properties": {"osm_id": "3512695", "name": "Villa Poujade", "code": 1210, "source": "OSM via Geofabrik", "admin_level": 10, "layer": "barrios_int"}, "geometry": {"type": "Polygon", "coordinates": [[[-55.9047771, -27.4223227], [-55.8952935, -27.4262195], [-55.9047368, -27.4224846], [-55.9047771, -27.4223227]]]}}, {"id": "1078", "type": "Feature", "properties": {"osm_id": "11855413", "name": "San Pablo", "code": 1210, "source": "OSM via Geofabrik", "admin_level": 10, "layer": "barrios_int"}, "geometry": {"type": "Polygon", "coordinates": [[[-54.649095, -25.4110736], [-54.6389124, -25.4073168], [-54.6421041, -25.4138979], [-54.6490679, -25.4110877], [-54.649095, -25.4110736]]]}}, {"id": "1079", "type": "Feature", "properties": {"osm_id": "11855411", "name": "San Lorenzo", "code": 1210, "source": "OSM via Geofabrik", "admin_level": 10, "layer": "barrios_int"}, "geometry": {"type": "Polygon", "coordinates": [[[-54.6423153, -25.4126233], [-54.6373233, -25.4073221], [-54.6359327, -25.41648], [-54.6415142, -25.4133496], [-54.6423153, -25.4126233]]]}}, {"id": "1080", "type": "Feature", "properties": {"osm_id": "3555182", "name": "Santa Cecilia", "code": 1210, "source": "OSM via Geofabrik", "admin_level": 10, "layer": "barrios_int"}, "geometry": {"type": "Polygon", "coordinates": [[[-55.8980702, -27.4236933], [-55.8870672, -27.4266775], [-55.8980255, -27.4237558], [-55.8980702, -27.4236933]]]}}, {"id": "1081", "type": "Feature", "properties": {"osm_id": "10189981", "name": "Las Garzas", "code": 1210, "source": "OSM via Geofabrik", "admin_level": 10, "layer": "barrios_int"}, "geometry": {"type": "Polygon", "coordinates": [[[-57.5976322, -25.4006852], [-57.5813608, -25.3947214], [-57.5719394, -25.4047384], [-57.5758157, -25.4089442], [-57.5877953, -25.4118843], [-57.5950012, -25.4032572], [-57.5976322, -25.4006852]]]}}, {"id": "1082", "type": "Feature", "properties": {"osm_id": "9412573", "name": "Jardim Estoril", "code": 1210, "source": "OSM via Geofabrik", "admin_level": 10, "layer": "barrios_int"}, "geometry": {"type": "Polygon", "coordinates": [[[-55.7118989, -22.507203], [-55.6965101, -22.4991984], [-55.7044567, -22.5153452], [-55.7117339, -22.507905], [-55.7118989, -22.507203]]]}}, {"id": "1083", "type": "Feature", "properties": {"osm_id": "4836858", "name": "Primero de Mayo", "code": 1210, "source": "OSM via Geofabrik", "admin_level": 10, "layer": "barrios_int"}, "geometry": {"type": "Polygon", "coordinates": [[[-55.9274647, -27.3643451], [-55.926587, -27.3644428], [-55.9274647, -27.3643451]]]}}, {"id": "1084", "type": "Feature", "properties": {"osm_id": "4835740", "name": "Mariano Moreno", "code": 1210, "source": "OSM via Geofabrik", "admin_level": 10, "layer": "barrios_int"}, "geometry": {"type": "Polygon", "coordinates": [[[-55.8915357, -27.3784384], [-55.8877637, -27.3788291], [-55.8915357, -27.3784384]]]}}, {"id": "1085", "type": "Feature", "properties": {"osm_id": "5501263", "name": "Centro", "code": 1210, "source": "OSM via Geofabrik", "admin_level": 10, "layer": "barrios_int"}, "geometry": {"type": "Polygon", "coordinates": [[[-55.9022895, -27.3737815], [-55.9004135, -27.3603137], [-55.8865549, -27.3638485], [-55.8881294, -27.3754863], [-55.9022891, -27.37383], [-55.9022895, -27.3737815]]]}}, {"id": "1089", "type": "Feature", "properties": {"osm_id": "19426754", "name": "Los Colonos", "code": 1210, "source": "OSM via Geofabrik", "admin_level": 10, "layer": "barrios_int"}, "geometry": {"type": "Polygon", "coordinates": [[[-55.6692939, -27.080914], [-55.6592187, -27.0650949], [-55.6475203, -27.0770632], [-55.6692167, -27.0814322], [-55.6692939, -27.080914]]]}}, {"id": "1091", "type": "Feature", "properties": {"osm_id": "19438211", "name": "San Blas", "code": 1210, "source": "OSM via Geofabrik", "admin_level": 10, "layer": "barrios_int"}, "geometry": {"type": "Polygon", "coordinates": [[[-55.6745858, -27.0929322], [-55.6658824, -27.0920931], [-55.6691141, -27.0977684], [-55.6745858, -27.0929322]]]}}, {"id": "1093", "type": "Feature", "properties": {"osm_id": "19444990", "name": "Luis Alberto del Paran\u00e1", "code": 1210, "source": "OSM via Geofabrik", "admin_level": 10, "layer": "barrios_int"}, "geometry": {"type": "Polygon", "coordinates": [[[-55.641102, -27.0675478], [-55.636385, -27.0630692], [-55.6260167, -27.0727727], [-55.6403858, -27.0681112], [-55.641102, -27.0675478]]]}}, {"id": "1094", "type": "Feature", "properties": {"osm_id": "19444988", "name": "Centro", "code": 1210, "source": "OSM via Geofabrik", "admin_level": 10, "layer": "barrios_int"}, "geometry": {"type": "Polygon", "coordinates": [[[-55.6575698, -27.0878244], [-55.6447058, -27.0713738], [-55.6377717, -27.0738205], [-55.6510502, -27.0899327], [-55.6575128, -27.0878282], [-55.6575698, -27.0878244]]]}}, {"id": "1095", "type": "Feature", "properties": {"osm_id": "19016310", "name": "Parque", "code": 1210, "source": "OSM via Geofabrik", "admin_level": 10, "layer": "barrios_int"}, "geometry": {"type": "Polygon", "coordinates": [[[-55.6499024, -27.0622933], [-55.6376288, -27.0623244], [-55.6426027, -27.0691182], [-55.6490666, -27.0629097], [-55.6499024, -27.0622933]]]}}, {"id": "1096", "type": "Feature", "properties": {"osm_id": "19444989", "name": "Armon\u00eda", "code": 1210, "source": "OSM via Geofabrik", "admin_level": 10, "layer": "barrios_int"}, "geometry": {"type": "Polygon", "coordinates": [[[-55.6465715, -27.0699389], [-55.6402074, -27.0682225], [-55.6377717, -27.0738205], [-55.645692, -27.0706031], [-55.6465715, -27.0699389]]]}}, {"id": "1099", "type": "Feature", "properties": {"osm_id": "18029657", "name": "Hohenau 1", "code": 1210, "source": "OSM via Geofabrik", "admin_level": 10, "layer": "barrios_int"}, "geometry": {"type": "Polygon", "coordinates": [[[-55.6514374, -27.113292], [-55.6161067, -27.0816068], [-55.5651915, -27.1255872], [-55.5623043, -27.1595168], [-55.5794183, -27.1672371], [-55.5750387, -27.1539075], [-55.6514153, -27.1134543], [-55.6514374, -27.113292]]]}}, {"id": "1100", "type": "Feature", "properties": {"osm_id": "18300586", "name": "Barrio 25 de Mayo", "code": 1210, "source": "OSM via Geofabrik", "admin_level": 10, "layer": "barrios_int"}, "geometry": {"type": "Polygon", "coordinates": [[[-54.5911614, -25.6316279], [-54.5796735, -25.6317648], [-54.5911547, -25.6317371], [-54.5911614, -25.6316279]]]}}, {"id": "1101", "type": "Feature", "properties": {"osm_id": "7081861", "name": "Maria Magdalena", "code": 1210, "source": "OSM via Geofabrik", "admin_level": 10, "layer": "barrios_int"}, "geometry": {"type": "Polygon", "coordinates": [[[-54.6427371, -25.3837678], [-54.6329037, -25.3865137], [-54.6372939, -25.3922964], [-54.642587, -25.3846052], [-54.6427371, -25.3837678]]]}}, {"id": "1114", "type": "Feature", "properties": {"osm_id": "10189982", "name": "San Francisco", "code": 1210, "source": "OSM via Geofabrik", "admin_level": 10, "layer": "barrios_int"}, "geometry": {"type": "Polygon", "coordinates": [[[-57.5813608, -25.3947214], [-57.5723763, -25.3926708], [-57.5717407, -25.384761], [-57.5676635, -25.3886459], [-57.5636981, -25.3941947], [-57.5718351, -25.4051476], [-57.5797504, -25.3964686], [-57.5813608, -25.3947214]]]}}, {"id": "1117", "type": "Feature", "properties": {"osm_id": "10189980", "name": "Pueblo", "code": 1210, "source": "OSM via Geofabrik", "admin_level": 10, "layer": "barrios_int"}, "geometry": {"type": "Polygon", "coordinates": [[[-57.5877953, -25.4118843], [-57.5683433, -25.4081081], [-57.568525, -25.4147265], [-57.5833373, -25.4158957], [-57.5877953, -25.4118843]]]}}, {"id": "1118", "type": "Feature", "properties": {"osm_id": "10189983", "name": "La Merced", "code": 1210, "source": "OSM via Geofabrik", "admin_level": 10, "layer": "barrios_int"}, "geometry": {"type": "Polygon", "coordinates": [[[-57.5726245, -25.4066574], [-57.5595639, -25.3941942], [-57.5581835, -25.4109997], [-57.5723095, -25.4068266], [-57.5726245, -25.4066574]]]}}, {"id": "1127", "type": "Feature", "properties": {"osm_id": "19725787", "name": "Barrio Villa Catorce", "code": 1210, "source": "OSM via Geofabrik", "admin_level": 10, "layer": "barrios_int"}, "geometry": {"type": "Polygon", "coordinates": [[[-54.5719415, -25.5930664], [-54.5718297, -25.5931337], [-54.5719415, -25.5930664]]]}}, {"id": "1128", "type": "Feature", "properties": {"osm_id": "17988117", "name": "Barrio Villa Nueva", "code": 1210, "source": "OSM via Geofabrik", "admin_level": 10, "layer": "barrios_int"}, "geometry": {"type": "Polygon", "coordinates": [[[-54.5909526, -25.6054366], [-54.5895685, -25.5959358], [-54.5811975, -25.5968764], [-54.5891533, -25.6052735], [-54.5909526, -25.6054366]]]}}, {"id": "1129", "type": "Feature", "properties": {"osm_id": "19725796", "name": "Barrio Centro", "code": 1210, "source": "OSM via Geofabrik", "admin_level": 10, "layer": "barrios_int"}, "geometry": {"type": "Polygon", "coordinates": [[[-54.5816659, -25.5968103], [-54.5721453, -25.5930226], [-54.5724236, -25.6017731], [-54.5811975, -25.5968764], [-54.5816659, -25.5968103]]]}}, {"id": "1130", "type": "Feature", "properties": {"osm_id": "19725803", "name": "Barrio Villa Florida", "code": 1210, "source": "OSM via Geofabrik", "admin_level": 10, "layer": "barrios_int"}, "geometry": {"type": "Polygon", "coordinates": [[[-54.5834077, -25.6001898], [-54.5816218, -25.600373], [-54.5834077, -25.6001898]]]}}, {"id": "1131", "type": "Feature", "properties": {"osm_id": "19727466", "name": "Barrio Santa Maria de Iguaz\u00fa", "code": 1210, "source": "OSM via Geofabrik", "admin_level": 10, "layer": "barrios_int"}, "geometry": {"type": "Polygon", "coordinates": [[[-54.5774888, -25.605313], [-54.5701957, -25.604039], [-54.5772915, -25.6064608], [-54.5774888, -25.605313]]]}}, {"id": "1132", "type": "Feature", "properties": {"osm_id": "18300594", "name": "Barrio Ignacio Abiar\u00fa", "code": 1210, "source": "OSM via Geofabrik", "admin_level": 10, "layer": "barrios_int"}, "geometry": {"type": "Polygon", "coordinates": [[[-54.5701657, -25.6101421], [-54.562479, -25.611532], [-54.5700116, -25.6108109], [-54.5701657, -25.6101421]]]}}, {"id": "1133", "type": "Feature", "properties": {"osm_id": "19727467", "name": "Barrio Malvinas", "code": 1210, "source": "OSM via Geofabrik", "admin_level": 10, "layer": "barrios_int"}, "geometry": {"type": "Polygon", "coordinates": [[[-54.5729752, -25.6076705], [-54.5723467, -25.6082961], [-54.5729752, -25.6076705]]]}}, {"id": "1134", "type": "Feature", "properties": {"osm_id": "19727535", "name": "Barrio Iprodha", "code": 1210, "source": "OSM via Geofabrik", "admin_level": 10, "layer": "barrios_int"}, "geometry": {"type": "Polygon", "coordinates": [[[-54.5869496, -25.6409119], [-54.586793, -25.6409793], [-54.5869496, -25.6409119]]]}}, {"id": "1138", "type": "Feature", "properties": {"osm_id": "18347552", "name": "Sommerfeld", "code": 1210, "source": "OSM via Geofabrik", "admin_level": 10, "layer": "barrios_int"}, "geometry": {"type": "Polygon", "coordinates": [[[-55.7802267, -25.4816531], [-55.7688759, -25.3802261], [-55.6763718, -25.381525], [-55.6755564, -25.3723548], [-55.6536482, -25.3740997], [-55.6478331, -25.3203259], [-55.6086943, -25.3239917], [-55.6119559, -25.3595775], [-55.5924498, -25.3612724], [-55.5945243, -25.3837654], [-55.5675581, -25.3859719], [-55.5856059, -25.4979037], [-55.5757139, -25.4993176], [-55.5744358, -25.5384237], [-55.6020239, -25.5462554], [-55.617053, -25.519362], [-55.6395695, -25.5055976], [-55.6659919, -25.501838], [-55.6801781, -25.5163769], [-55.709492, -25.5151908], [-55.7376203, -25.4820432], [-55.7773237, -25.4831606], [-55.7802267, -25.4816531]]]}}, {"id": "1139", "type": "Feature", "properties": {"osm_id": "18347554", "name": "Bergthal", "code": 1210, "source": "OSM via Geofabrik", "admin_level": 10, "layer": "barrios_int"}, "geometry": null}, {"id": "1140", "type": "Feature", "properties": {"osm_id": "19739727", "name": "Reinfeld", "code": 1210, "source": "OSM via Geofabrik", "admin_level": 10, "layer": "barrios_int"}, "geometry": {"type": "Polygon", "coordinates": [[[-56.993462, -26.9328131], [-56.9688261, -26.9069481], [-56.9562737, -26.9421618], [-56.9753589, -26.9536032], [-56.9934579, -26.9332729], [-56.993462, -26.9328131]]]}}, {"id": "1141", "type": "Feature", "properties": {"osm_id": "19739726", "name": "Colonia Uruguaya", "code": 1210, "source": "OSM via Geofabrik", "admin_level": 10, "layer": "barrios_int"}, "geometry": {"type": "Polygon", "coordinates": [[[-56.9982454, -26.9200131], [-56.9976925, -26.9137531], [-56.9782382, -26.9145151], [-56.9804329, -26.9259413], [-56.9918961, -26.9328022], [-56.9981938, -26.9327654], [-56.9980561, -26.9208418], [-56.9982454, -26.9200131]]]}}, {"id": "1146", "type": "Feature", "properties": {"osm_id": "3678636", "name": "Ytay", "code": 1210, "source": "OSM via Geofabrik", "admin_level": 10, "layer": "barrios_int"}, "geometry": {"type": "Polygon", "coordinates": [[[-57.5502284, -25.2932233], [-57.5426141, -25.2742969], [-57.5431535, -25.2962084], [-57.5497221, -25.2937602], [-57.5502284, -25.2932233]]]}}, {"id": "1147", "type": "Feature", "properties": {"osm_id": "3677043", "name": "Santa Mar\u00eda", "code": 1210, "source": "OSM via Geofabrik", "admin_level": 10, "layer": "barrios_int"}, "geometry": {"type": "Polygon", "coordinates": [[[-57.5535547, -25.309354], [-57.5502284, -25.2932233], [-57.5451762, -25.2987279], [-57.5534571, -25.3093439], [-57.5535547, -25.309354]]]}}, {"id": "1150", "type": "Feature", "properties": {"osm_id": "3672659", "name": "Republicano", "code": 1210, "source": "OSM via Geofabrik", "admin_level": 10, "layer": "barrios_int"}, "geometry": {"type": "Polygon", "coordinates": [[[-57.6431382, -25.3210898], [-57.6306815, -25.3136082], [-57.6273063, -25.3267401], [-57.6428735, -25.3216901], [-57.6431382, -25.3210898]]]}}, {"id": "1151", "type": "Feature", "properties": {"osm_id": "3678184", "name": "Manor\u00e1", "code": 1210, "source": "OSM via Geofabrik", "admin_level": 10, "layer": "barrios_int"}, "geometry": {"type": "Polygon", "coordinates": [[[-57.5805207, -25.2839137], [-57.5639428, -25.2819567], [-57.5804992, -25.284035], [-57.5805207, -25.2839137]]]}}, {"id": "1152", "type": "Feature", "properties": {"osm_id": "3681770", "name": "Las Lomas", "code": 1210, "source": "OSM via Geofabrik", "admin_level": 10, "layer": "barrios_int"}, "geometry": {"type": "Polygon", "coordinates": [[[-57.5793819, -25.2800506], [-57.5741985, -25.2681535], [-57.5600445, -25.2807452], [-57.5793149, -25.2800695], [-57.5793819, -25.2800506]]]}}, {"id": "1153", "type": "Feature", "properties": {"osm_id": "3652950", "name": "Tacumb\u00fa", "code": 1210, "source": "OSM via Geofabrik", "admin_level": 10, "layer": "barrios_int"}, "geometry": {"type": "Polygon", "coordinates": [[[-57.6703772, -25.3118485], [-57.6700929, -25.3019053], [-57.6556692, -25.2986423], [-57.6470067, -25.286442], [-57.6414673, -25.289562], [-57.6547214, -25.3089141], [-57.6703713, -25.3118488], [-57.6703772, -25.3118485]]]}}, {"id": "1154", "type": "Feature", "properties": {"osm_id": "3683446", "name": "La Encarnaci\u00f3n", "code": 1210, "source": "OSM via Geofabrik", "admin_level": 10, "layer": "barrios_int"}, "geometry": {"type": "Polygon", "coordinates": [[[-57.6470067, -25.286442], [-57.6346257, -25.2751567], [-57.6455734, -25.287243], [-57.6470067, -25.286442]]]}}, {"id": "1155", "type": "Feature", "properties": {"osm_id": "3683445", "name": "Doctor Francia", "code": 1210, "source": "OSM via Geofabrik", "admin_level": 10, "layer": "barrios_int"}, "geometry": null}, {"id": "1157", "type": "Feature", "properties": {"osm_id": "4843483", "name": "Las Heras", "code": 1210, "source": "OSM via Geofabrik", "admin_level": 10, "layer": "barrios_int"}, "geometry": {"type": "Polygon", "coordinates": [[[-55.9275069, -27.3913712], [-55.9274905, -27.3914113], [-55.9275069, -27.3913712]]]}}, {"id": "1158", "type": "Feature", "properties": {"osm_id": "4843554", "name": "Tacur\u00fa", "code": 1210, "source": "OSM via Geofabrik", "admin_level": 10, "layer": "barrios_int"}, "geometry": {"type": "Polygon", "coordinates": [[[-55.9237841, -27.3918396], [-55.9236649, -27.3918174], [-55.9237841, -27.3918396]]]}}, {"id": "1166", "type": "Feature", "properties": {"osm_id": "9599538", "name": "F\u00e1tima", "code": 1210, "source": "OSM via Geofabrik", "admin_level": 10, "layer": "barrios_int"}, "geometry": {"type": "Polygon", "coordinates": [[[-57.4413353, -23.430868], [-57.4411596, -23.4143386], [-57.432682, -23.4144238], [-57.4318416, -23.4347595], [-57.4411637, -23.4310452], [-57.4413353, -23.430868]]]}}, {"id": "1167", "type": "Feature", "properties": {"osm_id": "9599540", "name": "Jard\u00edn de Europa", "code": 1210, "source": "OSM via Geofabrik", "admin_level": 10, "layer": "barrios_int"}, "geometry": {"type": "Polygon", "coordinates": [[[-57.432903, -23.4095127], [-57.4158167, -23.4167264], [-57.4173402, -23.4234801], [-57.4323108, -23.4238204], [-57.4328674, -23.4101163], [-57.432903, -23.4095127]]]}}, {"id": "1170", "type": "Feature", "properties": {"osm_id": "4830156", "name": "Olimpia", "code": 1210, "source": "OSM via Geofabrik", "admin_level": 10, "layer": "barrios_int"}, "geometry": {"type": "Polygon", "coordinates": [[[-55.9433775, -27.3964565], [-55.9433208, -27.3964253], [-55.9433775, -27.3964565]]]}}, {"id": "1172", "type": "Feature", "properties": {"osm_id": "5500908", "name": "Casa Quinta", "code": 1210, "source": "OSM via Geofabrik", "admin_level": 10, "layer": "barrios_int"}, "geometry": null}, {"id": "1178", "type": "Feature", "properties": {"osm_id": "3559462", "name": "Luis Piedrabuena", "code": 1210, "source": "OSM via Geofabrik", "admin_level": 10, "layer": "barrios_int"}, "geometry": {"type": "Polygon", "coordinates": [[[-55.9326443, -27.4065709], [-55.9213653, -27.402395], [-55.9315076, -27.4070719], [-55.9326443, -27.4065709]]]}}, {"id": "1189", "type": "Feature", "properties": {"osm_id": "4830337", "name": "Las Rosas", "code": 1210, "source": "OSM via Geofabrik", "admin_level": 10, "layer": "barrios_int"}, "geometry": {"type": "Polygon", "coordinates": [[[-55.9288682, -27.4015727], [-55.9242616, -27.3951885], [-55.9213653, -27.402395], [-55.9288089, -27.4015735], [-55.9288682, -27.4015727]]]}}, {"id": "1192", "type": "Feature", "properties": {"osm_id": "7073869", "name": "Paran\u00e1 Country Club", "code": 1210, "source": "OSM via Geofabrik", "admin_level": 10, "layer": "barrios_int"}, "geometry": {"type": "Polygon", "coordinates": [[[-54.6312368, -25.4910724], [-54.6242623, -25.4751061], [-54.6144708, -25.4730924], [-54.602161, -25.4845672], [-54.6014456, -25.5030887], [-54.63121, -25.4910596], [-54.6312368, -25.4910724]]]}}, {"id": "1193", "type": "Feature", "properties": {"osm_id": "11067582", "name": "Barrio Aut\u00f3dromo", "code": 1210, "source": "OSM via Geofabrik", "admin_level": 10, "layer": "barrios_int"}, "geometry": null}, {"id": "1194", "type": "Feature", "properties": {"osm_id": "20660130", "name": "Barrio Los Pinos", "code": 1210, "source": "OSM via Geofabrik", "admin_level": 10, "layer": "barrios_int"}, "geometry": {"type": "Polygon", "coordinates": [[[-54.6498992, -26.3962635], [-54.6498671, -26.3969714], [-54.6498992, -26.3962635]]]}}, {"id": "1195", "type": "Feature", "properties": {"osm_id": "11033435", "name": "Barrio San Mart\u00edn", "code": 1210, "source": "OSM via Geofabrik", "admin_level": 10, "layer": "barrios_int"}, "geometry": {"type": "Polygon", "coordinates": [[[-54.6609967, -26.398662], [-54.6556177, -26.4065913], [-54.660829, -26.4024397], [-54.6609967, -26.398662]]]}}, {"id": "1196", "type": "Feature", "properties": {"osm_id": "11035696", "name": "Barrio Parque Residencial", "code": 1210, "source": "OSM via Geofabrik", "admin_level": 10, "layer": "barrios_int"}, "geometry": {"type": "Polygon", "coordinates": [[[-54.6558934, -26.4012871], [-54.6558804, -26.401683], [-54.6558934, -26.4012871]]]}}, {"id": "1197", "type": "Feature", "properties": {"osm_id": "3681589", "name": "Bella Vista", "code": 1210, "source": "OSM via Geofabrik", "admin_level": 10, "layer": "barrios_int"}, "geometry": {"type": "Polygon", "coordinates": [[[-57.5949672, -25.287177], [-57.5930416, -25.2676185], [-57.5840219, -25.2709484], [-57.5948864, -25.2871679], [-57.5949672, -25.287177]]]}}, {"id": "1198", "type": "Feature", "properties": {"osm_id": "3682907", "name": "Virgen de la Asunci\u00f3n", "code": 1210, "source": "OSM via Geofabrik", "admin_level": 10, "layer": "barrios_int"}, "geometry": {"type": "Polygon", "coordinates": [[[-57.5978332, -25.2698494], [-57.5848841, -25.2569907], [-57.5840219, -25.2709484], [-57.597769, -25.2697837], [-57.5978332, -25.2698494]]]}}, {"id": "1199", "type": "Feature", "properties": {"osm_id": "3680842", "name": "Loma Pyt\u00e1", "code": 1210, "source": "OSM via Geofabrik", "admin_level": 10, "layer": "barrios_int"}, "geometry": {"type": "Polygon", "coordinates": [[[-57.5665013, -25.256546], [-57.5432348, -25.2407659], [-57.5308596, -25.2482641], [-57.5359248, -25.259277], [-57.5663151, -25.2564838], [-57.5665013, -25.256546]]]}}, {"id": "1200", "type": "Feature", "properties": {"osm_id": "3680869", "name": "San Blas", "code": 1210, "source": "OSM via Geofabrik", "admin_level": 10, "layer": "barrios_int"}, "geometry": {"type": "Polygon", "coordinates": [[[-57.5432348, -25.2407659], [-57.5379091, -25.2360381], [-57.5250477, -25.2426453], [-57.5308596, -25.2482641], [-57.543183, -25.2408097], [-57.5432348, -25.2407659]]]}}, {"id": "1201", "type": "Feature", "properties": {"osm_id": "3680819", "name": "\u00d1u Guaz\u00fa", "code": 1210, "source": "OSM via Geofabrik", "admin_level": 10, "layer": "barrios_int"}, "geometry": {"type": "Polygon", "coordinates": [[[-57.5491588, -25.2570478], [-57.5359248, -25.259277], [-57.5451442, -25.27528], [-57.5491492, -25.2571888], [-57.5491588, -25.2570478]]]}}, {"id": "1202", "type": "Feature", "properties": {"osm_id": "3697146", "name": "Mbocayaty", "code": 1210, "source": "OSM via Geofabrik", "admin_level": 10, "layer": "barrios_int"}, "geometry": {"type": "Polygon", "coordinates": [[[-57.5684657, -25.2574821], [-57.5491588, -25.2570478], [-57.5461857, -25.2698797], [-57.5588934, -25.2629508], [-57.5684657, -25.2574821]]]}}, {"id": "1203", "type": "Feature", "properties": {"osm_id": "3683987", "name": "Salvador del Mundo", "code": 1210, "source": "OSM via Geofabrik", "admin_level": 10, "layer": "barrios_int"}, "geometry": {"type": "Polygon", "coordinates": [[[-57.5561309, -25.2785819], [-57.5461857, -25.2698797], [-57.5560978, -25.2786332], [-57.5561309, -25.2785819]]]}}, {"id": "1204", "type": "Feature", "properties": {"osm_id": "3697088", "name": "Madame Lynch", "code": 1210, "source": "OSM via Geofabrik", "admin_level": 10, "layer": "barrios_int"}, "geometry": {"type": "Polygon", "coordinates": [[[-57.5673924, -25.2754143], [-57.5588934, -25.2629508], [-57.5491725, -25.2682709], [-57.5600445, -25.2807452], [-57.5670966, -25.2756642], [-57.5673924, -25.2754143]]]}}, {"id": "1205", "type": "Feature", "properties": {"osm_id": "3697183", "name": "Mburucuy\u00e1", "code": 1210, "source": "OSM via Geofabrik", "admin_level": 10, "layer": "barrios_int"}, "geometry": {"type": "Polygon", "coordinates": [[[-57.5791767, -25.262708], [-57.5684657, -25.2574821], [-57.5588934, -25.2629508], [-57.5673924, -25.2754143], [-57.5784209, -25.2634818], [-57.5791767, -25.262708]]]}}, {"id": "1217", "type": "Feature", "properties": {"osm_id": "20814252", "name": "Barrio Industrial", "code": 1210, "source": "OSM via Geofabrik", "admin_level": 10, "layer": "barrios_int"}, "geometry": {"type": "Polygon", "coordinates": [[[-54.7443654, -26.5738669], [-54.7328994, -26.5763292], [-54.7431855, -26.580067], [-54.7431776, -26.5738698], [-54.7443654, -26.5738669]]]}}, {"id": "1218", "type": "Feature", "properties": {"osm_id": "20820872", "name": "Barrio 9 de Agosto", "code": 1210, "source": "OSM via Geofabrik", "admin_level": 10, "layer": "barrios_int"}, "geometry": {"type": "Polygon", "coordinates": [[[-54.7454357, -26.5817167], [-54.7453581, -26.5827785], [-54.7454357, -26.5817167]]]}}, {"id": "1219", "type": "Feature", "properties": {"osm_id": "20815837", "name": "Barrio Horizonte", "code": 1210, "source": "OSM via Geofabrik", "admin_level": 10, "layer": "barrios_int"}, "geometry": {"type": "Polygon", "coordinates": [[[-54.7358233, -26.5783282], [-54.7351328, -26.5783371], [-54.7358233, -26.5783282]]]}}, {"id": "1220", "type": "Feature", "properties": {"osm_id": "20830136", "name": "Barrio Los Cedros", "code": 1210, "source": "OSM via Geofabrik", "admin_level": 10, "layer": "barrios_int"}, "geometry": {"type": "Polygon", "coordinates": [[[-54.7689073, -26.5725792], [-54.7687851, -26.5725908], [-54.7689073, -26.5725792]]]}}, {"id": "1221", "type": "Feature", "properties": {"osm_id": "20830138", "name": "Barrio Paz", "code": 1210, "source": "OSM via Geofabrik", "admin_level": 10, "layer": "barrios_int"}, "geometry": {"type": "Polygon", "coordinates": [[[-54.7675505, -26.5714835], [-54.7675373, -26.5724565], [-54.7675505, -26.5714835]]]}}, {"id": "1222", "type": "Feature", "properties": {"osm_id": "20830242", "name": "Barrio Evita", "code": 1210, "source": "OSM via Geofabrik", "admin_level": 10, "layer": "barrios_int"}, "geometry": {"type": "Polygon", "coordinates": [[[-54.7645391, -26.5611038], [-54.7645139, -26.5619062], [-54.7645391, -26.5611038]]]}}, {"id": "1223", "type": "Feature", "properties": {"osm_id": "20951706", "name": "Barrio Juan Domingo Per\u00f3n", "code": 1210, "source": "OSM via Geofabrik", "admin_level": 10, "layer": "barrios_int"}, "geometry": {"type": "Polygon", "coordinates": [[[-54.7864513, -26.5614801], [-54.7846761, -26.563643], [-54.7864513, -26.5614801]]]}}, {"id": "1224", "type": "Feature", "properties": {"osm_id": "20951609", "name": "Barrio Centro C\u00edvico", "code": 1210, "source": "OSM via Geofabrik", "admin_level": 10, "layer": "barrios_int"}, "geometry": null}, {"id": "1225", "type": "Feature", "properties": {"osm_id": "20951989", "name": "Barrio Sarmiento", "code": 1210, "source": "OSM via Geofabrik", "admin_level": 10, "layer": "barrios_int"}, "geometry": {"type": "Polygon", "coordinates": [[[-54.7740156, -26.5631006], [-54.7677301, -26.5609063], [-54.7739815, -26.5631697], [-54.7740156, -26.5631006]]]}}, {"id": "1226", "type": "Feature", "properties": {"osm_id": "20952171", "name": "Barrio 17 de Noviembre", "code": 1210, "source": "OSM via Geofabrik", "admin_level": 10, "layer": "barrios_int"}, "geometry": {"type": "Polygon", "coordinates": [[[-54.7548293, -26.5717672], [-54.7548163, -26.5723442], [-54.7548293, -26.5717672]]]}}, {"id": "1227", "type": "Feature", "properties": {"osm_id": "20822653", "name": "Barrio San Marcos", "code": 1210, "source": "OSM via Geofabrik", "admin_level": 10, "layer": "barrios_int"}, "geometry": {"type": "Polygon", "coordinates": [[[-54.7414308, -26.5716295], [-54.7413157, -26.5716401], [-54.7414308, -26.5716295]]]}}, {"id": "1228", "type": "Feature", "properties": {"osm_id": "20822654", "name": "Barrio Los Laureles Vivienda", "code": 1210, "source": "OSM via Geofabrik", "admin_level": 10, "layer": "barrios_int"}, "geometry": {"type": "Polygon", "coordinates": [[[-54.7282217, -26.5626924], [-54.7281919, -26.5637805], [-54.7282217, -26.5626924]]]}}, {"id": "1229", "type": "Feature", "properties": {"osm_id": "20952250", "name": "Barrio Los Laureles", "code": 1210, "source": "OSM via Geofabrik", "admin_level": 10, "layer": "barrios_int"}, "geometry": {"type": "Polygon", "coordinates": [[[-54.7304914, -26.5714171], [-54.727356, -26.5651945], [-54.7241949, -26.572894], [-54.7304837, -26.5717498], [-54.7304914, -26.5714171]]]}}, {"id": "1230", "type": "Feature", "properties": {"osm_id": "20822677", "name": "Barrio Henter", "code": 1210, "source": "OSM via Geofabrik", "admin_level": 10, "layer": "barrios_int"}, "geometry": {"type": "Polygon", "coordinates": [[[-54.7325328, -26.5662899], [-54.7324846, -26.5672921], [-54.7325328, -26.5662899]]]}}, {"id": "1231", "type": "Feature", "properties": {"osm_id": "20951607", "name": "Barrio Centro Norte", "code": 1210, "source": "OSM via Geofabrik", "admin_level": 10, "layer": "barrios_int"}, "geometry": {"type": "Polygon", "coordinates": [[[-54.7622293, -26.5649704], [-54.7475173, -26.5674584], [-54.7622274, -26.5650758], [-54.7622293, -26.5649704]]]}}, {"id": "1232", "type": "Feature", "properties": {"osm_id": "20952282", "name": "Barrio 17 de Octubre", "code": 1210, "source": "OSM via Geofabrik", "admin_level": 10, "layer": "barrios_int"}, "geometry": {"type": "Polygon", "coordinates": [[[-54.7578676, -26.5593348], [-54.7578588, -26.5595459], [-54.7578676, -26.5593348]]]}}, {"id": "1233", "type": "Feature", "properties": {"osm_id": "20952284", "name": "Barrio Vista Alegre", "code": 1210, "source": "OSM via Geofabrik", "admin_level": 10, "layer": "barrios_int"}, "geometry": {"type": "Polygon", "coordinates": [[[-54.7625721, -26.5585303], [-54.7623287, -26.5593221], [-54.7625721, -26.5585303]]]}}, {"id": "1234", "type": "Feature", "properties": {"osm_id": "20952449", "name": "Barrio Pablo Franke", "code": 1210, "source": "OSM via Geofabrik", "admin_level": 10, "layer": "barrios_int"}, "geometry": {"type": "Polygon", "coordinates": [[[-54.7477135, -26.5598657], [-54.7475674, -26.5630361], [-54.7477135, -26.5598657]]]}}, {"id": "1235", "type": "Feature", "properties": {"osm_id": "20951608", "name": "Barrio Centro Sur", "code": 1210, "source": "OSM via Geofabrik", "admin_level": 10, "layer": "barrios_int"}, "geometry": {"type": "Polygon", "coordinates": [[[-54.7621871, -26.5679894], [-54.7415616, -26.5716061], [-54.7621859, -26.5680247], [-54.7621871, -26.5679894]]]}}, {"id": "1236", "type": "Feature", "properties": {"osm_id": "20952476", "name": "Barrio San Cayetano", "code": 1210, "source": "OSM via Geofabrik", "admin_level": 10, "layer": "barrios_int"}, "geometry": {"type": "Polygon", "coordinates": [[[-54.7840343, -26.5599561], [-54.7839433, -26.5599996], [-54.7840343, -26.5599561]]]}}, {"id": "1237", "type": "Feature", "properties": {"osm_id": "20952477", "name": "Barrio Bischoff", "code": 1210, "source": "OSM via Geofabrik", "admin_level": 10, "layer": "barrios_int"}, "geometry": {"type": "Polygon", "coordinates": [[[-54.7823626, -26.5588965], [-54.780651, -26.5609752], [-54.7823626, -26.5588965]]]}}, {"id": "1238", "type": "Feature", "properties": {"osm_id": "9417899", "name": "Vila Brand\u00e3o", "code": 1210, "source": "OSM via Geofabrik", "admin_level": 10, "layer": "barrios_int"}, "geometry": {"type": "Polygon", "coordinates": [[[-55.7316243, -22.5191316], [-55.730657, -22.5194163], [-55.7316243, -22.5191316]]]}}, {"id": "1239", "type": "Feature", "properties": {"osm_id": "20818173", "name": "Barrio F\u00e1brica de T\u00e9", "code": 1210, "source": "OSM via Geofabrik", "admin_level": 10, "layer": "barrios_int"}, "geometry": {"type": "Polygon", "coordinates": [[[-54.7455594, -26.5767356], [-54.7455506, -26.5772922], [-54.7455594, -26.5767356]]]}}, {"id": "1240", "type": "Feature", "properties": {"osm_id": "20952170", "name": "Barrio El Palmar", "code": 1210, "source": "OSM via Geofabrik", "admin_level": 10, "layer": "barrios_int"}, "geometry": {"type": "Polygon", "coordinates": [[[-54.7511212, -26.5718164], [-54.7511091, -26.5728251], [-54.7511212, -26.5718164]]]}}, {"id": "1241", "type": "Feature", "properties": {"osm_id": "20954922", "name": "Barrio Belgrano", "code": 1210, "source": "OSM via Geofabrik", "admin_level": 10, "layer": "barrios_int"}, "geometry": null}, {"id": "1242", "type": "Feature", "properties": {"osm_id": "20954991", "name": "Barrio Palomar", "code": 1210, "source": "OSM via Geofabrik", "admin_level": 10, "layer": "barrios_int"}, "geometry": null}, {"id": "1243", "type": "Feature", "properties": {"osm_id": "20956293", "name": "Barrio Sandr\u00edn", "code": 1210, "source": "OSM via Geofabrik", "admin_level": 10, "layer": "barrios_int"}, "geometry": {"type": "Polygon", "coordinates": [[[-54.7816413, -26.5583876], [-54.7815614, -26.558429], [-54.7816413, -26.5583876]]]}}, {"id": "1244", "type": "Feature", "properties": {"osm_id": "20952049", "name": "Barrio 9 de Julio", "code": 1210, "source": "OSM via Geofabrik", "admin_level": 10, "layer": "barrios_int"}, "geometry": {"type": "Polygon", "coordinates": [[[-54.7677301, -26.5609063], [-54.762244, -26.5628961], [-54.7676972, -26.5619626], [-54.7677301, -26.5609063]]]}}, {"id": "1245", "type": "Feature", "properties": {"osm_id": "20956294", "name": "Barrio Las Flores", "code": 1210, "source": "OSM via Geofabrik", "admin_level": 10, "layer": "barrios_int"}, "geometry": null}, {"id": "1246", "type": "Feature", "properties": {"osm_id": "20952509", "name": "Barrio Retiro", "code": 1210, "source": "OSM via Geofabrik", "admin_level": 10, "layer": "barrios_int"}, "geometry": {"type": "Polygon", "coordinates": [[[-54.7847263, -26.5675069], [-54.7741095, -26.5630438], [-54.7843744, -26.5680003], [-54.7847263, -26.5675069]]]}}, {"id": "1247", "type": "Feature", "properties": {"osm_id": "20830131", "name": "Barrio Los Azahares", "code": 1210, "source": "OSM via Geofabrik", "admin_level": 10, "layer": "barrios_int"}, "geometry": {"type": "Polygon", "coordinates": [[[-54.7735739, -26.5692379], [-54.7735594, -26.5693122], [-54.7735739, -26.5692379]]]}}, {"id": "1248", "type": "Feature", "properties": {"osm_id": "20962256", "name": "Barrio Bonito Nuevo", "code": 1210, "source": "OSM via Geofabrik", "admin_level": 10, "layer": "barrios_int"}, "geometry": {"type": "Polygon", "coordinates": [[[-54.7793517, -26.5668483], [-54.7739815, -26.5631697], [-54.7792604, -26.5669238], [-54.7793517, -26.5668483]]]}}, {"id": "1249", "type": "Feature", "properties": {"osm_id": "20963129", "name": "Barrio Loma Alta", "code": 1210, "source": "OSM via Geofabrik", "admin_level": 10, "layer": "barrios_int"}, "geometry": {"type": "Polygon", "coordinates": [[[-54.7357757, -26.5816316], [-54.7357431, -26.5832101], [-54.7357757, -26.5816316]]]}}, {"id": "1250", "type": "Feature", "properties": {"osm_id": "20814251", "name": "Barrio Gendarmer\u00eda", "code": 1210, "source": "OSM via Geofabrik", "admin_level": 10, "layer": "barrios_int"}, "geometry": {"type": "Polygon", "coordinates": [[[-54.7358233, -26.5783282], [-54.7273186, -26.5816647], [-54.7358002, -26.5799323], [-54.7358233, -26.5783282]]]}}, {"id": "1251", "type": "Feature", "properties": {"osm_id": "20815919", "name": "Barrio Rotonda", "code": 1210, "source": "OSM via Geofabrik", "admin_level": 10, "layer": "barrios_int"}, "geometry": null}, {"id": "1252", "type": "Feature", "properties": {"osm_id": "20962255", "name": "Barrio Bonito Viejo", "code": 1210, "source": "OSM via Geofabrik", "admin_level": 10, "layer": "barrios_int"}, "geometry": {"type": "Polygon", "coordinates": [[[-54.7782816, -26.5705561], [-54.7730096, -26.5668413], [-54.7782331, -26.5706186], [-54.7782816, -26.5705561]]]}}, {"id": "1253", "type": "Feature", "properties": {"osm_id": "20963190", "name": "Barrio Nuevo Azahares", "code": 1210, "source": "OSM via Geofabrik", "admin_level": 10, "layer": "barrios_int"}, "geometry": {"type": "Polygon", "coordinates": [[[-54.7749407, -26.5696513], [-54.7748087, -26.5715105], [-54.7749407, -26.5696513]]]}}, {"id": "1254", "type": "Feature", "properties": {"osm_id": "20965722", "name": "Barrio Orqu\u00eddeas", "code": 1210, "source": "OSM via Geofabrik", "admin_level": 10, "layer": "barrios_int"}, "geometry": {"type": "Polygon", "coordinates": [[[-54.7577633, -26.5550356], [-54.7524505, -26.5560101], [-54.7576891, -26.5554317], [-54.7577633, -26.5550356]]]}}, {"id": "1255", "type": "Feature", "properties": {"osm_id": "20965723", "name": "Barrio San Lorenzo", "code": 1210, "source": "OSM via Geofabrik", "admin_level": 10, "layer": "barrios_int"}, "geometry": {"type": "Polygon", "coordinates": [[[-54.7585468, -26.5494318], [-54.758455, -26.5497376], [-54.7585468, -26.5494318]]]}}, {"id": "1256", "type": "Feature", "properties": {"osm_id": "20820731", "name": "Barrio Guair\u00e1", "code": 1210, "source": "OSM via Geofabrik", "admin_level": 10, "layer": "barrios_int"}, "geometry": {"type": "Polygon", "coordinates": [[[-54.7540396, -26.5617067], [-54.7477135, -26.5598657], [-54.747497, -26.5668794], [-54.7540313, -26.5623419], [-54.7540396, -26.5617067]]]}}, {"id": "1257", "type": "Feature", "properties": {"osm_id": "20967493", "name": "Barrio Facundo Quiroga", "code": 1210, "source": "OSM via Geofabrik", "admin_level": 10, "layer": "barrios_int"}, "geometry": {"type": "Polygon", "coordinates": [[[-54.7535742, -26.5489342], [-54.7535565, -26.5491209], [-54.7535742, -26.5489342]]]}}, {"id": "1258", "type": "Feature", "properties": {"osm_id": "20962319", "name": "Barrio Mart\u00edn Fierro", "code": 1210, "source": "OSM via Geofabrik", "admin_level": 10, "layer": "barrios_int"}, "geometry": {"type": "Polygon", "coordinates": [[[-54.7657499, -26.5694898], [-54.7589726, -26.5718313], [-54.7619585, -26.5800631], [-54.765695, -26.5706243], [-54.7657499, -26.5694898]]]}}, {"id": "1259", "type": "Feature", "properties": {"osm_id": "20967805", "name": "Barrio Itat\u00ed", "code": 1210, "source": "OSM via Geofabrik", "admin_level": 10, "layer": "barrios_int"}, "geometry": {"type": "Polygon", "coordinates": [[[-54.7776243, -26.5859288], [-54.7769415, -26.5866826], [-54.7776243, -26.5859288]]]}}, {"id": "1268", "type": "Feature", "properties": {"osm_id": "3657805", "name": "Hip\u00f3dromo", "code": 1210, "source": "OSM via Geofabrik", "admin_level": 10, "layer": "barrios_int"}, "geometry": {"type": "Polygon", "coordinates": [[[-57.5949443, -25.3227222], [-57.5871465, -25.3118789], [-57.5741278, -25.316391], [-57.5865519, -25.3303956], [-57.5949032, -25.3227464], [-57.5949443, -25.3227222]]]}}, {"id": "1269", "type": "Feature", "properties": {"osm_id": "3658083", "name": "San Pablo", "code": 1210, "source": "OSM via Geofabrik", "admin_level": 10, "layer": "barrios_int"}, "geometry": {"type": "Polygon", "coordinates": [[[-57.5904795, -25.3388679], [-57.5741809, -25.3164191], [-57.5603898, -25.3202326], [-57.589803, -25.3399711], [-57.5904795, -25.3388679]]]}}, {"id": "1270", "type": "Feature", "properties": {"osm_id": "3658950", "name": "Los Laureles", "code": 1210, "source": "OSM via Geofabrik", "admin_level": 10, "layer": "barrios_int"}, "geometry": {"type": "Polygon", "coordinates": [[[-57.5871465, -25.3118789], [-57.583102, -25.3052483], [-57.5697526, -25.3111926], [-57.58546, -25.3124695], [-57.5871465, -25.3118789]]]}}, {"id": "1271", "type": "Feature", "properties": {"osm_id": "3677122", "name": "Villa Aurelia", "code": 1210, "source": "OSM via Geofabrik", "admin_level": 10, "layer": "barrios_int"}, "geometry": {"type": "Polygon", "coordinates": [[[-57.5741278, -25.316391], [-57.5625271, -25.3023601], [-57.5532249, -25.3075047], [-57.5602205, -25.3200676], [-57.5740584, -25.3164152], [-57.5741278, -25.316391]]]}}, {"id": "1274", "type": "Feature", "properties": {"osm_id": "19438210", "name": "Cerro Cor\u00e1", "code": 1210, "source": "OSM via Geofabrik", "admin_level": 10, "layer": "barrios_int"}, "geometry": {"type": "Polygon", "coordinates": [[[-55.6835869, -27.0859468], [-55.6783195, -27.0799098], [-55.6607489, -27.0895313], [-55.6725996, -27.0937164], [-55.6835423, -27.0864698], [-55.6835869, -27.0859468]]]}}, {"id": "1275", "type": "Feature", "properties": {"osm_id": "19438209", "name": "Los Pioneros", "code": 1210, "source": "OSM via Geofabrik", "admin_level": 10, "layer": "barrios_int"}, "geometry": {"type": "Polygon", "coordinates": [[[-55.6708633, -27.0850219], [-55.6551642, -27.0829686], [-55.665821, -27.088619], [-55.6708633, -27.0850219]]]}}, {"id": "1278", "type": "Feature", "properties": {"osm_id": "3674023", "name": "Ciudad Nueva", "code": 1210, "source": "OSM via Geofabrik", "admin_level": 10, "layer": "barrios_int"}, "geometry": {"type": "Polygon", "coordinates": [[[-57.6239199, -25.2957824], [-57.6191202, -25.2895095], [-57.6112111, -25.2938622], [-57.6139604, -25.3028863], [-57.6238844, -25.2958584], [-57.6239199, -25.2957824]]]}}, {"id": "1279", "type": "Feature", "properties": {"osm_id": "3673351", "name": "San Roque", "code": 1210, "source": "OSM via Geofabrik", "admin_level": 10, "layer": "barrios_int"}, "geometry": {"type": "Polygon", "coordinates": [[[-57.6348367, -25.2934158], [-57.6220799, -25.2850551], [-57.6239199, -25.2957824], [-57.6347411, -25.2934706], [-57.6348367, -25.2934158]]]}}, {"id": "1280", "type": "Feature", "properties": {"osm_id": "3652745", "name": "General D\u00edaz", "code": 1210, "source": "OSM via Geofabrik", "admin_level": 10, "layer": "barrios_int"}, "geometry": {"type": "Polygon", "coordinates": [[[-57.6440065, -25.2933581], [-57.6354818, -25.2899057], [-57.632115, -25.299378], [-57.6431869, -25.2938291], [-57.6440065, -25.2933581]]]}}, {"id": "1281", "type": "Feature", "properties": {"osm_id": "3659986", "name": "Roberto Luis Pettit", "code": 1210, "source": "OSM via Geofabrik", "admin_level": 10, "layer": "barrios_int"}, "geometry": {"type": "Polygon", "coordinates": [[[-57.6548125, -25.308998], [-57.6507177, -25.3032959], [-57.6309376, -25.3125341], [-57.6387217, -25.3181959], [-57.6492413, -25.3122516], [-57.6548125, -25.308998]]]}}, {"id": "1282", "type": "Feature", "properties": {"osm_id": "3652620", "name": "Obrero", "code": 1210, "source": "OSM via Geofabrik", "admin_level": 10, "layer": "barrios_int"}, "geometry": {"type": "Polygon", "coordinates": [[[-57.6507177, -25.3032959], [-57.6440065, -25.2933581], [-57.6321603, -25.2993002], [-57.6319126, -25.312783], [-57.6498261, -25.303788], [-57.6507177, -25.3032959]]]}}, {"id": "1295", "type": "Feature", "properties": {"osm_id": "3657622", "name": "Nazareth", "code": 1210, "source": "OSM via Geofabrik", "admin_level": 10, "layer": "barrios_int"}, "geometry": {"type": "Polygon", "coordinates": [[[-57.6023466, -25.3256022], [-57.596337, -25.3086341], [-57.5871465, -25.3118789], [-57.6015538, -25.3261842], [-57.6023466, -25.3256022]]]}}, {"id": "1296", "type": "Feature", "properties": {"osm_id": "3657549", "name": "Vista Alegre", "code": 1210, "source": "OSM via Geofabrik", "admin_level": 10, "layer": "barrios_int"}, "geometry": {"type": "Polygon", "coordinates": [[[-57.6126468, -25.3158596], [-57.6076345, -25.3049263], [-57.596337, -25.3086341], [-57.6031436, -25.3265079], [-57.6126102, -25.3158931], [-57.6126468, -25.3158596]]]}}]}