{"type": "FeatureCollection", "metadata": {"source": "Catastro Nacional WFS (snc:ly_dist)", "fetched_at_utc": "2026-07-11T06:54:19.900067+00:00", "count": 268, "simplified": true, "simplified_decimals": 3}, "features": [{"type": "Feature", "geometry": {"type": "MultiPolygon", "coordinates": [[[[-57.48, -22.38], [-57.47, -22.39], [-57.48, -22.61], [-57.52, -22.65], [-57.54, -22.65], [-57.56, -22.66], [-57.57, -22.67], [-57.57, -22.69], [-57.58, -22.7], [-57.59, -22.71], [-57.59, -22.72], [-57.59, -22.73], [-57.59, -22.75], [-57.59, -22.76], [-57.6, -22.77], [-57.6, -22.79], [-57.61, -22.8], [-57.62, -22.8], [-57.62, -22.82], [-57.63, -22.84], [-57.64, -22.84], [-57.65, -22.84], [-57.66, -22.85], [-57.67, -22.86], [-57.69, -22.87], [-57.69, -22.89], [-57.7, -22.9], [-57.7, -22.91], [-57.71, -22.92], [-57.72, -22.94], [-57.82, -22.91], [-57.92, -22.66], [-57.86, -22.4], [-57.82, -22.41], [-57.81, -22.4], [-57.79, -22.4], [-57.77, -22.4], [-57.76, -22.41], [-57.75, -22.39], [-57.74, -22.39], [-57.73, -22.38], [-57.71, -22.38], [-57.69, -22.37], [-57.67, -22.37], [-57.65, -22.36], [-57.63, -22.37], [-57.61, -22.38], [-57.58, -22.39], [-57.55, -22.4], [-57.52, -22.38], [-57.49, -22.38], [-57.48, -22.38]]]]}, "properties": {"id": 0, "area_km2": 1759.9237175378935, "cod_dpto": "B", "nom_dist": "ITACUA", "cod_dist": "15"}}, {"type": "Feature", "geometry": {"type": "MultiPolygon", "coordinates": [[[[-56.39, -25.62], [-56.38, -25.62], [-56.38, -25.62], [-56.38, -25.62], [-56.37, -25.62], [-56.37, -25.62], [-56.37, -25.62], [-56.37, -25.62], [-56.36, -25.62], [-56.36, -25.63], [-56.35, -25.63], [-56.35, -25.63], [-56.35, -25.63], [-56.35, -25.63], [-56.34, -25.63], [-56.34, -25.63], [-56.33, -25.66], [-56.29, -25.71], [-56.28, -25.76], [-56.32, -25.82], [-56.36, -25.8], [-56.37, -25.79], [-56.4, -25.77], [-56.42, -25.76], [-56.42, -25.76], [-56.42, -25.75], [-56.43, -25.75], [-56.43, -25.75], [-56.44, -25.74], [-56.44, -25.74], [-56.44, -25.74], [-56.45, -25.74], [-56.45, -25.74], [-56.45, -25.73], [-56.45, -25.73], [-56.45, -25.73], [-56.45, -25.72], [-56.44, -25.68], [-56.42, -25.63], [-56.42, -25.63], [-56.41, -25.63], [-56.41, -25.63], [-56.41, -25.63], [-56.41, -25.63], [-56.41, -25.63], [-56.4, -25.63], [-56.4, -25.63], [-56.4, -25.63], [-56.4, -25.63], [-56.39, -25.62], [-56.39, -25.62]]]]}, "properties": {"id": 1, "area_km2": 247.93, "cod_dpto": "E", "nom_dist": "MBOCAYATY DEL GUAIRA", "cod_dist": "12"}}, {"type": "Feature", "geometry": {"type": "MultiPolygon", "coordinates": [[[[-56.25, -25.62], [-56.24, -25.62], [-56.24, -25.62], [-56.24, -25.63], [-56.23, -25.63], [-56.23, -25.63], [-56.23, -25.63], [-56.23, -25.63], [-56.23, -25.63], [-56.22, -25.63], [-56.22, -25.64], [-56.22, -25.64], [-56.22, -25.64], [-56.22, -25.64], [-56.22, -25.65], [-56.24, -25.68], [-56.29, -25.71], [-56.33, -25.66], [-56.34, -25.63], [-56.33, -25.63], [-56.32, -25.62], [-56.32, -25.63], [-56.32, -25.63], [-56.32, -25.63], [-56.31, -25.63], [-56.31, -25.63], [-56.3, -25.63], [-56.3, -25.63], [-56.3, -25.64], [-56.3, -25.64], [-56.29, -25.64], [-56.29, -25.64], [-56.29, -25.64], [-56.29, -25.64], [-56.28, -25.63], [-56.28, -25.64], [-56.28, -25.64], [-56.27, -25.64], [-56.27, -25.64], [-56.27, -25.64], [-56.26, -25.64], [-56.26, -25.64], [-56.26, -25.64], [-56.26, -25.64], [-56.26, -25.64], [-56.26, -25.63], [-56.26, -25.63], [-56.25, -25.63], [-56.25, -25.63], [-56.25, -25.62], [-56.25, -25.62], [-56.25, -25.62]]]]}, "properties": {"id": 2, "area_km2": 76.45, "cod_dpto": "E", "nom_dist": "NATALICIO TALAVERA", "cod_dist": "13"}}, {"type": "Feature", "geometry": {"type": "MultiPolygon", "coordinates": [[[[-56.45, -25.62], [-56.44, -25.62], [-56.44, -25.62], [-56.44, -25.63], [-56.43, -25.63], [-56.43, -25.63], [-56.42, -25.65], [-56.45, -25.71], [-56.47, -25.73], [-56.48, -25.72], [-56.48, -25.72], [-56.48, -25.71], [-56.49, -25.7], [-56.49, -25.7], [-56.5, -25.69], [-56.51, -25.68], [-56.52, -25.68], [-56.52, -25.67], [-56.52, -25.67], [-56.53, -25.66], [-56.53, -25.66], [-56.53, -25.66], [-56.54, -25.65], [-56.54, -25.65], [-56.54, -25.65], [-56.55, -25.64], [-56.55, -25.64], [-56.55, -25.64], [-56.54, -25.63], [-56.54, -25.63], [-56.53, -25.63], [-56.54, -25.63], [-56.53, -25.63], [-56.53, -25.63], [-56.52, -25.62], [-56.52, -25.63], [-56.52, -25.63], [-56.51, -25.63], [-56.51, -25.62], [-56.5, -25.62], [-56.49, -25.62], [-56.49, -25.63], [-56.48, -25.64], [-56.48, -25.64], [-56.47, -25.63], [-56.47, -25.63], [-56.47, -25.63], [-56.46, -25.63], [-56.46, -25.63], [-56.45, -25.62], [-56.45, -25.62], [-56.45, -25.62]]]]}, "properties": {"id": 3, "area_km2": 85.89, "cod_dpto": "E", "nom_dist": "YATAITY", "cod_dist": "16"}}, {"type": "Feature", "geometry": {"type": "MultiPolygon", "coordinates": [[[[-54.62, -25.78], [-54.63, -25.79], [-54.64, -25.78], [-54.66, -25.77], [-54.66, -25.77], [-54.67, -25.78], [-54.68, -25.77], [-54.68, -25.77], [-54.69, -25.77], [-54.71, -25.77], [-54.72, -25.78], [-54.74, -25.79], [-54.76, -25.78], [-54.76, -25.78], [-54.77, -25.78], [-54.77, -25.77], [-54.77, -25.77], [-54.78, -25.77], [-54.78, -25.77], [-54.79, -25.77], [-54.79, -25.77], [-54.8, -25.77], [-54.8, -25.77], [-54.8, -25.77], [-54.8, -25.76], [-54.81, -25.76], [-54.83, -25.76], [-54.87, -25.65], [-54.86, -25.64], [-54.85, -25.64], [-54.85, -25.62], [-54.85, -25.6], [-54.86, -25.61], [-54.85, -25.59], [-54.84, -25.6], [-54.83, -25.58], [-54.81, -25.58], [-54.81, -25.6], [-54.81, -25.61], [-54.79, -25.59], [-54.77, -25.59], [-54.77, -25.6], [-54.76, -25.59], [-54.77, -25.58], [-54.76, -25.59], [-54.74, -25.58], [-54.74, -25.6], [-54.72, -25.59], [-54.65, -25.66], [-54.66, -25.68], [-54.63, -25.75], [-54.62, -25.78]]]]}, "properties": {"id": 4, "area_km2": 408.24, "cod_dpto": "K", "nom_dist": "LOS CEDRALES", "cod_dist": "12"}}, {"type": "Feature", "geometry": {"type": "MultiPolygon", "coordinates": [[[[-54.62, -25.54], [-54.62, -25.54], [-54.62, -25.54], [-54.62, -25.54], [-54.61, -25.54], [-54.61, -25.54], [-54.61, -25.54], [-54.61, -25.54], [-54.61, -25.54], [-54.61, -25.54], [-54.61, -25.54], [-54.61, -25.54], [-54.61, -25.55], [-54.61, -25.55], [-54.61, -25.55], [-54.61, -25.55], [-54.61, -25.55], [-54.61, -25.55], [-54.61, -25.55], [-54.61, -25.55], [-54.61, -25.55], [-54.61, -25.55], [-54.61, -25.55], [-54.61, -25.55], [-54.6, -25.55], [-54.6, -25.55], [-54.6, -25.55], [-54.6, -25.55], [-54.6, -25.55], [-54.6, -25.55], [-54.6, -25.55], [-54.6, -25.55], [-54.6, -25.55], [-54.6, -25.55], [-54.6, -25.55], [-54.59, -25.56], [-54.59, -25.59], [-54.6, -25.61], [-54.59, -25.63], [-54.59, -25.65], [-54.59, -25.67], [-54.6, -25.67], [-54.63, -25.66], [-54.65, -25.66], [-54.65, -25.66], [-54.71, -25.57], [-54.7, -25.55], [-54.62, -25.54], [-54.62, -25.54], [-54.62, -25.54], [-54.62, -25.54], [-54.62, -25.54]]]]}, "properties": {"id": 5, "area_km2": 123.49, "cod_dpto": "K", "nom_dist": "PTE. FRANCO", "cod_dist": "8"}}, {"type": "Feature", "geometry": {"type": "MultiPolygon", "coordinates": [[[[-54.88, -25.65], [-55.14, -25.66], [-55.24, -25.67], [-55.24, -25.66], [-55.24, -25.65], [-55.24, -25.64], [-55.24, -25.64], [-55.23, -25.63], [-55.23, -25.63], [-55.23, -25.62], [-55.23, -25.62], [-55.23, -25.61], [-55.23, -25.61], [-55.23, -25.6], [-55.22, -25.59], [-55.22, -25.59], [-55.22, -25.58], [-55.22, -25.58], [-55.22, -25.57], [-55.22, -25.57], [-55.22, -25.56], [-55.22, -25.55], [-55.22, -25.55], [-55.22, -25.54], [-55.22, -25.54], [-55.21, -25.54], [-55.22, -25.53], [-55.21, -25.52], [-55.2, -25.52], [-55.18, -25.52], [-55.16, -25.52], [-55.15, -25.53], [-55.14, -25.54], [-55.14, -25.56], [-55.12, -25.56], [-55.1, -25.56], [-55.08, -25.56], [-55.07, -25.57], [-55.05, -25.57], [-55.04, -25.58], [-55.03, -25.57], [-55.02, -25.59], [-55.0, -25.59], [-54.98, -25.59], [-54.97, -25.58], [-54.95, -25.57], [-54.95, -25.6], [-54.93, -25.62], [-54.91, -25.61], [-54.88, -25.61], [-54.89, -25.64], [-54.88, -25.65]]]]}, "properties": {"id": 6, "area_km2": 437.21, "cod_dpto": "K", "nom_dist": "TAVAPY", "cod_dist": "21"}}, {"type": "Feature", "geometry": {"type": "MultiPolygon", "coordinates": [[[[-57.13, -25.5], [-57.09, -25.57], [-57.08, -25.58], [-57.09, -25.61], [-57.09, -25.62], [-57.09, -25.63], [-57.09, -25.64], [-57.08, -25.65], [-57.08, -25.66], [-57.08, -25.67], [-57.08, -25.67], [-57.08, -25.68], [-57.09, -25.69], [-57.1, -25.69], [-57.11, -25.69], [-57.1, -25.7], [-57.13, -25.79], [-57.14, -25.79], [-57.15, -25.78], [-57.16, -25.77], [-57.17, -25.77], [-57.18, -25.78], [-57.19, -25.78], [-57.2, -25.78], [-57.21, -25.77], [-57.21, -25.76], [-57.22, -25.76], [-57.22, -25.75], [-57.22, -25.74], [-57.23, -25.74], [-57.23, -25.74], [-57.23, -25.73], [-57.23, -25.72], [-57.24, -25.71], [-57.24, -25.7], [-57.24, -25.7], [-57.25, -25.7], [-57.26, -25.7], [-57.26, -25.69], [-57.26, -25.69], [-57.27, -25.68], [-57.27, -25.68], [-57.27, -25.67], [-57.28, -25.67], [-57.26, -25.67], [-57.23, -25.66], [-57.22, -25.65], [-57.22, -25.63], [-57.21, -25.61], [-57.2, -25.61], [-57.19, -25.61], [-57.13, -25.5]]]]}, "properties": {"id": 7, "area_km2": 348.78, "cod_dpto": "J", "nom_dist": "PARAGUARI", "cod_dist": "1"}}, {"type": "Feature", "geometry": {"type": "MultiPolygon", "coordinates": [[[[-57.31, -25.5], [-57.19, -25.61], [-57.2, -25.61], [-57.2, -25.61], [-57.21, -25.61], [-57.21, -25.62], [-57.21, -25.63], [-57.22, -25.64], [-57.22, -25.65], [-57.23, -25.66], [-57.24, -25.66], [-57.25, -25.67], [-57.27, -25.67], [-57.28, -25.67], [-57.28, -25.67], [-57.29, -25.67], [-57.29, -25.67], [-57.29, -25.67], [-57.29, -25.67], [-57.3, -25.67], [-57.3, -25.67], [-57.3, -25.68], [-57.31, -25.67], [-57.31, -25.67], [-57.31, -25.67], [-57.31, -25.67], [-57.32, -25.67], [-57.32, -25.67], [-57.33, -25.67], [-57.33, -25.67], [-57.33, -25.67], [-57.34, -25.67], [-57.34, -25.67], [-57.34, -25.67], [-57.35, -25.67], [-57.35, -25.66], [-57.35, -25.66], [-57.35, -25.66], [-57.36, -25.66], [-57.36, -25.66], [-57.36, -25.66], [-57.37, -25.66], [-57.37, -25.66], [-57.37, -25.65], [-57.38, -25.65], [-57.39, -25.64], [-57.38, -25.64], [-57.38, -25.63], [-57.37, -25.62], [-57.37, -25.62], [-57.34, -25.61], [-57.31, -25.5]]]]}, "properties": {"id": 8, "area_km2": 237.69, "cod_dpto": "J", "nom_dist": "YAGUARON", "cod_dist": "17"}}, {"type": "Feature", "geometry": {"type": "MultiPolygon", "coordinates": [[[[-56.88, -25.49], [-56.88, -25.5], [-56.87, -25.52], [-56.86, -25.52], [-56.85, -25.51], [-56.85, -25.51], [-56.85, -25.52], [-56.85, -25.53], [-56.72, -25.66], [-56.72, -25.66], [-56.73, -25.66], [-56.73, -25.66], [-56.74, -25.66], [-56.74, -25.66], [-56.74, -25.66], [-56.75, -25.66], [-56.75, -25.65], [-56.76, -25.65], [-56.76, -25.65], [-56.76, -25.64], [-56.77, -25.64], [-56.77, -25.64], [-56.78, -25.63], [-56.78, -25.63], [-56.79, -25.63], [-56.8, -25.63], [-56.82, -25.64], [-56.94, -25.64], [-56.93, -25.62], [-56.92, -25.61], [-56.92, -25.61], [-56.91, -25.6], [-56.91, -25.6], [-56.91, -25.6], [-56.91, -25.59], [-56.92, -25.58], [-56.92, -25.58], [-56.92, -25.57], [-56.91, -25.57], [-56.91, -25.57], [-56.91, -25.56], [-56.91, -25.55], [-56.91, -25.55], [-56.91, -25.55], [-56.91, -25.55], [-56.92, -25.54], [-56.91, -25.54], [-56.91, -25.54], [-56.91, -25.54], [-56.92, -25.53], [-56.93, -25.51], [-56.88, -25.49]]]]}, "properties": {"id": 9, "area_km2": 187.1, "cod_dpto": "D", "nom_dist": "VALENZUELA", "cod_dist": "17"}}, {"type": "Feature", "geometry": {"type": "MultiPolygon", "coordinates": [[[[-55.76, -25.48], [-55.75, -25.48], [-55.73, -25.49], [-55.72, -25.5], [-55.71, -25.51], [-55.7, -25.51], [-55.68, -25.52], [-55.67, -25.51], [-55.65, -25.51], [-55.64, -25.51], [-55.62, -25.52], [-55.61, -25.53], [-55.6, -25.55], [-55.59, -25.54], [-55.57, -25.54], [-55.55, -25.54], [-55.54, -25.55], [-55.52, -25.56], [-55.51, -25.57], [-55.53, -25.57], [-55.54, -25.59], [-55.54, -25.6], [-55.54, -25.62], [-55.55, -25.63], [-55.56, -25.64], [-55.58, -25.64], [-55.59, -25.65], [-55.61, -25.65], [-55.63, -25.65], [-55.66, -25.65], [-55.67, -25.65], [-55.69, -25.67], [-55.7, -25.68], [-55.74, -25.69], [-55.78, -25.69], [-55.82, -25.69], [-55.87, -25.68], [-56.15, -25.59], [-56.14, -25.59], [-56.13, -25.59], [-56.11, -25.59], [-56.09, -25.57], [-55.83, -25.49], [-55.82, -25.49], [-55.81, -25.5], [-55.81, -25.5], [-55.8, -25.5], [-55.79, -25.5], [-55.78, -25.49], [-55.77, -25.48], [-55.76, -25.48], [-55.76, -25.48]]]]}, "properties": {"id": 10, "area_km2": 864.61, "cod_dpto": "F", "nom_dist": "REPATRIACION", "cod_dist": "14"}}, {"type": "Feature", "geometry": {"type": "MultiPolygon", "coordinates": [[[[-57.45, -25.42], [-57.45, -25.41], [-57.45, -25.41], [-57.45, -25.41], [-57.45, -25.41], [-57.45, -25.41], [-57.45, -25.41], [-57.45, -25.41], [-57.45, -25.4], [-57.45, -25.4], [-57.45, -25.4], [-57.43, -25.4], [-57.43, -25.4], [-57.42, -25.41], [-57.42, -25.41], [-57.42, -25.41], [-57.42, -25.41], [-57.42, -25.42], [-57.41, -25.42], [-57.4, -25.42], [-57.4, -25.42], [-57.4, -25.42], [-57.4, -25.42], [-57.4, -25.42], [-57.4, -25.42], [-57.4, -25.42], [-57.4, -25.42], [-57.4, -25.42], [-57.4, -25.42], [-57.4, -25.42], [-57.4, -25.43], [-57.4, -25.43], [-57.4, -25.44], [-57.45, -25.46], [-57.47, -25.45], [-57.47, -25.45], [-57.47, -25.44], [-57.47, -25.44], [-57.47, -25.44], [-57.46, -25.44], [-57.46, -25.44], [-57.46, -25.43], [-57.46, -25.43], [-57.46, -25.43], [-57.46, -25.43], [-57.46, -25.43], [-57.46, -25.43], [-57.46, -25.42], [-57.46, -25.42], [-57.46, -25.42], [-57.46, -25.42], [-57.45, -25.42]]]]}, "properties": {"id": 11, "area_km2": 32.19, "cod_dpto": "L", "nom_dist": "J AUGUSTO SALDIVAR", "cod_dist": "20"}}, {"type": "Feature", "geometry": {"type": "MultiPolygon", "coordinates": [[[[-56.86, -25.37], [-56.84, -25.37], [-56.84, -25.4], [-56.84, -25.43], [-56.83, -25.43], [-56.83, -25.44], [-56.83, -25.44], [-56.83, -25.44], [-56.82, -25.44], [-56.82, -25.44], [-56.81, -25.44], [-56.81, -25.44], [-56.8, -25.44], [-56.8, -25.44], [-56.8, -25.44], [-56.8, -25.45], [-56.79, -25.44], [-56.79, -25.45], [-56.79, -25.45], [-56.79, -25.45], [-56.79, -25.45], [-56.78, -25.45], [-56.78, -25.46], [-56.81, -25.54], [-56.86, -25.51], [-56.87, -25.52], [-56.88, -25.5], [-56.92, -25.51], [-56.93, -25.5], [-56.93, -25.5], [-56.93, -25.49], [-56.93, -25.49], [-56.93, -25.48], [-56.93, -25.48], [-56.93, -25.48], [-56.93, -25.48], [-56.93, -25.47], [-56.94, -25.47], [-56.94, -25.47], [-56.95, -25.47], [-56.95, -25.46], [-56.9, -25.42], [-56.89, -25.42], [-56.89, -25.42], [-56.88, -25.42], [-56.87, -25.42], [-56.87, -25.41], [-56.87, -25.4], [-56.87, -25.4], [-56.87, -25.39], [-56.87, -25.38], [-56.86, -25.37]]]]}, "properties": {"id": 12, "area_km2": 149.14, "cod_dpto": "D", "nom_dist": "ITAC. DE LA CORDILLERA", "cod_dist": "9"}}, {"type": "Feature", "geometry": {"type": "MultiPolygon", "coordinates": [[[[-55.45, -25.36], [-55.43, -25.56], [-55.43, -25.56], [-55.43, -25.55], [-55.43, -25.55], [-55.43, -25.55], [-55.43, -25.55], [-55.43, -25.55], [-55.43, -25.55], [-55.43, -25.55], [-55.43, -25.54], [-55.43, -25.54], [-55.44, -25.54], [-55.44, -25.55], [-55.44, -25.54], [-55.44, -25.54], [-55.44, -25.55], [-55.44, -25.55], [-55.44, -25.55], [-55.44, -25.54], [-55.44, -25.54], [-55.45, -25.54], [-55.45, -25.54], [-55.45, -25.54], [-55.45, -25.54], [-55.45, -25.54], [-55.45, -25.54], [-55.45, -25.54], [-55.45, -25.54], [-55.45, -25.54], [-55.45, -25.54], [-55.45, -25.54], [-55.45, -25.54], [-55.45, -25.54], [-55.45, -25.53], [-55.45, -25.53], [-55.45, -25.53], [-55.46, -25.53], [-55.46, -25.53], [-55.46, -25.53], [-55.46, -25.53], [-55.46, -25.53], [-55.46, -25.53], [-55.46, -25.53], [-55.46, -25.53], [-55.46, -25.53], [-55.46, -25.53], [-55.47, -25.53], [-55.47, -25.53], [-55.47, -25.52], [-55.47, -25.53], [-55.47, -25.53], [-55.47, -25.53], [-55.48, -25.53], [-55.47, -25.53], [-55.48, -25.52], [-55.48, -25.41], [-55.45, -25.36]]]]}, "properties": {"id": 13, "area_km2": 150.39, "cod_dpto": "F", "nom_dist": "JOSE D. OCAMPOS", "cod_dist": "17"}}, {"type": "Feature", "geometry": {"type": "MultiPolygon", "coordinates": [[[[-56.75, -25.33], [-56.75, -25.33], [-56.75, -25.33], [-56.75, -25.34], [-56.75, -25.34], [-56.75, -25.34], [-56.75, -25.34], [-56.75, -25.34], [-56.75, -25.34], [-56.75, -25.34], [-56.75, -25.35], [-56.75, -25.35], [-56.75, -25.35], [-56.75, -25.35], [-56.74, -25.35], [-56.74, -25.35], [-56.74, -25.35], [-56.74, -25.35], [-56.74, -25.35], [-56.74, -25.36], [-56.73, -25.36], [-56.74, -25.37], [-56.73, -25.37], [-56.73, -25.38], [-56.73, -25.38], [-56.73, -25.39], [-56.73, -25.39], [-56.73, -25.39], [-56.73, -25.4], [-56.72, -25.41], [-56.72, -25.42], [-56.72, -25.43], [-56.72, -25.44], [-56.78, -25.46], [-56.79, -25.45], [-56.79, -25.45], [-56.79, -25.45], [-56.79, -25.44], [-56.8, -25.45], [-56.8, -25.44], [-56.8, -25.44], [-56.81, -25.44], [-56.81, -25.44], [-56.82, -25.44], [-56.83, -25.44], [-56.83, -25.44], [-56.84, -25.44], [-56.83, -25.43], [-56.84, -25.39], [-56.85, -25.37], [-56.83, -25.35], [-56.75, -25.33]]]]}, "properties": {"id": 14, "area_km2": 133.02, "cod_dpto": "D", "nom_dist": "SANTA ELENA", "cod_dist": "15"}}, {"type": "Feature", "geometry": {"type": "MultiPolygon", "coordinates": [[[[-55.3, -25.35], [-55.34, -25.56], [-55.35, -25.59], [-55.35, -25.6], [-55.36, -25.61], [-55.36, -25.61], [-55.36, -25.61], [-55.37, -25.61], [-55.37, -25.61], [-55.37, -25.61], [-55.37, -25.61], [-55.37, -25.62], [-55.37, -25.62], [-55.38, -25.62], [-55.38, -25.62], [-55.38, -25.62], [-55.39, -25.63], [-55.39, -25.63], [-55.4, -25.63], [-55.4, -25.62], [-55.4, -25.62], [-55.4, -25.62], [-55.4, -25.62], [-55.4, -25.61], [-55.4, -25.61], [-55.4, -25.61], [-55.4, -25.61], [-55.4, -25.61], [-55.4, -25.6], [-55.41, -25.6], [-55.41, -25.6], [-55.41, -25.59], [-55.41, -25.59], [-55.41, -25.59], [-55.41, -25.59], [-55.41, -25.59], [-55.42, -25.59], [-55.41, -25.59], [-55.41, -25.58], [-55.42, -25.58], [-55.42, -25.58], [-55.42, -25.58], [-55.42, -25.58], [-55.42, -25.57], [-55.42, -25.57], [-55.42, -25.57], [-55.42, -25.57], [-55.42, -25.56], [-55.42, -25.56], [-55.42, -25.56], [-55.42, -25.56], [-55.42, -25.55], [-55.35, -25.36], [-55.3, -25.35]]]]}, "properties": {"id": 15, "area_km2": 232.05, "cod_dpto": "K", "nom_dist": "JUAN E. O'LEARY", "cod_dist": "7"}}, {"type": "Feature", "geometry": {"type": "MultiPolygon", "coordinates": [[[[-57.29, -25.36], [-57.28, -25.36], [-57.28, -25.36], [-57.28, -25.36], [-57.28, -25.36], [-57.28, -25.36], [-57.28, -25.36], [-57.28, -25.36], [-57.27, -25.36], [-57.27, -25.36], [-57.27, -25.36], [-57.27, -25.36], [-57.27, -25.36], [-57.27, -25.36], [-57.27, -25.36], [-57.27, -25.36], [-57.27, -25.36], [-57.27, -25.36], [-57.27, -25.36], [-57.27, -25.36], [-57.26, -25.36], [-57.26, -25.36], [-57.26, -25.36], [-57.26, -25.36], [-57.26, -25.36], [-57.26, -25.36], [-57.26, -25.36], [-57.26, -25.36], [-57.26, -25.36], [-57.26, -25.36], [-57.26, -25.36], [-57.25, -25.36], [-57.25, -25.36], [-57.25, -25.36], [-57.25, -25.36], [-57.24, -25.36], [-57.24, -25.36], [-57.24, -25.37], [-57.23, -25.37], [-57.23, -25.36], [-57.23, -25.36], [-57.22, -25.36], [-57.22, -25.36], [-57.21, -25.36], [-57.2, -25.37], [-57.2, -25.39], [-57.24, -25.43], [-57.3, -25.43], [-57.32, -25.39], [-57.33, -25.38], [-57.32, -25.36], [-57.33, -25.35], [-57.3, -25.34], [-57.29, -25.36], [-57.29, -25.36]]]]}, "properties": {"id": 16, "area_km2": 106.29, "cod_dpto": "L", "nom_dist": "YPACARAI", "cod_dist": "17"}}, {"type": "Feature", "geometry": {"type": "MultiPolygon", "coordinates": [[[[-57.61, -25.31], [-57.61, -25.32], [-57.61, -25.32], [-57.61, -25.32], [-57.61, -25.32], [-57.61, -25.32], [-57.61, -25.32], [-57.6, -25.32], [-57.6, -25.33], [-57.6, -25.33], [-57.6, -25.33], [-57.6, -25.33], [-57.6, -25.33], [-57.59, -25.33], [-57.59, -25.33], [-57.59, -25.33], [-57.59, -25.34], [-57.59, -25.34], [-57.59, -25.34], [-57.59, -25.34], [-57.59, -25.34], [-57.59, -25.34], [-57.59, -25.34], [-57.59, -25.34], [-57.59, -25.34], [-57.59, -25.34], [-57.59, -25.34], [-57.59, -25.35], [-57.59, -25.35], [-57.6, -25.36], [-57.6, -25.36], [-57.6, -25.37], [-57.6, -25.37], [-57.6, -25.37], [-57.6, -25.37], [-57.61, -25.38], [-57.61, -25.38], [-57.61, -25.38], [-57.61, -25.38], [-57.61, -25.38], [-57.61, -25.38], [-57.61, -25.38], [-57.61, -25.39], [-57.61, -25.39], [-57.61, -25.39], [-57.61, -25.39], [-57.61, -25.39], [-57.61, -25.39], [-57.62, -25.39], [-57.62, -25.39], [-57.63, -25.39], [-57.63, -25.39], [-57.64, -25.38], [-57.64, -25.38], [-57.65, -25.38], [-57.65, -25.37], [-57.65, -25.37], [-57.65, -25.37], [-57.65, -25.36], [-57.65, -25.36], [-57.64, -25.36], [-57.64, -25.36], [-57.64, -25.37], [-57.64, -25.37], [-57.64, -25.37], [-57.64, -25.37], [-57.64, -25.36], [-57.64, -25.36], [-57.64, -25.36], [-57.64, -25.36], [-57.64, -25.35], [-57.64, -25.35], [-57.63, -25.35], [-57.64, -25.35], [-57.63, -25.34], [-57.63, -25.34], [-57.63, -25.34], [-57.63, -25.34], [-57.63, -25.34], [-57.63, -25.34], [-57.63, -25.34], [-57.63, -25.34], [-57.63, -25.34], [-57.63, -25.34], [-57.63, -25.33], [-57.63, -25.33], [-57.62, -25.33], [-57.62, -25.33], [-57.62, -25.33], [-57.62, -25.33], [-57.62, -25.32], [-57.62, -25.32], [-57.62, -25.32], [-57.62, -25.32], [-57.62, -25.31], [-57.61, -25.31], [-57.61, -25.31]]]]}, "properties": {"id": 17, "area_km2": 28, "cod_dpto": "L", "nom_dist": "LAMBARE", "cod_dist": "19"}}, {"type": "Feature", "geometry": {"type": "MultiPolygon", "coordinates": [[[[-57.54, -25.29], [-57.53, -25.3], [-57.53, -25.3], [-57.53, -25.3], [-57.53, -25.31], [-57.52, -25.32], [-57.52, -25.32], [-57.52, -25.32], [-57.52, -25.32], [-57.52, -25.32], [-57.52, -25.32], [-57.52, -25.32], [-57.52, -25.32], [-57.53, -25.32], [-57.53, -25.32], [-57.53, -25.33], [-57.53, -25.33], [-57.53, -25.33], [-57.53, -25.34], [-57.54, -25.33], [-57.54, -25.34], [-57.55, -25.35], [-57.55, -25.36], [-57.55, -25.36], [-57.56, -25.36], [-57.56, -25.36], [-57.56, -25.36], [-57.57, -25.36], [-57.57, -25.35], [-57.59, -25.34], [-57.55, -25.3], [-57.55, -25.3], [-57.54, -25.3], [-57.54, -25.3], [-57.54, -25.3], [-57.54, -25.3], [-57.54, -25.3], [-57.54, -25.3], [-57.54, -25.29], [-57.54, -25.29], [-57.54, -25.29], [-57.54, -25.29], [-57.54, -25.29], [-57.54, -25.29], [-57.54, -25.29], [-57.54, -25.29], [-57.54, -25.29], [-57.54, -25.29], [-57.54, -25.29], [-57.54, -25.29], [-57.54, -25.29], [-57.54, -25.29]]]]}, "properties": {"id": 18, "area_km2": 20.86, "cod_dpto": "L", "nom_dist": "FDO. DE LA MORA", "cod_dist": "3"}}, {"type": "Feature", "geometry": {"type": "MultiPolygon", "coordinates": [[[[-57.54, -25.27], [-57.54, -25.28], [-57.54, -25.28], [-57.54, -25.28], [-57.54, -25.28], [-57.54, -25.28], [-57.54, -25.28], [-57.54, -25.28], [-57.54, -25.28], [-57.54, -25.28], [-57.54, -25.28], [-57.54, -25.28], [-57.54, -25.28], [-57.54, -25.28], [-57.54, -25.28], [-57.54, -25.28], [-57.54, -25.28], [-57.54, -25.29], [-57.54, -25.29], [-57.54, -25.29], [-57.54, -25.29], [-57.54, -25.29], [-57.54, -25.29], [-57.54, -25.29], [-57.54, -25.29], [-57.54, -25.29], [-57.54, -25.29], [-57.54, -25.29], [-57.54, -25.29], [-57.54, -25.29], [-57.54, -25.29], [-57.54, -25.29], [-57.54, -25.29], [-57.54, -25.29], [-57.54, -25.3], [-57.54, -25.3], [-57.54, -25.3], [-57.54, -25.3], [-57.55, -25.31], [-57.59, -25.34], [-57.6, -25.33], [-57.6, -25.31], [-57.59, -25.3], [-57.59, -25.29], [-57.59, -25.29], [-57.58, -25.29], [-57.57, -25.29], [-57.57, -25.28], [-57.56, -25.28], [-57.55, -25.28], [-57.54, -25.27]]]]}, "properties": {"id": 19, "area_km2": 24.37, "cod_dpto": "A", "nom_dist": "LA RECOLETA", "cod_dist": "5"}}, {"type": "Feature", "geometry": {"type": "MultiPolygon", "coordinates": [[[[-56.17, -25.27], [-56.16, -25.27], [-56.15, -25.28], [-56.15, -25.28], [-56.15, -25.28], [-56.15, -25.29], [-56.14, -25.29], [-56.14, -25.3], [-56.13, -25.3], [-56.13, -25.31], [-56.12, -25.33], [-56.1, -25.36], [-56.1, -25.36], [-56.25, -25.41], [-56.33, -25.41], [-56.36, -25.41], [-56.37, -25.34], [-56.37, -25.35], [-56.36, -25.34], [-56.36, -25.35], [-56.35, -25.35], [-56.35, -25.35], [-56.35, -25.34], [-56.34, -25.35], [-56.34, -25.34], [-56.33, -25.34], [-56.32, -25.34], [-56.31, -25.34], [-56.3, -25.33], [-56.3, -25.33], [-56.29, -25.32], [-56.28, -25.32], [-56.26, -25.32], [-56.26, -25.32], [-56.25, -25.32], [-56.25, -25.31], [-56.24, -25.32], [-56.23, -25.32], [-56.22, -25.31], [-56.22, -25.31], [-56.22, -25.3], [-56.22, -25.3], [-56.22, -25.3], [-56.21, -25.3], [-56.21, -25.29], [-56.21, -25.29], [-56.21, -25.29], [-56.2, -25.28], [-56.19, -25.29], [-56.18, -25.28], [-56.17, -25.27], [-56.17, -25.27]]]]}, "properties": {"id": 20, "area_km2": 285.95, "cod_dpto": "F", "nom_dist": "R.I. 3 CORRALES", "cod_dist": "18"}}, {"type": "Feature", "geometry": {"type": "MultiPolygon", "coordinates": [[[[-54.62, -24.42], [-54.6, -24.41], [-54.59, -24.41], [-54.58, -24.4], [-54.56, -24.39], [-54.54, -24.39], [-54.52, -24.4], [-54.49, -24.39], [-54.48, -24.39], [-54.47, -24.39], [-54.46, -24.39], [-54.45, -24.39], [-54.5, -24.33], [-54.48, -24.32], [-54.47, -24.32], [-54.45, -24.31], [-54.45, -24.32], [-54.43, -24.32], [-54.43, -24.34], [-54.41, -24.35], [-54.41, -24.38], [-54.39, -24.37], [-54.37, -24.39], [-54.34, -24.41], [-54.4, -24.52], [-54.47, -24.52], [-54.49, -24.53], [-54.49, -24.53], [-54.49, -24.52], [-54.5, -24.52], [-54.51, -24.52], [-54.52, -24.51], [-54.52, -24.5], [-54.52, -24.51], [-54.53, -24.5], [-54.53, -24.51], [-54.54, -24.52], [-54.54, -24.52], [-54.55, -24.53], [-54.55, -24.53], [-54.56, -24.54], [-54.56, -24.54], [-54.57, -24.53], [-54.58, -24.53], [-54.59, -24.52], [-54.6, -24.52], [-54.61, -24.52], [-54.62, -24.51], [-54.63, -24.51], [-54.65, -24.5], [-54.66, -24.5], [-54.62, -24.42]]]]}, "properties": {"id": 21, "area_km2": 505.81, "cod_dpto": "S", "nom_dist": "PUERTO ADELA", "cod_dist": "15"}}, {"type": "Feature", "geometry": {"type": "MultiPolygon", "coordinates": [[[[-57.57, -25.36], [-57.55, -25.35], [-57.53, -25.32], [-57.52, -25.32], [-57.53, -25.3], [-57.52, -25.3], [-57.51, -25.3], [-57.51, -25.31], [-57.5, -25.31], [-57.5, -25.31], [-57.5, -25.31], [-57.5, -25.31], [-57.5, -25.31], [-57.49, -25.31], [-57.49, -25.31], [-57.49, -25.31], [-57.49, -25.31], [-57.49, -25.32], [-57.49, -25.32], [-57.49, -25.32], [-57.49, -25.32], [-57.49, -25.32], [-57.49, -25.32], [-57.48, -25.32], [-57.48, -25.32], [-57.48, -25.32], [-57.47, -25.32], [-57.47, -25.32], [-57.47, -25.32], [-57.46, -25.32], [-57.47, -25.33], [-57.47, -25.33], [-57.47, -25.33], [-57.48, -25.33], [-57.48, -25.34], [-57.48, -25.34], [-57.48, -25.34], [-57.48, -25.34], [-57.48, -25.34], [-57.48, -25.35], [-57.48, -25.35], [-57.49, -25.35], [-57.49, -25.36], [-57.49, -25.36], [-57.48, -25.37], [-57.48, -25.39], [-57.5, -25.4], [-57.52, -25.39], [-57.52, -25.38], [-57.53, -25.37], [-57.54, -25.37], [-57.56, -25.36], [-57.57, -25.36]]]]}, "properties": {"id": 22, "area_km2": 54.31, "cod_dpto": "L", "nom_dist": "SAN LORENZO", "cod_dist": "13"}}, {"type": "Feature", "geometry": {"type": "MultiPolygon", "coordinates": [[[[-57.52, -25.41], [-57.48, -25.37], [-57.49, -25.35], [-57.48, -25.35], [-57.48, -25.34], [-57.48, -25.34], [-57.47, -25.33], [-57.47, -25.32], [-57.46, -25.32], [-57.45, -25.3], [-57.45, -25.31], [-57.44, -25.31], [-57.44, -25.32], [-57.43, -25.32], [-57.43, -25.33], [-57.43, -25.33], [-57.43, -25.33], [-57.43, -25.33], [-57.42, -25.34], [-57.43, -25.34], [-57.42, -25.34], [-57.42, -25.34], [-57.42, -25.35], [-57.42, -25.35], [-57.41, -25.35], [-57.41, -25.35], [-57.41, -25.35], [-57.41, -25.35], [-57.41, -25.35], [-57.41, -25.36], [-57.4, -25.36], [-57.4, -25.36], [-57.4, -25.37], [-57.4, -25.37], [-57.4, -25.37], [-57.4, -25.37], [-57.4, -25.37], [-57.4, -25.38], [-57.4, -25.38], [-57.4, -25.38], [-57.4, -25.38], [-57.4, -25.38], [-57.4, -25.39], [-57.41, -25.39], [-57.41, -25.39], [-57.4, -25.39], [-57.4, -25.4], [-57.4, -25.41], [-57.4, -25.42], [-57.45, -25.41], [-57.47, -25.44], [-57.52, -25.41]]]]}, "properties": {"id": 23, "area_km2": 85.92, "cod_dpto": "L", "nom_dist": "CAPIATA", "cod_dist": "2"}}, {"type": "Feature", "geometry": {"type": "MultiPolygon", "coordinates": [[[[-55.13, -25.66], [-55.03, -25.86], [-55.09, -25.91], [-55.12, -25.91], [-55.13, -25.9], [-55.13, -25.9], [-55.13, -25.9], [-55.14, -25.9], [-55.14, -25.9], [-55.15, -25.89], [-55.15, -25.9], [-55.16, -25.89], [-55.16, -25.89], [-55.17, -25.88], [-55.17, -25.87], [-55.17, -25.87], [-55.18, -25.87], [-55.19, -25.87], [-55.2, -25.86], [-55.21, -25.85], [-55.22, -25.84], [-55.22, -25.84], [-55.23, -25.84], [-55.24, -25.84], [-55.24, -25.83], [-55.25, -25.82], [-55.26, -25.81], [-55.27, -25.8], [-55.27, -25.79], [-55.28, -25.79], [-55.29, -25.78], [-55.29, -25.78], [-55.29, -25.77], [-55.28, -25.76], [-55.28, -25.76], [-55.28, -25.75], [-55.28, -25.75], [-55.28, -25.74], [-55.28, -25.73], [-55.28, -25.73], [-55.27, -25.72], [-55.27, -25.71], [-55.27, -25.71], [-55.27, -25.7], [-55.27, -25.7], [-55.27, -25.69], [-55.26, -25.69], [-55.26, -25.68], [-55.25, -25.68], [-55.25, -25.67], [-55.14, -25.66], [-55.13, -25.66]]]]}, "properties": {"id": 24, "area_km2": 594.14, "cod_dpto": "K", "nom_dist": "SANTA RITA", "cod_dist": "11"}}, {"type": "Feature", "geometry": {"type": "MultiPolygon", "coordinates": [[[[-55.35, -25.14], [-55.29, -25.17], [-55.24, -25.2], [-55.22, -25.23], [-55.24, -25.25], [-55.3, -25.27], [-55.37, -25.36], [-55.48, -25.36], [-55.52, -25.31], [-55.56, -25.26], [-55.55, -25.25], [-55.54, -25.24], [-55.53, -25.24], [-55.52, -25.24], [-55.51, -25.24], [-55.46, -25.23], [-55.46, -25.22], [-55.45, -25.22], [-55.45, -25.22], [-55.45, -25.22], [-55.45, -25.22], [-55.45, -25.22], [-55.45, -25.22], [-55.45, -25.22], [-55.45, -25.22], [-55.45, -25.22], [-55.45, -25.22], [-55.45, -25.22], [-55.45, -25.22], [-55.45, -25.22], [-55.45, -25.22], [-55.45, -25.22], [-55.45, -25.22], [-55.45, -25.23], [-55.45, -25.23], [-55.45, -25.23], [-55.45, -25.23], [-55.45, -25.23], [-55.45, -25.23], [-55.45, -25.23], [-55.44, -25.23], [-55.44, -25.23], [-55.44, -25.23], [-55.44, -25.23], [-55.44, -25.23], [-55.44, -25.23], [-55.44, -25.23], [-55.44, -25.23], [-55.44, -25.23], [-55.44, -25.23], [-55.42, -25.16], [-55.39, -25.14], [-55.35, -25.14]]]]}, "properties": {"id": 25, "area_km2": 466.47, "cod_dpto": "F", "nom_dist": "TEMBIAPORA", "cod_dist": "25"}}, {"type": "Feature", "geometry": {"type": "MultiPolygon", "coordinates": [[[[-55.88, -25.14], [-55.7, -25.28], [-55.7, -25.28], [-55.7, -25.28], [-55.71, -25.27], [-55.71, -25.27], [-55.71, -25.27], [-55.71, -25.27], [-55.72, -25.27], [-55.72, -25.28], [-55.72, -25.28], [-55.72, -25.28], [-55.73, -25.28], [-55.73, -25.28], [-55.73, -25.28], [-55.73, -25.28], [-55.73, -25.28], [-55.73, -25.28], [-55.74, -25.28], [-55.74, -25.28], [-55.74, -25.28], [-55.74, -25.28], [-55.74, -25.28], [-55.75, -25.28], [-55.75, -25.28], [-55.75, -25.28], [-55.75, -25.28], [-55.76, -25.28], [-55.77, -25.28], [-55.78, -25.28], [-55.78, -25.27], [-55.78, -25.27], [-55.8, -25.26], [-55.8, -25.26], [-55.81, -25.26], [-55.82, -25.26], [-55.83, -25.26], [-55.83, -25.26], [-55.84, -25.25], [-55.85, -25.25], [-55.85, -25.25], [-55.86, -25.25], [-55.87, -25.25], [-55.88, -25.25], [-55.88, -25.24], [-55.89, -25.24], [-55.9, -25.23], [-55.91, -25.23], [-55.92, -25.23], [-55.92, -25.22], [-55.93, -25.22], [-55.88, -25.14]]]]}, "properties": {"id": 26, "area_km2": 237.9, "cod_dpto": "F", "nom_dist": "3 DE FEBRERO", "cod_dist": "21"}}, {"type": "Feature", "geometry": {"type": "MultiPolygon", "coordinates": [[[[-57.15, -25.13], [-57.15, -25.13], [-57.15, -25.13], [-57.14, -25.13], [-57.13, -25.14], [-57.12, -25.14], [-57.11, -25.14], [-57.1, -25.15], [-57.1, -25.16], [-57.09, -25.16], [-57.09, -25.17], [-57.08, -25.18], [-57.09, -25.19], [-57.1, -25.21], [-57.11, -25.23], [-57.12, -25.23], [-57.14, -25.25], [-57.13, -25.26], [-57.13, -25.26], [-57.13, -25.27], [-57.13, -25.28], [-57.13, -25.32], [-57.13, -25.34], [-57.15, -25.35], [-57.15, -25.36], [-57.16, -25.36], [-57.16, -25.36], [-57.16, -25.36], [-57.17, -25.36], [-57.17, -25.36], [-57.23, -25.34], [-57.22, -25.32], [-57.2, -25.32], [-57.2, -25.31], [-57.2, -25.31], [-57.19, -25.31], [-57.19, -25.3], [-57.19, -25.3], [-57.19, -25.3], [-57.19, -25.3], [-57.19, -25.29], [-57.19, -25.28], [-57.18, -25.28], [-57.18, -25.28], [-57.18, -25.27], [-57.18, -25.27], [-57.17, -25.27], [-57.19, -25.19], [-57.19, -25.18], [-57.18, -25.17], [-57.18, -25.16], [-57.15, -25.13]]]]}, "properties": {"id": 27, "area_km2": 173.32, "cod_dpto": "D", "nom_dist": "ATYRA", "cod_dist": "4"}}, {"type": "Feature", "geometry": {"type": "MultiPolygon", "coordinates": [[[[-57.02, -25.1], [-56.97, -25.18], [-56.96, -25.23], [-57.01, -25.25], [-57.01, -25.25], [-57.02, -25.25], [-57.02, -25.26], [-57.02, -25.27], [-57.02, -25.27], [-57.02, -25.27], [-57.02, -25.28], [-57.02, -25.28], [-57.02, -25.29], [-57.02, -25.3], [-57.03, -25.31], [-57.04, -25.32], [-57.04, -25.32], [-57.05, -25.32], [-57.06, -25.33], [-57.07, -25.33], [-57.08, -25.33], [-57.09, -25.33], [-57.1, -25.32], [-57.11, -25.32], [-57.11, -25.32], [-57.11, -25.31], [-57.11, -25.31], [-57.12, -25.3], [-57.12, -25.3], [-57.13, -25.29], [-57.13, -25.29], [-57.13, -25.28], [-57.13, -25.27], [-57.13, -25.26], [-57.13, -25.26], [-57.13, -25.26], [-57.14, -25.25], [-57.13, -25.24], [-57.12, -25.23], [-57.11, -25.23], [-57.1, -25.22], [-57.1, -25.21], [-57.09, -25.19], [-57.09, -25.18], [-57.09, -25.18], [-57.09, -25.17], [-57.09, -25.17], [-57.09, -25.16], [-57.1, -25.16], [-57.1, -25.15], [-57.04, -25.13], [-57.02, -25.1]]]]}, "properties": {"id": 28, "area_km2": 268.55, "cod_dpto": "D", "nom_dist": "TOBATI", "cod_dist": "16"}}, {"type": "Feature", "geometry": {"type": "MultiPolygon", "coordinates": [[[[-57.47, -25.11], [-57.47, -25.12], [-57.46, -25.12], [-57.45, -25.12], [-57.45, -25.12], [-57.44, -25.13], [-57.45, -25.13], [-57.44, -25.13], [-57.44, -25.13], [-57.44, -25.13], [-57.44, -25.13], [-57.43, -25.13], [-57.43, -25.13], [-57.43, -25.14], [-57.43, -25.14], [-57.44, -25.14], [-57.43, -25.14], [-57.43, -25.14], [-57.43, -25.15], [-57.42, -25.15], [-57.42, -25.15], [-57.42, -25.15], [-57.41, -25.16], [-57.41, -25.16], [-57.41, -25.17], [-57.41, -25.17], [-57.4, -25.17], [-57.4, -25.17], [-57.4, -25.17], [-57.4, -25.18], [-57.4, -25.18], [-57.4, -25.18], [-57.41, -25.18], [-57.43, -25.19], [-57.48, -25.22], [-57.5, -25.21], [-57.5, -25.21], [-57.5, -25.2], [-57.5, -25.2], [-57.5, -25.19], [-57.5, -25.19], [-57.5, -25.19], [-57.51, -25.19], [-57.51, -25.18], [-57.5, -25.17], [-57.5, -25.16], [-57.51, -25.16], [-57.51, -25.16], [-57.53, -25.17], [-57.53, -25.12], [-57.48, -25.11], [-57.47, -25.11]]]]}, "properties": {"id": 29, "area_km2": 111.42, "cod_dpto": "L", "nom_dist": "LIMPIO", "cod_dist": "7"}}, {"type": "Feature", "geometry": {"type": "MultiPolygon", "coordinates": [[[[-54.61, -23.97], [-54.62, -23.97], [-54.62, -23.97], [-54.63, -23.98], [-54.64, -23.98], [-54.63, -23.97], [-54.64, -23.97], [-54.64, -23.97], [-54.65, -23.96], [-54.65, -23.96], [-54.66, -23.96], [-54.66, -23.96], [-54.67, -23.97], [-54.67, -23.97], [-54.67, -23.97], [-54.68, -23.98], [-54.68, -23.98], [-54.68, -23.98], [-54.69, -23.97], [-54.69, -23.98], [-54.69, -23.98], [-54.69, -23.97], [-54.7, -23.97], [-54.7, -23.97], [-54.71, -23.97], [-54.71, -23.97], [-54.72, -23.96], [-54.72, -23.94], [-54.73, -23.93], [-54.73, -23.92], [-54.73, -23.89], [-54.74, -23.87], [-54.61, -23.85], [-54.52, -23.87], [-54.42, -23.94], [-54.36, -24.0], [-54.33, -24.0], [-54.33, -24.21], [-54.32, -24.42], [-54.34, -24.39], [-54.38, -24.39], [-54.4, -24.36], [-54.41, -24.37], [-54.41, -24.35], [-54.43, -24.33], [-54.43, -24.32], [-54.45, -24.31], [-54.41, -24.23], [-54.52, -24.14], [-54.59, -24.05], [-54.6, -23.97], [-54.61, -23.97]]]]}, "properties": {"id": 30, "area_km2": 1247.38, "cod_dpto": "S", "nom_dist": "SALTO DEL GUAIRA", "cod_dist": "1"}}, {"type": "Feature", "geometry": {"type": "MultiPolygon", "coordinates": [[[[-57.57, -25.38], [-57.57, -25.38], [-57.57, -25.38], [-57.57, -25.38], [-57.6, -25.4], [-57.6, -25.4], [-57.61, -25.39], [-57.61, -25.39], [-57.61, -25.39], [-57.61, -25.38], [-57.61, -25.38], [-57.6, -25.37], [-57.59, -25.35], [-57.59, -25.34], [-57.58, -25.35], [-57.57, -25.36], [-57.57, -25.36], [-57.57, -25.36], [-57.57, -25.36], [-57.57, -25.36], [-57.57, -25.36], [-57.57, -25.36], [-57.57, -25.36], [-57.57, -25.36], [-57.57, -25.36], [-57.57, -25.36], [-57.57, -25.36], [-57.57, -25.36], [-57.57, -25.37], [-57.57, -25.37], [-57.57, -25.37], [-57.57, -25.37], [-57.57, -25.37], [-57.57, -25.37], [-57.57, -25.37], [-57.57, -25.37], [-57.57, -25.37], [-57.57, -25.37], [-57.57, -25.37], [-57.57, -25.37], [-57.57, -25.37], [-57.57, -25.37], [-57.57, -25.37], [-57.57, -25.38], [-57.57, -25.38], [-57.57, -25.38], [-57.57, -25.38], [-57.57, -25.38], [-57.57, -25.38], [-57.57, -25.38], [-57.57, -25.38], [-57.57, -25.38], [-57.57, -25.38], [-57.57, -25.38], [-57.57, -25.38], [-57.57, -25.38]]]]}, "properties": {"id": 31, "area_km2": 17.57, "cod_dpto": "L", "nom_dist": "VILLA ELISA", "cod_dist": "14"}}, {"type": "Feature", "geometry": {"type": "MultiPolygon", "coordinates": [[[[-57.57, -25.38], [-57.57, -25.38], [-57.57, -25.38], [-57.57, -25.38], [-57.57, -25.37], [-57.57, -25.37], [-57.57, -25.37], [-57.57, -25.37], [-57.57, -25.36], [-57.57, -25.36], [-57.57, -25.36], [-57.55, -25.37], [-57.55, -25.37], [-57.54, -25.37], [-57.54, -25.37], [-57.53, -25.37], [-57.53, -25.38], [-57.53, -25.38], [-57.52, -25.38], [-57.52, -25.38], [-57.52, -25.39], [-57.52, -25.39], [-57.51, -25.4], [-57.5, -25.41], [-57.5, -25.42], [-57.5, -25.42], [-57.51, -25.42], [-57.51, -25.42], [-57.51, -25.42], [-57.51, -25.42], [-57.51, -25.42], [-57.51, -25.42], [-57.52, -25.43], [-57.52, -25.43], [-57.52, -25.43], [-57.52, -25.43], [-57.52, -25.43], [-57.52, -25.43], [-57.52, -25.43], [-57.52, -25.43], [-57.53, -25.44], [-57.53, -25.44], [-57.53, -25.44], [-57.53, -25.44], [-57.53, -25.44], [-57.53, -25.44], [-57.53, -25.44], [-57.53, -25.44], [-57.54, -25.43], [-57.55, -25.41], [-57.57, -25.39], [-57.57, -25.38]]]]}, "properties": {"id": 32, "area_km2": 30.74, "cod_dpto": "L", "nom_dist": "\u00d1EMBY", "cod_dist": "10"}}, {"type": "Feature", "geometry": {"type": "MultiPolygon", "coordinates": [[[[-57.55, -25.41], [-57.55, -25.41], [-57.54, -25.41], [-57.54, -25.42], [-57.54, -25.43], [-57.54, -25.43], [-57.54, -25.44], [-57.54, -25.44], [-57.54, -25.45], [-57.54, -25.45], [-57.54, -25.45], [-57.54, -25.45], [-57.54, -25.45], [-57.54, -25.45], [-57.54, -25.45], [-57.54, -25.45], [-57.54, -25.45], [-57.54, -25.45], [-57.54, -25.45], [-57.54, -25.45], [-57.54, -25.45], [-57.54, -25.45], [-57.54, -25.45], [-57.54, -25.45], [-57.54, -25.45], [-57.54, -25.45], [-57.54, -25.45], [-57.54, -25.45], [-57.54, -25.45], [-57.54, -25.45], [-57.54, -25.45], [-57.54, -25.45], [-57.54, -25.45], [-57.54, -25.45], [-57.54, -25.45], [-57.54, -25.45], [-57.54, -25.45], [-57.55, -25.45], [-57.55, -25.46], [-57.55, -25.45], [-57.55, -25.45], [-57.55, -25.45], [-57.55, -25.45], [-57.55, -25.45], [-57.55, -25.45], [-57.57, -25.43], [-57.57, -25.43], [-57.58, -25.42], [-57.59, -25.41], [-57.6, -25.4], [-57.6, -25.4], [-57.59, -25.4], [-57.57, -25.38], [-57.57, -25.39], [-57.56, -25.39], [-57.56, -25.39], [-57.56, -25.39], [-57.56, -25.4], [-57.55, -25.41], [-57.55, -25.41], [-57.55, -25.41]]]]}, "properties": {"id": 33, "area_km2": 25.34, "cod_dpto": "L", "nom_dist": "SAN ANTONIO", "cod_dist": "12"}}, {"type": "Feature", "geometry": {"type": "MultiPolygon", "coordinates": [[[[-57.52, -25.43], [-57.52, -25.43], [-57.52, -25.43], [-57.51, -25.42], [-57.51, -25.42], [-57.51, -25.42], [-57.51, -25.42], [-57.5, -25.42], [-57.47, -25.44], [-57.46, -25.46], [-57.46, -25.47], [-57.47, -25.48], [-57.48, -25.49], [-57.49, -25.49], [-57.49, -25.49], [-57.5, -25.49], [-57.5, -25.49], [-57.5, -25.49], [-57.5, -25.49], [-57.51, -25.49], [-57.51, -25.49], [-57.51, -25.49], [-57.52, -25.49], [-57.52, -25.48], [-57.52, -25.48], [-57.53, -25.48], [-57.53, -25.48], [-57.53, -25.48], [-57.54, -25.48], [-57.55, -25.48], [-57.55, -25.48], [-57.55, -25.48], [-57.55, -25.48], [-57.56, -25.48], [-57.56, -25.48], [-57.56, -25.48], [-57.56, -25.48], [-57.56, -25.48], [-57.55, -25.45], [-57.54, -25.45], [-57.54, -25.45], [-57.54, -25.45], [-57.54, -25.45], [-57.54, -25.45], [-57.53, -25.44], [-57.53, -25.44], [-57.53, -25.44], [-57.53, -25.44], [-57.53, -25.44], [-57.52, -25.43], [-57.52, -25.43], [-57.52, -25.43], [-57.52, -25.43]]]]}, "properties": {"id": 34, "area_km2": 53, "cod_dpto": "L", "nom_dist": "YPANE", "cod_dist": "18"}}, {"type": "Feature", "geometry": {"type": "MultiPolygon", "coordinates": [[[[-55.34, -25.93], [-55.3, -25.84], [-55.3, -25.82], [-55.29, -25.8], [-55.29, -25.78], [-55.27, -25.8], [-55.25, -25.82], [-55.23, -25.84], [-55.21, -25.85], [-55.18, -25.87], [-55.17, -25.88], [-55.15, -25.89], [-55.14, -25.9], [-55.13, -25.9], [-55.08, -25.91], [-55.01, -25.96], [-54.99, -25.99], [-55.0, -26.01], [-55.03, -26.02], [-55.06, -26.05], [-55.08, -26.04], [-55.11, -26.05], [-55.13, -26.05], [-55.14, -26.03], [-55.14, -26.02], [-55.15, -26.03], [-55.16, -26.02], [-55.17, -26.03], [-55.18, -26.04], [-55.18, -26.03], [-55.19, -26.03], [-55.2, -26.04], [-55.18, -26.04], [-55.19, -26.05], [-55.17, -26.06], [-55.18, -26.07], [-55.2, -26.06], [-55.21, -26.07], [-55.22, -26.08], [-55.21, -26.1], [-55.23, -26.09], [-55.23, -26.08], [-55.23, -26.07], [-55.26, -26.04], [-55.29, -26.04], [-55.32, -26.03], [-55.34, -26.01], [-55.35, -25.99], [-55.37, -25.98], [-55.38, -25.97], [-55.35, -25.95], [-55.34, -25.93]]]]}, "properties": {"id": 35, "area_km2": 627.36, "cod_dpto": "K", "nom_dist": "NARANJAL", "cod_dist": "14"}}, {"type": "Feature", "geometry": {"type": "MultiPolygon", "coordinates": [[[[-55.25, -24.13], [-55.19, -24.15], [-55.17, -24.23], [-55.19, -24.3], [-55.2, -24.33], [-55.21, -24.33], [-55.21, -24.33], [-55.22, -24.34], [-55.23, -24.35], [-55.23, -24.35], [-55.24, -24.36], [-55.26, -24.36], [-55.27, -24.36], [-55.29, -24.36], [-55.3, -24.36], [-55.31, -24.36], [-55.31, -24.36], [-55.32, -24.36], [-55.34, -24.36], [-55.34, -24.36], [-55.35, -24.36], [-55.36, -24.36], [-55.37, -24.37], [-55.36, -24.38], [-55.33, -24.41], [-55.32, -24.42], [-55.48, -24.44], [-55.53, -24.41], [-55.53, -24.35], [-55.56, -24.33], [-55.57, -24.32], [-55.57, -24.3], [-55.52, -24.28], [-55.44, -24.24], [-55.44, -24.2], [-55.44, -24.19], [-55.43, -24.18], [-55.42, -24.18], [-55.42, -24.18], [-55.41, -24.19], [-55.41, -24.19], [-55.4, -24.19], [-55.4, -24.2], [-55.4, -24.2], [-55.39, -24.2], [-55.38, -24.21], [-55.38, -24.21], [-55.37, -24.2], [-55.36, -24.19], [-55.32, -24.16], [-55.27, -24.13], [-55.25, -24.13]]]]}, "properties": {"id": 36, "area_km2": 802.96, "cod_dpto": "S", "nom_dist": "YBY PYTA", "cod_dist": "13"}}, {"type": "Feature", "geometry": {"type": "MultiPolygon", "coordinates": [[[[-56.08, -22.45], [-56.14, -22.51], [-56.18, -22.53], [-56.19, -22.55], [-56.2, -22.58], [-56.23, -22.58], [-56.23, -22.6], [-56.25, -22.62], [-56.27, -22.67], [-56.31, -22.69], [-56.36, -22.72], [-56.39, -22.74], [-56.43, -22.77], [-56.51, -22.8], [-56.56, -22.89], [-56.62, -22.91], [-56.64, -22.89], [-56.69, -22.9], [-56.7, -22.87], [-56.68, -22.84], [-56.65, -22.81], [-56.66, -22.77], [-56.67, -22.76], [-56.67, -22.73], [-56.7, -22.7], [-56.72, -22.66], [-56.72, -22.6], [-56.74, -22.54], [-56.72, -22.47], [-56.66, -22.42], [-56.61, -22.37], [-56.76, -22.25], [-56.7, -22.23], [-56.64, -22.26], [-56.58, -22.21], [-56.53, -22.16], [-56.52, -22.11], [-56.47, -22.08], [-56.44, -22.08], [-56.4, -22.08], [-56.39, -22.1], [-56.37, -22.13], [-56.36, -22.17], [-56.34, -22.19], [-56.31, -22.21], [-56.27, -22.24], [-56.23, -22.25], [-56.21, -22.28], [-56.18, -22.28], [-56.16, -22.28], [-56.12, -22.27], [-56.08, -22.45]]]]}, "properties": {"id": 37, "area_km2": 3706.29, "cod_dpto": "N", "nom_dist": "BELLA VISTA NORTE", "cod_dist": "2"}}, {"type": "Feature", "geometry": {"type": "MultiPolygon", "coordinates": [[[[-55.53, -25.95], [-55.52, -25.92], [-55.52, -25.89], [-55.51, -25.87], [-55.52, -25.86], [-55.53, -25.84], [-55.52, -25.81], [-55.51, -25.79], [-55.5, -25.77], [-55.48, -25.76], [-55.48, -25.74], [-55.47, -25.72], [-55.47, -25.7], [-55.48, -25.68], [-55.46, -25.67], [-55.44, -25.66], [-55.42, -25.65], [-55.41, -25.63], [-55.38, -25.62], [-55.34, -25.59], [-55.3, -25.57], [-55.26, -25.56], [-55.24, -25.53], [-55.21, -25.54], [-55.22, -25.55], [-55.22, -25.57], [-55.23, -25.6], [-55.23, -25.62], [-55.24, -25.64], [-55.24, -25.66], [-55.26, -25.69], [-55.27, -25.71], [-55.28, -25.73], [-55.28, -25.76], [-55.29, -25.78], [-55.3, -25.81], [-55.3, -25.84], [-55.38, -25.97], [-55.36, -25.99], [-55.37, -26.0], [-55.38, -26.01], [-55.39, -26.02], [-55.4, -26.03], [-55.41, -26.0], [-55.42, -26.0], [-55.44, -26.0], [-55.46, -25.99], [-55.49, -25.99], [-55.52, -25.99], [-55.53, -26.0], [-55.53, -25.95], [-55.53, -25.95]]]]}, "properties": {"id": 38, "area_km2": 928.6, "cod_dpto": "K", "nom_dist": "SAN CRISTOBAL", "cod_dist": "10"}}, {"type": "Feature", "geometry": {"type": "MultiPolygon", "coordinates": [[[[-54.94, -25.98], [-54.96, -26.08], [-54.88, -26.18], [-54.88, -26.19], [-54.89, -26.2], [-54.9, -26.19], [-54.91, -26.18], [-54.91, -26.2], [-54.91, -26.2], [-54.91, -26.21], [-54.91, -26.22], [-54.92, -26.23], [-54.92, -26.22], [-54.93, -26.21], [-54.94, -26.22], [-54.95, -26.21], [-54.95, -26.22], [-54.95, -26.23], [-54.95, -26.24], [-54.96, -26.23], [-54.97, -26.23], [-54.98, -26.24], [-54.99, -26.24], [-54.99, -26.23], [-55.0, -26.23], [-55.01, -26.24], [-55.02, -26.23], [-55.03, -26.22], [-55.04, -26.23], [-55.03, -26.24], [-55.04, -26.24], [-55.06, -26.24], [-55.06, -26.24], [-55.08, -26.23], [-55.1, -26.23], [-55.1, -26.21], [-55.12, -26.22], [-55.13, -26.21], [-55.14, -26.21], [-55.15, -26.07], [-55.12, -26.05], [-55.1, -26.04], [-55.09, -26.03], [-55.07, -26.05], [-55.06, -26.05], [-55.03, -26.03], [-55.02, -26.01], [-55.01, -26.02], [-54.98, -26.02], [-54.96, -26.0], [-54.94, -25.99], [-54.94, -25.98]]]]}, "properties": {"id": 39, "area_km2": 529.21, "cod_dpto": "K", "nom_dist": "IRU\u00d1A", "cod_dist": "18"}}, {"type": "Feature", "geometry": {"type": "MultiPolygon", "coordinates": [[[[-54.94, -25.98], [-54.92, -25.99], [-54.93, -25.98], [-54.94, -25.97], [-54.93, -25.98], [-54.92, -25.97], [-54.92, -25.98], [-54.91, -25.98], [-54.91, -25.99], [-54.9, -25.98], [-54.9, -25.97], [-54.89, -25.98], [-54.88, -25.98], [-54.88, -26.0], [-54.87, -26.01], [-54.86, -26.0], [-54.84, -25.99], [-54.84, -25.98], [-54.66, -26.05], [-54.66, -26.18], [-54.68, -26.24], [-54.7, -26.23], [-54.7, -26.24], [-54.71, -26.25], [-54.71, -26.24], [-54.73, -26.26], [-54.74, -26.24], [-54.75, -26.25], [-54.76, -26.24], [-54.76, -26.24], [-54.77, -26.24], [-54.78, -26.23], [-54.78, -26.21], [-54.79, -26.2], [-54.81, -26.2], [-54.81, -26.2], [-54.82, -26.21], [-54.82, -26.2], [-54.83, -26.2], [-54.84, -26.18], [-54.85, -26.19], [-54.85, -26.19], [-54.86, -26.18], [-54.86, -26.18], [-54.87, -26.18], [-54.87, -26.18], [-54.88, -26.16], [-54.89, -26.14], [-54.96, -26.07], [-54.93, -26.04], [-54.93, -26.01], [-54.94, -25.98]]]]}, "properties": {"id": 40, "area_km2": 855.12, "cod_dpto": "K", "nom_dist": "\u00d1ACUNDAY", "cod_dist": "3"}}, {"type": "Feature", "geometry": {"type": "MultiPolygon", "coordinates": [[[[-54.82, -24.32], [-54.82, -24.28], [-54.82, -24.19], [-54.82, -24.18], [-54.81, -24.18], [-54.8, -24.19], [-54.79, -24.19], [-54.78, -24.18], [-54.79, -24.18], [-54.8, -24.17], [-54.78, -24.16], [-54.77, -24.16], [-54.75, -24.16], [-54.75, -24.16], [-54.75, -24.17], [-54.76, -24.18], [-54.76, -24.19], [-54.77, -24.2], [-54.77, -24.21], [-54.75, -24.2], [-54.74, -24.2], [-54.73, -24.19], [-54.69, -24.38], [-54.7, -24.41], [-54.96, -24.44], [-54.96, -24.43], [-54.96, -24.42], [-54.96, -24.41], [-54.96, -24.39], [-54.95, -24.38], [-54.95, -24.37], [-54.94, -24.37], [-54.93, -24.36], [-54.92, -24.35], [-54.92, -24.34], [-54.91, -24.34], [-54.9, -24.35], [-54.9, -24.36], [-54.89, -24.35], [-54.88, -24.35], [-54.87, -24.34], [-54.87, -24.33], [-54.87, -24.32], [-54.86, -24.32], [-54.85, -24.31], [-54.85, -24.3], [-54.84, -24.3], [-54.84, -24.31], [-54.83, -24.32], [-54.83, -24.32], [-54.83, -24.32], [-54.82, -24.32]]]]}, "properties": {"id": 41, "area_km2": 586.49, "cod_dpto": "S", "nom_dist": "KATUETE", "cod_dist": "8"}}, {"type": "Feature", "geometry": {"type": "MultiPolygon", "coordinates": [[[[-57.95, -21.35], [-57.88, -21.37], [-57.9, -21.39], [-57.91, -21.42], [-57.93, -21.45], [-57.93, -21.48], [-57.95, -21.51], [-57.97, -21.54], [-57.93, -21.58], [-57.92, -21.6], [-57.94, -21.62], [-57.94, -21.65], [-57.91, -21.67], [-57.89, -21.68], [-57.89, -21.7], [-57.9, -21.71], [-57.92, -21.72], [-57.93, -21.73], [-57.94, -21.74], [-57.95, -21.74], [-57.94, -21.76], [-57.92, -21.77], [-57.91, -21.77], [-57.91, -21.78], [-57.91, -21.79], [-57.93, -21.82], [-57.95, -21.84], [-57.97, -21.85], [-57.96, -21.86], [-57.93, -21.87], [-57.91, -21.89], [-57.92, -21.89], [-57.93, -21.89], [-57.95, -21.9], [-57.94, -21.91], [-57.94, -21.93], [-57.95, -21.95], [-57.96, -21.97], [-57.97, -21.99], [-57.97, -22.01], [-57.99, -22.02], [-58.01, -22.03], [-58.01, -22.05], [-57.98, -22.06], [-57.99, -22.08], [-58.2, -22.03], [-58.75, -21.49], [-58.69, -21.44], [-58.61, -21.4], [-58.5, -21.38], [-58.03, -21.35], [-57.95, -21.35]]]]}, "properties": {"id": 42, "area_km2": 5211.71, "cod_dpto": "R", "nom_dist": "CARMELO PERALTA", "cod_dist": "5"}}, {"type": "Feature", "geometry": {"type": "MultiPolygon", "coordinates": [[[[-56.56, -25.3], [-56.55, -25.31], [-56.55, -25.31], [-56.54, -25.32], [-56.54, -25.32], [-56.53, -25.32], [-56.53, -25.33], [-56.53, -25.33], [-56.53, -25.33], [-56.53, -25.34], [-56.53, -25.34], [-56.53, -25.34], [-56.52, -25.34], [-56.52, -25.35], [-56.52, -25.35], [-56.52, -25.35], [-56.52, -25.36], [-56.52, -25.36], [-56.52, -25.36], [-56.52, -25.36], [-56.51, -25.37], [-56.51, -25.37], [-56.51, -25.38], [-56.5, -25.38], [-56.5, -25.39], [-56.5, -25.39], [-56.5, -25.39], [-56.5, -25.39], [-56.51, -25.4], [-56.57, -25.51], [-56.57, -25.5], [-56.57, -25.5], [-56.58, -25.49], [-56.59, -25.49], [-56.6, -25.48], [-56.61, -25.48], [-56.61, -25.45], [-56.63, -25.43], [-56.63, -25.43], [-56.63, -25.43], [-56.63, -25.42], [-56.64, -25.42], [-56.64, -25.42], [-56.64, -25.42], [-56.64, -25.41], [-56.64, -25.41], [-56.64, -25.41], [-56.65, -25.41], [-56.65, -25.41], [-56.65, -25.41], [-56.65, -25.4], [-56.65, -25.4], [-56.56, -25.3]]]]}, "properties": {"id": 43, "area_km2": 229.24, "cod_dpto": "F", "nom_dist": "NUEVA LONDRES", "cod_dist": "7"}}, {"type": "Feature", "geometry": {"type": "MultiPolygon", "coordinates": [[[[-57.17, -25.42], [-57.17, -25.42], [-57.13, -25.45], [-57.13, -25.45], [-57.13, -25.47], [-57.14, -25.48], [-57.13, -25.49], [-57.13, -25.5], [-57.13, -25.5], [-57.13, -25.5], [-57.13, -25.5], [-57.13, -25.5], [-57.13, -25.5], [-57.13, -25.5], [-57.13, -25.5], [-57.13, -25.51], [-57.14, -25.51], [-57.14, -25.51], [-57.14, -25.51], [-57.15, -25.51], [-57.15, -25.51], [-57.16, -25.51], [-57.16, -25.51], [-57.16, -25.51], [-57.16, -25.51], [-57.16, -25.51], [-57.17, -25.52], [-57.17, -25.52], [-57.17, -25.52], [-57.17, -25.52], [-57.18, -25.53], [-57.18, -25.53], [-57.18, -25.53], [-57.18, -25.54], [-57.18, -25.54], [-57.2, -25.54], [-57.22, -25.55], [-57.22, -25.54], [-57.23, -25.53], [-57.24, -25.52], [-57.24, -25.51], [-57.26, -25.51], [-57.27, -25.51], [-57.29, -25.5], [-57.29, -25.5], [-57.3, -25.5], [-57.3, -25.5], [-57.31, -25.5], [-57.31, -25.5], [-57.31, -25.5], [-57.32, -25.49], [-57.32, -25.48], [-57.31, -25.48], [-57.31, -25.47], [-57.31, -25.46], [-57.31, -25.46], [-57.3, -25.46], [-57.3, -25.45], [-57.29, -25.45], [-57.29, -25.45], [-57.29, -25.45], [-57.28, -25.45], [-57.27, -25.44], [-57.26, -25.44], [-57.25, -25.43], [-57.24, -25.43], [-57.22, -25.42], [-57.2, -25.42], [-57.18, -25.41], [-57.18, -25.41], [-57.17, -25.42]]]]}, "properties": {"id": 44, "area_km2": 170.3, "cod_dpto": "J", "nom_dist": "PIRAYU", "cod_dist": "9"}}, {"type": "Feature", "geometry": {"type": "MultiPolygon", "coordinates": [[[[-54.73, -25.39], [-54.72, -25.41], [-54.71, -25.41], [-54.68, -25.41], [-54.7, -25.42], [-54.7, -25.44], [-54.68, -25.45], [-54.67, -25.46], [-54.64, -25.45], [-54.63, -25.46], [-54.63, -25.48], [-54.63, -25.47], [-54.64, -25.48], [-54.63, -25.49], [-54.63, -25.49], [-54.62, -25.49], [-54.61, -25.5], [-54.6, -25.5], [-54.6, -25.52], [-54.59, -25.55], [-54.6, -25.55], [-54.6, -25.55], [-54.6, -25.55], [-54.6, -25.55], [-54.6, -25.55], [-54.6, -25.55], [-54.6, -25.55], [-54.61, -25.55], [-54.61, -25.55], [-54.61, -25.55], [-54.61, -25.55], [-54.61, -25.55], [-54.61, -25.55], [-54.61, -25.55], [-54.61, -25.54], [-54.61, -25.54], [-54.61, -25.54], [-54.61, -25.54], [-54.61, -25.54], [-54.62, -25.54], [-54.62, -25.54], [-54.62, -25.54], [-54.62, -25.54], [-54.62, -25.54], [-54.7, -25.54], [-54.71, -25.58], [-54.72, -25.58], [-54.73, -25.59], [-54.74, -25.6], [-54.73, -25.59], [-54.73, -25.54], [-54.73, -25.41], [-54.73, -25.4], [-54.73, -25.39]]]]}, "properties": {"id": 45, "area_km2": 149.49, "cod_dpto": "K", "nom_dist": "CIUDAD DEL ESTE", "cod_dist": "4"}}, {"type": "Feature", "geometry": {"type": "MultiPolygon", "coordinates": [[[[-55.1, -25.56], [-55.11, -25.56], [-55.12, -25.56], [-55.12, -25.55], [-55.13, -25.56], [-55.14, -25.55], [-55.14, -25.55], [-55.14, -25.54], [-55.14, -25.54], [-55.14, -25.53], [-55.15, -25.53], [-55.16, -25.52], [-55.16, -25.52], [-55.17, -25.52], [-55.18, -25.52], [-55.18, -25.52], [-55.19, -25.52], [-55.2, -25.52], [-55.21, -25.52], [-55.21, -25.52], [-55.22, -25.53], [-55.22, -25.52], [-55.23, -25.52], [-55.23, -25.52], [-55.24, -25.53], [-55.24, -25.53], [-55.24, -25.53], [-55.24, -25.54], [-55.24, -25.54], [-55.25, -25.54], [-55.25, -25.55], [-55.25, -25.56], [-55.26, -25.56], [-55.26, -25.56], [-55.26, -25.56], [-55.27, -25.56], [-55.27, -25.57], [-55.28, -25.57], [-55.29, -25.57], [-55.3, -25.56], [-55.3, -25.57], [-55.3, -25.57], [-55.31, -25.57], [-55.31, -25.57], [-55.31, -25.58], [-55.32, -25.58], [-55.32, -25.58], [-55.33, -25.58], [-55.34, -25.58], [-55.34, -25.58], [-55.34, -25.58], [-55.34, -25.56], [-55.1, -25.56]]]]}, "properties": {"id": 46, "area_km2": 253.99, "cod_dpto": "K", "nom_dist": "J. L. MALLORQUIN", "cod_dist": "5"}}, {"type": "Feature", "geometry": {"type": "MultiPolygon", "coordinates": [[[[-56.65, -25.4], [-56.65, -25.41], [-56.65, -25.41], [-56.64, -25.41], [-56.64, -25.41], [-56.64, -25.42], [-56.64, -25.42], [-56.63, -25.42], [-56.63, -25.43], [-56.63, -25.43], [-56.6, -25.46], [-56.6, -25.48], [-56.58, -25.49], [-56.57, -25.5], [-56.57, -25.51], [-56.63, -25.61], [-56.64, -25.63], [-56.65, -25.64], [-56.66, -25.64], [-56.66, -25.65], [-56.66, -25.66], [-56.66, -25.67], [-56.67, -25.67], [-56.67, -25.68], [-56.67, -25.69], [-56.68, -25.69], [-56.68, -25.69], [-56.67, -25.7], [-56.67, -25.7], [-56.67, -25.7], [-56.68, -25.7], [-56.68, -25.7], [-56.69, -25.7], [-56.69, -25.7], [-56.7, -25.7], [-56.7, -25.7], [-56.7, -25.69], [-56.7, -25.69], [-56.7, -25.69], [-56.7, -25.68], [-56.7, -25.68], [-56.7, -25.67], [-56.71, -25.67], [-56.71, -25.67], [-56.72, -25.67], [-56.72, -25.66], [-56.85, -25.54], [-56.85, -25.53], [-56.85, -25.52], [-56.85, -25.51], [-56.84, -25.51], [-56.72, -25.44], [-56.65, -25.4]]]]}, "properties": {"id": 47, "area_km2": 474.44, "cod_dpto": "F", "nom_dist": "SAN JOSE DE LOS ARROYOS", "cod_dist": "9"}}, {"type": "Feature", "geometry": {"type": "MultiPolygon", "coordinates": [[[[-56.77, -24.07], [-56.77, -24.1], [-56.77, -24.1], [-56.78, -24.11], [-56.78, -24.11], [-56.78, -24.11], [-56.77, -24.11], [-56.77, -24.12], [-56.77, -24.12], [-56.76, -24.12], [-56.76, -24.13], [-56.77, -24.13], [-56.78, -24.13], [-56.8, -24.13], [-56.8, -24.14], [-56.8, -24.16], [-56.81, -24.18], [-56.81, -24.2], [-56.83, -24.2], [-56.85, -24.2], [-56.9, -24.2], [-56.93, -24.2], [-56.95, -24.19], [-56.96, -24.18], [-56.98, -24.18], [-56.99, -24.17], [-57.06, -24.12], [-57.04, -24.12], [-57.04, -24.11], [-57.03, -24.11], [-57.01, -24.1], [-57.01, -24.09], [-57.0, -24.09], [-56.99, -24.1], [-56.98, -24.09], [-56.97, -24.09], [-56.96, -24.09], [-56.95, -24.09], [-56.94, -24.08], [-56.93, -24.09], [-56.91, -24.08], [-56.9, -24.07], [-56.9, -24.09], [-56.89, -24.08], [-56.87, -24.07], [-56.86, -24.08], [-56.85, -24.08], [-56.85, -24.08], [-56.84, -24.09], [-56.83, -24.09], [-56.83, -24.08], [-56.82, -24.08], [-56.81, -24.07], [-56.8, -24.08], [-56.8, -24.07], [-56.79, -24.08], [-56.77, -24.07]]]]}, "properties": {"id": 48, "area_km2": 298.26, "cod_dpto": "C", "nom_dist": "SAN PABLO", "cod_dist": "15"}}, {"type": "Feature", "geometry": {"type": "MultiPolygon", "coordinates": [[[[-55.83, -24.2], [-55.83, -24.14], [-55.85, -24.09], [-55.83, -24.07], [-55.79, -24.09], [-55.75, -24.1], [-55.73, -24.12], [-55.72, -24.15], [-55.7, -24.17], [-55.68, -24.19], [-55.68, -24.23], [-55.66, -24.24], [-55.63, -24.25], [-55.61, -24.27], [-55.59, -24.31], [-55.58, -24.32], [-55.57, -24.32], [-55.57, -24.33], [-55.56, -24.33], [-55.55, -24.33], [-55.51, -24.36], [-55.51, -24.41], [-55.52, -24.42], [-55.49, -24.44], [-55.44, -24.43], [-55.33, -24.43], [-55.33, -24.45], [-55.33, -24.47], [-55.53, -24.51], [-55.76, -24.67], [-55.76, -24.63], [-55.76, -24.59], [-55.76, -24.55], [-55.77, -24.53], [-55.77, -24.52], [-55.78, -24.5], [-55.79, -24.49], [-55.81, -24.48], [-55.82, -24.47], [-55.83, -24.46], [-55.85, -24.45], [-55.86, -24.44], [-55.86, -24.42], [-55.87, -24.4], [-55.9, -24.39], [-55.92, -24.38], [-55.94, -24.36], [-55.92, -24.35], [-55.91, -24.33], [-55.89, -24.3], [-55.86, -24.29], [-55.83, -24.2]]]]}, "properties": {"id": 49, "area_km2": 1694.69, "cod_dpto": "S", "nom_dist": "CURUGUATY", "cod_dist": "2"}}, {"type": "Feature", "geometry": {"type": "MultiPolygon", "coordinates": [[[[-54.65, -23.96], [-54.64, -23.96], [-54.64, -23.97], [-54.64, -23.97], [-54.64, -23.98], [-54.63, -23.98], [-54.63, -23.98], [-54.62, -23.97], [-54.62, -23.97], [-54.61, -23.97], [-54.56, -24.08], [-54.42, -24.25], [-54.46, -24.31], [-54.47, -24.32], [-54.48, -24.32], [-54.49, -24.33], [-54.45, -24.39], [-54.46, -24.39], [-54.47, -24.39], [-54.48, -24.39], [-54.49, -24.39], [-54.5, -24.4], [-54.52, -24.39], [-54.54, -24.39], [-54.56, -24.39], [-54.6, -24.36], [-54.6, -24.32], [-54.59, -24.29], [-54.58, -24.27], [-54.7, -24.06], [-54.7, -24.05], [-54.7, -24.04], [-54.7, -24.03], [-54.7, -24.03], [-54.7, -24.03], [-54.71, -24.02], [-54.7, -24.01], [-54.7, -24.0], [-54.7, -24.0], [-54.7, -23.99], [-54.7, -23.98], [-54.69, -23.98], [-54.69, -23.98], [-54.69, -23.98], [-54.68, -23.98], [-54.68, -23.98], [-54.67, -23.97], [-54.67, -23.97], [-54.66, -23.97], [-54.66, -23.97], [-54.65, -23.96], [-54.65, -23.96]]]]}, "properties": {"id": 50, "area_km2": 636.83, "cod_dpto": "S", "nom_dist": "LA PALOMA", "cod_dist": "9"}}, {"type": "Feature", "geometry": {"type": "MultiPolygon", "coordinates": [[[[-56.69, -27.37], [-56.86, -27.41], [-56.98, -27.45], [-57.08, -27.48], [-57.18, -27.47], [-57.27, -27.45], [-57.32, -27.39], [-57.29, -27.39], [-57.26, -27.39], [-57.22, -27.39], [-57.2, -27.38], [-57.18, -27.38], [-57.16, -27.38], [-57.15, -27.38], [-57.14, -27.36], [-57.12, -27.36], [-57.1, -27.35], [-57.1, -27.34], [-57.08, -27.32], [-57.08, -27.31], [-57.06, -27.3], [-57.05, -27.3], [-57.03, -27.3], [-57.02, -27.29], [-57.02, -27.29], [-57.02, -27.28], [-57.02, -27.28], [-57.01, -27.28], [-57.01, -27.28], [-57.0, -27.28], [-56.99, -27.28], [-56.98, -27.28], [-56.97, -27.28], [-56.97, -27.28], [-56.7, -27.27], [-56.69, -27.27], [-56.69, -27.28], [-56.68, -27.28], [-56.68, -27.28], [-56.68, -27.29], [-56.67, -27.29], [-56.67, -27.3], [-56.67, -27.3], [-56.67, -27.3], [-56.67, -27.3], [-56.67, -27.31], [-56.67, -27.31], [-56.68, -27.32], [-56.67, -27.33], [-56.67, -27.34], [-56.69, -27.36], [-56.69, -27.37]]]]}, "properties": {"id": 51, "area_km2": 827.57, "cod_dpto": "I", "nom_dist": "AYOLAS", "cod_dist": "2"}}, {"type": "Feature", "geometry": {"type": "MultiPolygon", "coordinates": [[[[-55.79, -27.26], [-55.79, -27.26], [-55.71, -27.32], [-55.68, -27.35], [-55.79, -27.43], [-55.78, -27.43], [-55.78, -27.42], [-55.78, -27.42], [-55.78, -27.41], [-55.78, -27.41], [-55.78, -27.4], [-55.79, -27.39], [-55.79, -27.39], [-55.8, -27.38], [-55.8, -27.38], [-55.81, -27.38], [-55.81, -27.37], [-55.81, -27.37], [-55.82, -27.37], [-55.82, -27.36], [-55.83, -27.36], [-55.83, -27.36], [-55.84, -27.36], [-55.84, -27.36], [-55.85, -27.36], [-55.85, -27.35], [-55.85, -27.35], [-55.85, -27.34], [-55.85, -27.34], [-55.85, -27.32], [-55.84, -27.33], [-55.84, -27.33], [-55.84, -27.33], [-55.83, -27.33], [-55.83, -27.33], [-55.82, -27.33], [-55.82, -27.32], [-55.81, -27.32], [-55.81, -27.32], [-55.81, -27.31], [-55.81, -27.31], [-55.82, -27.28], [-55.82, -27.27], [-55.82, -27.27], [-55.82, -27.27], [-55.81, -27.26], [-55.81, -27.26], [-55.81, -27.27], [-55.8, -27.27], [-55.8, -27.26], [-55.8, -27.26], [-55.79, -27.26]]]]}, "properties": {"id": 52, "area_km2": 193.01, "cod_dpto": "H", "nom_dist": "CAMBYRETA", "cod_dist": "3"}}, {"type": "Feature", "geometry": {"type": "MultiPolygon", "coordinates": [[[[-57.62, -25.31], [-57.61, -25.31], [-57.61, -25.32], [-57.61, -25.32], [-57.6, -25.32], [-57.6, -25.32], [-57.6, -25.33], [-57.6, -25.33], [-57.59, -25.33], [-57.59, -25.33], [-57.59, -25.34], [-57.59, -25.34], [-57.59, -25.34], [-57.59, -25.34], [-57.59, -25.34], [-57.59, -25.34], [-57.59, -25.33], [-57.6, -25.33], [-57.6, -25.33], [-57.61, -25.32], [-57.61, -25.32], [-57.61, -25.31], [-57.62, -25.32], [-57.62, -25.32], [-57.62, -25.33], [-57.63, -25.33], [-57.63, -25.34], [-57.63, -25.34], [-57.63, -25.34], [-57.63, -25.35], [-57.64, -25.36], [-57.64, -25.36], [-57.64, -25.37], [-57.64, -25.36], [-57.65, -25.37], [-57.65, -25.36], [-57.66, -25.36], [-57.66, -25.35], [-57.67, -25.34], [-57.67, -25.34], [-57.67, -25.33], [-57.67, -25.32], [-57.66, -25.32], [-57.66, -25.33], [-57.65, -25.32], [-57.65, -25.32], [-57.65, -25.32], [-57.65, -25.32], [-57.65, -25.32], [-57.64, -25.32], [-57.64, -25.32], [-57.64, -25.32], [-57.64, -25.32], [-57.64, -25.32], [-57.63, -25.32], [-57.63, -25.31], [-57.63, -25.31], [-57.63, -25.31], [-57.63, -25.31], [-57.63, -25.32], [-57.63, -25.32], [-57.62, -25.32], [-57.62, -25.32], [-57.62, -25.32], [-57.62, -25.31], [-57.62, -25.31]]]]}, "properties": {"id": 53, "area_km2": 17.43, "cod_dpto": "A", "nom_dist": "STA. MARIA DE ASUNCION", "cod_dist": "4"}}, {"type": "Feature", "geometry": {"type": "MultiPolygon", "coordinates": [[[[-57.32, -25.36], [-57.4, -25.43], [-57.4, -25.42], [-57.4, -25.42], [-57.4, -25.41], [-57.4, -25.41], [-57.4, -25.41], [-57.4, -25.4], [-57.4, -25.4], [-57.41, -25.39], [-57.4, -25.39], [-57.4, -25.39], [-57.41, -25.39], [-57.41, -25.39], [-57.41, -25.39], [-57.41, -25.39], [-57.41, -25.39], [-57.41, -25.39], [-57.41, -25.39], [-57.4, -25.39], [-57.4, -25.38], [-57.4, -25.38], [-57.4, -25.38], [-57.4, -25.38], [-57.4, -25.38], [-57.4, -25.38], [-57.4, -25.38], [-57.4, -25.38], [-57.4, -25.38], [-57.4, -25.38], [-57.4, -25.38], [-57.4, -25.38], [-57.4, -25.37], [-57.4, -25.37], [-57.4, -25.37], [-57.4, -25.37], [-57.4, -25.37], [-57.4, -25.37], [-57.4, -25.37], [-57.4, -25.37], [-57.4, -25.37], [-57.4, -25.37], [-57.4, -25.37], [-57.4, -25.37], [-57.4, -25.37], [-57.4, -25.36], [-57.4, -25.36], [-57.4, -25.36], [-57.4, -25.36], [-57.4, -25.36], [-57.32, -25.32], [-57.32, -25.36]]]]}, "properties": {"id": 54, "area_km2": 112.33, "cod_dpto": "L", "nom_dist": "ITAUGUA", "cod_dist": "6"}}, {"type": "Feature", "geometry": {"type": "MultiPolygon", "coordinates": [[[[-58.41, -27.16], [-58.42, -27.21], [-58.42, -27.21], [-58.38, -27.28], [-58.38, -27.28], [-58.39, -27.28], [-58.4, -27.29], [-58.4, -27.29], [-58.4, -27.29], [-58.41, -27.29], [-58.41, -27.29], [-58.41, -27.29], [-58.41, -27.29], [-58.42, -27.29], [-58.42, -27.29], [-58.42, -27.29], [-58.42, -27.29], [-58.43, -27.29], [-58.43, -27.29], [-58.43, -27.28], [-58.44, -27.28], [-58.45, -27.28], [-58.45, -27.28], [-58.45, -27.28], [-58.46, -27.28], [-58.47, -27.28], [-58.47, -27.27], [-58.48, -27.27], [-58.48, -27.27], [-58.49, -27.28], [-58.5, -27.28], [-58.5, -27.28], [-58.51, -27.28], [-58.52, -27.29], [-58.53, -27.29], [-58.55, -27.3], [-58.56, -27.3], [-58.59, -27.3], [-58.6, -27.3], [-58.61, -27.3], [-58.61, -27.29], [-58.61, -27.29], [-58.61, -27.28], [-58.6, -27.27], [-58.6, -27.27], [-58.59, -27.26], [-58.59, -27.25], [-58.59, -27.25], [-58.59, -27.25], [-58.59, -27.25], [-58.59, -27.24], [-58.59, -27.23], [-58.6, -27.23], [-58.6, -27.23], [-58.6, -27.22], [-58.6, -27.22], [-58.6, -27.22], [-58.61, -27.21], [-58.61, -27.21], [-58.62, -27.21], [-58.62, -27.21], [-58.63, -27.2], [-58.64, -27.2], [-58.64, -27.2], [-58.61, -27.19], [-58.52, -27.17], [-58.41, -27.16]]]]}, "properties": {"id": 55, "area_km2": 256.64, "cod_dpto": "M", "nom_dist": "PASO DE PATRIA", "cod_dist": "10"}}, {"type": "Feature", "geometry": {"type": "MultiPolygon", "coordinates": [[[[-56.15, -23.31], [-56.11, -23.33], [-56.07, -23.31], [-56.07, -23.34], [-56.06, -23.37], [-56.05, -23.38], [-56.03, -23.4], [-55.93, -23.39], [-55.9, -23.41], [-55.9, -23.43], [-55.91, -23.45], [-55.91, -23.47], [-55.91, -23.49], [-55.9, -23.5], [-55.91, -23.51], [-55.91, -23.52], [-55.92, -23.54], [-55.93, -23.55], [-55.93, -23.56], [-55.93, -23.57], [-55.93, -23.58], [-55.93, -23.59], [-55.93, -23.6], [-55.94, -23.61], [-55.93, -23.62], [-55.94, -23.63], [-55.94, -23.64], [-55.95, -23.64], [-55.95, -23.65], [-55.96, -23.66], [-55.97, -23.66], [-55.98, -23.67], [-55.99, -23.64], [-56.0, -23.62], [-56.02, -23.6], [-56.05, -23.59], [-56.06, -23.6], [-56.08, -23.61], [-56.11, -23.6], [-56.11, -23.6], [-56.12, -23.58], [-56.13, -23.57], [-56.14, -23.55], [-56.15, -23.5], [-56.17, -23.46], [-56.16, -23.44], [-56.16, -23.41], [-56.16, -23.38], [-56.16, -23.36], [-56.16, -23.34], [-56.16, -23.32], [-56.15, -23.31]]]]}, "properties": {"id": 56, "area_km2": 673.17, "cod_dpto": "N", "nom_dist": "KARAPAI", "cod_dist": "5"}}, {"type": "Feature", "geometry": {"type": "MultiPolygon", "coordinates": [[[[-56.2, -23.3], [-56.16, -23.34], [-56.16, -23.38], [-56.16, -23.43], [-56.17, -23.47], [-56.3, -23.54], [-56.33, -23.57], [-56.37, -23.57], [-56.39, -23.59], [-56.4, -23.59], [-56.41, -23.59], [-56.43, -23.59], [-56.44, -23.6], [-56.45, -23.6], [-56.48, -23.62], [-56.49, -23.63], [-56.51, -23.63], [-56.52, -23.64], [-56.53, -23.66], [-56.53, -23.67], [-56.54, -23.67], [-56.55, -23.68], [-56.55, -23.7], [-56.55, -23.71], [-56.55, -23.72], [-56.56, -23.73], [-56.57, -23.73], [-56.58, -23.74], [-56.58, -23.74], [-56.59, -23.73], [-56.61, -23.75], [-56.61, -23.76], [-56.62, -23.77], [-56.63, -23.77], [-56.64, -23.78], [-56.65, -23.78], [-56.66, -23.79], [-56.67, -23.79], [-56.69, -23.8], [-56.7, -23.8], [-56.73, -23.8], [-56.74, -23.82], [-56.77, -23.79], [-56.8, -23.77], [-56.93, -23.44], [-56.78, -23.43], [-56.65, -23.44], [-56.51, -23.43], [-56.36, -23.39], [-56.28, -23.33], [-56.2, -23.31], [-56.2, -23.3]]]]}, "properties": {"id": 57, "area_km2": 2170.51, "cod_dpto": "C", "nom_dist": "TACUATI", "cod_dist": "8"}}, {"type": "Feature", "geometry": {"type": "MultiPolygon", "coordinates": [[[[-57.15, -23.91], [-57.11, -23.91], [-57.09, -23.95], [-57.08, -23.99], [-57.08, -23.99], [-57.09, -24.0], [-57.09, -24.0], [-57.1, -24.0], [-57.1, -24.0], [-57.1, -24.0], [-57.11, -24.0], [-57.11, -24.0], [-57.11, -24.0], [-57.11, -24.0], [-57.11, -24.0], [-57.12, -24.01], [-57.12, -24.01], [-57.12, -24.01], [-57.12, -24.01], [-57.12, -24.01], [-57.13, -24.01], [-57.13, -24.01], [-57.1, -24.08], [-57.13, -24.09], [-57.16, -24.12], [-57.16, -24.15], [-57.15, -24.16], [-57.13, -24.15], [-57.12, -24.14], [-57.1, -24.13], [-57.09, -24.13], [-57.08, -24.13], [-57.07, -24.12], [-57.17, -24.26], [-57.2, -24.25], [-57.24, -24.2], [-57.28, -24.15], [-57.25, -24.12], [-57.21, -24.09], [-57.23, -24.06], [-57.26, -24.03], [-57.22, -24.01], [-57.22, -23.96], [-57.22, -23.95], [-57.22, -23.95], [-57.21, -23.95], [-57.21, -23.95], [-57.22, -23.95], [-57.21, -23.95], [-57.21, -23.94], [-57.21, -23.94], [-57.18, -23.92], [-57.15, -23.91], [-57.15, -23.91]]]]}, "properties": {"id": 58, "area_km2": 497.62, "cod_dpto": "C", "nom_dist": "ANTEQUERA", "cod_dist": "2"}}, {"type": "Feature", "geometry": {"type": "MultiPolygon", "coordinates": [[[[-55.53, -23.87], [-55.5, -23.88], [-55.47, -23.89], [-55.31, -24.08], [-55.32, -24.12], [-55.33, -24.16], [-55.35, -24.19], [-55.37, -24.2], [-55.37, -24.21], [-55.38, -24.21], [-55.38, -24.21], [-55.39, -24.2], [-55.39, -24.2], [-55.4, -24.2], [-55.4, -24.2], [-55.4, -24.19], [-55.4, -24.19], [-55.41, -24.19], [-55.41, -24.19], [-55.42, -24.18], [-55.42, -24.18], [-55.43, -24.18], [-55.44, -24.18], [-55.44, -24.19], [-55.44, -24.19], [-55.43, -24.22], [-55.44, -24.25], [-55.52, -24.28], [-55.56, -24.3], [-55.59, -24.3], [-55.63, -24.25], [-55.66, -24.24], [-55.69, -24.2], [-55.7, -24.16], [-55.72, -24.12], [-55.76, -24.1], [-55.82, -24.08], [-55.84, -24.06], [-55.83, -24.05], [-55.82, -24.04], [-55.8, -24.04], [-55.79, -24.02], [-55.78, -24.02], [-55.77, -24.03], [-55.76, -24.02], [-55.72, -24.02], [-55.69, -23.99], [-55.67, -23.94], [-55.62, -23.92], [-55.57, -23.88], [-55.54, -23.88], [-55.53, -23.87]]]]}, "properties": {"id": 59, "area_km2": 1403.17, "cod_dpto": "S", "nom_dist": "VILLA YGATIMI", "cod_dist": "3"}}, {"type": "Feature", "geometry": {"type": "MultiPolygon", "coordinates": [[[[-54.82, -23.89], [-54.74, -23.88], [-54.73, -23.9], [-54.73, -23.92], [-54.72, -23.93], [-54.72, -23.95], [-54.72, -23.97], [-54.71, -23.97], [-54.7, -23.97], [-54.7, -23.97], [-54.69, -23.97], [-54.69, -23.97], [-54.69, -23.98], [-54.7, -23.99], [-54.7, -23.99], [-54.7, -24.0], [-54.7, -24.01], [-54.71, -24.02], [-54.7, -24.03], [-54.7, -24.03], [-54.7, -24.04], [-54.7, -24.05], [-54.7, -24.06], [-54.58, -24.26], [-54.59, -24.29], [-54.6, -24.33], [-54.58, -24.38], [-54.59, -24.4], [-54.6, -24.41], [-54.6, -24.42], [-54.68, -24.5], [-54.7, -24.4], [-54.67, -24.37], [-54.73, -24.19], [-54.75, -24.2], [-54.76, -24.2], [-54.77, -24.2], [-54.77, -24.19], [-54.76, -24.19], [-54.75, -24.18], [-54.75, -24.17], [-54.75, -24.16], [-54.76, -24.16], [-54.77, -24.15], [-54.79, -24.16], [-54.79, -24.17], [-54.79, -24.18], [-54.79, -24.19], [-54.79, -24.19], [-54.8, -24.19], [-54.81, -24.18], [-54.82, -23.89]]]]}, "properties": {"id": 60, "area_km2": 734.31, "cod_dpto": "S", "nom_dist": "F. CABALLERO ALVAREZ", "cod_dist": "7"}}, {"type": "Feature", "geometry": {"type": "MultiPolygon", "coordinates": [[[[-56.51, -23.87], [-56.49, -23.87], [-56.48, -23.87], [-56.46, -23.87], [-56.44, -23.89], [-56.42, -23.9], [-56.4, -23.9], [-56.38, -23.91], [-56.44, -24.03], [-56.48, -24.07], [-56.49, -24.06], [-56.51, -24.06], [-56.52, -24.05], [-56.53, -24.05], [-56.55, -24.04], [-56.56, -24.03], [-56.58, -24.05], [-56.59, -24.06], [-56.6, -24.06], [-56.61, -24.06], [-56.63, -24.06], [-56.65, -24.06], [-56.66, -24.07], [-56.69, -24.07], [-56.7, -24.08], [-56.72, -24.07], [-56.75, -24.07], [-56.81, -24.07], [-56.8, -24.07], [-56.79, -24.06], [-56.78, -24.04], [-56.78, -24.04], [-56.77, -24.03], [-56.76, -24.01], [-56.74, -24.0], [-56.73, -23.99], [-56.72, -23.98], [-56.73, -23.98], [-56.72, -23.96], [-56.7, -23.95], [-56.7, -23.94], [-56.7, -23.93], [-56.68, -23.92], [-56.67, -23.91], [-56.66, -23.91], [-56.64, -23.9], [-56.62, -23.9], [-56.6, -23.89], [-56.57, -23.89], [-56.54, -23.88], [-56.52, -23.87], [-56.51, -23.87]]]]}, "properties": {"id": 61, "area_km2": 659.84, "cod_dpto": "C", "nom_dist": "LIMA", "cod_dist": "6"}}, {"type": "Feature", "geometry": {"type": "MultiPolygon", "coordinates": [[[[-56.01, -23.92], [-56.2, -24.14], [-56.21, -24.15], [-56.21, -24.15], [-56.22, -24.16], [-56.24, -24.16], [-56.24, -24.15], [-56.26, -24.16], [-56.28, -24.15], [-56.3, -24.14], [-56.3, -24.15], [-56.31, -24.14], [-56.33, -24.14], [-56.34, -24.13], [-56.35, -24.13], [-56.37, -24.13], [-56.38, -24.12], [-56.39, -24.12], [-56.41, -24.11], [-56.41, -24.1], [-56.42, -24.1], [-56.43, -24.11], [-56.45, -24.1], [-56.45, -24.08], [-56.47, -24.09], [-56.47, -24.08], [-56.35, -23.92], [-56.33, -23.92], [-56.31, -23.91], [-56.29, -23.92], [-56.27, -23.91], [-56.26, -23.9], [-56.24, -23.9], [-56.22, -23.9], [-56.21, -23.88], [-56.2, -23.87], [-56.19, -23.86], [-56.17, -23.86], [-56.16, -23.87], [-56.14, -23.86], [-56.13, -23.87], [-56.12, -23.86], [-56.12, -23.86], [-56.11, -23.86], [-56.09, -23.86], [-56.09, -23.85], [-56.07, -23.85], [-56.06, -23.85], [-56.05, -23.84], [-56.04, -23.83], [-56.03, -23.82], [-56.01, -23.92]]]]}, "properties": {"id": 62, "area_km2": 712.14, "cod_dpto": "C", "nom_dist": "GRAL. ISIDORO RESQUIN", "cod_dist": "13"}}, {"type": "Feature", "geometry": {"type": "MultiPolygon", "coordinates": [[[[-56.02, -23.6], [-56.0, -23.62], [-55.99, -23.64], [-55.98, -23.66], [-55.98, -23.67], [-55.98, -23.68], [-55.98, -23.69], [-55.98, -23.7], [-55.98, -23.72], [-55.98, -23.73], [-55.98, -23.75], [-55.98, -23.76], [-55.98, -23.78], [-56.0, -23.79], [-56.02, -23.8], [-56.02, -23.81], [-56.03, -23.82], [-56.04, -23.83], [-56.05, -23.84], [-56.07, -23.85], [-56.08, -23.85], [-56.1, -23.86], [-56.11, -23.86], [-56.12, -23.86], [-56.13, -23.87], [-56.15, -23.86], [-56.17, -23.86], [-56.18, -23.86], [-56.2, -23.87], [-56.21, -23.89], [-56.24, -23.9], [-56.26, -23.9], [-56.28, -23.91], [-56.31, -23.92], [-56.33, -23.92], [-56.35, -23.92], [-56.38, -23.91], [-56.4, -23.9], [-56.41, -23.9], [-56.43, -23.89], [-56.45, -23.88], [-56.47, -23.87], [-56.48, -23.88], [-56.5, -23.87], [-56.53, -23.87], [-56.55, -23.89], [-56.11, -23.6], [-56.08, -23.61], [-56.07, -23.61], [-56.06, -23.6], [-56.05, -23.58], [-56.02, -23.6]]]]}, "properties": {"id": 63, "area_km2": 1561.51, "cod_dpto": "C", "nom_dist": "SANTA ROSA DEL AGUARAY", "cod_dist": "19"}}, {"type": "Feature", "geometry": {"type": "MultiPolygon", "coordinates": [[[[-55.54, -23.52], [-55.72, -23.9], [-56.0, -23.82], [-55.99, -23.83], [-55.97, -23.82], [-55.96, -23.82], [-55.95, -23.81], [-55.95, -23.82], [-55.93, -23.83], [-55.92, -23.82], [-55.9, -23.82], [-55.89, -23.81], [-55.88, -23.81], [-55.87, -23.8], [-55.86, -23.8], [-55.86, -23.8], [-55.86, -23.79], [-55.86, -23.79], [-55.85, -23.78], [-55.85, -23.78], [-55.85, -23.77], [-55.84, -23.77], [-55.84, -23.77], [-55.82, -23.76], [-55.82, -23.76], [-55.81, -23.76], [-55.8, -23.75], [-55.79, -23.75], [-55.78, -23.74], [-55.77, -23.73], [-55.76, -23.72], [-55.76, -23.7], [-55.76, -23.7], [-55.75, -23.69], [-55.73, -23.68], [-55.72, -23.66], [-55.7, -23.66], [-55.69, -23.67], [-55.67, -23.67], [-55.65, -23.67], [-55.63, -23.66], [-55.62, -23.65], [-55.6, -23.65], [-55.6, -23.65], [-55.59, -23.64], [-55.58, -23.62], [-55.58, -23.61], [-55.58, -23.6], [-55.57, -23.58], [-55.56, -23.56], [-55.54, -23.54], [-55.54, -23.52]]]]}, "properties": {"id": 64, "area_km2": 891.17, "cod_dpto": "S", "nom_dist": "ITANARA", "cod_dist": "6"}}, {"type": "Feature", "geometry": {"type": "MultiPolygon", "coordinates": [[[[-56.15, -23.5], [-56.13, -23.57], [-56.11, -23.59], [-56.59, -23.9], [-56.64, -23.9], [-56.66, -23.91], [-56.69, -23.92], [-56.7, -23.94], [-56.71, -23.96], [-56.73, -23.98], [-56.83, -23.9], [-56.79, -23.78], [-56.74, -23.81], [-56.73, -23.81], [-56.72, -23.79], [-56.7, -23.8], [-56.67, -23.79], [-56.67, -23.79], [-56.66, -23.78], [-56.65, -23.78], [-56.63, -23.78], [-56.62, -23.77], [-56.62, -23.77], [-56.61, -23.75], [-56.6, -23.74], [-56.59, -23.73], [-56.58, -23.74], [-56.57, -23.74], [-56.57, -23.73], [-56.56, -23.73], [-56.55, -23.72], [-56.55, -23.71], [-56.55, -23.7], [-56.54, -23.68], [-56.54, -23.67], [-56.53, -23.67], [-56.53, -23.66], [-56.52, -23.64], [-56.51, -23.63], [-56.49, -23.63], [-56.48, -23.62], [-56.45, -23.6], [-56.44, -23.6], [-56.43, -23.59], [-56.41, -23.59], [-56.4, -23.59], [-56.39, -23.59], [-56.37, -23.57], [-56.34, -23.56], [-56.31, -23.55], [-56.27, -23.53], [-56.15, -23.5]]]]}, "properties": {"id": 65, "area_km2": 836.77, "cod_dpto": "C", "nom_dist": "NUEVA GERMANIA", "cod_dist": "7"}}, {"type": "Feature", "geometry": {"type": "MultiPolygon", "coordinates": [[[[-59.21, -23.49], [-59.3, -24.5], [-59.32, -24.49], [-59.33, -24.49], [-59.33, -24.49], [-59.34, -24.49], [-59.34, -24.49], [-59.35, -24.48], [-59.35, -24.48], [-59.35, -24.47], [-59.35, -24.47], [-59.36, -24.46], [-59.36, -24.46], [-59.36, -24.45], [-59.37, -24.45], [-59.37, -24.45], [-59.37, -24.44], [-59.37, -24.44], [-59.37, -24.43], [-59.37, -24.43], [-59.37, -24.42], [-59.38, -24.42], [-59.38, -24.42], [-59.39, -24.41], [-59.4, -24.41], [-59.4, -24.41], [-59.41, -24.41], [-59.41, -24.41], [-59.41, -24.41], [-59.45, -24.38], [-59.47, -24.34], [-59.66, -24.22], [-59.9, -24.09], [-60.05, -24.02], [-60.15, -24.04], [-60.31, -24.04], [-60.37, -24.03], [-60.42, -23.99], [-60.5, -23.97], [-60.56, -23.95], [-60.59, -23.92], [-60.61, -23.92], [-60.63, -23.92], [-60.68, -23.9], [-60.71, -23.89], [-60.73, -23.89], [-60.74, -23.88], [-60.75, -23.88], [-60.77, -23.88], [-60.77, -23.88], [-60.38, -23.54], [-59.21, -23.49]]]]}, "properties": {"id": 66, "area_km2": 7985.09, "cod_dpto": "P", "nom_dist": "TTE. ESTEBAN MARTINEZ", "cod_dist": "8"}}, {"type": "Feature", "geometry": {"type": "MultiPolygon", "coordinates": [[[[-56.55, -23.12], [-56.51, -23.16], [-56.48, -23.26], [-56.46, -23.25], [-56.44, -23.24], [-56.4, -23.25], [-56.34, -23.27], [-56.31, -23.27], [-56.29, -23.27], [-56.29, -23.29], [-56.29, -23.31], [-56.31, -23.33], [-56.33, -23.35], [-56.41, -23.41], [-56.5, -23.42], [-56.59, -23.45], [-56.7, -23.45], [-56.72, -23.43], [-56.71, -23.42], [-56.71, -23.4], [-56.7, -23.39], [-56.69, -23.39], [-56.67, -23.38], [-56.65, -23.38], [-56.64, -23.38], [-56.63, -23.37], [-56.63, -23.36], [-56.62, -23.35], [-56.6, -23.33], [-56.59, -23.32], [-56.58, -23.31], [-56.57, -23.29], [-56.57, -23.27], [-56.58, -23.25], [-56.58, -23.24], [-56.59, -23.23], [-56.59, -23.22], [-56.59, -23.21], [-56.59, -23.21], [-56.6, -23.2], [-56.6, -23.19], [-56.6, -23.18], [-56.59, -23.18], [-56.59, -23.17], [-56.58, -23.16], [-56.57, -23.16], [-56.57, -23.15], [-56.56, -23.14], [-56.56, -23.13], [-56.55, -23.12], [-56.55, -23.12], [-56.55, -23.12]]]]}, "properties": {"id": 67, "area_km2": 721.41, "cod_dpto": "B", "nom_dist": "AZOTE'Y", "cod_dist": "9"}}, {"type": "Feature", "geometry": {"type": "MultiPolygon", "coordinates": [[[[-58.48, -21.36], [-58.5, -21.38], [-58.52, -21.39], [-58.58, -21.39], [-58.61, -21.4], [-58.64, -21.4], [-58.67, -21.43], [-58.7, -21.45], [-58.71, -21.47], [-58.73, -21.48], [-58.68, -21.96], [-58.39, -21.81], [-58.28, -21.99], [-58.16, -22.04], [-58.06, -22.04], [-57.99, -22.09], [-57.99, -22.09], [-57.99, -22.11], [-57.98, -22.11], [-57.96, -22.12], [-57.96, -22.13], [-57.96, -22.14], [-57.96, -22.15], [-57.96, -22.16], [-57.96, -22.17], [-57.97, -22.18], [-57.97, -22.19], [-57.97, -22.22], [-57.97, -22.23], [-57.96, -22.23], [-57.96, -22.25], [-57.96, -22.27], [-57.95, -22.28], [-57.94, -22.28], [-57.94, -22.28], [-57.91, -22.27], [-57.9, -22.27], [-57.89, -22.27], [-57.88, -22.28], [-57.88, -22.3], [-57.88, -22.31], [-57.88, -22.32], [-57.88, -22.33], [-57.87, -22.34], [-57.85, -22.36], [-58.19, -22.35], [-58.24, -22.21], [-58.26, -22.18], [-58.44, -22.16], [-58.75, -22.16], [-59.01, -22.15], [-59.41, -22.06], [-59.72, -21.34], [-58.48, -21.36]]]]}, "properties": {"id": 68, "area_km2": 12548.72, "cod_dpto": "R", "nom_dist": "PUERTO CASADO", "cod_dist": "3"}}, {"type": "Feature", "geometry": {"type": "MultiPolygon", "coordinates": [[[[-59.3, -20.15], [-58.01, -20.54], [-58.0, -20.58], [-58.01, -20.6], [-58.01, -20.62], [-57.98, -20.64], [-57.97, -20.66], [-57.99, -20.68], [-57.98, -20.71], [-57.96, -20.7], [-57.95, -20.69], [-57.93, -20.66], [-57.91, -20.68], [-57.88, -20.72], [-57.87, -20.75], [-57.9, -20.75], [-57.94, -20.76], [-57.96, -20.79], [-57.95, -20.8], [-57.94, -20.8], [-57.91, -20.79], [-57.89, -20.8], [-57.87, -20.82], [-57.88, -20.86], [-57.9, -20.88], [-57.93, -20.89], [-57.92, -20.9], [-57.91, -20.9], [-57.89, -20.9], [-57.88, -20.92], [-57.87, -20.94], [-57.85, -20.95], [-57.83, -20.96], [-57.82, -20.98], [-57.85, -21.02], [-57.87, -21.04], [-57.87, -21.05], [-57.86, -21.07], [-57.85, -21.1], [-57.86, -21.12], [-57.86, -21.16], [-57.85, -21.19], [-57.85, -21.23], [-57.87, -21.24], [-57.91, -21.27], [-57.92, -21.29], [-57.91, -21.3], [-57.89, -21.31], [-57.86, -21.32], [-57.85, -21.33], [-58.11, -21.35], [-59.3, -20.15]]]]}, "properties": {"id": 69, "area_km2": 23905.6, "cod_dpto": "R", "nom_dist": "FUERTE OLIMPO", "cod_dist": "1"}}, {"type": "Feature", "geometry": {"type": "MultiPolygon", "coordinates": [[[[-58.24, -19.77], [-58.17, -19.83], [-58.17, -19.84], [-58.18, -19.85], [-58.19, -19.85], [-58.2, -19.86], [-58.2, -19.86], [-58.2, -19.87], [-58.2, -19.88], [-58.2, -19.89], [-58.2, -19.9], [-58.2, -19.91], [-58.2, -19.93], [-58.2, -19.93], [-58.21, -19.94], [-58.21, -19.95], [-58.21, -19.96], [-58.19, -19.96], [-58.19, -19.97], [-58.18, -19.98], [-58.18, -19.99], [-58.18, -20.0], [-58.18, -20.01], [-58.18, -20.03], [-58.16, -20.04], [-58.16, -20.05], [-58.17, -20.06], [-58.16, -20.08], [-58.15, -20.1], [-58.14, -20.13], [-58.16, -20.15], [-58.17, -20.17], [-58.15, -20.18], [-58.12, -20.19], [-58.14, -20.21], [-58.16, -20.23], [-58.16, -20.24], [-58.16, -20.25], [-58.16, -20.26], [-58.14, -20.27], [-58.11, -20.25], [-58.09, -20.28], [-58.1, -20.31], [-58.1, -20.34], [-58.08, -20.37], [-58.06, -20.39], [-58.04, -20.4], [-58.0, -20.43], [-58.0, -20.46], [-58.02, -20.5], [-60.48, -20.44], [-58.24, -19.77]]]]}, "properties": {"id": 70, "area_km2": 35187.49, "cod_dpto": "R", "nom_dist": "BAHIA NEGRA", "cod_dist": "2"}}, {"type": "Feature", "geometry": {"type": "MultiPolygon", "coordinates": [[[[-56.01, -24.02], [-55.97, -24.04], [-55.94, -24.05], [-55.91, -24.06], [-55.87, -24.06], [-55.84, -24.07], [-55.84, -24.1], [-55.83, -24.13], [-55.83, -24.18], [-55.87, -24.28], [-55.89, -24.3], [-55.9, -24.32], [-55.91, -24.34], [-55.92, -24.35], [-55.94, -24.36], [-55.94, -24.37], [-55.96, -24.37], [-55.99, -24.38], [-56.0, -24.39], [-56.04, -24.4], [-56.07, -24.4], [-56.09, -24.4], [-56.11, -24.39], [-56.12, -24.37], [-56.12, -24.37], [-56.12, -24.35], [-56.13, -24.34], [-56.13, -24.33], [-56.13, -24.32], [-56.12, -24.32], [-56.13, -24.31], [-56.13, -24.3], [-56.15, -24.29], [-56.16, -24.28], [-56.16, -24.27], [-56.16, -24.25], [-56.17, -24.24], [-56.17, -24.23], [-56.17, -24.23], [-56.16, -24.22], [-56.15, -24.21], [-56.15, -24.2], [-56.15, -24.18], [-56.15, -24.17], [-56.16, -24.16], [-56.16, -24.15], [-56.15, -24.13], [-56.1, -24.11], [-56.08, -24.08], [-56.06, -24.06], [-56.02, -24.03], [-56.01, -24.02]]]]}, "properties": {"id": 71, "area_km2": 1105.66, "cod_dpto": "S", "nom_dist": "MARACANA", "cod_dist": "14"}}, {"type": "Feature", "geometry": {"type": "MultiPolygon", "coordinates": [[[[-56.89, -26.3], [-56.76, -26.42], [-56.78, -26.43], [-56.78, -26.43], [-56.8, -26.44], [-56.79, -26.45], [-56.79, -26.46], [-56.8, -26.47], [-56.8, -26.48], [-56.82, -26.5], [-56.83, -26.51], [-56.84, -26.51], [-56.84, -26.52], [-56.85, -26.54], [-56.86, -26.53], [-56.88, -26.52], [-56.9, -26.5], [-56.9, -26.47], [-56.95, -26.48], [-56.97, -26.45], [-57.0, -26.41], [-57.0, -26.4], [-56.99, -26.4], [-57.0, -26.39], [-56.99, -26.39], [-57.0, -26.39], [-56.99, -26.38], [-56.99, -26.37], [-56.99, -26.37], [-56.98, -26.36], [-56.97, -26.36], [-56.97, -26.36], [-56.96, -26.36], [-56.95, -26.37], [-56.94, -26.36], [-56.94, -26.35], [-56.94, -26.34], [-56.94, -26.34], [-56.94, -26.33], [-56.94, -26.33], [-56.93, -26.33], [-56.93, -26.32], [-56.91, -26.32], [-56.91, -26.32], [-56.91, -26.32], [-56.9, -26.31], [-56.9, -26.31], [-56.9, -26.31], [-56.9, -26.3], [-56.89, -26.3], [-56.89, -26.3], [-56.89, -26.3]]]]}, "properties": {"id": 72, "area_km2": 319.31, "cod_dpto": "J", "nom_dist": "MARIA ANTONIA", "cod_dist": "18"}}, {"type": "Feature", "geometry": {"type": "MultiPolygon", "coordinates": [[[[-56.2, -24.14], [-56.22, -24.02], [-56.02, -23.93], [-55.98, -24.03], [-55.99, -24.03], [-55.99, -24.03], [-56.01, -24.02], [-56.01, -24.02], [-56.02, -24.03], [-56.02, -24.03], [-56.03, -24.04], [-56.04, -24.04], [-56.04, -24.04], [-56.05, -24.05], [-56.05, -24.05], [-56.05, -24.05], [-56.06, -24.05], [-56.07, -24.06], [-56.07, -24.06], [-56.08, -24.06], [-56.08, -24.06], [-56.08, -24.07], [-56.09, -24.07], [-56.09, -24.08], [-56.09, -24.08], [-56.1, -24.09], [-56.1, -24.09], [-56.1, -24.09], [-56.1, -24.1], [-56.11, -24.1], [-56.11, -24.11], [-56.12, -24.11], [-56.13, -24.11], [-56.14, -24.12], [-56.14, -24.12], [-56.15, -24.12], [-56.15, -24.13], [-56.16, -24.14], [-56.16, -24.14], [-56.16, -24.15], [-56.16, -24.15], [-56.17, -24.15], [-56.17, -24.15], [-56.16, -24.15], [-56.17, -24.15], [-56.17, -24.15], [-56.17, -24.15], [-56.18, -24.15], [-56.18, -24.15], [-56.19, -24.15], [-56.19, -24.16], [-56.2, -24.15], [-56.2, -24.14], [-56.2, -24.14]]]]}, "properties": {"id": 73, "area_km2": 361.97, "cod_dpto": "C", "nom_dist": "SAN VICENTE PANCHOLO", "cod_dist": "22"}}, {"type": "Feature", "geometry": {"type": "MultiPolygon", "coordinates": [[[[-56.46, -26.28], [-56.4, -26.32], [-56.39, -26.33], [-56.39, -26.34], [-56.39, -26.35], [-56.39, -26.36], [-56.38, -26.37], [-56.38, -26.38], [-56.39, -26.37], [-56.4, -26.38], [-56.41, -26.37], [-56.42, -26.37], [-56.43, -26.36], [-56.48, -26.38], [-56.48, -26.38], [-56.47, -26.38], [-56.47, -26.39], [-56.47, -26.4], [-56.47, -26.41], [-56.46, -26.41], [-56.5, -26.43], [-56.5, -26.43], [-56.58, -26.48], [-56.8, -26.48], [-56.79, -26.46], [-56.79, -26.45], [-56.8, -26.44], [-56.78, -26.43], [-56.77, -26.43], [-56.76, -26.41], [-56.76, -26.4], [-56.76, -26.4], [-56.76, -26.39], [-56.76, -26.38], [-56.75, -26.37], [-56.74, -26.37], [-56.74, -26.36], [-56.74, -26.35], [-56.73, -26.34], [-56.72, -26.33], [-56.73, -26.31], [-56.71, -26.31], [-56.7, -26.3], [-56.68, -26.28], [-56.56, -26.29], [-56.55, -26.28], [-56.55, -26.28], [-56.54, -26.28], [-56.53, -26.28], [-56.52, -26.28], [-56.52, -26.27], [-56.51, -26.27], [-56.46, -26.28]]]]}, "properties": {"id": 74, "area_km2": 671.06, "cod_dpto": "G", "nom_dist": "MOISES BERTONI", "cod_dist": "5"}}, {"type": "Feature", "geometry": {"type": "MultiPolygon", "coordinates": [[[[-57.03, -23.44], [-57.03, -23.45], [-57.02, -23.45], [-57.0, -23.45], [-56.99, -23.45], [-56.84, -23.84], [-56.74, -24.0], [-56.75, -24.01], [-56.77, -24.02], [-56.78, -24.03], [-56.78, -24.03], [-56.79, -24.05], [-56.79, -24.06], [-56.8, -24.07], [-56.83, -24.08], [-56.94, -24.08], [-57.07, -24.12], [-57.15, -24.16], [-57.12, -24.01], [-57.11, -24.0], [-57.09, -24.0], [-57.16, -23.91], [-57.21, -23.95], [-57.26, -23.82], [-57.42, -23.48], [-57.38, -23.5], [-57.35, -23.5], [-57.31, -23.5], [-57.29, -23.49], [-57.27, -23.48], [-57.24, -23.48], [-57.23, -23.48], [-57.22, -23.48], [-57.21, -23.48], [-57.2, -23.48], [-57.19, -23.48], [-57.18, -23.48], [-57.17, -23.48], [-57.16, -23.48], [-57.16, -23.48], [-57.14, -23.48], [-57.13, -23.47], [-57.12, -23.47], [-57.11, -23.46], [-57.1, -23.46], [-57.08, -23.46], [-57.07, -23.46], [-57.06, -23.46], [-57.05, -23.45], [-57.05, -23.45], [-57.04, -23.45], [-57.03, -23.44]]]]}, "properties": {"id": 75, "area_km2": 3130.11, "cod_dpto": "C", "nom_dist": "SAN PEDRO", "cod_dist": "1"}}, {"type": "Feature", "geometry": {"type": "MultiPolygon", "coordinates": [[[[-55.8, -27.07], [-55.88, -27.07], [-55.88, -27.07], [-55.88, -27.06], [-55.87, -27.05], [-55.86, -27.05], [-55.8, -26.98], [-55.76, -27.02], [-55.76, -27.02], [-55.75, -27.02], [-55.74, -27.02], [-55.74, -27.02], [-55.74, -27.01], [-55.73, -27.01], [-55.72, -27.01], [-55.71, -27.02], [-55.7, -27.02], [-55.7, -27.03], [-55.7, -27.04], [-55.7, -27.04], [-55.7, -27.05], [-55.7, -27.05], [-55.69, -27.05], [-55.68, -27.05], [-55.69, -27.06], [-55.69, -27.06], [-55.7, -27.07], [-55.69, -27.07], [-55.68, -27.07], [-55.68, -27.07], [-55.67, -27.08], [-55.68, -27.08], [-55.67, -27.09], [-55.68, -27.09], [-55.7, -27.1], [-55.69, -27.11], [-55.69, -27.11], [-55.69, -27.11], [-55.69, -27.11], [-55.69, -27.11], [-55.7, -27.11], [-55.7, -27.11], [-55.7, -27.11], [-55.71, -27.11], [-55.72, -27.11], [-55.72, -27.11], [-55.72, -27.11], [-55.72, -27.1], [-55.73, -27.09], [-55.72, -27.09], [-55.73, -27.08], [-55.8, -27.07]]]]}, "properties": {"id": 76, "area_km2": 154.01, "cod_dpto": "H", "nom_dist": "JESUS", "cod_dist": "13"}}, {"type": "Feature", "geometry": {"type": "MultiPolygon", "coordinates": [[[[-57.75, -27.24], [-57.68, -27.26], [-57.54, -27.28], [-57.46, -27.3], [-57.44, -27.31], [-57.43, -27.32], [-57.42, -27.31], [-57.4, -27.31], [-57.39, -27.32], [-57.37, -27.31], [-57.37, -27.3], [-57.37, -27.29], [-57.36, -27.28], [-57.34, -27.25], [-57.25, -27.24], [-57.34, -27.42], [-57.34, -27.42], [-57.35, -27.42], [-57.35, -27.42], [-57.36, -27.42], [-57.37, -27.42], [-57.37, -27.42], [-57.38, -27.42], [-57.39, -27.42], [-57.39, -27.43], [-57.4, -27.43], [-57.41, -27.43], [-57.42, -27.43], [-57.43, -27.43], [-57.44, -27.44], [-57.44, -27.44], [-57.45, -27.44], [-57.46, -27.44], [-57.47, -27.44], [-57.48, -27.44], [-57.48, -27.44], [-57.49, -27.44], [-57.49, -27.44], [-57.5, -27.44], [-57.5, -27.44], [-57.51, -27.44], [-57.53, -27.43], [-57.54, -27.42], [-57.55, -27.41], [-57.57, -27.41], [-57.59, -27.4], [-57.6, -27.39], [-57.62, -27.38], [-57.64, -27.37], [-57.65, -27.36], [-57.67, -27.35], [-57.68, -27.34], [-57.69, -27.34], [-57.7, -27.34], [-57.73, -27.33], [-57.76, -27.33], [-57.77, -27.33], [-57.79, -27.33], [-57.81, -27.33], [-57.83, -27.33], [-57.84, -27.32], [-57.84, -27.3], [-57.85, -27.29], [-57.84, -27.24], [-57.75, -27.24]]]]}, "properties": {"id": 77, "area_km2": 728.32, "cod_dpto": "M", "nom_dist": "CERRITO", "cod_dist": "3"}}, {"type": "Feature", "geometry": {"type": "MultiPolygon", "coordinates": [[[[-58.06, -27.13], [-58.04, -27.13], [-58.03, -27.13], [-58.02, -27.13], [-58.0, -27.27], [-58.0, -27.26], [-58.01, -27.26], [-58.02, -27.26], [-58.02, -27.26], [-58.03, -27.26], [-58.04, -27.26], [-58.04, -27.26], [-58.05, -27.26], [-58.05, -27.26], [-58.05, -27.26], [-58.06, -27.26], [-58.07, -27.26], [-58.08, -27.26], [-58.08, -27.27], [-58.09, -27.27], [-58.09, -27.27], [-58.1, -27.27], [-58.11, -27.27], [-58.12, -27.27], [-58.13, -27.28], [-58.14, -27.28], [-58.15, -27.28], [-58.16, -27.28], [-58.16, -27.28], [-58.17, -27.28], [-58.18, -27.28], [-58.19, -27.27], [-58.2, -27.27], [-58.2, -27.27], [-58.21, -27.27], [-58.21, -27.27], [-58.22, -27.27], [-58.22, -27.27], [-58.23, -27.26], [-58.24, -27.26], [-58.25, -27.26], [-58.25, -27.26], [-58.26, -27.26], [-58.26, -27.26], [-58.26, -27.22], [-58.26, -27.2], [-58.26, -27.18], [-58.27, -27.17], [-58.26, -27.16], [-58.17, -27.13], [-58.16, -27.14], [-58.16, -27.15], [-58.12, -27.14], [-58.11, -27.14], [-58.1, -27.14], [-58.07, -27.13], [-58.06, -27.13]]]]}, "properties": {"id": 78, "area_km2": 378.07, "cod_dpto": "M", "nom_dist": "MAYOR J. MARTINEZ", "cod_dist": "11"}}, {"type": "Feature", "geometry": {"type": "MultiPolygon", "coordinates": [[[[-57.18, -27.12], [-56.97, -27.18], [-56.97, -27.18], [-56.97, -27.2], [-56.97, -27.21], [-56.98, -27.22], [-56.98, -27.23], [-56.98, -27.23], [-56.98, -27.24], [-56.97, -27.28], [-56.97, -27.28], [-56.98, -27.28], [-56.98, -27.28], [-56.99, -27.28], [-56.99, -27.28], [-57.0, -27.28], [-57.0, -27.28], [-57.01, -27.28], [-57.01, -27.28], [-57.01, -27.28], [-57.02, -27.28], [-57.02, -27.28], [-57.02, -27.29], [-57.02, -27.29], [-57.02, -27.29], [-57.03, -27.29], [-57.03, -27.3], [-57.05, -27.3], [-57.05, -27.3], [-57.07, -27.3], [-57.07, -27.3], [-57.08, -27.31], [-57.09, -27.32], [-57.09, -27.33], [-57.09, -27.34], [-57.11, -27.35], [-57.11, -27.36], [-57.13, -27.36], [-57.14, -27.36], [-57.15, -27.37], [-57.15, -27.38], [-57.16, -27.38], [-57.17, -27.39], [-57.19, -27.38], [-57.2, -27.38], [-57.21, -27.39], [-57.23, -27.39], [-57.26, -27.39], [-57.28, -27.39], [-57.3, -27.39], [-57.32, -27.39], [-57.18, -27.12]]]]}, "properties": {"id": 79, "area_km2": 643.72, "cod_dpto": "I", "nom_dist": "YABEBYRY", "cod_dist": "10"}}, {"type": "Feature", "geometry": {"type": "MultiPolygon", "coordinates": [[[[-55.93, -27.13], [-55.89, -27.09], [-55.89, -27.09], [-55.89, -27.09], [-55.89, -27.08], [-55.88, -27.08], [-55.88, -27.08], [-55.88, -27.08], [-55.88, -27.07], [-55.87, -27.08], [-55.84, -27.11], [-55.83, -27.11], [-55.83, -27.12], [-55.8, -27.14], [-55.77, -27.17], [-55.74, -27.2], [-55.73, -27.21], [-55.72, -27.22], [-55.72, -27.22], [-55.73, -27.23], [-55.73, -27.23], [-55.74, -27.24], [-55.74, -27.25], [-55.73, -27.26], [-55.72, -27.26], [-55.72, -27.27], [-55.71, -27.28], [-55.7, -27.29], [-55.7, -27.3], [-55.7, -27.31], [-55.71, -27.32], [-55.78, -27.26], [-55.78, -27.26], [-55.79, -27.26], [-55.79, -27.26], [-55.8, -27.26], [-55.8, -27.26], [-55.8, -27.27], [-55.8, -27.27], [-55.81, -27.27], [-55.81, -27.27], [-55.81, -27.26], [-55.81, -27.26], [-55.81, -27.26], [-55.82, -27.27], [-55.82, -27.25], [-55.82, -27.24], [-55.83, -27.24], [-55.83, -27.24], [-55.83, -27.23], [-55.82, -27.23], [-55.82, -27.23], [-55.93, -27.13]]]]}, "properties": {"id": 80, "area_km2": 218.86, "cod_dpto": "H", "nom_dist": "CAPITAN MIRANDA", "cod_dist": "7"}}, {"type": "Feature", "geometry": {"type": "MultiPolygon", "coordinates": [[[[-57.13, -25.29], [-57.12, -25.3], [-57.12, -25.3], [-57.12, -25.31], [-57.11, -25.31], [-57.11, -25.31], [-57.11, -25.32], [-57.11, -25.32], [-57.11, -25.32], [-57.1, -25.33], [-57.09, -25.33], [-57.08, -25.33], [-57.07, -25.33], [-57.07, -25.34], [-57.07, -25.34], [-57.06, -25.35], [-57.06, -25.36], [-57.06, -25.36], [-57.06, -25.37], [-57.06, -25.38], [-57.07, -25.39], [-57.07, -25.39], [-57.07, -25.4], [-57.08, -25.41], [-57.08, -25.41], [-57.08, -25.41], [-57.09, -25.42], [-57.1, -25.43], [-57.11, -25.43], [-57.11, -25.43], [-57.12, -25.43], [-57.12, -25.43], [-57.12, -25.44], [-57.12, -25.45], [-57.12, -25.45], [-57.13, -25.45], [-57.2, -25.36], [-57.17, -25.36], [-57.17, -25.36], [-57.17, -25.36], [-57.16, -25.36], [-57.16, -25.36], [-57.16, -25.36], [-57.16, -25.36], [-57.15, -25.36], [-57.15, -25.36], [-57.15, -25.35], [-57.15, -25.35], [-57.13, -25.35], [-57.13, -25.34], [-57.13, -25.33], [-57.13, -25.29]]]]}, "properties": {"id": 81, "area_km2": 125.49, "cod_dpto": "D", "nom_dist": "CAACUPE", "cod_dist": "1"}}, {"type": "Feature", "geometry": {"type": "MultiPolygon", "coordinates": [[[[-56.02, -27.22], [-55.93, -27.29], [-55.92, -27.31], [-55.97, -27.34], [-56.04, -27.29], [-56.03, -27.29], [-56.03, -27.28], [-56.03, -27.28], [-56.03, -27.28], [-56.03, -27.27], [-56.03, -27.27], [-56.03, -27.27], [-56.03, -27.27], [-56.03, -27.27], [-56.03, -27.27], [-56.03, -27.26], [-56.03, -27.26], [-56.03, -27.26], [-56.03, -27.26], [-56.03, -27.26], [-56.03, -27.26], [-56.03, -27.25], [-56.03, -27.25], [-56.03, -27.25], [-56.03, -27.25], [-56.03, -27.25], [-56.03, -27.25], [-56.03, -27.25], [-56.03, -27.25], [-56.02, -27.25], [-56.03, -27.25], [-56.02, -27.24], [-56.02, -27.24], [-56.02, -27.24], [-56.02, -27.24], [-56.02, -27.24], [-56.02, -27.23], [-56.02, -27.23], [-56.02, -27.23], [-56.02, -27.23], [-56.02, -27.23], [-56.02, -27.23], [-56.02, -27.23], [-56.02, -27.23], [-56.02, -27.23], [-56.02, -27.22], [-56.02, -27.22], [-56.02, -27.22], [-56.02, -27.22], [-56.02, -27.22], [-56.02, -27.22], [-56.02, -27.21], [-56.02, -27.22]]]]}, "properties": {"id": 82, "area_km2": 102.8, "cod_dpto": "H", "nom_dist": "SAN JUAN DEL PARANA", "cod_dist": "25"}}, {"type": "Feature", "geometry": {"type": "MultiPolygon", "coordinates": [[[[-55.62, -27.14], [-55.62, -27.14], [-55.62, -27.14], [-55.62, -27.14], [-55.62, -27.15], [-55.62, -27.15], [-55.62, -27.16], [-55.62, -27.16], [-55.62, -27.16], [-55.62, -27.16], [-55.62, -27.16], [-55.6, -27.27], [-55.67, -27.36], [-55.7, -27.33], [-55.72, -27.32], [-55.71, -27.31], [-55.7, -27.31], [-55.7, -27.3], [-55.7, -27.28], [-55.71, -27.28], [-55.72, -27.27], [-55.72, -27.26], [-55.73, -27.26], [-55.74, -27.25], [-55.74, -27.24], [-55.74, -27.23], [-55.73, -27.23], [-55.72, -27.22], [-55.72, -27.22], [-55.71, -27.22], [-55.7, -27.21], [-55.7, -27.2], [-55.7, -27.19], [-55.7, -27.18], [-55.69, -27.18], [-55.69, -27.18], [-55.68, -27.18], [-55.68, -27.18], [-55.68, -27.18], [-55.67, -27.18], [-55.67, -27.18], [-55.66, -27.18], [-55.66, -27.17], [-55.65, -27.16], [-55.65, -27.16], [-55.64, -27.15], [-55.64, -27.15], [-55.63, -27.14], [-55.63, -27.14], [-55.63, -27.14], [-55.62, -27.14], [-55.62, -27.14], [-55.62, -27.14]]]]}, "properties": {"id": 83, "area_km2": 231.57, "cod_dpto": "H", "nom_dist": "NUEVA ALBORADA", "cod_dist": "17"}}, {"type": "Feature", "geometry": {"type": "MultiPolygon", "coordinates": [[[[-55.94, -27.15], [-55.82, -27.23], [-55.83, -27.23], [-55.83, -27.24], [-55.83, -27.24], [-55.82, -27.25], [-55.82, -27.27], [-55.82, -27.27], [-55.82, -27.28], [-55.82, -27.29], [-55.81, -27.31], [-55.81, -27.32], [-55.81, -27.32], [-55.81, -27.32], [-55.82, -27.32], [-55.82, -27.33], [-55.83, -27.33], [-55.83, -27.33], [-55.84, -27.33], [-55.84, -27.33], [-55.84, -27.33], [-55.85, -27.32], [-55.85, -27.33], [-55.85, -27.34], [-55.85, -27.34], [-55.85, -27.35], [-55.85, -27.35], [-55.84, -27.36], [-55.84, -27.36], [-55.84, -27.36], [-55.83, -27.36], [-55.83, -27.36], [-55.82, -27.36], [-55.82, -27.37], [-55.81, -27.37], [-55.81, -27.37], [-55.81, -27.38], [-55.8, -27.38], [-55.8, -27.38], [-55.8, -27.39], [-55.79, -27.39], [-55.79, -27.4], [-55.78, -27.4], [-55.78, -27.41], [-55.78, -27.41], [-55.78, -27.42], [-55.78, -27.42], [-55.78, -27.43], [-55.79, -27.43], [-55.86, -27.38], [-55.92, -27.31], [-55.97, -27.17], [-55.94, -27.15]]]]}, "properties": {"id": 84, "area_km2": 318.92, "cod_dpto": "H", "nom_dist": "ENCARNACION", "cod_dist": "1"}}, {"type": "Feature", "geometry": {"type": "MultiPolygon", "coordinates": [[[[-58.32, -27.07], [-58.32, -27.08], [-58.31, -27.08], [-58.3, -27.09], [-58.29, -27.09], [-58.27, -27.1], [-58.27, -27.13], [-58.26, -27.16], [-58.27, -27.17], [-58.26, -27.17], [-58.26, -27.18], [-58.26, -27.19], [-58.27, -27.2], [-58.26, -27.22], [-58.27, -27.26], [-58.27, -27.26], [-58.27, -27.26], [-58.27, -27.26], [-58.28, -27.26], [-58.28, -27.27], [-58.28, -27.27], [-58.28, -27.27], [-58.28, -27.27], [-58.29, -27.28], [-58.29, -27.28], [-58.29, -27.28], [-58.3, -27.28], [-58.3, -27.28], [-58.3, -27.28], [-58.31, -27.27], [-58.31, -27.27], [-58.32, -27.27], [-58.32, -27.27], [-58.32, -27.27], [-58.32, -27.28], [-58.33, -27.28], [-58.33, -27.28], [-58.34, -27.28], [-58.34, -27.28], [-58.35, -27.28], [-58.35, -27.28], [-58.35, -27.28], [-58.36, -27.28], [-58.36, -27.28], [-58.36, -27.28], [-58.37, -27.28], [-58.37, -27.28], [-58.38, -27.28], [-58.38, -27.28], [-58.42, -27.21], [-58.42, -27.21], [-58.42, -27.2], [-58.4, -27.15], [-58.37, -27.12], [-58.35, -27.1], [-58.34, -27.08], [-58.33, -27.07], [-58.32, -27.07]]]]}, "properties": {"id": 85, "area_km2": 275.88, "cod_dpto": "M", "nom_dist": "GRAL. J. E. DIAZ", "cod_dist": "5"}}, {"type": "Feature", "geometry": {"type": "MultiPolygon", "coordinates": [[[[-57.98, -27.03], [-57.96, -27.04], [-57.93, -27.05], [-57.9, -27.05], [-57.85, -27.06], [-57.77, -27.08], [-57.63, -27.08], [-57.54, -27.11], [-57.45, -27.11], [-57.37, -27.1], [-57.29, -27.09], [-57.18, -27.11], [-57.25, -27.24], [-57.25, -27.24], [-57.27, -27.24], [-57.34, -27.25], [-57.33, -27.29], [-57.36, -27.28], [-57.36, -27.28], [-57.36, -27.29], [-57.37, -27.29], [-57.37, -27.29], [-57.37, -27.29], [-57.37, -27.3], [-57.37, -27.3], [-57.37, -27.31], [-57.37, -27.31], [-57.37, -27.31], [-57.38, -27.32], [-57.38, -27.32], [-57.39, -27.32], [-57.39, -27.32], [-57.39, -27.32], [-57.4, -27.31], [-57.41, -27.31], [-57.41, -27.31], [-57.42, -27.31], [-57.42, -27.31], [-57.43, -27.32], [-57.43, -27.32], [-57.44, -27.32], [-57.44, -27.31], [-57.44, -27.31], [-57.45, -27.3], [-57.45, -27.3], [-57.46, -27.3], [-57.46, -27.29], [-57.47, -27.29], [-57.54, -27.28], [-57.62, -27.27], [-57.65, -27.26], [-57.68, -27.26], [-57.71, -27.25], [-57.73, -27.24], [-57.75, -27.24], [-57.79, -27.23], [-57.79, -27.21], [-57.75, -27.13], [-57.98, -27.06], [-58.0, -27.05], [-58.0, -27.05], [-58.0, -27.05], [-58.0, -27.04], [-58.0, -27.04], [-58.0, -27.04], [-58.01, -27.04], [-58.01, -27.04], [-58.01, -27.04], [-58.01, -27.04], [-58.01, -27.04], [-58.01, -27.03], [-58.01, -27.03], [-58.01, -27.03], [-58.02, -27.03], [-58.02, -27.03], [-58.02, -27.03], [-58.02, -27.02], [-58.02, -27.02], [-58.02, -27.02], [-58.01, -27.02], [-57.98, -27.03]]]]}, "properties": {"id": 86, "area_km2": 1136.84, "cod_dpto": "M", "nom_dist": "LAURELES", "cod_dist": "9"}}, {"type": "Feature", "geometry": {"type": "MultiPolygon", "coordinates": [[[[-55.8, -27.07], [-55.72, -27.09], [-55.72, -27.09], [-55.73, -27.09], [-55.73, -27.09], [-55.73, -27.1], [-55.72, -27.1], [-55.72, -27.11], [-55.72, -27.11], [-55.72, -27.11], [-55.72, -27.11], [-55.72, -27.11], [-55.71, -27.11], [-55.7, -27.11], [-55.7, -27.11], [-55.7, -27.11], [-55.7, -27.11], [-55.7, -27.11], [-55.7, -27.11], [-55.69, -27.11], [-55.69, -27.11], [-55.69, -27.11], [-55.68, -27.11], [-55.69, -27.11], [-55.69, -27.1], [-55.69, -27.1], [-55.7, -27.1], [-55.7, -27.09], [-55.69, -27.09], [-55.68, -27.1], [-55.67, -27.1], [-55.66, -27.11], [-55.65, -27.12], [-55.64, -27.13], [-55.63, -27.14], [-55.64, -27.14], [-55.64, -27.16], [-55.65, -27.16], [-55.66, -27.18], [-55.67, -27.18], [-55.68, -27.18], [-55.68, -27.18], [-55.69, -27.18], [-55.69, -27.18], [-55.7, -27.19], [-55.7, -27.21], [-55.72, -27.22], [-55.73, -27.21], [-55.77, -27.17], [-55.81, -27.13], [-55.83, -27.11], [-55.8, -27.07]]]]}, "properties": {"id": 87, "area_km2": 166.18, "cod_dpto": "H", "nom_dist": "TRINIDAD", "cod_dist": "18"}}, {"type": "Feature", "geometry": {"type": "MultiPolygon", "coordinates": [[[[-55.99, -27.19], [-56.02, -27.22], [-56.02, -27.23], [-56.02, -27.23], [-56.02, -27.24], [-56.03, -27.25], [-56.03, -27.25], [-56.03, -27.26], [-56.03, -27.27], [-56.03, -27.29], [-56.17, -27.26], [-56.19, -27.24], [-56.19, -27.23], [-56.19, -27.23], [-56.18, -27.23], [-56.18, -27.22], [-56.19, -27.22], [-56.18, -27.22], [-56.18, -27.21], [-56.17, -27.21], [-56.17, -27.21], [-56.17, -27.2], [-56.17, -27.2], [-56.17, -27.19], [-56.17, -27.19], [-56.17, -27.19], [-56.16, -27.18], [-56.17, -27.18], [-56.17, -27.17], [-56.17, -27.16], [-56.17, -27.16], [-56.17, -27.15], [-56.17, -27.15], [-56.16, -27.15], [-56.16, -27.15], [-56.16, -27.14], [-56.15, -27.14], [-56.15, -27.14], [-56.15, -27.13], [-56.15, -27.12], [-56.14, -27.12], [-56.14, -27.12], [-56.14, -27.11], [-56.13, -27.11], [-56.13, -27.1], [-56.13, -27.09], [-56.13, -27.09], [-56.13, -27.09], [-56.13, -27.08], [-56.13, -27.07], [-56.13, -27.07], [-55.99, -27.19]]]]}, "properties": {"id": 88, "area_km2": 317.86, "cod_dpto": "H", "nom_dist": "CARMEN DEL PARANA", "cod_dist": "6"}}, {"type": "Feature", "geometry": {"type": "MultiPolygon", "coordinates": [[[[-58.44, -27.02], [-58.43, -27.03], [-58.42, -27.04], [-58.42, -27.04], [-58.41, -27.04], [-58.41, -27.04], [-58.4, -27.03], [-58.4, -27.03], [-58.4, -27.03], [-58.39, -27.02], [-58.39, -27.02], [-58.38, -27.03], [-58.38, -27.03], [-58.38, -27.03], [-58.38, -27.03], [-58.38, -27.03], [-58.37, -27.03], [-58.37, -27.03], [-58.36, -27.03], [-58.36, -27.03], [-58.36, -27.03], [-58.36, -27.03], [-58.36, -27.03], [-58.36, -27.03], [-58.35, -27.03], [-58.35, -27.03], [-58.35, -27.03], [-58.35, -27.03], [-58.35, -27.03], [-58.34, -27.03], [-58.34, -27.03], [-58.34, -27.03], [-58.34, -27.03], [-58.34, -27.03], [-58.33, -27.03], [-58.33, -27.03], [-58.33, -27.03], [-58.33, -27.03], [-58.33, -27.03], [-58.32, -27.03], [-58.32, -27.03], [-58.32, -27.03], [-58.37, -27.12], [-58.66, -27.19], [-58.66, -27.14], [-58.6, -27.11], [-58.56, -27.09], [-58.55, -27.04], [-58.52, -27.05], [-58.52, -27.06], [-58.49, -27.03], [-58.47, -27.03], [-58.45, -27.03], [-58.44, -27.02]]]]}, "properties": {"id": 89, "area_km2": 372.38, "cod_dpto": "M", "nom_dist": "HUMAITA", "cod_dist": "7"}}, {"type": "Feature", "geometry": {"type": "MultiPolygon", "coordinates": [[[[-58.1, -27.02], [-58.1, -27.02], [-58.1, -27.02], [-58.1, -27.02], [-58.09, -27.02], [-58.09, -27.02], [-58.09, -27.02], [-58.08, -27.03], [-58.08, -27.03], [-58.08, -27.02], [-58.07, -27.02], [-58.06, -27.03], [-58.06, -27.03], [-58.06, -27.03], [-58.06, -27.03], [-58.05, -27.03], [-58.05, -27.03], [-58.05, -27.03], [-58.05, -27.03], [-58.05, -27.03], [-58.05, -27.03], [-58.04, -27.03], [-58.04, -27.03], [-58.04, -27.03], [-58.04, -27.03], [-58.03, -27.03], [-58.03, -27.04], [-58.03, -27.04], [-58.03, -27.04], [-58.02, -27.03], [-58.02, -27.04], [-58.02, -27.04], [-58.01, -27.04], [-58.01, -27.04], [-58.0, -27.04], [-58.0, -27.05], [-58.0, -27.06], [-58.0, -27.07], [-58.01, -27.08], [-58.01, -27.13], [-58.03, -27.13], [-58.04, -27.13], [-58.07, -27.13], [-58.09, -27.14], [-58.11, -27.14], [-58.12, -27.14], [-58.16, -27.14], [-58.17, -27.13], [-58.28, -27.09], [-58.27, -27.07], [-58.27, -27.06], [-58.24, -27.06], [-58.21, -27.04], [-58.19, -27.03], [-58.16, -27.04], [-58.14, -27.03], [-58.11, -27.02], [-58.1, -27.02], [-58.1, -27.02], [-58.1, -27.02]]]]}, "properties": {"id": 90, "area_km2": 292.18, "cod_dpto": "M", "nom_dist": "DESMOCHADOS", "cod_dist": "4"}}, {"type": "Feature", "geometry": {"type": "MultiPolygon", "coordinates": [[[[-54.65, -24.86], [-54.6, -25.08], [-54.73, -25.11], [-54.75, -25.12], [-54.87, -25.25], [-54.88, -25.25], [-54.87, -25.24], [-54.87, -25.24], [-54.87, -25.24], [-54.87, -25.23], [-54.87, -25.23], [-54.87, -25.23], [-54.87, -25.23], [-54.87, -25.22], [-54.87, -25.22], [-54.87, -25.22], [-54.88, -25.21], [-54.88, -25.21], [-54.88, -25.21], [-54.87, -25.2], [-54.87, -25.2], [-54.87, -25.2], [-54.87, -25.2], [-54.87, -25.19], [-54.87, -25.19], [-54.87, -25.19], [-54.87, -25.19], [-54.87, -25.18], [-54.87, -25.18], [-54.87, -25.18], [-54.86, -25.18], [-54.86, -25.17], [-54.87, -25.17], [-54.87, -25.16], [-54.88, -25.15], [-54.88, -25.15], [-54.88, -25.14], [-54.92, -25.18], [-54.95, -25.06], [-54.94, -25.06], [-54.9, -25.02], [-54.85, -25.0], [-54.85, -24.99], [-54.81, -24.96], [-54.8, -24.95], [-54.8, -24.95], [-54.78, -24.95], [-54.76, -24.95], [-54.76, -24.93], [-54.75, -24.92], [-54.73, -24.88], [-54.65, -24.86]]]]}, "properties": {"id": 91, "area_km2": 1126.25, "cod_dpto": "K", "nom_dist": "MBARACAYU", "cod_dist": "19"}}, {"type": "Feature", "geometry": {"type": "MultiPolygon", "coordinates": [[[[-56.52, -24.05], [-56.51, -24.06], [-56.5, -24.06], [-56.48, -24.07], [-56.48, -24.08], [-56.47, -24.09], [-56.45, -24.08], [-56.44, -24.1], [-56.43, -24.11], [-56.41, -24.1], [-56.4, -24.12], [-56.39, -24.12], [-56.37, -24.12], [-56.35, -24.13], [-56.33, -24.14], [-56.32, -24.14], [-56.31, -24.15], [-56.29, -24.15], [-56.27, -24.16], [-56.25, -24.15], [-56.23, -24.16], [-56.22, -24.15], [-56.21, -24.15], [-56.2, -24.14], [-56.18, -24.15], [-56.17, -24.15], [-56.16, -24.15], [-56.16, -24.16], [-56.16, -24.16], [-56.16, -24.17], [-56.15, -24.18], [-56.15, -24.18], [-56.15, -24.19], [-56.49, -24.29], [-56.48, -24.26], [-56.49, -24.23], [-56.5, -24.21], [-56.51, -24.19], [-56.51, -24.17], [-56.52, -24.16], [-56.52, -24.16], [-56.52, -24.15], [-56.53, -24.14], [-56.53, -24.13], [-56.53, -24.12], [-56.53, -24.11], [-56.53, -24.1], [-56.53, -24.09], [-56.53, -24.08], [-56.53, -24.07], [-56.53, -24.06], [-56.52, -24.05]]]]}, "properties": {"id": 92, "area_km2": 589.22, "cod_dpto": "C", "nom_dist": "LIBERACION", "cod_dist": "21"}}, {"type": "Feature", "geometry": {"type": "MultiPolygon", "coordinates": [[[[-56.77, -24.12], [-56.76, -24.08], [-56.74, -24.07], [-56.72, -24.07], [-56.7, -24.08], [-56.69, -24.07], [-56.67, -24.07], [-56.66, -24.06], [-56.64, -24.06], [-56.63, -24.07], [-56.61, -24.05], [-56.6, -24.06], [-56.59, -24.06], [-56.58, -24.05], [-56.56, -24.04], [-56.55, -24.04], [-56.54, -24.04], [-56.54, -24.05], [-56.53, -24.06], [-56.53, -24.07], [-56.53, -24.08], [-56.53, -24.09], [-56.54, -24.1], [-56.53, -24.11], [-56.53, -24.12], [-56.53, -24.13], [-56.53, -24.14], [-56.52, -24.14], [-56.52, -24.15], [-56.52, -24.16], [-56.52, -24.16], [-56.51, -24.17], [-56.51, -24.18], [-56.5, -24.2], [-56.5, -24.23], [-56.49, -24.26], [-56.48, -24.27], [-56.56, -24.3], [-56.58, -24.3], [-56.59, -24.31], [-56.6, -24.31], [-56.61, -24.31], [-56.61, -24.3], [-56.62, -24.3], [-56.64, -24.3], [-56.66, -24.29], [-56.67, -24.29], [-56.68, -24.28], [-56.69, -24.27], [-56.74, -24.23], [-56.78, -24.13], [-56.77, -24.12]]]]}, "properties": {"id": 93, "area_km2": 672.9, "cod_dpto": "C", "nom_dist": "CHORE", "cod_dist": "14"}}, {"type": "Feature", "geometry": {"type": "MultiPolygon", "coordinates": [[[[-54.86, -25.65], [-54.83, -25.76], [-54.82, -25.76], [-54.81, -25.76], [-54.8, -25.76], [-54.8, -25.77], [-54.84, -25.98], [-54.85, -25.98], [-54.85, -26.0], [-54.86, -26.01], [-54.87, -26.0], [-54.88, -25.99], [-54.88, -25.98], [-54.9, -25.98], [-54.9, -25.97], [-54.9, -25.99], [-54.91, -25.99], [-54.92, -25.98], [-54.93, -25.97], [-54.94, -25.97], [-54.92, -25.99], [-54.93, -25.98], [-54.94, -25.98], [-54.94, -25.99], [-54.95, -26.0], [-54.95, -25.99], [-54.97, -26.0], [-54.97, -26.0], [-54.98, -26.0], [-54.98, -26.01], [-54.99, -26.02], [-54.99, -26.01], [-54.99, -26.0], [-55.0, -26.0], [-54.99, -26.0], [-55.0, -26.0], [-55.0, -25.99], [-54.99, -25.99], [-54.99, -25.98], [-55.0, -25.98], [-55.01, -25.98], [-55.02, -25.98], [-55.02, -25.96], [-55.01, -25.95], [-55.03, -25.93], [-55.04, -25.93], [-55.05, -25.92], [-55.04, -25.88], [-55.01, -25.76], [-54.88, -25.65], [-54.88, -25.64], [-54.87, -25.64], [-54.86, -25.65]]]]}, "properties": {"id": 94, "area_km2": 617.44, "cod_dpto": "K", "nom_dist": "SANTA ROSA DEL MONDAY", "cod_dist": "17"}}, {"type": "Feature", "geometry": {"type": "MultiPolygon", "coordinates": [[[[-56.76, -25.65], [-56.75, -25.65], [-56.75, -25.66], [-56.74, -25.66], [-56.74, -25.66], [-56.74, -25.66], [-56.73, -25.66], [-56.73, -25.66], [-56.72, -25.66], [-56.72, -25.66], [-56.72, -25.67], [-56.71, -25.67], [-56.71, -25.67], [-56.7, -25.68], [-56.7, -25.68], [-56.7, -25.68], [-56.7, -25.69], [-56.7, -25.69], [-56.7, -25.7], [-56.7, -25.7], [-56.69, -25.7], [-56.68, -25.7], [-56.68, -25.7], [-56.67, -25.7], [-56.67, -25.85], [-56.68, -25.86], [-56.69, -25.86], [-56.7, -25.86], [-56.71, -25.86], [-56.75, -25.91], [-56.78, -25.88], [-56.78, -25.87], [-56.78, -25.86], [-56.8, -25.86], [-56.81, -25.86], [-56.81, -25.86], [-56.82, -25.86], [-56.82, -25.86], [-56.83, -25.86], [-56.83, -25.86], [-56.84, -25.86], [-56.91, -25.91], [-56.88, -25.85], [-56.84, -25.77], [-56.84, -25.75], [-56.84, -25.73], [-56.83, -25.71], [-56.82, -25.69], [-56.8, -25.68], [-56.77, -25.65], [-56.76, -25.65], [-56.76, -25.65]]]]}, "properties": {"id": 95, "area_km2": 405.86, "cod_dpto": "J", "nom_dist": "YBYTIMI", "cod_dist": "15"}}, {"type": "Feature", "geometry": {"type": "MultiPolygon", "coordinates": [[[[-54.82, -24.32], [-54.83, -24.32], [-54.83, -24.32], [-54.83, -24.31], [-54.85, -24.3], [-54.85, -24.31], [-54.87, -24.32], [-54.87, -24.33], [-54.88, -24.35], [-54.89, -24.35], [-54.9, -24.35], [-54.91, -24.34], [-54.92, -24.35], [-54.92, -24.35], [-54.93, -24.34], [-54.94, -24.33], [-54.96, -24.32], [-54.97, -24.31], [-54.98, -24.29], [-55.0, -24.27], [-55.0, -24.23], [-55.0, -24.2], [-55.01, -24.18], [-55.02, -24.17], [-55.03, -24.16], [-55.04, -24.14], [-55.07, -24.14], [-55.12, -24.14], [-55.17, -24.14], [-55.18, -24.16], [-55.2, -24.14], [-55.22, -24.13], [-55.23, -24.14], [-55.25, -24.13], [-55.27, -24.13], [-55.29, -24.13], [-55.31, -24.13], [-55.32, -24.12], [-55.32, -24.11], [-55.32, -24.08], [-55.31, -24.08], [-55.3, -24.09], [-55.26, -24.09], [-55.24, -24.08], [-55.22, -24.06], [-55.23, -24.05], [-55.21, -24.0], [-55.05, -23.98], [-54.89, -23.91], [-54.82, -24.18], [-54.82, -24.29], [-54.82, -24.32]]]]}, "properties": {"id": 96, "area_km2": 1248.26, "cod_dpto": "S", "nom_dist": "CORPUS CHRISTI", "cod_dist": "5"}}, {"type": "Feature", "geometry": {"type": "MultiPolygon", "coordinates": [[[[-56.62, -27.15], [-56.5, -27.22], [-56.49, -27.23], [-56.48, -27.23], [-56.47, -27.2], [-56.47, -27.18], [-56.28, -27.19], [-56.29, -27.2], [-56.29, -27.21], [-56.3, -27.22], [-56.3, -27.23], [-56.3, -27.25], [-56.3, -27.25], [-56.3, -27.27], [-56.27, -27.29], [-56.59, -27.44], [-56.79, -27.39], [-56.69, -27.35], [-56.67, -27.34], [-56.67, -27.33], [-56.67, -27.32], [-56.67, -27.31], [-56.67, -27.3], [-56.67, -27.3], [-56.67, -27.3], [-56.67, -27.3], [-56.67, -27.29], [-56.68, -27.29], [-56.68, -27.28], [-56.68, -27.28], [-56.69, -27.27], [-56.7, -27.27], [-56.7, -27.27], [-56.69, -27.26], [-56.7, -27.26], [-56.7, -27.25], [-56.7, -27.25], [-56.7, -27.25], [-56.7, -27.24], [-56.7, -27.24], [-56.71, -27.23], [-56.7, -27.23], [-56.7, -27.22], [-56.69, -27.23], [-56.69, -27.22], [-56.69, -27.21], [-56.69, -27.21], [-56.69, -27.21], [-56.69, -27.2], [-56.68, -27.2], [-56.65, -27.17], [-56.62, -27.15]]]]}, "properties": {"id": 97, "area_km2": 1607.54, "cod_dpto": "H", "nom_dist": "SAN COSME Y DAMIAN", "cod_dist": "15"}}, {"type": "Feature", "geometry": {"type": "MultiPolygon", "coordinates": [[[[-57.98, -27.06], [-57.75, -27.13], [-57.79, -27.21], [-57.79, -27.23], [-57.8, -27.24], [-57.84, -27.24], [-57.87, -27.28], [-57.88, -27.27], [-57.89, -27.27], [-57.91, -27.27], [-57.92, -27.28], [-57.93, -27.28], [-57.95, -27.29], [-57.97, -27.28], [-58.0, -27.27], [-58.0, -27.26], [-58.01, -27.14], [-58.01, -27.13], [-58.01, -27.11], [-58.01, -27.09], [-58.01, -27.08], [-58.01, -27.08], [-58.0, -27.08], [-58.0, -27.08], [-58.0, -27.07], [-58.0, -27.07], [-58.0, -27.07], [-58.0, -27.07], [-58.0, -27.06], [-58.0, -27.06], [-58.0, -27.06], [-58.0, -27.05], [-58.0, -27.05], [-58.0, -27.05], [-57.98, -27.06]]]]}, "properties": {"id": 98, "area_km2": 445.41, "cod_dpto": "M", "nom_dist": "VILLALBIN", "cod_dist": "17"}}, {"type": "Feature", "geometry": {"type": "MultiPolygon", "coordinates": [[[[-56.44, -27.05], [-56.32, -27.06], [-56.3, -27.07], [-56.29, -27.08], [-56.28, -27.08], [-56.26, -27.07], [-56.17, -27.06], [-56.17, -27.07], [-56.17, -27.08], [-56.16, -27.09], [-56.15, -27.09], [-56.14, -27.1], [-56.14, -27.11], [-56.14, -27.12], [-56.14, -27.12], [-56.15, -27.12], [-56.15, -27.13], [-56.15, -27.14], [-56.15, -27.14], [-56.16, -27.14], [-56.16, -27.15], [-56.17, -27.15], [-56.17, -27.15], [-56.17, -27.16], [-56.17, -27.16], [-56.17, -27.17], [-56.17, -27.18], [-56.16, -27.18], [-56.17, -27.19], [-56.17, -27.19], [-56.17, -27.2], [-56.17, -27.2], [-56.17, -27.21], [-56.17, -27.21], [-56.18, -27.21], [-56.18, -27.22], [-56.19, -27.22], [-56.18, -27.22], [-56.18, -27.23], [-56.19, -27.23], [-56.19, -27.23], [-56.18, -27.24], [-56.18, -27.34], [-56.28, -27.28], [-56.3, -27.26], [-56.31, -27.24], [-56.3, -27.23], [-56.3, -27.22], [-56.29, -27.21], [-56.28, -27.19], [-56.47, -27.09], [-56.44, -27.05]]]]}, "properties": {"id": 99, "area_km2": 658.69, "cod_dpto": "H", "nom_dist": "CORONEL BOGADO", "cod_dist": "8"}}, {"type": "Feature", "geometry": {"type": "MultiPolygon", "coordinates": [[[[-56.06, -26.29], [-56.1, -26.27], [-56.11, -26.27], [-56.12, -26.26], [-56.12, -26.25], [-56.13, -26.24], [-56.14, -26.25], [-56.14, -26.25], [-56.15, -26.25], [-56.15, -26.24], [-56.15, -26.24], [-56.15, -26.23], [-56.15, -26.22], [-56.15, -26.22], [-56.15, -26.21], [-56.15, -26.2], [-56.14, -26.2], [-56.14, -26.19], [-56.13, -26.19], [-56.13, -26.18], [-56.12, -26.18], [-56.12, -26.18], [-56.11, -26.17], [-56.11, -26.16], [-56.01, -26.12], [-56.0, -26.13], [-56.01, -26.13], [-56.01, -26.14], [-56.01, -26.15], [-56.02, -26.15], [-56.02, -26.16], [-56.02, -26.16], [-56.02, -26.17], [-56.02, -26.17], [-56.03, -26.18], [-56.03, -26.18], [-56.03, -26.18], [-56.04, -26.18], [-56.04, -26.19], [-56.04, -26.19], [-56.05, -26.19], [-56.05, -26.19], [-56.05, -26.2], [-56.05, -26.2], [-56.06, -26.2], [-56.06, -26.21], [-56.05, -26.21], [-56.04, -26.22], [-56.03, -26.22], [-56.02, -26.23], [-56.05, -26.28], [-56.06, -26.29]]]]}, "properties": {"id": 100, "area_km2": 150.71, "cod_dpto": "G", "nom_dist": "BUENA VISTA", "cod_dist": "2"}}, {"type": "Feature", "geometry": {"type": "MultiPolygon", "coordinates": [[[[-56.56, -26.29], [-56.7, -26.26], [-56.69, -26.25], [-56.67, -26.23], [-56.65, -26.22], [-56.63, -26.2], [-56.62, -26.19], [-56.62, -26.18], [-56.6, -26.18], [-56.59, -26.19], [-56.57, -26.19], [-56.56, -26.19], [-56.55, -26.18], [-56.55, -26.17], [-56.54, -26.15], [-56.54, -26.12], [-56.53, -26.12], [-56.49, -26.12], [-56.47, -26.12], [-56.46, -26.12], [-56.44, -26.12], [-56.43, -26.13], [-56.41, -26.14], [-56.41, -26.18], [-56.41, -26.2], [-56.41, -26.21], [-56.4, -26.21], [-56.39, -26.23], [-56.38, -26.24], [-56.37, -26.25], [-56.37, -26.27], [-56.35, -26.32], [-56.35, -26.33], [-56.35, -26.33], [-56.36, -26.34], [-56.36, -26.34], [-56.37, -26.35], [-56.36, -26.36], [-56.36, -26.37], [-56.37, -26.37], [-56.37, -26.38], [-56.37, -26.38], [-56.38, -26.37], [-56.39, -26.35], [-56.39, -26.34], [-56.4, -26.32], [-56.51, -26.27], [-56.52, -26.28], [-56.54, -26.28], [-56.55, -26.28], [-56.56, -26.29], [-56.56, -26.29]]]]}, "properties": {"id": 101, "area_km2": 432.9, "cod_dpto": "G", "nom_dist": "MACIEL", "cod_dist": "4"}}, {"type": "Feature", "geometry": {"type": "MultiPolygon", "coordinates": [[[[-56.97, -26.11], [-56.95, -26.12], [-56.94, -26.13], [-56.94, -26.14], [-56.93, -26.14], [-56.92, -26.16], [-56.91, -26.18], [-56.91, -26.19], [-56.9, -26.2], [-56.9, -26.2], [-56.89, -26.21], [-56.89, -26.22], [-56.88, -26.23], [-56.88, -26.24], [-56.87, -26.25], [-56.86, -26.26], [-56.87, -26.27], [-56.88, -26.28], [-56.88, -26.29], [-56.89, -26.3], [-56.9, -26.31], [-56.92, -26.32], [-56.94, -26.33], [-56.94, -26.36], [-56.98, -26.36], [-56.99, -26.39], [-57.0, -26.4], [-57.1, -26.37], [-57.09, -26.35], [-57.11, -26.34], [-57.12, -26.33], [-57.15, -26.33], [-57.12, -26.3], [-57.1, -26.25], [-57.11, -26.24], [-57.11, -26.24], [-57.11, -26.23], [-57.12, -26.23], [-57.12, -26.22], [-57.12, -26.21], [-57.12, -26.2], [-57.12, -26.19], [-57.14, -26.19], [-57.14, -26.16], [-57.1, -26.13], [-57.08, -26.14], [-57.06, -26.14], [-57.03, -26.14], [-57.0, -26.13], [-56.99, -26.12], [-56.97, -26.11], [-56.97, -26.11]]]]}, "properties": {"id": 102, "area_km2": 593.2, "cod_dpto": "J", "nom_dist": "QUYQUYHO", "cod_dist": "14"}}, {"type": "Feature", "geometry": {"type": "MultiPolygon", "coordinates": [[[[-56.0, -26.08], [-55.84, -26.12], [-55.83, -26.12], [-55.81, -26.12], [-55.79, -26.11], [-55.78, -26.09], [-55.76, -26.12], [-55.75, -26.14], [-55.74, -26.16], [-55.73, -26.18], [-55.71, -26.18], [-55.71, -26.2], [-55.7, -26.21], [-55.72, -26.21], [-55.72, -26.23], [-55.73, -26.24], [-55.73, -26.25], [-55.72, -26.27], [-55.73, -26.28], [-55.73, -26.29], [-55.75, -26.3], [-55.76, -26.32], [-55.76, -26.35], [-55.78, -26.35], [-55.8, -26.37], [-55.81, -26.39], [-55.82, -26.4], [-55.82, -26.42], [-55.83, -26.43], [-55.84, -26.44], [-55.84, -26.45], [-55.88, -26.38], [-55.97, -26.36], [-56.05, -26.35], [-56.05, -26.28], [-56.04, -26.22], [-56.06, -26.21], [-56.05, -26.2], [-56.04, -26.19], [-56.03, -26.18], [-56.03, -26.17], [-56.02, -26.16], [-56.01, -26.15], [-56.01, -26.13], [-56.11, -26.16], [-56.11, -26.14], [-56.09, -26.12], [-56.07, -26.1], [-56.05, -26.09], [-56.02, -26.08], [-56.0, -26.08], [-56.0, -26.08]]]]}, "properties": {"id": 104, "area_km2": 944.28, "cod_dpto": "G", "nom_dist": "SAN J. NEPOMUCENO", "cod_dist": "6"}}, {"type": "Feature", "geometry": {"type": "MultiPolygon", "coordinates": [[[[-55.49, -26.31], [-55.47, -26.34], [-55.45, -26.36], [-55.43, -26.36], [-55.4, -26.36], [-55.39, -26.36], [-55.36, -26.37], [-55.33, -26.38], [-55.3, -26.37], [-55.27, -26.39], [-55.24, -26.41], [-55.22, -26.41], [-55.2, -26.42], [-55.19, -26.43], [-55.17, -26.44], [-55.15, -26.44], [-55.15, -26.46], [-55.14, -26.48], [-55.14, -26.49], [-55.13, -26.5], [-55.11, -26.49], [-55.11, -26.49], [-55.09, -26.51], [-55.09, -26.51], [-55.1, -26.55], [-55.1, -26.58], [-55.11, -26.58], [-55.13, -26.58], [-55.15, -26.58], [-55.16, -26.58], [-55.18, -26.58], [-55.21, -26.6], [-55.23, -26.62], [-55.26, -26.62], [-55.27, -26.61], [-55.28, -26.59], [-55.3, -26.58], [-55.31, -26.57], [-55.31, -26.56], [-55.32, -26.54], [-55.32, -26.53], [-55.34, -26.53], [-55.34, -26.51], [-55.36, -26.52], [-55.37, -26.5], [-55.38, -26.49], [-55.4, -26.47], [-55.4, -26.46], [-55.42, -26.44], [-55.45, -26.42], [-55.5, -26.32], [-55.49, -26.31]]]]}, "properties": {"id": 105, "area_km2": 606.93, "cod_dpto": "H", "nom_dist": "TOMAS R. PEREIRA", "cod_dist": "27"}}, {"type": "Feature", "geometry": {"type": "MultiPolygon", "coordinates": [[[[-56.13, -26.24], [-56.12, -26.26], [-56.1, -26.28], [-56.05, -26.36], [-55.97, -26.34], [-55.91, -26.36], [-55.86, -26.44], [-55.87, -26.44], [-55.88, -26.45], [-55.88, -26.46], [-55.89, -26.47], [-55.9, -26.48], [-55.9, -26.49], [-55.91, -26.5], [-55.92, -26.52], [-55.93, -26.52], [-55.95, -26.52], [-55.97, -26.52], [-55.98, -26.51], [-56, -26.51], [-56.02, -26.52], [-56.02, -26.53], [-56.03, -26.54], [-56.04, -26.55], [-56.05, -26.53], [-56.06, -26.53], [-56.08, -26.54], [-56.09, -26.55], [-56.1, -26.54], [-56.11, -26.52], [-56.12, -26.5], [-56.14, -26.49], [-56.15, -26.47], [-56.27, -26.38], [-56.26, -26.37], [-56.26, -26.35], [-56.25, -26.34], [-56.25, -26.33], [-56.25, -26.32], [-56.25, -26.31], [-56.24, -26.3], [-56.22, -26.3], [-56.22, -26.29], [-56.21, -26.28], [-56.2, -26.27], [-56.19, -26.27], [-56.17, -26.27], [-56.16, -26.27], [-56.15, -26.26], [-56.14, -26.25], [-56.14, -26.24], [-56.13, -26.24]]]]}, "properties": {"id": 106, "area_km2": 726.87, "cod_dpto": "G", "nom_dist": "3 DE MAYO", "cod_dist": "11"}}, {"type": "Feature", "geometry": {"type": "MultiPolygon", "coordinates": [[[[-57.91, -26.16], [-57.66, -26.22], [-57.65, -26.23], [-57.64, -26.24], [-57.63, -26.23], [-57.63, -26.24], [-57.62, -26.25], [-57.63, -26.26], [-57.64, -26.27], [-57.65, -26.27], [-57.65, -26.28], [-57.65, -26.28], [-57.65, -26.29], [-57.65, -26.29], [-57.66, -26.29], [-57.66, -26.3], [-57.66, -26.3], [-57.67, -26.3], [-57.68, -26.31], [-57.68, -26.32], [-57.67, -26.32], [-57.69, -26.33], [-57.69, -26.34], [-57.68, -26.35], [-57.69, -26.36], [-57.7, -26.37], [-57.71, -26.37], [-57.72, -26.36], [-57.73, -26.36], [-57.74, -26.37], [-57.75, -26.38], [-57.86, -26.43], [-57.92, -26.45], [-57.98, -26.46], [-58.01, -26.52], [-58.09, -26.54], [-58.14, -26.59], [-58.23, -26.53], [-58.19, -26.44], [-58.17, -26.36], [-58.17, -26.29], [-58.1, -26.24], [-58.09, -26.24], [-58.09, -26.25], [-58.09, -26.25], [-58.08, -26.25], [-58.08, -26.25], [-58.07, -26.25], [-58.07, -26.25], [-58.06, -26.25], [-57.97, -26.21], [-57.91, -26.16]]]]}, "properties": {"id": 107, "area_km2": 1506.7, "cod_dpto": "M", "nom_dist": "VILLA FRANCA", "cod_dist": "15"}}, {"type": "Feature", "geometry": {"type": "MultiPolygon", "coordinates": [[[[-56.54, -25.89], [-56.53, -25.9], [-56.52, -25.91], [-56.51, -25.91], [-56.51, -25.92], [-56.5, -25.91], [-56.47, -25.99], [-56.48, -26.0], [-56.48, -26.02], [-56.49, -26.02], [-56.5, -26.02], [-56.5, -26.03], [-56.63, -26.09], [-56.62, -26.18], [-56.64, -26.18], [-56.7, -26.15], [-56.71, -26.14], [-56.71, -26.11], [-56.72, -26.1], [-56.72, -26.09], [-56.72, -26.09], [-56.72, -26.08], [-56.71, -26.07], [-56.71, -26.06], [-56.71, -26.06], [-56.71, -26.05], [-56.7, -26.05], [-56.7, -26.04], [-56.7, -26.03], [-56.71, -26.02], [-56.71, -26.02], [-56.72, -26.0], [-56.73, -25.98], [-56.74, -25.96], [-56.64, -25.98], [-56.59, -25.98], [-56.58, -25.98], [-56.58, -25.98], [-56.58, -25.98], [-56.58, -25.98], [-56.57, -25.98], [-56.57, -25.98], [-56.56, -25.97], [-56.55, -25.97], [-56.58, -25.95], [-56.57, -25.93], [-56.57, -25.93], [-56.57, -25.92], [-56.56, -25.91], [-56.55, -25.91], [-56.54, -25.9], [-56.54, -25.89]]]]}, "properties": {"id": 108, "area_km2": 348.15, "cod_dpto": "E", "nom_dist": "BORJA", "cod_dist": "3"}}, {"type": "Feature", "geometry": {"type": "MultiPolygon", "coordinates": [[[[-56.3, -25.89], [-56.25, -25.9], [-56.25, -25.9], [-56.25, -25.91], [-56.25, -25.91], [-56.25, -25.91], [-56.25, -25.92], [-56.25, -25.92], [-56.25, -25.92], [-56.26, -25.93], [-56.26, -25.92], [-56.26, -25.92], [-56.26, -25.93], [-56.26, -25.93], [-56.26, -25.93], [-56.26, -25.94], [-56.26, -25.94], [-56.27, -25.94], [-56.27, -25.94], [-56.27, -25.94], [-56.28, -25.94], [-56.28, -25.94], [-56.29, -25.94], [-56.29, -25.94], [-56.3, -25.94], [-56.3, -25.94], [-56.3, -25.95], [-56.31, -25.95], [-56.31, -25.95], [-56.32, -25.95], [-56.32, -25.96], [-56.32, -25.96], [-56.32, -25.96], [-56.33, -25.96], [-56.33, -25.97], [-56.34, -25.97], [-56.34, -25.97], [-56.35, -25.97], [-56.35, -25.98], [-56.35, -25.98], [-56.36, -25.99], [-56.37, -25.99], [-56.37, -25.99], [-56.38, -26.0], [-56.38, -26.0], [-56.39, -26.0], [-56.39, -26.0], [-56.39, -26.01], [-56.4, -26.01], [-56.41, -25.99], [-56.34, -25.88], [-56.3, -25.89]]]]}, "properties": {"id": 109, "area_km2": 97.89, "cod_dpto": "E", "nom_dist": "\u00d1UMI", "cod_dist": "15"}}, {"type": "Feature", "geometry": {"type": "MultiPolygon", "coordinates": [[[[-57.41, -25.88], [-57.41, -25.88], [-57.4, -25.89], [-57.39, -25.89], [-57.37, -25.91], [-57.36, -25.91], [-57.35, -25.91], [-57.35, -25.91], [-57.34, -25.91], [-57.33, -25.91], [-57.32, -25.92], [-57.31, -25.92], [-57.3, -25.92], [-57.29, -25.91], [-57.28, -25.91], [-57.27, -25.91], [-57.26, -25.9], [-57.21, -25.92], [-57.21, -25.91], [-57.2, -25.92], [-57.19, -25.93], [-57.13, -25.97], [-57.12, -25.98], [-57.12, -25.98], [-57.12, -25.99], [-57.12, -25.99], [-57.12, -26.0], [-57.13, -26.0], [-57.13, -26.01], [-57.13, -26.02], [-57.13, -26.02], [-57.14, -26.03], [-57.14, -26.03], [-57.14, -26.04], [-57.14, -26.04], [-57.15, -26.04], [-57.15, -26.05], [-57.16, -26.06], [-57.16, -26.07], [-57.17, -26.07], [-57.17, -26.08], [-57.18, -26.07], [-57.19, -26.07], [-57.2, -26.06], [-57.26, -26.09], [-57.3, -26.09], [-57.31, -26.08], [-57.33, -26.08], [-57.34, -26.07], [-57.46, -26.11], [-57.5, -26.02], [-57.41, -25.88]]]]}, "properties": {"id": 110, "area_km2": 655.13, "cod_dpto": "J", "nom_dist": "QUIINDY", "cod_dist": "10"}}, {"type": "Feature", "geometry": {"type": "MultiPolygon", "coordinates": [[[[-56.67, -25.85], [-56.66, -25.86], [-56.66, -25.86], [-56.65, -25.86], [-56.65, -25.87], [-56.65, -25.87], [-56.65, -25.88], [-56.64, -25.88], [-56.63, -25.88], [-56.63, -25.89], [-56.63, -25.88], [-56.63, -25.89], [-56.63, -25.89], [-56.63, -25.9], [-56.62, -25.91], [-56.62, -25.91], [-56.61, -25.91], [-56.61, -25.91], [-56.61, -25.92], [-56.61, -25.93], [-56.61, -25.93], [-56.61, -25.94], [-56.6, -25.95], [-56.59, -25.95], [-56.58, -25.95], [-56.55, -25.97], [-56.55, -25.97], [-56.56, -25.97], [-56.57, -25.97], [-56.57, -25.98], [-56.57, -25.98], [-56.57, -25.98], [-56.57, -25.98], [-56.58, -25.98], [-56.58, -25.98], [-56.58, -25.98], [-56.58, -25.98], [-56.58, -25.98], [-56.58, -25.98], [-56.59, -25.98], [-56.59, -25.98], [-56.59, -25.98], [-56.59, -25.98], [-56.68, -25.96], [-56.73, -25.91], [-56.72, -25.86], [-56.7, -25.86], [-56.7, -25.86], [-56.69, -25.86], [-56.68, -25.86], [-56.67, -25.85], [-56.67, -25.85]]]]}, "properties": {"id": 111, "area_km2": 153.03, "cod_dpto": "J", "nom_dist": "TEBICUARY-MI", "cod_dist": "16"}}, {"type": "Feature", "geometry": {"type": "MultiPolygon", "coordinates": [[[[-56.01, -25.87], [-56.0, -25.95], [-55.99, -25.96], [-55.99, -25.96], [-55.99, -25.96], [-55.99, -25.97], [-56.0, -25.97], [-56.0, -25.97], [-56.0, -25.98], [-56.0, -25.98], [-56.01, -25.98], [-56.01, -25.99], [-56.02, -25.99], [-56.02, -25.99], [-56.03, -25.99], [-56.05, -26.0], [-56.05, -26.0], [-56.06, -25.99], [-56.06, -25.99], [-56.06, -25.99], [-56.06, -25.98], [-56.08, -25.98], [-56.08, -25.99], [-56.09, -25.99], [-56.09, -25.99], [-56.09, -26.0], [-56.09, -26.0], [-56.09, -26.0], [-56.09, -26.01], [-56.1, -26.01], [-56.1, -26.02], [-56.1, -26.02], [-56.1, -26.02], [-56.11, -26.02], [-56.11, -26.02], [-56.12, -26.03], [-56.12, -26.03], [-56.13, -26.03], [-56.13, -26.03], [-56.16, -25.89], [-56.16, -25.89], [-56.15, -25.89], [-56.15, -25.89], [-56.14, -25.89], [-56.14, -25.88], [-56.14, -25.88], [-56.13, -25.88], [-56.13, -25.87], [-56.13, -25.87], [-56.13, -25.87], [-56.13, -25.87], [-56.01, -25.87]]]]}, "properties": {"id": 112, "area_km2": 193.08, "cod_dpto": "E", "nom_dist": "JOSE FASSARDI", "cod_dist": "7"}}, {"type": "Feature", "geometry": {"type": "MultiPolygon", "coordinates": [[[[-57.27, -25.81], [-57.26, -25.81], [-57.25, -25.81], [-57.25, -25.81], [-57.24, -25.81], [-57.23, -25.81], [-57.22, -25.82], [-57.2, -25.83], [-57.17, -25.85], [-57.18, -25.85], [-57.19, -25.85], [-57.2, -25.85], [-57.2, -25.86], [-57.2, -25.88], [-57.2, -25.88], [-57.21, -25.89], [-57.21, -25.9], [-57.21, -25.91], [-57.21, -25.91], [-57.25, -25.91], [-57.27, -25.91], [-57.28, -25.91], [-57.28, -25.91], [-57.29, -25.91], [-57.3, -25.92], [-57.31, -25.92], [-57.32, -25.92], [-57.33, -25.92], [-57.34, -25.91], [-57.35, -25.91], [-57.35, -25.91], [-57.36, -25.91], [-57.36, -25.91], [-57.37, -25.91], [-57.39, -25.89], [-57.4, -25.89], [-57.41, -25.88], [-57.41, -25.88], [-57.37, -25.84], [-57.36, -25.84], [-57.36, -25.83], [-57.35, -25.83], [-57.34, -25.83], [-57.33, -25.82], [-57.32, -25.81], [-57.31, -25.81], [-57.3, -25.81], [-57.29, -25.82], [-57.29, -25.81], [-57.28, -25.81], [-57.27, -25.81], [-57.27, -25.81]]]]}, "properties": {"id": 113, "area_km2": 196.7, "cod_dpto": "J", "nom_dist": "SAN ROQUE GONZALEZ", "cod_dist": "11"}}, {"type": "Feature", "geometry": {"type": "MultiPolygon", "coordinates": [[[[-57.14, -25.79], [-57.13, -25.79], [-57.13, -25.8], [-57.13, -25.8], [-57.12, -25.8], [-57.12, -25.8], [-57.12, -25.8], [-57.11, -25.8], [-57.11, -25.8], [-57.11, -25.8], [-57.1, -25.8], [-57.1, -25.8], [-57.09, -25.8], [-57.09, -25.81], [-57.09, -25.81], [-57.09, -25.81], [-57.08, -25.81], [-57.08, -25.82], [-57.08, -25.82], [-57.08, -25.82], [-57.07, -25.83], [-57.07, -25.83], [-57.07, -25.83], [-57.06, -25.84], [-57.06, -25.84], [-57.05, -25.84], [-57.03, -25.85], [-57.0, -25.85], [-56.91, -25.88], [-56.99, -25.92], [-57.08, -25.95], [-57.18, -25.96], [-57.19, -25.92], [-57.2, -25.92], [-57.21, -25.91], [-57.21, -25.91], [-57.21, -25.9], [-57.2, -25.89], [-57.2, -25.88], [-57.2, -25.87], [-57.2, -25.86], [-57.19, -25.85], [-57.19, -25.85], [-57.18, -25.85], [-57.17, -25.85], [-57.16, -25.84], [-57.15, -25.83], [-57.14, -25.82], [-57.14, -25.81], [-57.14, -25.8], [-57.14, -25.79], [-57.14, -25.79]]]]}, "properties": {"id": 114, "area_km2": 335.21, "cod_dpto": "J", "nom_dist": "ACAHAY", "cod_dist": "2"}}, {"type": "Feature", "geometry": {"type": "MultiPolygon", "coordinates": [[[[-57.75, -25.77], [-57.74, -25.77], [-57.74, -25.78], [-57.75, -25.79], [-57.75, -25.79], [-57.75, -25.8], [-57.74, -25.8], [-57.74, -25.81], [-57.74, -25.82], [-57.74, -25.82], [-57.74, -25.83], [-57.74, -25.83], [-57.74, -25.84], [-57.73, -25.83], [-57.73, -25.84], [-57.72, -25.85], [-57.71, -25.85], [-57.7, -25.84], [-57.7, -25.85], [-57.69, -25.85], [-57.69, -25.86], [-57.69, -25.86], [-57.68, -25.86], [-57.67, -25.86], [-57.66, -25.86], [-57.65, -25.86], [-57.64, -25.86], [-57.64, -25.86], [-57.63, -25.87], [-57.63, -25.86], [-57.63, -25.87], [-57.62, -25.88], [-57.61, -25.87], [-57.6, -25.87], [-57.6, -25.88], [-57.5, -25.98], [-57.59, -26.21], [-57.62, -26.24], [-57.63, -26.23], [-57.65, -26.23], [-57.72, -26.2], [-57.9, -26.02], [-57.88, -25.93], [-57.84, -25.85], [-57.79, -25.83], [-57.79, -25.8], [-57.76, -25.8], [-57.76, -25.79], [-57.76, -25.78], [-57.76, -25.77], [-57.76, -25.77], [-57.75, -25.77]]]]}, "properties": {"id": 115, "area_km2": 1616.88, "cod_dpto": "M", "nom_dist": "VILLA OLIVA", "cod_dist": "14"}}, {"type": "Feature", "geometry": {"type": "MultiPolygon", "coordinates": [[[[-56.48, -25.72], [-56.47, -25.73], [-56.45, -25.73], [-56.45, -25.73], [-56.45, -25.74], [-56.44, -25.74], [-56.43, -25.74], [-56.43, -25.75], [-56.42, -25.75], [-56.41, -25.76], [-56.37, -25.79], [-56.33, -25.82], [-56.25, -25.84], [-56.25, -25.89], [-56.36, -25.89], [-56.38, -25.9], [-56.39, -25.9], [-56.4, -25.9], [-56.4, -25.91], [-56.41, -25.91], [-56.42, -25.91], [-56.42, -25.92], [-56.43, -25.92], [-56.45, -25.92], [-56.46, -25.93], [-56.47, -25.93], [-56.48, -25.92], [-56.49, -25.91], [-56.5, -25.91], [-56.51, -25.92], [-56.51, -25.92], [-56.51, -25.91], [-56.51, -25.91], [-56.52, -25.91], [-56.52, -25.91], [-56.53, -25.9], [-56.54, -25.89], [-56.53, -25.89], [-56.53, -25.89], [-56.52, -25.88], [-56.52, -25.88], [-56.51, -25.87], [-56.51, -25.87], [-56.51, -25.87], [-56.48, -25.84], [-56.5, -25.77], [-56.49, -25.76], [-56.48, -25.75], [-56.48, -25.74], [-56.48, -25.73], [-56.48, -25.72]]]]}, "properties": {"id": 116, "area_km2": 333.44, "cod_dpto": "E", "nom_dist": "VILLARRICA", "cod_dist": "1"}}, {"type": "Feature", "geometry": {"type": "MultiPolygon", "coordinates": [[[[-56.67, -25.7], [-56.67, -25.7], [-56.66, -25.71], [-56.66, -25.71], [-56.66, -25.72], [-56.66, -25.73], [-56.66, -25.73], [-56.65, -25.74], [-56.66, -25.75], [-56.65, -25.75], [-56.66, -25.75], [-56.65, -25.75], [-56.65, -25.77], [-56.64, -25.77], [-56.64, -25.77], [-56.63, -25.77], [-56.63, -25.78], [-56.62, -25.78], [-56.62, -25.78], [-56.62, -25.79], [-56.62, -25.8], [-56.62, -25.8], [-56.62, -25.81], [-56.62, -25.81], [-56.62, -25.81], [-56.63, -25.82], [-56.63, -25.82], [-56.63, -25.82], [-56.63, -25.82], [-56.63, -25.83], [-56.63, -25.83], [-56.63, -25.84], [-56.63, -25.84], [-56.63, -25.85], [-56.62, -25.86], [-56.62, -25.87], [-56.62, -25.89], [-56.62, -25.88], [-56.63, -25.89], [-56.63, -25.88], [-56.63, -25.89], [-56.63, -25.88], [-56.64, -25.88], [-56.64, -25.88], [-56.65, -25.88], [-56.65, -25.87], [-56.65, -25.87], [-56.65, -25.87], [-56.65, -25.86], [-56.66, -25.86], [-56.66, -25.86], [-56.66, -25.85], [-56.67, -25.7]]]]}, "properties": {"id": 117, "area_km2": 75.36, "cod_dpto": "E", "nom_dist": "TEBICUARY", "cod_dist": "14"}}, {"type": "Feature", "geometry": {"type": "MultiPolygon", "coordinates": [[[[-56.91, -25.59], [-56.91, -25.6], [-56.91, -25.6], [-56.92, -25.6], [-56.92, -25.61], [-56.93, -25.62], [-56.93, -25.62], [-56.89, -25.67], [-56.93, -25.74], [-56.95, -25.75], [-56.97, -25.76], [-56.97, -25.82], [-57.01, -25.85], [-57.04, -25.85], [-57.06, -25.84], [-57.06, -25.84], [-57.07, -25.83], [-57.07, -25.83], [-57.08, -25.82], [-57.07, -25.82], [-57.06, -25.81], [-57.05, -25.8], [-57.03, -25.79], [-57.02, -25.79], [-57.01, -25.79], [-57.0, -25.78], [-56.99, -25.78], [-56.99, -25.78], [-56.99, -25.77], [-56.98, -25.75], [-56.97, -25.72], [-57.0, -25.68], [-57.01, -25.67], [-57.01, -25.65], [-57.0, -25.65], [-56.99, -25.64], [-56.99, -25.63], [-56.99, -25.63], [-57.0, -25.62], [-57.0, -25.61], [-57.0, -25.61], [-56.99, -25.6], [-56.99, -25.6], [-56.99, -25.59], [-56.95, -25.6], [-56.95, -25.59], [-56.94, -25.59], [-56.93, -25.6], [-56.93, -25.6], [-56.92, -25.59], [-56.92, -25.59], [-56.91, -25.59]]]]}, "properties": {"id": 118, "area_km2": 178.22, "cod_dpto": "J", "nom_dist": "SAPUCAI", "cod_dist": "12"}}, {"type": "Feature", "geometry": {"type": "MultiPolygon", "coordinates": [[[[-56.3, -25.57], [-56.29, -25.58], [-56.27, -25.59], [-56.26, -25.58], [-56.25, -25.57], [-56.22, -25.58], [-56.2, -25.58], [-56.19, -25.58], [-56.18, -25.59], [-56.17, -25.59], [-56.16, -25.59], [-55.94, -25.63], [-55.97, -25.64], [-55.99, -25.66], [-56.0, -25.67], [-56.01, -25.67], [-56.02, -25.67], [-56.02, -25.67], [-56.03, -25.66], [-56.04, -25.66], [-56.06, -25.66], [-56.07, -25.65], [-56.07, -25.64], [-56.08, -25.64], [-56.09, -25.65], [-56.11, -25.66], [-56.11, -25.66], [-56.12, -25.66], [-56.13, -25.65], [-56.14, -25.65], [-56.15, -25.64], [-56.16, -25.64], [-56.18, -25.63], [-56.19, -25.64], [-56.2, -25.64], [-56.2, -25.64], [-56.21, -25.65], [-56.22, -25.64], [-56.22, -25.64], [-56.23, -25.63], [-56.23, -25.63], [-56.24, -25.62], [-56.25, -25.62], [-56.26, -25.63], [-56.26, -25.64], [-56.26, -25.64], [-56.27, -25.64], [-56.28, -25.64], [-56.29, -25.64], [-56.3, -25.64], [-56.3, -25.64], [-56.3, -25.57]]]]}, "properties": {"id": 119, "area_km2": 169.21, "cod_dpto": "E", "nom_dist": "MAURICIO J. TROCHE", "cod_dist": "9"}}, {"type": "Feature", "geometry": {"type": "MultiPolygon", "coordinates": [[[[-56.98, -25.57], [-56.97, -25.57], [-56.98, -25.58], [-56.98, -25.58], [-56.99, -25.59], [-56.99, -25.6], [-57.0, -25.61], [-57.0, -25.61], [-56.99, -25.62], [-56.99, -25.63], [-57.0, -25.65], [-57.01, -25.65], [-57.0, -25.68], [-56.97, -25.73], [-56.99, -25.77], [-56.99, -25.78], [-57.0, -25.78], [-57.02, -25.79], [-57.03, -25.79], [-57.06, -25.81], [-57.08, -25.82], [-57.08, -25.81], [-57.09, -25.81], [-57.09, -25.8], [-57.1, -25.8], [-57.11, -25.8], [-57.12, -25.8], [-57.12, -25.8], [-57.13, -25.79], [-57.1, -25.7], [-57.11, -25.69], [-57.1, -25.69], [-57.09, -25.69], [-57.08, -25.68], [-57.08, -25.68], [-57.08, -25.67], [-57.08, -25.66], [-57.08, -25.66], [-57.08, -25.65], [-57.09, -25.64], [-57.09, -25.63], [-57.09, -25.62], [-57.09, -25.61], [-57.08, -25.6], [-57.07, -25.58], [-57.05, -25.59], [-57.04, -25.59], [-57.02, -25.59], [-57.01, -25.58], [-56.99, -25.57], [-56.98, -25.57], [-56.98, -25.57]]]]}, "properties": {"id": 120, "area_km2": 267.39, "cod_dpto": "J", "nom_dist": "ESCOBAR", "cod_dist": "7"}}, {"type": "Feature", "geometry": {"type": "MultiPolygon", "coordinates": [[[[-56.32, -25.57], [-56.3, -25.63], [-56.32, -25.63], [-56.32, -25.63], [-56.33, -25.63], [-56.34, -25.63], [-56.35, -25.63], [-56.36, -25.63], [-56.36, -25.62], [-56.37, -25.62], [-56.38, -25.62], [-56.39, -25.62], [-56.4, -25.62], [-56.4, -25.63], [-56.41, -25.63], [-56.41, -25.63], [-56.42, -25.63], [-56.43, -25.63], [-56.44, -25.63], [-56.44, -25.62], [-56.44, -25.62], [-56.44, -25.62], [-56.44, -25.61], [-56.43, -25.61], [-56.43, -25.61], [-56.43, -25.61], [-56.43, -25.6], [-56.42, -25.6], [-56.42, -25.6], [-56.42, -25.59], [-56.42, -25.59], [-56.42, -25.59], [-56.42, -25.58], [-56.41, -25.58], [-56.41, -25.58], [-56.41, -25.58], [-56.41, -25.57], [-56.4, -25.57], [-56.4, -25.57], [-56.39, -25.57], [-56.39, -25.57], [-56.39, -25.57], [-56.39, -25.57], [-56.38, -25.57], [-56.38, -25.57], [-56.37, -25.57], [-56.37, -25.58], [-56.36, -25.57], [-56.35, -25.57], [-56.34, -25.57], [-56.32, -25.57], [-56.32, -25.57]]]]}, "properties": {"id": 121, "area_km2": 75.63, "cod_dpto": "E", "nom_dist": "DR. BOTRELL", "cod_dist": "17"}}, {"type": "Feature", "geometry": {"type": "MultiPolygon", "coordinates": [[[[-57.5, -25.56], [-57.5, -25.56], [-57.49, -25.57], [-57.49, -25.57], [-57.48, -25.57], [-57.48, -25.57], [-57.48, -25.57], [-57.48, -25.57], [-57.47, -25.58], [-57.47, -25.58], [-57.46, -25.58], [-57.44, -25.59], [-57.43, -25.59], [-57.43, -25.59], [-57.43, -25.6], [-57.42, -25.6], [-57.42, -25.6], [-57.42, -25.6], [-57.41, -25.6], [-57.41, -25.6], [-57.41, -25.6], [-57.41, -25.61], [-57.41, -25.61], [-57.4, -25.61], [-57.4, -25.61], [-57.4, -25.61], [-57.4, -25.61], [-57.4, -25.62], [-57.39, -25.62], [-57.4, -25.62], [-57.4, -25.63], [-57.41, -25.63], [-57.41, -25.64], [-57.42, -25.65], [-57.42, -25.67], [-57.42, -25.68], [-57.42, -25.69], [-57.42, -25.69], [-57.43, -25.7], [-57.43, -25.7], [-57.43, -25.7], [-57.44, -25.7], [-57.43, -25.7], [-57.43, -25.7], [-57.44, -25.71], [-57.44, -25.72], [-57.45, -25.73], [-57.46, -25.74], [-57.46, -25.8], [-57.42, -25.86], [-57.5, -25.98], [-57.52, -25.95], [-57.5, -25.56]]]]}, "properties": {"id": 122, "area_km2": 360.46, "cod_dpto": "L", "nom_dist": "NUEVA ITALIA", "cod_dist": "11"}}, {"type": "Feature", "geometry": {"type": "MultiPolygon", "coordinates": [[[[-56.18, -25.63], [-56.17, -25.64], [-56.17, -25.64], [-56.16, -25.64], [-56.15, -25.64], [-56.14, -25.64], [-56.14, -25.65], [-56.13, -25.65], [-56.13, -25.65], [-56.12, -25.66], [-56.12, -25.66], [-56.11, -25.67], [-56.11, -25.67], [-56.11, -25.68], [-56.1, -25.7], [-56.1, -25.7], [-56.1, -25.71], [-56.09, -25.72], [-56.08, -25.73], [-56.08, -25.74], [-56.07, -25.75], [-56.06, -25.75], [-56.06, -25.77], [-56.06, -25.77], [-56.04, -25.77], [-56.04, -25.78], [-56.03, -25.79], [-56.03, -25.81], [-56.02, -25.83], [-56.01, -25.85], [-56.13, -25.87], [-56.13, -25.87], [-56.13, -25.87], [-56.13, -25.87], [-56.13, -25.88], [-56.14, -25.88], [-56.14, -25.88], [-56.14, -25.89], [-56.15, -25.89], [-56.16, -25.89], [-56.16, -25.89], [-56.16, -25.9], [-56.24, -25.84], [-56.28, -25.76], [-56.24, -25.68], [-56.21, -25.64], [-56.2, -25.64], [-56.2, -25.64], [-56.2, -25.64], [-56.19, -25.64], [-56.19, -25.64], [-56.18, -25.63], [-56.18, -25.63]]]]}, "properties": {"id": 123, "area_km2": 528.58, "cod_dpto": "E", "nom_dist": "INDEPENDENCIA", "cod_dist": "4"}}, {"type": "Feature", "geometry": {"type": "MultiPolygon", "coordinates": [[[[-57.17, -25.84], [-57.23, -25.81], [-57.26, -25.81], [-57.27, -25.81], [-57.3, -25.82], [-57.31, -25.81], [-57.35, -25.83], [-57.36, -25.84], [-57.45, -25.81], [-57.44, -25.71], [-57.43, -25.7], [-57.42, -25.69], [-57.42, -25.65], [-57.4, -25.64], [-57.38, -25.65], [-57.37, -25.66], [-57.36, -25.66], [-57.35, -25.66], [-57.35, -25.66], [-57.34, -25.67], [-57.33, -25.67], [-57.33, -25.67], [-57.31, -25.67], [-57.31, -25.67], [-57.3, -25.68], [-57.3, -25.67], [-57.29, -25.67], [-57.28, -25.67], [-57.28, -25.67], [-57.27, -25.68], [-57.27, -25.69], [-57.26, -25.69], [-57.26, -25.69], [-57.25, -25.7], [-57.24, -25.7], [-57.24, -25.7], [-57.23, -25.72], [-57.23, -25.73], [-57.23, -25.74], [-57.23, -25.75], [-57.22, -25.75], [-57.22, -25.76], [-57.21, -25.77], [-57.2, -25.77], [-57.19, -25.78], [-57.18, -25.77], [-57.16, -25.77], [-57.15, -25.78], [-57.14, -25.79], [-57.14, -25.81], [-57.16, -25.84], [-57.17, -25.84]]]]}, "properties": {"id": 124, "area_km2": 455.72, "cod_dpto": "J", "nom_dist": "CARAPEGUA", "cod_dist": "5"}}, {"type": "Feature", "geometry": {"type": "MultiPolygon", "coordinates": [[[[-55.93, -25.62], [-55.84, -25.69], [-55.79, -25.69], [-55.74, -25.69], [-55.69, -25.68], [-55.68, -25.65], [-55.66, -25.65], [-55.64, -25.65], [-55.64, -25.67], [-55.65, -25.68], [-55.66, -25.69], [-55.66, -25.7], [-55.67, -25.71], [-55.67, -25.73], [-55.67, -25.74], [-55.69, -25.74], [-55.7, -25.74], [-55.7, -25.72], [-55.71, -25.72], [-55.73, -25.71], [-55.74, -25.71], [-55.76, -25.72], [-55.76, -25.73], [-55.76, -25.74], [-55.76, -25.75], [-55.76, -25.76], [-55.76, -25.77], [-55.77, -25.78], [-55.78, -25.78], [-55.79, -25.79], [-55.8, -25.79], [-55.81, -25.78], [-55.82, -25.8], [-55.84, -25.8], [-55.85, -25.81], [-55.87, -25.82], [-55.95, -25.86], [-55.97, -25.85], [-55.99, -25.86], [-56.03, -25.82], [-56.05, -25.77], [-56.08, -25.74], [-56.1, -25.7], [-56.12, -25.66], [-56.11, -25.66], [-56.08, -25.64], [-56.06, -25.66], [-56.03, -25.66], [-56.01, -25.67], [-55.99, -25.66], [-55.94, -25.63], [-55.93, -25.62]]]]}, "properties": {"id": 125, "area_km2": 643.97, "cod_dpto": "E", "nom_dist": "PASO YOBAI", "cod_dist": "18"}}, {"type": "Feature", "geometry": {"type": "MultiPolygon", "coordinates": [[[[-57.56, -25.48], [-57.54, -25.48], [-57.52, -25.48], [-57.51, -25.49], [-57.5, -25.49], [-57.44, -25.5], [-57.42, -25.58], [-57.42, -25.6], [-57.43, -25.59], [-57.47, -25.57], [-57.49, -25.57], [-57.6, -25.9], [-57.6, -25.88], [-57.61, -25.87], [-57.62, -25.88], [-57.63, -25.87], [-57.63, -25.86], [-57.64, -25.86], [-57.63, -25.86], [-57.66, -25.86], [-57.66, -25.86], [-57.67, -25.86], [-57.68, -25.86], [-57.69, -25.86], [-57.69, -25.85], [-57.69, -25.85], [-57.7, -25.84], [-57.71, -25.85], [-57.72, -25.85], [-57.73, -25.83], [-57.74, -25.84], [-57.74, -25.83], [-57.74, -25.83], [-57.74, -25.82], [-57.74, -25.82], [-57.74, -25.81], [-57.75, -25.8], [-57.75, -25.79], [-57.75, -25.79], [-57.74, -25.78], [-57.74, -25.77], [-57.76, -25.77], [-57.76, -25.77], [-57.77, -25.78], [-57.76, -25.79], [-57.78, -25.8], [-57.79, -25.82], [-57.83, -25.75], [-57.67, -25.62], [-57.56, -25.48], [-57.56, -25.48]]]]}, "properties": {"id": 126, "area_km2": 878.63, "cod_dpto": "L", "nom_dist": "VILLETA", "cod_dist": "15"}}, {"type": "Feature", "geometry": {"type": "MultiPolygon", "coordinates": [[[[-55.48, -25.53], [-55.43, -25.55], [-55.4, -25.61], [-55.42, -25.64], [-55.44, -25.66], [-55.46, -25.68], [-55.47, -25.7], [-55.48, -25.73], [-55.48, -25.75], [-55.5, -25.78], [-55.52, -25.81], [-55.53, -25.84], [-55.51, -25.87], [-55.52, -25.9], [-55.53, -25.94], [-55.53, -25.99], [-55.49, -25.99], [-55.48, -26.02], [-55.52, -26.05], [-55.56, -26.07], [-55.61, -26.1], [-55.64, -26.13], [-55.67, -26.14], [-55.7, -26.15], [-55.71, -26.18], [-55.74, -26.15], [-55.76, -26.11], [-55.79, -26.12], [-55.83, -26.12], [-55.99, -26.08], [-55.99, -26.03], [-56.0, -25.98], [-55.99, -25.86], [-55.94, -25.85], [-55.85, -25.8], [-55.81, -25.79], [-55.79, -25.79], [-55.76, -25.78], [-55.75, -25.75], [-55.77, -25.73], [-55.74, -25.71], [-55.71, -25.72], [-55.69, -25.74], [-55.67, -25.73], [-55.66, -25.7], [-55.64, -25.67], [-55.62, -25.65], [-55.58, -25.64], [-55.53, -25.61], [-55.52, -25.57], [-55.48, -25.53], [-55.48, -25.53]]]]}, "properties": {"id": 127, "area_km2": 2134.46, "cod_dpto": "G", "nom_dist": "ABAI", "cod_dist": "7"}}, {"type": "Feature", "geometry": {"type": "MultiPolygon", "coordinates": [[[[-57.04, -25.38], [-57.02, -25.39], [-56.97, -25.44], [-56.94, -25.47], [-56.94, -25.47], [-56.94, -25.47], [-56.93, -25.47], [-56.93, -25.48], [-56.93, -25.48], [-56.93, -25.48], [-56.93, -25.49], [-56.93, -25.49], [-56.93, -25.5], [-56.93, -25.5], [-56.92, -25.52], [-56.91, -25.54], [-56.91, -25.54], [-56.91, -25.55], [-56.91, -25.55], [-56.91, -25.56], [-56.91, -25.57], [-56.91, -25.57], [-56.92, -25.58], [-56.92, -25.59], [-56.92, -25.59], [-56.93, -25.6], [-56.94, -25.59], [-56.95, -25.59], [-56.99, -25.59], [-56.98, -25.58], [-56.98, -25.58], [-56.97, -25.57], [-56.98, -25.57], [-56.99, -25.57], [-57.01, -25.58], [-57.02, -25.59], [-57.03, -25.59], [-57.05, -25.59], [-57.07, -25.58], [-57.09, -25.58], [-57.1, -25.55], [-57.12, -25.45], [-57.12, -25.45], [-57.12, -25.44], [-57.11, -25.43], [-57.1, -25.43], [-57.09, -25.42], [-57.08, -25.41], [-57.07, -25.4], [-57.07, -25.39], [-57.06, -25.38], [-57.04, -25.38]]]]}, "properties": {"id": 128, "area_km2": 366.48, "cod_dpto": "D", "nom_dist": "PIRIBEBUY", "cod_dist": "12"}}, {"type": "Feature", "geometry": {"type": "MultiPolygon", "coordinates": [[[[-54.87, -25.36], [-54.86, -25.36], [-54.84, -25.37], [-54.85, -25.38], [-54.84, -25.39], [-54.81, -25.4], [-54.8, -25.43], [-54.78, -25.42], [-54.76, -25.42], [-54.75, -25.42], [-54.74, -25.41], [-54.74, -25.58], [-54.76, -25.58], [-54.77, -25.58], [-54.76, -25.59], [-54.77, -25.59], [-54.77, -25.6], [-54.78, -25.59], [-54.79, -25.59], [-54.8, -25.61], [-54.81, -25.61], [-54.81, -25.59], [-54.82, -25.58], [-54.83, -25.59], [-54.84, -25.6], [-54.84, -25.59], [-54.86, -25.6], [-54.86, -25.61], [-54.85, -25.6], [-54.85, -25.62], [-54.85, -25.64], [-54.86, -25.64], [-54.87, -25.64], [-54.88, -25.64], [-54.88, -25.65], [-54.89, -25.64], [-54.89, -25.62], [-54.89, -25.61], [-54.89, -25.61], [-54.91, -25.61], [-54.91, -25.6], [-54.92, -25.62], [-54.94, -25.62], [-54.95, -25.61], [-54.96, -25.6], [-54.95, -25.59], [-54.95, -25.57], [-54.9, -25.38], [-54.9, -25.36], [-54.88, -25.37], [-54.87, -25.36]]]]}, "properties": {"id": 129, "area_km2": 484.8, "cod_dpto": "K", "nom_dist": "MINGA GUAZU", "cod_dist": "13"}}, {"type": "Feature", "geometry": {"type": "MultiPolygon", "coordinates": [[[[-57.52, -22.17], [-57.49, -22.18], [-57.47, -22.19], [-57.45, -22.19], [-57.44, -22.2], [-57.42, -22.2], [-57.4, -22.2], [-57.38, -22.21], [-57.37, -22.23], [-57.36, -22.23], [-57.34, -22.23], [-57.34, -22.23], [-57.31, -22.24], [-57.3, -22.23], [-57.29, -22.22], [-57.27, -22.23], [-57.25, -22.24], [-57.22, -22.23], [-57.22, -22.22], [-57.2, -22.21], [-57.19, -22.23], [-57.17, -22.23], [-57.14, -22.23], [-57.11, -22.23], [-57.09, -22.25], [-57.07, -22.24], [-57.05, -22.24], [-57.02, -22.23], [-56.99, -22.22], [-56.99, -22.27], [-57.12, -22.53], [-57.28, -22.64], [-57.3, -22.66], [-57.32, -22.66], [-57.34, -22.68], [-57.36, -22.68], [-57.37, -22.7], [-57.38, -22.7], [-57.38, -22.71], [-57.4, -22.73], [-57.42, -22.74], [-57.42, -22.75], [-57.43, -22.75], [-57.45, -22.41], [-57.47, -22.4], [-57.46, -22.39], [-57.47, -22.38], [-57.49, -22.38], [-57.5, -22.38], [-57.51, -22.38], [-57.54, -22.18], [-57.52, -22.17]]]]}, "properties": {"id": 130, "area_km2": 1737.77, "cod_dpto": "B", "nom_dist": "SAN CARLOS", "cod_dist": "3"}}, {"type": "Feature", "geometry": {"type": "MultiPolygon", "coordinates": [[[[-57.63, -25.27], [-57.62, -25.27], [-57.62, -25.28], [-57.63, -25.28], [-57.63, -25.28], [-57.63, -25.28], [-57.63, -25.28], [-57.63, -25.28], [-57.63, -25.28], [-57.63, -25.28], [-57.63, -25.28], [-57.63, -25.28], [-57.63, -25.28], [-57.63, -25.28], [-57.63, -25.29], [-57.63, -25.29], [-57.63, -25.29], [-57.63, -25.29], [-57.63, -25.3], [-57.63, -25.3], [-57.63, -25.3], [-57.63, -25.3], [-57.63, -25.3], [-57.63, -25.31], [-57.63, -25.31], [-57.63, -25.31], [-57.63, -25.31], [-57.63, -25.31], [-57.63, -25.31], [-57.63, -25.31], [-57.64, -25.32], [-57.64, -25.32], [-57.64, -25.32], [-57.64, -25.32], [-57.64, -25.32], [-57.64, -25.32], [-57.65, -25.32], [-57.65, -25.32], [-57.65, -25.32], [-57.65, -25.32], [-57.66, -25.33], [-57.66, -25.32], [-57.66, -25.32], [-57.65, -25.3], [-57.65, -25.3], [-57.64, -25.29], [-57.64, -25.29], [-57.63, -25.28], [-57.63, -25.28], [-57.63, -25.28], [-57.63, -25.28], [-57.63, -25.28], [-57.63, -25.27], [-57.63, -25.27], [-57.63, -25.27], [-57.63, -25.27], [-57.63, -25.27], [-57.63, -25.27], [-57.63, -25.27], [-57.63, -25.27], [-57.63, -25.27], [-57.63, -25.27]]]]}, "properties": {"id": 132, "area_km2": 9.52, "cod_dpto": "A", "nom_dist": "LA CATEDRAL", "cod_dist": "2"}}, {"type": "Feature", "geometry": {"type": "MultiPolygon", "coordinates": [[[[-56.95, -25.23], [-56.94, -25.31], [-56.93, -25.31], [-56.92, -25.32], [-56.92, -25.32], [-56.92, -25.34], [-56.92, -25.34], [-56.92, -25.35], [-56.89, -25.36], [-56.89, -25.36], [-56.88, -25.36], [-56.88, -25.36], [-56.88, -25.36], [-56.88, -25.36], [-56.88, -25.36], [-56.87, -25.36], [-56.87, -25.37], [-56.87, -25.37], [-56.86, -25.38], [-56.87, -25.39], [-56.87, -25.4], [-56.87, -25.4], [-56.86, -25.41], [-56.87, -25.42], [-56.88, -25.42], [-56.88, -25.42], [-56.89, -25.42], [-56.89, -25.42], [-56.9, -25.42], [-56.95, -25.46], [-57.02, -25.4], [-57.03, -25.39], [-57.06, -25.38], [-57.06, -25.36], [-57.06, -25.35], [-57.07, -25.34], [-57.06, -25.34], [-57.06, -25.33], [-57.05, -25.32], [-57.04, -25.32], [-57.03, -25.31], [-57.02, -25.31], [-57.02, -25.29], [-57.02, -25.28], [-57.02, -25.28], [-57.02, -25.27], [-57.02, -25.27], [-57.02, -25.26], [-57.02, -25.25], [-57.01, -25.25], [-57.01, -25.25], [-56.95, -25.23]]]]}, "properties": {"id": 133, "area_km2": 271.73, "cod_dpto": "D", "nom_dist": "EUSEBIO AYALA", "cod_dist": "7"}}, {"type": "Feature", "geometry": {"type": "MultiPolygon", "coordinates": [[[[-57.61, -25.25], [-57.6, -25.26], [-57.6, -25.27], [-57.6, -25.27], [-57.59, -25.27], [-57.59, -25.27], [-57.59, -25.28], [-57.6, -25.29], [-57.59, -25.29], [-57.59, -25.29], [-57.59, -25.3], [-57.59, -25.3], [-57.59, -25.3], [-57.59, -25.3], [-57.6, -25.31], [-57.6, -25.32], [-57.6, -25.32], [-57.6, -25.32], [-57.61, -25.32], [-57.61, -25.32], [-57.61, -25.31], [-57.62, -25.31], [-57.62, -25.32], [-57.63, -25.33], [-57.63, -25.32], [-57.63, -25.31], [-57.63, -25.31], [-57.63, -25.3], [-57.63, -25.3], [-57.63, -25.3], [-57.63, -25.3], [-57.63, -25.29], [-57.63, -25.29], [-57.63, -25.29], [-57.63, -25.28], [-57.63, -25.28], [-57.63, -25.28], [-57.63, -25.28], [-57.63, -25.28], [-57.63, -25.28], [-57.63, -25.28], [-57.63, -25.28], [-57.62, -25.28], [-57.62, -25.27], [-57.63, -25.27], [-57.63, -25.27], [-57.63, -25.27], [-57.63, -25.27], [-57.63, -25.27], [-57.63, -25.27], [-57.63, -25.27], [-57.63, -25.27], [-57.64, -25.27], [-57.64, -25.27], [-57.64, -25.27], [-57.64, -25.27], [-57.64, -25.27], [-57.64, -25.27], [-57.65, -25.27], [-57.65, -25.27], [-57.64, -25.26], [-57.62, -25.25], [-57.61, -25.25]]]]}, "properties": {"id": 134, "area_km2": 26.61, "cod_dpto": "A", "nom_dist": "SAN ROQUE", "cod_dist": "3"}}, {"type": "Feature", "geometry": {"type": "MultiPolygon", "coordinates": [[[[-55.66, -25.26], [-55.66, -25.27], [-55.61, -25.27], [-55.48, -25.53], [-55.49, -25.55], [-55.49, -25.55], [-55.5, -25.56], [-55.51, -25.56], [-55.52, -25.56], [-55.52, -25.56], [-55.54, -25.56], [-55.54, -25.55], [-55.55, -25.55], [-55.55, -25.54], [-55.56, -25.54], [-55.57, -25.54], [-55.58, -25.54], [-55.59, -25.54], [-55.6, -25.54], [-55.6, -25.55], [-55.61, -25.54], [-55.61, -25.53], [-55.61, -25.52], [-55.62, -25.52], [-55.63, -25.51], [-55.64, -25.5], [-55.65, -25.51], [-55.66, -25.5], [-55.66, -25.5], [-55.67, -25.49], [-55.67, -25.48], [-55.68, -25.46], [-55.69, -25.45], [-55.7, -25.43], [-55.71, -25.41], [-55.72, -25.4], [-55.73, -25.37], [-55.72, -25.34], [-55.72, -25.31], [-55.7, -25.28], [-55.7, -25.28], [-55.7, -25.28], [-55.69, -25.27], [-55.69, -25.27], [-55.69, -25.27], [-55.68, -25.27], [-55.68, -25.27], [-55.68, -25.27], [-55.68, -25.27], [-55.67, -25.26], [-55.67, -25.26], [-55.66, -25.26]]]]}, "properties": {"id": 135, "area_km2": 627.38, "cod_dpto": "F", "nom_dist": "DR. J. E. ESTIGARRIBIA", "cod_dist": "16"}}, {"type": "Feature", "geometry": {"type": "MultiPolygon", "coordinates": [[[[-57.33, -25.3], [-57.4, -25.36], [-57.41, -25.36], [-57.41, -25.35], [-57.41, -25.35], [-57.41, -25.35], [-57.41, -25.35], [-57.41, -25.35], [-57.41, -25.35], [-57.42, -25.35], [-57.42, -25.35], [-57.42, -25.34], [-57.42, -25.34], [-57.42, -25.34], [-57.42, -25.34], [-57.42, -25.34], [-57.42, -25.34], [-57.43, -25.33], [-57.43, -25.33], [-57.43, -25.33], [-57.43, -25.33], [-57.43, -25.32], [-57.44, -25.32], [-57.44, -25.31], [-57.44, -25.31], [-57.45, -25.31], [-57.45, -25.3], [-57.45, -25.3], [-57.45, -25.3], [-57.45, -25.29], [-57.45, -25.29], [-57.45, -25.29], [-57.45, -25.28], [-57.45, -25.28], [-57.44, -25.28], [-57.43, -25.27], [-57.43, -25.27], [-57.43, -25.27], [-57.42, -25.26], [-57.42, -25.26], [-57.42, -25.26], [-57.41, -25.26], [-57.41, -25.26], [-57.4, -25.26], [-57.4, -25.25], [-57.4, -25.26], [-57.35, -25.23], [-57.34, -25.23], [-57.33, -25.24], [-57.33, -25.25], [-57.34, -25.3], [-57.33, -25.3]]]]}, "properties": {"id": 136, "area_km2": 108.49, "cod_dpto": "L", "nom_dist": "AREGUA", "cod_dist": "1"}}, {"type": "Feature", "geometry": {"type": "MultiPolygon", "coordinates": [[[[-55.24, -25.25], [-55.05, -25.31], [-54.97, -25.38], [-54.97, -25.36], [-54.95, -25.36], [-54.95, -25.37], [-54.94, -25.37], [-54.93, -25.37], [-54.93, -25.37], [-54.92, -25.36], [-54.94, -25.36], [-54.92, -25.35], [-54.92, -25.34], [-54.91, -25.33], [-54.9, -25.34], [-54.91, -25.35], [-54.89, -25.35], [-54.9, -25.36], [-54.91, -25.36], [-54.92, -25.4], [-54.96, -25.58], [-54.97, -25.58], [-54.98, -25.58], [-54.98, -25.58], [-54.97, -25.59], [-54.98, -25.59], [-54.99, -25.58], [-54.99, -25.58], [-55.0, -25.59], [-55.01, -25.59], [-55.01, -25.58], [-55.02, -25.59], [-55.03, -25.58], [-55.03, -25.58], [-55.03, -25.58], [-55.03, -25.57], [-55.03, -25.58], [-55.03, -25.58], [-55.04, -25.57], [-55.04, -25.57], [-55.05, -25.57], [-55.05, -25.57], [-55.06, -25.57], [-55.06, -25.57], [-55.07, -25.57], [-55.07, -25.57], [-55.07, -25.57], [-55.08, -25.56], [-55.09, -25.56], [-55.09, -25.56], [-55.1, -25.56], [-55.1, -25.56], [-55.24, -25.25]]]]}, "properties": {"id": 137, "area_km2": 803.1, "cod_dpto": "K", "nom_dist": "YGUAZU", "cod_dist": "9"}}, {"type": "Feature", "geometry": {"type": "MultiPolygon", "coordinates": [[[[-56.45, -25.23], [-56.44, -25.25], [-56.42, -25.26], [-56.41, -25.27], [-56.4, -25.28], [-56.39, -25.29], [-56.4, -25.3], [-56.39, -25.31], [-56.39, -25.33], [-56.38, -25.34], [-56.37, -25.34], [-56.34, -25.41], [-56.19, -25.46], [-56.2, -25.46], [-56.22, -25.47], [-56.23, -25.48], [-56.23, -25.49], [-56.24, -25.5], [-56.25, -25.52], [-56.24, -25.54], [-56.27, -25.55], [-56.28, -25.57], [-56.32, -25.57], [-56.35, -25.57], [-56.38, -25.57], [-56.39, -25.57], [-56.39, -25.57], [-56.4, -25.57], [-56.41, -25.58], [-56.42, -25.59], [-56.42, -25.59], [-56.43, -25.6], [-56.43, -25.61], [-56.44, -25.62], [-56.45, -25.62], [-56.47, -25.63], [-56.49, -25.62], [-56.52, -25.63], [-56.53, -25.63], [-56.55, -25.64], [-56.58, -25.66], [-56.62, -25.68], [-56.65, -25.69], [-56.66, -25.7], [-56.67, -25.7], [-56.67, -25.68], [-56.66, -25.65], [-56.63, -25.61], [-56.5, -25.38], [-56.5, -25.37], [-56.45, -25.23], [-56.45, -25.23]]]]}, "properties": {"id": 138, "area_km2": 874.47, "cod_dpto": "F", "nom_dist": "CORONEL OVIEDO", "cod_dist": "1"}}, {"type": "Feature", "geometry": {"type": "MultiPolygon", "coordinates": [[[[-57.57, -25.23], [-57.55, -25.23], [-57.54, -25.24], [-57.52, -25.24], [-57.52, -25.24], [-57.53, -25.24], [-57.53, -25.24], [-57.53, -25.24], [-57.53, -25.25], [-57.53, -25.25], [-57.53, -25.25], [-57.53, -25.25], [-57.53, -25.25], [-57.53, -25.25], [-57.53, -25.25], [-57.53, -25.25], [-57.53, -25.25], [-57.53, -25.25], [-57.53, -25.25], [-57.53, -25.25], [-57.53, -25.25], [-57.53, -25.25], [-57.53, -25.25], [-57.53, -25.26], [-57.54, -25.26], [-57.54, -25.27], [-57.54, -25.27], [-57.54, -25.27], [-57.55, -25.28], [-57.55, -25.28], [-57.56, -25.28], [-57.56, -25.28], [-57.56, -25.28], [-57.57, -25.28], [-57.57, -25.28], [-57.57, -25.29], [-57.58, -25.29], [-57.58, -25.29], [-57.58, -25.29], [-57.59, -25.29], [-57.59, -25.28], [-57.59, -25.27], [-57.6, -25.27], [-57.6, -25.27], [-57.6, -25.26], [-57.61, -25.25], [-57.61, -25.25], [-57.6, -25.24], [-57.59, -25.24], [-57.58, -25.23], [-57.57, -25.23], [-57.57, -25.23]]]]}, "properties": {"id": 139, "area_km2": 35.14, "cod_dpto": "A", "nom_dist": "STMA. TRINIDAD", "cod_dist": "6"}}, {"type": "Feature", "geometry": {"type": "MultiPolygon", "coordinates": [[[[-56.94, -25.22], [-56.9, -25.25], [-56.86, -25.29], [-56.83, -25.32], [-56.83, -25.33], [-56.86, -25.34], [-56.85, -25.36], [-56.86, -25.37], [-56.87, -25.37], [-56.87, -25.37], [-56.87, -25.37], [-56.87, -25.37], [-56.87, -25.36], [-56.87, -25.36], [-56.87, -25.36], [-56.88, -25.36], [-56.88, -25.36], [-56.88, -25.36], [-56.88, -25.36], [-56.88, -25.36], [-56.88, -25.36], [-56.88, -25.36], [-56.88, -25.36], [-56.88, -25.36], [-56.88, -25.36], [-56.88, -25.36], [-56.88, -25.36], [-56.88, -25.36], [-56.89, -25.36], [-56.89, -25.36], [-56.89, -25.36], [-56.89, -25.36], [-56.91, -25.36], [-56.92, -25.35], [-56.92, -25.35], [-56.92, -25.34], [-56.92, -25.34], [-56.92, -25.34], [-56.92, -25.33], [-56.92, -25.33], [-56.92, -25.32], [-56.92, -25.32], [-56.92, -25.32], [-56.92, -25.32], [-56.93, -25.31], [-56.93, -25.31], [-56.93, -25.31], [-56.94, -25.31], [-56.94, -25.3], [-56.95, -25.3], [-56.94, -25.22], [-56.94, -25.22]]]]}, "properties": {"id": 140, "area_km2": 104.38, "cod_dpto": "D", "nom_dist": "ISLA PUCU", "cod_dist": "8"}}, {"type": "Feature", "geometry": {"type": "MultiPolygon", "coordinates": [[[[-55.97, -25.21], [-55.93, -25.22], [-55.9, -25.23], [-55.87, -25.25], [-55.84, -25.26], [-55.8, -25.26], [-55.78, -25.28], [-55.75, -25.28], [-55.74, -25.28], [-55.73, -25.28], [-55.73, -25.28], [-55.72, -25.27], [-55.71, -25.27], [-55.72, -25.34], [-55.7, -25.43], [-55.67, -25.49], [-55.68, -25.51], [-55.7, -25.52], [-55.72, -25.5], [-55.75, -25.48], [-55.77, -25.48], [-55.79, -25.5], [-55.8, -25.5], [-55.81, -25.49], [-55.83, -25.49], [-55.85, -25.49], [-55.86, -25.48], [-55.87, -25.48], [-55.87, -25.47], [-55.88, -25.46], [-55.88, -25.46], [-55.88, -25.46], [-55.88, -25.46], [-55.88, -25.45], [-55.88, -25.45], [-55.88, -25.45], [-55.88, -25.45], [-55.88, -25.45], [-55.88, -25.44], [-55.88, -25.44], [-55.88, -25.44], [-55.88, -25.44], [-55.88, -25.43], [-55.88, -25.43], [-55.88, -25.43], [-55.88, -25.43], [-55.88, -25.43], [-55.88, -25.42], [-55.89, -25.42], [-55.89, -25.42], [-55.92, -25.32], [-55.97, -25.21]]]]}, "properties": {"id": 141, "area_km2": 556.02, "cod_dpto": "F", "nom_dist": "JUAN M. FRUTOS", "cod_dist": "13"}}, {"type": "Feature", "geometry": {"type": "MultiPolygon", "coordinates": [[[[-57.32, -25.2], [-57.29, -25.23], [-57.29, -25.23], [-57.29, -25.23], [-57.29, -25.24], [-57.28, -25.24], [-57.28, -25.27], [-57.25, -25.33], [-57.23, -25.35], [-57.23, -25.37], [-57.25, -25.36], [-57.25, -25.36], [-57.26, -25.36], [-57.26, -25.36], [-57.26, -25.36], [-57.27, -25.36], [-57.27, -25.36], [-57.27, -25.36], [-57.27, -25.36], [-57.28, -25.36], [-57.28, -25.36], [-57.31, -25.33], [-57.33, -25.25], [-57.33, -25.25], [-57.33, -25.25], [-57.33, -25.24], [-57.33, -25.24], [-57.33, -25.24], [-57.33, -25.24], [-57.34, -25.24], [-57.34, -25.23], [-57.34, -25.23], [-57.34, -25.23], [-57.34, -25.23], [-57.35, -25.23], [-57.35, -25.23], [-57.35, -25.23], [-57.35, -25.23], [-57.35, -25.23], [-57.35, -25.22], [-57.35, -25.22], [-57.36, -25.22], [-57.36, -25.22], [-57.36, -25.22], [-57.37, -25.21], [-57.37, -25.21], [-57.37, -25.21], [-57.37, -25.21], [-57.37, -25.21], [-57.37, -25.21], [-57.37, -25.21], [-57.32, -25.2]]]]}, "properties": {"id": 142, "area_km2": 108.5, "cod_dpto": "D", "nom_dist": "SAN BERNARDINO", "cod_dist": "14"}}, {"type": "Feature", "geometry": {"type": "MultiPolygon", "coordinates": [[[[-56.96, -22.24], [-56.92, -22.25], [-56.89, -22.25], [-56.86, -22.29], [-56.61, -22.37], [-56.63, -22.38], [-56.65, -22.39], [-56.65, -22.39], [-56.65, -22.4], [-56.65, -22.42], [-56.65, -22.42], [-56.67, -22.43], [-56.68, -22.43], [-56.68, -22.43], [-56.7, -22.44], [-56.71, -22.45], [-56.72, -22.46], [-56.72, -22.48], [-56.72, -22.49], [-56.72, -22.5], [-56.72, -22.51], [-56.73, -22.52], [-56.73, -22.53], [-56.74, -22.54], [-56.73, -22.56], [-56.73, -22.57], [-56.73, -22.58], [-56.73, -22.58], [-56.73, -22.59], [-56.72, -22.6], [-56.72, -22.61], [-56.72, -22.63], [-56.72, -22.63], [-56.72, -22.64], [-56.73, -22.65], [-56.72, -22.66], [-56.71, -22.66], [-56.71, -22.67], [-56.7, -22.68], [-56.69, -22.68], [-57.21, -22.78], [-57.22, -22.76], [-57.23, -22.75], [-57.25, -22.67], [-57.25, -22.66], [-57.24, -22.65], [-57.24, -22.64], [-57.25, -22.62], [-57.15, -22.57], [-57.11, -22.41], [-56.97, -22.24], [-56.96, -22.24]]]]}, "properties": {"id": 143, "area_km2": 2239.67, "cod_dpto": "B", "nom_dist": "SARGENTO JOSE FELIX LOPEZ", "cod_dist": "10"}}, {"type": "Feature", "geometry": {"type": "MultiPolygon", "coordinates": [[[[-56.77, -25.19], [-56.75, -25.2], [-56.74, -25.21], [-56.72, -25.22], [-56.71, -25.24], [-56.7, -25.25], [-56.69, -25.25], [-56.67, -25.26], [-56.66, -25.28], [-56.65, -25.29], [-56.62, -25.32], [-56.61, -25.31], [-56.6, -25.31], [-56.58, -25.31], [-56.56, -25.31], [-56.72, -25.43], [-56.72, -25.43], [-56.72, -25.41], [-56.73, -25.4], [-56.73, -25.39], [-56.73, -25.39], [-56.73, -25.38], [-56.73, -25.38], [-56.73, -25.37], [-56.74, -25.37], [-56.74, -25.36], [-56.74, -25.35], [-56.74, -25.35], [-56.74, -25.35], [-56.74, -25.35], [-56.75, -25.35], [-56.75, -25.35], [-56.75, -25.35], [-56.75, -25.35], [-56.75, -25.34], [-56.75, -25.34], [-56.75, -25.34], [-56.75, -25.34], [-56.75, -25.34], [-56.75, -25.34], [-56.75, -25.33], [-56.75, -25.33], [-56.75, -25.33], [-56.75, -25.31], [-56.76, -25.3], [-56.76, -25.28], [-56.77, -25.26], [-56.76, -25.25], [-56.77, -25.23], [-56.77, -25.22], [-56.77, -25.2], [-56.77, -25.19]]]]}, "properties": {"id": 144, "area_km2": 241.73, "cod_dpto": "D", "nom_dist": "MBOCAYATY DEL YHAGUY", "cod_dist": "19"}}, {"type": "Feature", "geometry": {"type": "MultiPolygon", "coordinates": [[[[-56.03, -25.19], [-55.89, -25.4], [-55.89, -25.42], [-55.89, -25.42], [-55.89, -25.42], [-55.88, -25.42], [-55.88, -25.43], [-55.88, -25.43], [-55.88, -25.43], [-55.88, -25.43], [-55.88, -25.43], [-55.88, -25.44], [-55.88, -25.44], [-55.88, -25.44], [-55.88, -25.44], [-55.88, -25.44], [-55.88, -25.45], [-55.88, -25.45], [-55.88, -25.45], [-55.88, -25.45], [-55.88, -25.45], [-55.88, -25.46], [-55.88, -25.46], [-55.88, -25.46], [-55.88, -25.46], [-55.88, -25.46], [-55.87, -25.47], [-55.87, -25.47], [-55.86, -25.48], [-55.85, -25.49], [-55.84, -25.49], [-56.09, -25.57], [-56.12, -25.59], [-56.14, -25.59], [-56.16, -25.59], [-56.19, -25.58], [-56.25, -25.57], [-56.29, -25.58], [-56.27, -25.56], [-56.24, -25.54], [-56.25, -25.51], [-56.24, -25.49], [-56.23, -25.48], [-56.21, -25.47], [-56.19, -25.46], [-56.12, -25.32], [-56.14, -25.29], [-56.15, -25.27], [-56.14, -25.26], [-56.1, -25.23], [-56.06, -25.21], [-56.03, -25.19]]]]}, "properties": {"id": 145, "area_km2": 983.53, "cod_dpto": "F", "nom_dist": "CAAGUAZU", "cod_dist": "2"}}, {"type": "Feature", "geometry": {"type": "MultiPolygon", "coordinates": [[[[-57.19, -25.19], [-57.17, -25.24], [-57.17, -25.27], [-57.18, -25.27], [-57.18, -25.27], [-57.18, -25.27], [-57.18, -25.27], [-57.18, -25.28], [-57.18, -25.28], [-57.18, -25.28], [-57.18, -25.28], [-57.19, -25.29], [-57.19, -25.29], [-57.19, -25.29], [-57.19, -25.29], [-57.19, -25.3], [-57.19, -25.3], [-57.19, -25.3], [-57.19, -25.3], [-57.19, -25.3], [-57.19, -25.31], [-57.19, -25.31], [-57.19, -25.31], [-57.2, -25.31], [-57.2, -25.31], [-57.2, -25.31], [-57.2, -25.32], [-57.21, -25.32], [-57.21, -25.32], [-57.22, -25.32], [-57.22, -25.33], [-57.27, -25.3], [-57.28, -25.24], [-57.29, -25.24], [-57.29, -25.23], [-57.29, -25.23], [-57.28, -25.22], [-57.28, -25.22], [-57.27, -25.21], [-57.26, -25.21], [-57.26, -25.21], [-57.25, -25.21], [-57.25, -25.21], [-57.23, -25.21], [-57.23, -25.21], [-57.22, -25.21], [-57.21, -25.21], [-57.21, -25.2], [-57.2, -25.2], [-57.2, -25.2], [-57.2, -25.19], [-57.19, -25.19], [-57.19, -25.19]]]]}, "properties": {"id": 146, "area_km2": 128.71, "cod_dpto": "D", "nom_dist": "ALTOS", "cod_dist": "2"}}, {"type": "Feature", "geometry": {"type": "MultiPolygon", "coordinates": [[[[-57.4, -25.18], [-57.4, -25.19], [-57.39, -25.19], [-57.39, -25.2], [-57.38, -25.2], [-57.38, -25.2], [-57.38, -25.21], [-57.37, -25.21], [-57.36, -25.22], [-57.35, -25.22], [-57.35, -25.23], [-57.4, -25.26], [-57.4, -25.25], [-57.41, -25.26], [-57.41, -25.26], [-57.42, -25.26], [-57.42, -25.26], [-57.42, -25.26], [-57.43, -25.27], [-57.43, -25.27], [-57.43, -25.28], [-57.44, -25.28], [-57.45, -25.28], [-57.45, -25.28], [-57.45, -25.29], [-57.45, -25.29], [-57.45, -25.3], [-57.45, -25.3], [-57.46, -25.32], [-57.47, -25.32], [-57.48, -25.32], [-57.48, -25.32], [-57.49, -25.32], [-57.49, -25.32], [-57.49, -25.31], [-57.49, -25.31], [-57.5, -25.31], [-57.5, -25.31], [-57.5, -25.31], [-57.52, -25.3], [-57.54, -25.29], [-57.54, -25.28], [-57.54, -25.28], [-57.53, -25.25], [-57.52, -25.24], [-57.52, -25.23], [-57.51, -25.21], [-57.5, -25.2], [-57.5, -25.21], [-57.42, -25.2], [-57.4, -25.18], [-57.4, -25.18]]]]}, "properties": {"id": 147, "area_km2": 151.98, "cod_dpto": "L", "nom_dist": "LUQUE", "cod_dist": "8"}}, {"type": "Feature", "geometry": {"type": "MultiPolygon", "coordinates": [[[[-56.5, -25.15], [-56.47, -25.2], [-56.47, -25.2], [-56.46, -25.2], [-56.46, -25.21], [-56.46, -25.23], [-56.49, -25.39], [-56.49, -25.39], [-56.49, -25.38], [-56.5, -25.37], [-56.51, -25.37], [-56.52, -25.37], [-56.52, -25.36], [-56.52, -25.36], [-56.52, -25.35], [-56.52, -25.35], [-56.52, -25.34], [-56.53, -25.34], [-56.53, -25.33], [-56.53, -25.33], [-56.53, -25.32], [-56.54, -25.32], [-56.55, -25.31], [-56.56, -25.3], [-56.56, -25.31], [-56.57, -25.31], [-56.58, -25.31], [-56.59, -25.31], [-56.6, -25.31], [-56.6, -25.31], [-56.6, -25.31], [-56.61, -25.31], [-56.61, -25.32], [-56.61, -25.32], [-56.62, -25.32], [-56.62, -25.32], [-56.65, -25.29], [-56.65, -25.29], [-56.65, -25.28], [-56.66, -25.27], [-56.66, -25.26], [-56.67, -25.26], [-56.68, -25.26], [-56.69, -25.25], [-56.69, -25.25], [-56.7, -25.24], [-56.7, -25.25], [-56.71, -25.24], [-56.71, -25.24], [-56.7, -25.23], [-56.5, -25.15]]]]}, "properties": {"id": 148, "area_km2": 364.4, "cod_dpto": "F", "nom_dist": "LA PASTORA", "cod_dist": "23"}}, {"type": "Feature", "geometry": {"type": "MultiPolygon", "coordinates": [[[[-57.52, -25.15], [-57.51, -25.16], [-57.51, -25.16], [-57.51, -25.16], [-57.51, -25.16], [-57.51, -25.16], [-57.5, -25.16], [-57.5, -25.16], [-57.5, -25.17], [-57.51, -25.17], [-57.5, -25.17], [-57.5, -25.18], [-57.51, -25.18], [-57.51, -25.18], [-57.51, -25.19], [-57.51, -25.19], [-57.5, -25.19], [-57.5, -25.19], [-57.5, -25.19], [-57.5, -25.19], [-57.5, -25.19], [-57.5, -25.19], [-57.5, -25.19], [-57.5, -25.19], [-57.5, -25.2], [-57.5, -25.2], [-57.5, -25.2], [-57.5, -25.2], [-57.5, -25.2], [-57.5, -25.21], [-57.5, -25.21], [-57.5, -25.21], [-57.5, -25.21], [-57.51, -25.21], [-57.51, -25.21], [-57.51, -25.21], [-57.51, -25.22], [-57.52, -25.22], [-57.52, -25.22], [-57.52, -25.22], [-57.52, -25.23], [-57.52, -25.23], [-57.52, -25.23], [-57.52, -25.23], [-57.52, -25.23], [-57.52, -25.24], [-57.52, -25.24], [-57.52, -25.24], [-57.55, -25.23], [-57.57, -25.22], [-57.56, -25.19], [-57.54, -25.18], [-57.53, -25.17], [-57.52, -25.15]]]]}, "properties": {"id": 149, "area_km2": 39.84, "cod_dpto": "L", "nom_dist": "MARIANO R. ALONSO", "cod_dist": "9"}}, {"type": "Feature", "geometry": {"type": "MultiPolygon", "coordinates": [[[[-54.88, -25.14], [-54.88, -25.15], [-54.87, -25.16], [-54.87, -25.17], [-54.86, -25.18], [-54.87, -25.18], [-54.87, -25.18], [-54.87, -25.19], [-54.87, -25.19], [-54.87, -25.19], [-54.87, -25.2], [-54.87, -25.2], [-54.88, -25.21], [-54.88, -25.21], [-54.88, -25.22], [-54.87, -25.22], [-54.87, -25.23], [-54.87, -25.23], [-54.87, -25.23], [-54.87, -25.24], [-54.88, -25.24], [-54.88, -25.25], [-54.69, -25.26], [-54.6, -25.42], [-54.62, -25.5], [-54.63, -25.48], [-54.63, -25.47], [-54.68, -25.46], [-54.67, -25.42], [-54.72, -25.39], [-54.74, -25.41], [-54.76, -25.42], [-54.8, -25.43], [-54.85, -25.4], [-54.85, -25.37], [-54.88, -25.36], [-54.9, -25.37], [-54.9, -25.36], [-54.91, -25.34], [-54.93, -25.36], [-54.94, -25.34], [-54.96, -25.32], [-54.96, -25.31], [-54.97, -25.29], [-54.97, -25.27], [-54.97, -25.26], [-54.97, -25.25], [-54.99, -25.26], [-55.0, -25.25], [-55.01, -25.24], [-54.94, -25.18], [-54.88, -25.14]]]]}, "properties": {"id": 150, "area_km2": 739.74, "cod_dpto": "K", "nom_dist": "HERNANDARIAS", "cod_dist": "1"}}, {"type": "Feature", "geometry": {"type": "MultiPolygon", "coordinates": [[[[-55.55, -23.28], [-55.56, -23.56], [-55.58, -23.6], [-55.58, -23.62], [-55.59, -23.64], [-55.61, -23.65], [-55.64, -23.66], [-55.67, -23.67], [-55.7, -23.67], [-55.72, -23.67], [-55.75, -23.69], [-55.76, -23.71], [-55.77, -23.73], [-55.79, -23.75], [-55.81, -23.76], [-55.82, -23.76], [-55.84, -23.76], [-55.85, -23.77], [-55.85, -23.78], [-55.86, -23.79], [-55.86, -23.8], [-55.87, -23.8], [-55.89, -23.81], [-55.92, -23.82], [-55.94, -23.83], [-55.95, -23.81], [-55.97, -23.82], [-56.0, -23.82], [-56.02, -23.83], [-56.02, -23.81], [-55.99, -23.78], [-55.98, -23.73], [-55.98, -23.69], [-55.97, -23.66], [-55.95, -23.64], [-55.93, -23.62], [-55.93, -23.59], [-55.93, -23.56], [-55.91, -23.52], [-55.92, -23.48], [-55.9, -23.42], [-56.04, -23.39], [-56.07, -23.32], [-55.99, -23.26], [-55.93, -23.24], [-55.86, -23.17], [-55.82, -23.12], [-55.8, -23.08], [-55.76, -23.05], [-55.69, -23.01], [-55.53, -23.25], [-55.55, -23.28]]]]}, "properties": {"id": 151, "area_km2": 2938.29, "cod_dpto": "N", "nom_dist": "CAPITAN BADO", "cod_dist": "3"}}, {"type": "Feature", "geometry": {"type": "MultiPolygon", "coordinates": [[[[-56.69, -22.69], [-56.7, -22.7], [-56.67, -22.72], [-56.67, -22.76], [-56.67, -22.77], [-56.66, -22.79], [-56.65, -22.81], [-56.68, -22.84], [-56.71, -22.85], [-56.71, -22.89], [-56.71, -22.94], [-56.69, -22.97], [-56.71, -23.0], [-56.74, -23.0], [-56.77, -23.02], [-56.79, -23.04], [-56.8, -23.06], [-56.83, -23.08], [-56.86, -23.08], [-56.9, -23.08], [-56.91, -23.09], [-56.94, -23.09], [-56.97, -23.09], [-56.99, -23.09], [-57.0, -23.08], [-57.02, -23.07], [-57.05, -23.07], [-57.1, -23.07], [-57.13, -23.07], [-57.15, -23.09], [-57.17, -23.1], [-57.19, -23.09], [-57.21, -23.09], [-57.23, -23.1], [-57.24, -23.11], [-57.26, -23.07], [-57.29, -23.08], [-57.31, -23.09], [-57.34, -23.08], [-57.35, -23.08], [-57.38, -23.07], [-57.38, -23.06], [-57.37, -23.04], [-57.35, -23.02], [-57.33, -23.0], [-57.31, -22.97], [-57.28, -22.97], [-57.24, -22.96], [-57.22, -22.93], [-57.2, -22.89], [-57.21, -22.8], [-56.69, -22.69]]]]}, "properties": {"id": 152, "area_km2": 2154.25, "cod_dpto": "B", "nom_dist": "PASO BARRETO", "cod_dist": "12"}}, {"type": "Feature", "geometry": {"type": "MultiPolygon", "coordinates": [[[[-55.66, -22.61], [-55.64, -22.79], [-55.63, -22.99], [-55.66, -23.0], [-55.67, -23.0], [-55.67, -22.98], [-55.66, -22.96], [-55.68, -22.94], [-55.69, -22.93], [-55.7, -22.92], [-55.71, -22.91], [-55.72, -22.91], [-55.73, -22.91], [-55.75, -22.9], [-55.77, -22.89], [-55.77, -22.89], [-55.77, -22.88], [-55.76, -22.88], [-55.76, -22.87], [-55.76, -22.87], [-55.76, -22.86], [-55.75, -22.85], [-55.84, -22.77], [-55.86, -22.76], [-55.85, -22.75], [-55.84, -22.74], [-55.83, -22.73], [-55.82, -22.73], [-55.81, -22.73], [-55.81, -22.72], [-55.8, -22.71], [-55.8, -22.7], [-55.8, -22.7], [-55.79, -22.69], [-55.79, -22.68], [-55.78, -22.67], [-55.77, -22.67], [-55.77, -22.66], [-55.77, -22.66], [-55.77, -22.65], [-55.76, -22.65], [-55.76, -22.65], [-55.76, -22.65], [-55.75, -22.65], [-55.75, -22.65], [-55.75, -22.65], [-55.74, -22.65], [-55.74, -22.64], [-55.74, -22.64], [-55.74, -22.63], [-55.66, -22.61], [-55.66, -22.61]]]]}, "properties": {"id": 153, "area_km2": 535.81, "cod_dpto": "N", "nom_dist": "ZANJA PYTA", "cod_dist": "4"}}, {"type": "Feature", "geometry": {"type": "MultiPolygon", "coordinates": [[[[-54.92, -26.21], [-54.91, -26.21], [-54.9, -26.21], [-54.91, -26.21], [-54.91, -26.2], [-54.92, -26.2], [-54.92, -26.2], [-54.91, -26.2], [-54.92, -26.19], [-54.91, -26.19], [-54.91, -26.18], [-54.91, -26.18], [-54.91, -26.19], [-54.9, -26.2], [-54.9, -26.2], [-54.9, -26.2], [-54.89, -26.19], [-54.89, -26.2], [-54.88, -26.19], [-54.88, -26.19], [-54.87, -26.19], [-54.87, -26.18], [-54.87, -26.18], [-54.87, -26.18], [-54.86, -26.18], [-54.86, -26.18], [-54.85, -26.19], [-54.85, -26.19], [-54.84, -26.18], [-54.83, -26.2], [-54.83, -26.2], [-54.83, -26.21], [-54.81, -26.2], [-54.81, -26.19], [-54.8, -26.2], [-54.78, -26.21], [-54.78, -26.22], [-54.78, -26.24], [-54.77, -26.23], [-54.76, -26.25], [-54.75, -26.25], [-54.74, -26.24], [-54.73, -26.24], [-54.72, -26.25], [-54.71, -26.24], [-54.7, -26.25], [-54.7, -26.24], [-54.69, -26.23], [-54.67, -26.24], [-54.65, -26.32], [-54.91, -26.22], [-54.91, -26.21], [-54.92, -26.21]]]]}, "properties": {"id": 154, "area_km2": 278.26, "cod_dpto": "H", "nom_dist": "MAYOR J.D.OTA\u00d1O", "cod_dist": "23"}}, {"type": "Feature", "geometry": {"type": "MultiPolygon", "coordinates": [[[[-54.64, -25.08], [-54.57, -25.08], [-54.43, -25.12], [-54.43, -25.18], [-54.49, -25.29], [-54.52, -25.33], [-54.55, -25.29], [-54.58, -25.29], [-54.62, -25.28], [-54.63, -25.27], [-54.65, -25.26], [-54.66, -25.25], [-54.68, -25.26], [-54.69, -25.26], [-54.69, -25.26], [-54.69, -25.26], [-54.69, -25.26], [-54.69, -25.26], [-54.69, -25.26], [-54.69, -25.26], [-54.69, -25.26], [-54.69, -25.26], [-54.7, -25.25], [-54.7, -25.25], [-54.7, -25.25], [-54.7, -25.25], [-54.7, -25.25], [-54.7, -25.25], [-54.7, -25.25], [-54.7, -25.25], [-54.81, -25.28], [-54.87, -25.25], [-54.87, -25.25], [-54.87, -25.25], [-54.87, -25.24], [-54.87, -25.24], [-54.87, -25.24], [-54.87, -25.23], [-54.86, -25.23], [-54.87, -25.21], [-54.78, -25.13], [-54.75, -25.12], [-54.75, -25.12], [-54.75, -25.12], [-54.75, -25.12], [-54.75, -25.12], [-54.74, -25.12], [-54.74, -25.12], [-54.74, -25.12], [-54.74, -25.11], [-54.73, -25.11], [-54.73, -25.11], [-54.73, -25.11], [-54.73, -25.11], [-54.72, -25.11], [-54.72, -25.11], [-54.72, -25.11], [-54.72, -25.1], [-54.69, -25.09], [-54.64, -25.08]]]]}, "properties": {"id": 155, "area_km2": 806.01, "cod_dpto": "K", "nom_dist": "SANTA FE DEL PARANA", "cod_dist": "20"}}, {"type": "Feature", "geometry": {"type": "MultiPolygon", "coordinates": [[[[-56.75, -25.09], [-56.7, -25.22], [-56.71, -25.23], [-56.72, -25.23], [-56.72, -25.22], [-56.72, -25.22], [-56.73, -25.21], [-56.74, -25.21], [-56.74, -25.21], [-56.75, -25.21], [-56.76, -25.2], [-56.76, -25.2], [-56.76, -25.2], [-56.77, -25.2], [-56.77, -25.2], [-56.77, -25.21], [-56.77, -25.22], [-56.77, -25.22], [-56.77, -25.23], [-56.77, -25.23], [-56.77, -25.24], [-56.76, -25.24], [-56.77, -25.25], [-56.77, -25.25], [-56.77, -25.26], [-56.77, -25.27], [-56.76, -25.27], [-56.76, -25.28], [-56.76, -25.28], [-56.76, -25.29], [-56.76, -25.3], [-56.76, -25.3], [-56.75, -25.31], [-56.75, -25.31], [-56.75, -25.32], [-56.75, -25.32], [-56.77, -25.34], [-56.86, -25.34], [-56.83, -25.32], [-56.86, -25.29], [-56.9, -25.22], [-56.86, -25.14], [-56.86, -25.13], [-56.85, -25.14], [-56.85, -25.13], [-56.84, -25.14], [-56.84, -25.14], [-56.84, -25.15], [-56.84, -25.14], [-56.83, -25.14], [-56.83, -25.14], [-56.83, -25.14], [-56.75, -25.09]]]]}, "properties": {"id": 156, "area_km2": 389.21, "cod_dpto": "D", "nom_dist": "CARAGUATAY", "cod_dist": "5"}}, {"type": "Feature", "geometry": {"type": "MultiPolygon", "coordinates": [[[[-57.26, -25.08], [-57.25, -25.09], [-57.24, -25.09], [-57.24, -25.09], [-57.23, -25.1], [-57.23, -25.11], [-57.23, -25.11], [-57.24, -25.12], [-57.24, -25.12], [-57.24, -25.12], [-57.24, -25.13], [-57.24, -25.13], [-57.25, -25.14], [-57.25, -25.14], [-57.25, -25.14], [-57.24, -25.14], [-57.23, -25.14], [-57.24, -25.15], [-57.24, -25.16], [-57.25, -25.19], [-57.27, -25.21], [-57.27, -25.22], [-57.28, -25.22], [-57.28, -25.22], [-57.29, -25.23], [-57.32, -25.2], [-57.29, -25.16], [-57.29, -25.16], [-57.29, -25.16], [-57.28, -25.15], [-57.28, -25.15], [-57.28, -25.15], [-57.28, -25.14], [-57.28, -25.14], [-57.27, -25.14], [-57.27, -25.14], [-57.27, -25.13], [-57.27, -25.13], [-57.27, -25.13], [-57.27, -25.11], [-57.28, -25.11], [-57.28, -25.11], [-57.28, -25.1], [-57.28, -25.1], [-57.28, -25.1], [-57.28, -25.09], [-57.27, -25.1], [-57.26, -25.1], [-57.26, -25.09], [-57.26, -25.09], [-57.26, -25.09], [-57.26, -25.08]]]]}, "properties": {"id": 157, "area_km2": 73.83, "cod_dpto": "D", "nom_dist": "NUEVA COLOMBIA", "cod_dist": "11"}}, {"type": "Feature", "geometry": {"type": "MultiPolygon", "coordinates": [[[[-54.91, -26.22], [-54.83, -26.54], [-54.83, -26.53], [-54.84, -26.53], [-54.85, -26.52], [-54.87, -26.5], [-54.87, -26.52], [-54.88, -26.52], [-54.9, -26.51], [-54.88, -26.5], [-54.9, -26.5], [-54.91, -26.5], [-54.91, -26.49], [-54.92, -26.48], [-54.92, -26.48], [-54.94, -26.48], [-54.95, -26.47], [-54.96, -26.46], [-54.96, -26.45], [-54.96, -26.44], [-54.98, -26.44], [-54.98, -26.43], [-54.99, -26.43], [-55.14, -26.21], [-55.13, -26.21], [-55.12, -26.22], [-55.1, -26.21], [-55.1, -26.23], [-55.08, -26.23], [-55.06, -26.24], [-55.05, -26.24], [-55.04, -26.24], [-55.03, -26.23], [-55.04, -26.23], [-55.03, -26.23], [-55.02, -26.23], [-55.01, -26.23], [-54.99, -26.23], [-54.98, -26.23], [-54.98, -26.24], [-54.97, -26.24], [-54.97, -26.23], [-54.96, -26.23], [-54.95, -26.23], [-54.96, -26.22], [-54.95, -26.21], [-54.94, -26.21], [-54.93, -26.21], [-54.92, -26.22], [-54.93, -26.23], [-54.92, -26.23], [-54.91, -26.22]]]]}, "properties": {"id": 158, "area_km2": 809.02, "cod_dpto": "H", "nom_dist": "CARLOS A. LOPEZ", "cod_dist": "22"}}, {"type": "Feature", "geometry": {"type": "MultiPolygon", "coordinates": [[[[-57.21, -25.08], [-57.2, -25.08], [-57.2, -25.09], [-57.19, -25.09], [-57.19, -25.09], [-57.19, -25.1], [-57.18, -25.1], [-57.18, -25.1], [-57.17, -25.1], [-57.17, -25.11], [-57.17, -25.11], [-57.17, -25.11], [-57.17, -25.12], [-57.17, -25.12], [-57.17, -25.12], [-57.16, -25.12], [-57.16, -25.13], [-57.16, -25.13], [-57.15, -25.13], [-57.15, -25.13], [-57.15, -25.13], [-57.15, -25.13], [-57.15, -25.13], [-57.18, -25.16], [-57.18, -25.16], [-57.18, -25.17], [-57.19, -25.18], [-57.19, -25.19], [-57.2, -25.19], [-57.2, -25.2], [-57.21, -25.2], [-57.22, -25.21], [-57.23, -25.21], [-57.24, -25.21], [-57.25, -25.21], [-57.26, -25.21], [-57.26, -25.2], [-57.24, -25.17], [-57.23, -25.15], [-57.24, -25.14], [-57.25, -25.14], [-57.25, -25.14], [-57.24, -25.13], [-57.24, -25.12], [-57.24, -25.12], [-57.23, -25.11], [-57.23, -25.11], [-57.23, -25.09], [-57.22, -25.09], [-57.22, -25.09], [-57.21, -25.09], [-57.21, -25.08]]]]}, "properties": {"id": 159, "area_km2": 85.5, "cod_dpto": "D", "nom_dist": "LOMA GRANDE", "cod_dist": "18"}}, {"type": "Feature", "geometry": {"type": "MultiPolygon", "coordinates": [[[[-57.02, -25.07], [-57.01, -25.07], [-57.01, -25.07], [-57.01, -25.07], [-57.0, -25.07], [-57.0, -25.07], [-57.0, -25.08], [-57, -25.07], [-57.0, -25.08], [-56.99, -25.07], [-56.99, -25.07], [-56.99, -25.07], [-56.98, -25.07], [-56.98, -25.08], [-56.98, -25.07], [-56.97, -25.08], [-56.97, -25.08], [-56.97, -25.08], [-56.97, -25.08], [-56.97, -25.09], [-56.97, -25.09], [-56.96, -25.09], [-56.97, -25.09], [-56.96, -25.09], [-56.96, -25.09], [-56.96, -25.1], [-56.96, -25.1], [-56.96, -25.1], [-56.95, -25.1], [-56.95, -25.1], [-56.95, -25.11], [-56.95, -25.11], [-56.95, -25.11], [-56.95, -25.11], [-56.95, -25.11], [-56.94, -25.11], [-56.94, -25.11], [-56.94, -25.11], [-56.94, -25.12], [-56.94, -25.12], [-56.94, -25.12], [-56.93, -25.12], [-56.93, -25.13], [-56.93, -25.13], [-56.92, -25.13], [-56.92, -25.13], [-56.92, -25.13], [-56.91, -25.13], [-56.91, -25.13], [-56.97, -25.17], [-56.99, -25.13], [-57.03, -25.07], [-57.02, -25.07]]]]}, "properties": {"id": 160, "area_km2": 78.21, "cod_dpto": "D", "nom_dist": "PRIMERO DE MARZO", "cod_dist": "13"}}, {"type": "Feature", "geometry": {"type": "MultiPolygon", "coordinates": [[[[-57.4, -25.06], [-57.34, -25.07], [-57.31, -25.07], [-57.29, -25.09], [-57.28, -25.09], [-57.28, -25.1], [-57.28, -25.11], [-57.28, -25.11], [-57.27, -25.11], [-57.27, -25.13], [-57.27, -25.13], [-57.27, -25.14], [-57.28, -25.14], [-57.28, -25.15], [-57.28, -25.15], [-57.29, -25.16], [-57.29, -25.16], [-57.38, -25.21], [-57.38, -25.2], [-57.38, -25.2], [-57.38, -25.2], [-57.39, -25.2], [-57.39, -25.2], [-57.39, -25.2], [-57.39, -25.19], [-57.39, -25.19], [-57.4, -25.18], [-57.4, -25.18], [-57.4, -25.18], [-57.4, -25.18], [-57.4, -25.17], [-57.4, -25.17], [-57.41, -25.17], [-57.41, -25.16], [-57.41, -25.16], [-57.42, -25.15], [-57.42, -25.15], [-57.43, -25.14], [-57.43, -25.14], [-57.44, -25.14], [-57.43, -25.14], [-57.43, -25.13], [-57.43, -25.13], [-57.44, -25.13], [-57.44, -25.13], [-57.44, -25.13], [-57.44, -25.13], [-57.45, -25.13], [-57.46, -25.12], [-57.47, -25.11], [-57.48, -25.11], [-57.4, -25.06]]]]}, "properties": {"id": 161, "area_km2": 196.4, "cod_dpto": "D", "nom_dist": "EMBOSCADA", "cod_dist": "6"}}, {"type": "Feature", "geometry": {"type": "MultiPolygon", "coordinates": [[[[-56.22, -25.05], [-56.12, -25.06], [-56.17, -25.11], [-56.17, -25.11], [-56.18, -25.11], [-56.18, -25.11], [-56.19, -25.11], [-56.19, -25.12], [-56.19, -25.12], [-56.19, -25.12], [-56.2, -25.12], [-56.2, -25.12], [-56.21, -25.12], [-56.21, -25.12], [-56.21, -25.12], [-56.22, -25.12], [-56.22, -25.12], [-56.22, -25.12], [-56.27, -25.13], [-56.27, -25.13], [-56.27, -25.13], [-56.27, -25.13], [-56.28, -25.13], [-56.28, -25.13], [-56.28, -25.13], [-56.28, -25.13], [-56.28, -25.13], [-56.29, -25.13], [-56.29, -25.13], [-56.29, -25.14], [-56.3, -25.14], [-56.3, -25.14], [-56.3, -25.14], [-56.31, -25.14], [-56.31, -25.14], [-56.32, -25.14], [-56.32, -25.14], [-56.32, -25.14], [-56.33, -25.13], [-56.33, -25.14], [-56.33, -25.14], [-56.33, -25.14], [-56.33, -25.13], [-56.33, -25.13], [-56.34, -25.13], [-56.34, -25.13], [-56.34, -25.13], [-56.34, -25.13], [-56.35, -25.13], [-56.35, -25.13], [-56.35, -25.13], [-56.35, -25.12], [-56.28, -25.04], [-56.22, -25.05]]]]}, "properties": {"id": 162, "area_km2": 148.91, "cod_dpto": "F", "nom_dist": "DR. CECILIO BAEZ", "cod_dist": "4"}}, {"type": "Feature", "geometry": {"type": "MultiPolygon", "coordinates": [[[[-55.36, -25.0], [-55.31, -25.01], [-55.3, -25.02], [-55.28, -25.02], [-55.27, -25.03], [-55.27, -25.04], [-55.25, -25.04], [-55.24, -25.03], [-55.23, -25.04], [-55.23, -25.05], [-55.22, -25.05], [-55.21, -25.05], [-55.21, -25.05], [-55.2, -25.04], [-55.19, -25.05], [-55.18, -25.06], [-55.17, -25.08], [-55.16, -25.08], [-55.16, -25.1], [-55.15, -25.1], [-55.13, -25.11], [-55.12, -25.12], [-55.11, -25.13], [-55.1, -25.13], [-55.09, -25.13], [-55.09, -25.14], [-55.08, -25.14], [-55.06, -25.16], [-55.06, -25.16], [-55.05, -25.17], [-55.05, -25.17], [-55.04, -25.18], [-55.03, -25.18], [-55.02, -25.19], [-55.01, -25.2], [-55.03, -25.23], [-55.01, -25.23], [-55.0, -25.24], [-54.99, -25.24], [-54.98, -25.26], [-54.97, -25.26], [-54.97, -25.27], [-54.98, -25.28], [-54.96, -25.3], [-54.96, -25.31], [-54.95, -25.32], [-54.95, -25.34], [-54.92, -25.37], [-54.94, -25.37], [-54.96, -25.37], [-55.35, -25.14], [-55.36, -25.0]]]]}, "properties": {"id": 163, "area_km2": 869.67, "cod_dpto": "F", "nom_dist": "MCAL. F. S. LOPEZ", "cod_dist": "20"}}, {"type": "Feature", "geometry": {"type": "MultiPolygon", "coordinates": [[[[-56.44, -24.95], [-56.42, -24.95], [-56.42, -24.96], [-56.41, -24.97], [-56.4, -24.98], [-56.4, -24.98], [-56.39, -24.98], [-56.38, -24.99], [-56.37, -24.98], [-56.36, -24.99], [-56.35, -25.0], [-56.34, -24.99], [-56.33, -24.99], [-56.32, -24.98], [-56.31, -24.99], [-56.31, -24.99], [-56.3, -24.99], [-56.3, -25.0], [-56.29, -25.0], [-56.28, -25.0], [-56.28, -25.0], [-56.27, -25.01], [-56.26, -25.01], [-56.25, -25.02], [-56.24, -25.02], [-56.24, -25.01], [-56.23, -25.01], [-56.23, -25.01], [-56.22, -25.01], [-56.22, -25.0], [-56.21, -25.0], [-56.21, -25.0], [-56.2, -25.0], [-56.2, -25.0], [-56.19, -24.99], [-56.18, -24.99], [-56.17, -24.99], [-56.16, -24.99], [-56.15, -24.99], [-56.15, -24.99], [-56.13, -24.99], [-56.12, -24.98], [-56.11, -24.96], [-56.24, -25.04], [-56.35, -25.12], [-56.36, -25.12], [-56.37, -25.11], [-56.38, -25.1], [-56.43, -25.07], [-56.52, -25.02], [-56.51, -25.0], [-56.44, -24.95]]]]}, "properties": {"id": 164, "area_km2": 356.14, "cod_dpto": "F", "nom_dist": "SIMON BOLIVAR", "cod_dist": "22"}}, {"type": "Feature", "geometry": {"type": "MultiPolygon", "coordinates": [[[[-56.27, -25.13], [-56.2, -25.12], [-56.18, -25.11], [-56.06, -25.16], [-56.06, -25.19], [-56.07, -25.22], [-56.1, -25.23], [-56.12, -25.23], [-56.13, -25.26], [-56.15, -25.27], [-56.16, -25.27], [-56.18, -25.28], [-56.21, -25.29], [-56.21, -25.29], [-56.22, -25.3], [-56.22, -25.31], [-56.23, -25.31], [-56.25, -25.31], [-56.26, -25.31], [-56.28, -25.32], [-56.3, -25.32], [-56.32, -25.34], [-56.34, -25.34], [-56.35, -25.35], [-56.36, -25.35], [-56.37, -25.35], [-56.37, -25.34], [-56.38, -25.34], [-56.38, -25.33], [-56.38, -25.32], [-56.39, -25.31], [-56.39, -25.3], [-56.4, -25.3], [-56.4, -25.29], [-56.4, -25.28], [-56.41, -25.27], [-56.42, -25.26], [-56.42, -25.25], [-56.44, -25.24], [-56.45, -25.23], [-56.46, -25.21], [-56.47, -25.2], [-56.49, -25.03], [-56.38, -25.1], [-56.36, -25.12], [-56.35, -25.12], [-56.34, -25.13], [-56.33, -25.13], [-56.3, -25.14], [-56.28, -25.13], [-56.27, -25.13], [-56.27, -25.13]]]]}, "properties": {"id": 165, "area_km2": 895.99, "cod_dpto": "F", "nom_dist": "CARAYAO", "cod_dist": "3"}}, {"type": "Feature", "geometry": {"type": "MultiPolygon", "coordinates": [[[[-56.88, -25.01], [-56.87, -25.02], [-56.87, -25.02], [-56.86, -25.02], [-56.86, -25.03], [-56.86, -25.03], [-56.83, -25.04], [-56.77, -25.07], [-56.83, -25.14], [-56.83, -25.14], [-56.83, -25.14], [-56.84, -25.14], [-56.84, -25.15], [-56.84, -25.14], [-56.84, -25.14], [-56.85, -25.14], [-56.85, -25.14], [-56.85, -25.13], [-56.86, -25.14], [-56.86, -25.14], [-56.91, -25.23], [-56.93, -25.16], [-56.91, -25.13], [-56.92, -25.13], [-56.92, -25.13], [-56.92, -25.13], [-56.93, -25.13], [-56.93, -25.12], [-56.93, -25.12], [-56.94, -25.12], [-56.94, -25.12], [-56.94, -25.11], [-56.94, -25.11], [-56.94, -25.11], [-56.95, -25.11], [-56.95, -25.11], [-56.95, -25.11], [-56.95, -25.11], [-56.95, -25.1], [-56.91, -25.03], [-56.91, -25.02], [-56.9, -25.02], [-56.9, -25.02], [-56.9, -25.02], [-56.9, -25.02], [-56.89, -25.02], [-56.89, -25.02], [-56.89, -25.02], [-56.88, -25.01], [-56.88, -25.02], [-56.88, -25.01], [-56.88, -25.01]]]]}, "properties": {"id": 166, "area_km2": 240.45, "cod_dpto": "D", "nom_dist": "SAN JOSE OBRERO", "cod_dist": "20"}}, {"type": "Feature", "geometry": {"type": "MultiPolygon", "coordinates": [[[[-55.63, -25.04], [-55.44, -25.23], [-55.44, -25.23], [-55.45, -25.23], [-55.45, -25.22], [-55.45, -25.22], [-55.45, -25.22], [-55.51, -25.24], [-55.57, -25.27], [-55.65, -25.27], [-55.66, -25.27], [-55.66, -25.26], [-55.66, -25.26], [-55.67, -25.26], [-55.67, -25.26], [-55.67, -25.26], [-55.67, -25.26], [-55.67, -25.26], [-55.68, -25.27], [-55.68, -25.27], [-55.68, -25.27], [-55.68, -25.27], [-55.68, -25.27], [-55.68, -25.27], [-55.69, -25.27], [-55.69, -25.27], [-55.69, -25.27], [-55.69, -25.27], [-55.69, -25.27], [-55.69, -25.27], [-55.7, -25.27], [-55.7, -25.28], [-55.71, -25.1], [-55.71, -25.1], [-55.72, -25.09], [-55.73, -25.08], [-55.72, -25.08], [-55.72, -25.08], [-55.71, -25.07], [-55.71, -25.07], [-55.7, -25.06], [-55.7, -25.05], [-55.69, -25.05], [-55.68, -25.04], [-55.68, -25.03], [-55.68, -25.02], [-55.69, -25.02], [-55.7, -25.02], [-55.7, -25.02], [-55.7, -25.01], [-55.7, -25.0], [-55.63, -25.04]]]]}, "properties": {"id": 167, "area_km2": 640.03, "cod_dpto": "F", "nom_dist": "RAUL A. OVIEDO", "cod_dist": "19"}}, {"type": "Feature", "geometry": {"type": "MultiPolygon", "coordinates": [[[[-57.27, -24.94], [-57.23, -24.96], [-57.2, -24.96], [-57.17, -24.98], [-57.12, -25.01], [-57.07, -25.01], [-57.04, -25.0], [-57.03, -25.01], [-57.02, -25.02], [-57.01, -25.01], [-57.0, -25.02], [-56.98, -25.02], [-56.97, -25.02], [-56.96, -25.02], [-56.95, -25.02], [-56.94, -25.02], [-56.93, -25.02], [-56.92, -25.02], [-56.91, -25.03], [-56.96, -25.1], [-56.97, -25.09], [-56.97, -25.08], [-56.98, -25.07], [-56.99, -25.07], [-57.0, -25.08], [-57.01, -25.07], [-57.1, -25.14], [-57.12, -25.14], [-57.13, -25.14], [-57.15, -25.13], [-57.15, -25.13], [-57.15, -25.13], [-57.15, -25.13], [-57.15, -25.13], [-57.16, -25.13], [-57.17, -25.12], [-57.17, -25.12], [-57.17, -25.11], [-57.17, -25.1], [-57.18, -25.1], [-57.19, -25.09], [-57.2, -25.09], [-57.2, -25.08], [-57.21, -25.09], [-57.23, -25.09], [-57.24, -25.09], [-57.26, -25.09], [-57.27, -25.1], [-57.3, -25.08], [-57.34, -25.07], [-57.31, -24.96], [-57.27, -24.94]]]]}, "properties": {"id": 168, "area_km2": 528.86, "cod_dpto": "D", "nom_dist": "ARROYOS Y ESTEROS", "cod_dist": "3"}}, {"type": "Feature", "geometry": {"type": "MultiPolygon", "coordinates": [[[[-57.96, -22.08], [-57.94, -22.1], [-57.91, -22.12], [-57.87, -22.13], [-57.86, -22.13], [-57.82, -22.12], [-57.8, -22.15], [-57.79, -22.13], [-57.76, -22.14], [-57.74, -22.13], [-57.73, -22.1], [-57.71, -22.09], [-57.67, -22.1], [-57.65, -22.11], [-57.61, -22.09], [-57.6, -22.12], [-57.6, -22.14], [-57.59, -22.14], [-57.59, -22.17], [-57.55, -22.18], [-57.52, -22.39], [-57.55, -22.39], [-57.57, -22.4], [-57.58, -22.39], [-57.6, -22.38], [-57.62, -22.37], [-57.63, -22.37], [-57.64, -22.36], [-57.65, -22.36], [-57.66, -22.37], [-57.68, -22.37], [-57.68, -22.37], [-57.7, -22.38], [-57.71, -22.38], [-57.72, -22.38], [-57.73, -22.39], [-57.74, -22.39], [-57.75, -22.39], [-57.75, -22.4], [-57.76, -22.41], [-57.77, -22.42], [-57.77, -22.41], [-57.78, -22.4], [-57.8, -22.4], [-57.81, -22.4], [-57.82, -22.4], [-57.82, -22.41], [-57.84, -22.41], [-57.88, -22.32], [-57.97, -22.22], [-57.99, -22.09], [-57.96, -22.08]]]]}, "properties": {"id": 169, "area_km2": 1226.6, "cod_dpto": "B", "nom_dist": "SAN LAZARO", "cod_dist": "2"}}, {"type": "Feature", "geometry": {"type": "MultiPolygon", "coordinates": [[[[-56.01, -24.89], [-55.95, -24.91], [-55.92, -24.93], [-55.97, -24.96], [-55.98, -24.99], [-55.97, -25.02], [-55.97, -25.05], [-56.01, -25.06], [-56.01, -25.11], [-55.97, -25.13], [-55.97, -25.2], [-55.97, -25.21], [-55.97, -25.21], [-55.97, -25.21], [-55.98, -25.21], [-55.98, -25.2], [-55.98, -25.2], [-55.98, -25.2], [-55.99, -25.2], [-55.99, -25.2], [-55.99, -25.19], [-55.99, -25.19], [-56.01, -25.19], [-56.01, -25.19], [-56.02, -25.19], [-56.03, -25.19], [-56.06, -25.19], [-56.06, -25.19], [-56.06, -25.19], [-56.06, -25.19], [-56.06, -25.18], [-56.06, -25.18], [-56.06, -25.18], [-56.06, -25.17], [-56.06, -25.17], [-56.07, -25.17], [-56.07, -25.16], [-56.06, -25.16], [-56.06, -25.16], [-56.06, -25.15], [-56.08, -25.15], [-56.11, -25.07], [-56.09, -24.95], [-56.09, -24.95], [-56.09, -24.95], [-56.1, -24.95], [-56.1, -24.94], [-56.1, -24.94], [-56.1, -24.94], [-56.11, -24.94], [-56.11, -24.93], [-56.1, -24.92], [-56.01, -24.89]]]]}, "properties": {"id": 170, "area_km2": 402.45, "cod_dpto": "F", "nom_dist": "SAN JOAQUIN", "cod_dist": "8"}}, {"type": "Feature", "geometry": {"type": "MultiPolygon", "coordinates": [[[[-56.83, -24.86], [-56.73, -24.89], [-56.71, -24.88], [-56.7, -24.88], [-56.62, -24.97], [-56.61, -24.98], [-56.59, -24.99], [-56.58, -24.99], [-56.56, -25.0], [-56.64, -25.15], [-56.86, -25.03], [-56.87, -25.02], [-56.88, -25.01], [-56.89, -25.02], [-56.9, -25.02], [-56.91, -25.03], [-56.92, -25.03], [-56.92, -25.02], [-56.93, -25.02], [-56.94, -25.02], [-56.95, -25.02], [-56.96, -25.02], [-56.97, -25.02], [-56.98, -25.02], [-57.0, -25.02], [-57.01, -25.01], [-57.02, -25.02], [-57.03, -25.01], [-57.04, -25.01], [-57.05, -25.0], [-57.05, -24.99], [-57.04, -24.98], [-57.03, -24.98], [-57.02, -24.98], [-57.02, -24.98], [-57.01, -24.97], [-57.01, -24.96], [-57.01, -24.96], [-57.0, -24.95], [-57.0, -24.94], [-57.0, -24.93], [-56.99, -24.93], [-56.99, -24.92], [-56.99, -24.91], [-56.98, -24.91], [-56.98, -24.9], [-56.99, -24.9], [-56.99, -24.89], [-56.98, -24.88], [-56.97, -24.87], [-56.96, -24.86], [-56.83, -24.86]]]]}, "properties": {"id": 171, "area_km2": 976.91, "cod_dpto": "D", "nom_dist": "JUAN DE MENA", "cod_dist": "10"}}, {"type": "Feature", "geometry": {"type": "MultiPolygon", "coordinates": [[[[-55.36, -24.83], [-55.35, -24.84], [-55.35, -24.84], [-55.35, -24.85], [-55.34, -24.85], [-55.34, -24.86], [-55.34, -24.86], [-55.34, -24.86], [-55.34, -24.87], [-55.34, -24.87], [-55.33, -24.88], [-55.33, -24.88], [-55.33, -24.88], [-55.33, -24.89], [-55.33, -24.89], [-55.33, -24.9], [-55.34, -24.91], [-55.34, -24.91], [-55.34, -24.92], [-55.34, -24.92], [-55.33, -24.93], [-55.33, -24.93], [-55.33, -24.94], [-55.33, -24.94], [-55.33, -24.94], [-55.33, -24.95], [-55.33, -24.95], [-55.33, -24.97], [-55.32, -24.97], [-55.32, -24.98], [-55.31, -24.98], [-55.3, -24.99], [-55.31, -25.0], [-55.31, -25.0], [-55.44, -25.11], [-55.68, -24.98], [-55.6, -24.92], [-55.59, -24.91], [-55.58, -24.9], [-55.55, -24.9], [-55.52, -24.89], [-55.49, -24.89], [-55.46, -24.89], [-55.43, -24.88], [-55.42, -24.88], [-55.41, -24.88], [-55.4, -24.88], [-55.39, -24.88], [-55.37, -24.86], [-55.37, -24.85], [-55.37, -24.84], [-55.36, -24.83]]]]}, "properties": {"id": 172, "area_km2": 594.77, "cod_dpto": "F", "nom_dist": "NUEVA TOLEDO", "cod_dist": "5"}}, {"type": "Feature", "geometry": {"type": "MultiPolygon", "coordinates": [[[[-56.42, -24.95], [-56.36, -24.92], [-56.35, -24.92], [-56.34, -24.92], [-56.33, -24.92], [-56.32, -24.93], [-56.3, -24.93], [-56.3, -24.94], [-56.28, -24.94], [-56.27, -24.94], [-56.26, -24.93], [-56.23, -24.93], [-56.27, -24.79], [-56.26, -24.77], [-56.24, -24.78], [-56.23, -24.79], [-56.22, -24.8], [-56.22, -24.82], [-56.21, -24.84], [-56.2, -24.86], [-56.19, -24.88], [-56.17, -24.92], [-56.11, -24.94], [-56.1, -24.96], [-56.12, -24.98], [-56.15, -24.99], [-56.15, -24.99], [-56.17, -24.99], [-56.18, -24.99], [-56.2, -25.0], [-56.2, -25.0], [-56.21, -25.0], [-56.22, -25.0], [-56.23, -25.01], [-56.24, -25.01], [-56.24, -25.02], [-56.26, -25.02], [-56.27, -25.01], [-56.28, -25.0], [-56.29, -25.0], [-56.3, -24.99], [-56.31, -24.99], [-56.32, -24.98], [-56.33, -24.99], [-56.35, -25.0], [-56.37, -24.99], [-56.38, -24.99], [-56.4, -24.98], [-56.4, -24.97], [-56.42, -24.96], [-56.42, -24.95], [-56.42, -24.95]]]]}, "properties": {"id": 173, "area_km2": 305.63, "cod_dpto": "F", "nom_dist": "SANTA ROSA DEL MBUTUY", "cod_dist": "15"}}, {"type": "Feature", "geometry": {"type": "MultiPolygon", "coordinates": [[[[-56.39, -24.91], [-56.28, -24.76], [-56.27, -24.75], [-56.27, -24.76], [-56.27, -24.76], [-56.26, -24.76], [-56.26, -24.76], [-56.26, -24.77], [-56.26, -24.77], [-56.26, -24.78], [-56.27, -24.79], [-56.27, -24.8], [-56.24, -24.87], [-56.22, -24.93], [-56.24, -24.93], [-56.24, -24.93], [-56.26, -24.93], [-56.26, -24.93], [-56.27, -24.93], [-56.27, -24.93], [-56.27, -24.93], [-56.27, -24.94], [-56.28, -24.94], [-56.28, -24.94], [-56.28, -24.94], [-56.29, -24.94], [-56.29, -24.94], [-56.29, -24.94], [-56.3, -24.94], [-56.3, -24.94], [-56.3, -24.93], [-56.31, -24.93], [-56.31, -24.93], [-56.31, -24.93], [-56.32, -24.93], [-56.32, -24.92], [-56.32, -24.92], [-56.33, -24.92], [-56.33, -24.92], [-56.33, -24.92], [-56.34, -24.92], [-56.34, -24.92], [-56.34, -24.92], [-56.34, -24.92], [-56.35, -24.92], [-56.35, -24.92], [-56.35, -24.92], [-56.36, -24.92], [-56.36, -24.92], [-56.37, -24.91], [-56.37, -24.91], [-56.39, -24.91]]]]}, "properties": {"id": 174, "area_km2": 295.6, "cod_dpto": "C", "nom_dist": "YATAITY DEL NORTE", "cod_dist": "12"}}, {"type": "Feature", "geometry": {"type": "MultiPolygon", "coordinates": [[[[-56.42, -24.75], [-56.42, -24.95], [-56.45, -24.94], [-56.55, -25.0], [-56.55, -25.0], [-56.56, -25.0], [-56.57, -25.0], [-56.58, -24.99], [-56.58, -24.99], [-56.59, -24.99], [-56.59, -24.99], [-56.6, -24.99], [-56.6, -24.98], [-56.61, -24.98], [-56.62, -24.98], [-56.62, -24.97], [-56.62, -24.97], [-56.62, -24.97], [-56.69, -24.88], [-56.69, -24.87], [-56.68, -24.86], [-56.69, -24.83], [-56.68, -24.8], [-56.65, -24.8], [-56.64, -24.81], [-56.64, -24.81], [-56.63, -24.81], [-56.62, -24.81], [-56.62, -24.8], [-56.61, -24.8], [-56.6, -24.8], [-56.6, -24.8], [-56.59, -24.8], [-56.59, -24.8], [-56.58, -24.8], [-56.57, -24.79], [-56.56, -24.79], [-56.56, -24.78], [-56.55, -24.77], [-56.55, -24.77], [-56.54, -24.77], [-56.54, -24.77], [-56.53, -24.77], [-56.52, -24.77], [-56.51, -24.77], [-56.5, -24.76], [-56.5, -24.75], [-56.48, -24.73], [-56.48, -24.73], [-56.47, -24.72], [-56.46, -24.71], [-56.42, -24.75]]]]}, "properties": {"id": 175, "area_km2": 592.26, "cod_dpto": "C", "nom_dist": "UNION", "cod_dist": "9"}}, {"type": "Feature", "geometry": {"type": "MultiPolygon", "coordinates": [[[[-58.17, -24.7], [-57.7, -25.16], [-57.68, -25.18], [-57.66, -25.19], [-57.65, -25.2], [-57.66, -25.22], [-57.67, -25.23], [-57.68, -25.25], [-57.69, -25.25], [-57.7, -25.26], [-57.72, -25.25], [-57.75, -25.23], [-57.75, -25.21], [-57.75, -25.19], [-57.77, -25.16], [-57.81, -25.14], [-57.84, -25.12], [-57.85, -25.1], [-57.88, -25.08], [-57.92, -25.08], [-57.96, -25.07], [-57.98, -25.09], [-58.0, -25.07], [-58.01, -25.04], [-58.03, -25.04], [-58.06, -25.04], [-58.08, -25.03], [-58.09, -25.01], [-58.12, -25.01], [-58.14, -25.0], [-58.15, -24.97], [-58.18, -24.97], [-58.21, -24.95], [-58.22, -24.93], [-58.26, -24.94], [-58.28, -24.96], [-58.3, -24.98], [-58.31, -24.99], [-58.33, -25.0], [-58.34, -25.0], [-58.35, -24.98], [-58.35, -24.97], [-58.37, -24.96], [-58.38, -24.95], [-58.4, -24.94], [-58.41, -24.93], [-58.42, -24.92], [-58.43, -24.91], [-58.44, -24.88], [-58.46, -24.87], [-58.49, -24.86], [-58.17, -24.7]]]]}, "properties": {"id": 176, "area_km2": 1835.07, "cod_dpto": "P", "nom_dist": "JOSE FALCON", "cod_dist": "6"}}, {"type": "Feature", "geometry": {"type": "MultiPolygon", "coordinates": [[[[-54.41, -24.68], [-54.37, -24.7], [-54.42, -24.89], [-54.63, -24.88], [-54.73, -24.88], [-54.75, -24.91], [-54.75, -24.92], [-54.76, -24.93], [-54.76, -24.93], [-54.76, -24.94], [-54.76, -24.95], [-54.77, -24.95], [-54.79, -24.94], [-54.8, -24.94], [-54.8, -24.95], [-54.8, -24.95], [-54.81, -24.95], [-54.81, -24.95], [-54.85, -24.99], [-54.85, -24.99], [-54.85, -25.0], [-54.85, -25.0], [-54.86, -25.0], [-54.9, -25.01], [-54.94, -25.06], [-54.94, -25.06], [-54.94, -25.06], [-54.95, -25.06], [-54.95, -25.06], [-55.02, -25.01], [-55.06, -24.96], [-54.9, -24.94], [-54.89, -24.94], [-54.89, -24.94], [-54.88, -24.93], [-54.88, -24.93], [-54.87, -24.93], [-54.87, -24.92], [-54.87, -24.92], [-54.87, -24.92], [-54.87, -24.91], [-54.86, -24.91], [-54.86, -24.91], [-54.85, -24.91], [-54.85, -24.91], [-54.85, -24.9], [-54.84, -24.9], [-54.84, -24.89], [-54.66, -24.76], [-54.61, -24.7], [-54.54, -24.69], [-54.48, -24.71], [-54.44, -24.7], [-54.41, -24.68]]]]}, "properties": {"id": 177, "area_km2": 1062.96, "cod_dpto": "K", "nom_dist": "SAN ALBERTO", "cod_dist": "15"}}, {"type": "Feature", "geometry": {"type": "MultiPolygon", "coordinates": [[[[-56.53, -24.67], [-56.57, -24.79], [-56.6, -24.8], [-56.62, -24.81], [-56.65, -24.8], [-56.69, -24.87], [-56.7, -24.88], [-56.73, -24.89], [-56.81, -24.87], [-56.97, -24.87], [-56.98, -24.88], [-56.99, -24.89], [-56.98, -24.9], [-56.98, -24.91], [-56.99, -24.92], [-56.99, -24.93], [-57.0, -24.93], [-57.0, -24.94], [-57.01, -24.95], [-57.01, -24.96], [-57.01, -24.97], [-57.02, -24.98], [-57.03, -24.98], [-57.03, -24.97], [-57.03, -24.96], [-57.03, -24.96], [-57.04, -24.95], [-57.04, -24.95], [-57.04, -24.94], [-57.05, -24.93], [-57.06, -24.93], [-57.05, -24.92], [-57.06, -24.91], [-57.06, -24.91], [-57.05, -24.9], [-57.04, -24.9], [-57.04, -24.89], [-57.04, -24.88], [-57.04, -24.87], [-57.06, -24.86], [-57.05, -24.86], [-57.05, -24.85], [-57.06, -24.84], [-57.05, -24.83], [-57.05, -24.83], [-57.05, -24.82], [-57.04, -24.81], [-57.05, -24.8], [-57.05, -24.79], [-57.03, -24.79], [-56.8, -24.66], [-56.53, -24.67]]]]}, "properties": {"id": 178, "area_km2": 929.33, "cod_dpto": "C", "nom_dist": "25 DE DICIEMBRE", "cod_dist": "10"}}, {"type": "Feature", "geometry": {"type": "MultiPolygon", "coordinates": [[[[-55.55, -26.66], [-55.53, -26.67], [-55.52, -26.68], [-55.51, -26.69], [-55.5, -26.71], [-55.47, -26.73], [-55.44, -26.76], [-55.43, -26.77], [-55.4, -26.79], [-55.4, -26.83], [-55.36, -26.83], [-55.35, -26.87], [-55.32, -26.9], [-55.28, -26.93], [-55.32, -26.96], [-55.42, -26.98], [-55.43, -26.98], [-55.43, -26.97], [-55.43, -26.97], [-55.43, -26.96], [-55.44, -26.96], [-55.44, -26.95], [-55.45, -26.96], [-55.45, -26.96], [-55.46, -26.96], [-55.46, -26.95], [-55.47, -26.95], [-55.48, -26.95], [-55.49, -26.98], [-55.51, -26.98], [-55.53, -26.97], [-55.54, -26.95], [-55.56, -26.94], [-55.58, -26.92], [-55.6, -26.91], [-55.61, -26.89], [-55.62, -26.88], [-55.64, -26.87], [-55.66, -26.85], [-55.67, -26.84], [-55.68, -26.83], [-55.7, -26.81], [-55.72, -26.79], [-55.75, -26.77], [-55.74, -26.76], [-55.73, -26.75], [-55.72, -26.75], [-55.66, -26.72], [-55.64, -26.71], [-55.6, -26.69], [-55.59, -26.68], [-55.56, -26.66], [-55.55, -26.66]]]]}, "properties": {"id": 179, "area_km2": 838.43, "cod_dpto": "H", "nom_dist": "PIRAPO", "cod_dist": "30"}}, {"type": "Feature", "geometry": {"type": "MultiPolygon", "coordinates": [[[[-55.59, -24.6], [-55.56, -24.67], [-55.54, -24.69], [-55.52, -24.71], [-55.51, -24.72], [-55.49, -24.73], [-55.47, -24.74], [-55.46, -24.75], [-55.44, -24.75], [-55.43, -24.75], [-55.42, -24.77], [-55.4, -24.79], [-55.38, -24.81], [-55.38, -24.82], [-55.39, -24.83], [-55.41, -24.83], [-55.42, -24.82], [-55.43, -24.82], [-55.45, -24.82], [-55.45, -24.83], [-55.46, -24.83], [-55.47, -24.83], [-55.48, -24.84], [-55.72, -24.91], [-55.74, -24.9], [-55.76, -24.91], [-55.79, -24.92], [-55.8, -24.95], [-55.82, -24.96], [-55.84, -24.96], [-55.88, -25.0], [-55.88, -25.0], [-55.87, -25.01], [-55.86, -25.02], [-55.84, -25.02], [-55.83, -25.02], [-55.82, -25.02], [-55.81, -25.02], [-55.8, -25.03], [-55.79, -25.04], [-55.78, -25.05], [-55.77, -25.05], [-55.76, -25.06], [-55.75, -25.07], [-55.74, -25.07], [-55.73, -25.09], [-55.77, -25.16], [-55.95, -25.21], [-55.97, -25.2], [-55.95, -24.91], [-55.61, -24.64], [-55.59, -24.6]]]]}, "properties": {"id": 180, "area_km2": 1400.84, "cod_dpto": "F", "nom_dist": "YHU", "cod_dist": "10"}}, {"type": "Feature", "geometry": {"type": "MultiPolygon", "coordinates": [[[[-54.94, -24.56], [-54.94, -24.57], [-54.93, -24.57], [-54.93, -24.57], [-54.92, -24.57], [-54.92, -24.57], [-54.91, -24.58], [-54.91, -24.58], [-54.91, -24.59], [-54.91, -24.6], [-54.9, -24.61], [-54.9, -24.62], [-54.89, -24.62], [-54.9, -24.63], [-54.88, -24.63], [-54.88, -24.64], [-54.87, -24.64], [-54.86, -24.65], [-54.85, -24.65], [-54.85, -24.65], [-54.84, -24.65], [-54.84, -24.66], [-54.84, -24.67], [-54.83, -24.67], [-54.82, -24.67], [-54.81, -24.67], [-54.8, -24.67], [-54.8, -24.67], [-54.78, -24.66], [-54.78, -24.66], [-54.77, -24.65], [-54.76, -24.66], [-54.75, -24.66], [-54.74, -24.65], [-54.73, -24.65], [-54.73, -24.66], [-54.72, -24.67], [-54.71, -24.68], [-54.7, -24.68], [-54.69, -24.69], [-54.68, -24.68], [-54.68, -24.67], [-54.67, -24.67], [-54.65, -24.68], [-54.65, -24.69], [-54.66, -24.7], [-54.64, -24.72], [-54.87, -24.91], [-54.89, -24.94], [-54.95, -24.57], [-54.95, -24.57], [-54.94, -24.56]]]]}, "properties": {"id": 181, "area_km2": 847.73, "cod_dpto": "K", "nom_dist": "MINGA PORA", "cod_dist": "16"}}, {"type": "Feature", "geometry": {"type": "MultiPolygon", "coordinates": [[[[-56.04, -26.97], [-56.04, -26.98], [-56.03, -26.98], [-56.03, -26.98], [-56.02, -26.98], [-56.02, -26.98], [-56.02, -26.99], [-56.01, -26.99], [-56.01, -26.99], [-56.0, -27.0], [-55.95, -27.02], [-55.89, -27.08], [-55.88, -27.09], [-56.13, -27.07], [-56.13, -27.07], [-56.12, -27.06], [-56.12, -27.06], [-56.12, -27.05], [-56.12, -27.05], [-56.12, -27.05], [-56.12, -27.05], [-56.12, -27.04], [-56.12, -27.04], [-56.12, -27.03], [-56.12, -27.03], [-56.12, -27.02], [-56.12, -27.02], [-56.12, -27.02], [-56.12, -27.01], [-56.11, -27.01], [-56.11, -27.01], [-56.11, -27.0], [-56.1, -27.0], [-56.1, -27.0], [-56.1, -27.01], [-56.09, -27.0], [-56.09, -27.0], [-56.09, -27.0], [-56.08, -27.0], [-56.08, -26.99], [-56.08, -26.99], [-56.07, -26.99], [-56.07, -26.98], [-56.07, -26.98], [-56.06, -26.98], [-56.06, -26.98], [-56.06, -26.98], [-56.05, -26.98], [-56.05, -26.98], [-56.05, -26.98], [-56.04, -26.97], [-56.04, -26.97]]]]}, "properties": {"id": 182, "area_km2": 327.26, "cod_dpto": "H", "nom_dist": "FRAM", "cod_dist": "9"}}, {"type": "Feature", "geometry": {"type": "MultiPolygon", "coordinates": [[[[-56.72, -26.96], [-56.77, -27.06], [-56.85, -27.05], [-56.85, -27.06], [-56.86, -27.06], [-56.86, -27.07], [-56.87, -27.08], [-56.88, -27.08], [-56.88, -27.08], [-56.9, -27.09], [-56.9, -27.09], [-56.91, -27.09], [-56.9, -27.09], [-56.9, -27.08], [-56.9, -27.08], [-56.9, -27.08], [-56.9, -27.07], [-56.9, -27.07], [-56.89, -27.06], [-56.89, -27.05], [-56.89, -27.04], [-56.89, -27.04], [-56.88, -27.03], [-56.87, -27.02], [-56.86, -27.0], [-56.85, -27.0], [-56.85, -26.99], [-56.85, -26.98], [-56.85, -26.98], [-56.85, -26.97], [-56.85, -26.93], [-56.84, -26.93], [-56.84, -26.94], [-56.83, -26.94], [-56.83, -26.94], [-56.82, -26.95], [-56.81, -26.95], [-56.81, -26.95], [-56.8, -26.95], [-56.79, -26.95], [-56.78, -26.95], [-56.78, -26.95], [-56.77, -26.96], [-56.77, -26.96], [-56.76, -26.96], [-56.76, -26.97], [-56.75, -26.97], [-56.74, -26.97], [-56.74, -26.96], [-56.73, -26.96], [-56.72, -26.96], [-56.72, -26.96]]]]}, "properties": {"id": 183, "area_km2": 169.63, "cod_dpto": "I", "nom_dist": "SAN PATRICIO", "cod_dist": "5"}}, {"type": "Feature", "geometry": {"type": "MultiPolygon", "coordinates": [[[[-56.64, -27.1], [-56.66, -27.18], [-56.68, -27.2], [-56.69, -27.2], [-56.69, -27.2], [-56.69, -27.21], [-56.69, -27.21], [-56.7, -27.21], [-56.69, -27.22], [-56.69, -27.22], [-56.7, -27.23], [-56.7, -27.23], [-56.7, -27.23], [-56.71, -27.23], [-56.71, -27.24], [-56.7, -27.24], [-56.7, -27.24], [-56.7, -27.25], [-56.7, -27.25], [-56.7, -27.25], [-56.7, -27.26], [-56.69, -27.26], [-56.69, -27.26], [-56.7, -27.27], [-56.98, -27.24], [-56.98, -27.23], [-56.98, -27.22], [-56.97, -27.2], [-56.98, -27.19], [-56.97, -27.18], [-56.91, -27.13], [-56.91, -27.12], [-56.9, -27.11], [-56.9, -27.11], [-56.9, -27.1], [-56.9, -27.09], [-56.88, -27.08], [-56.88, -27.08], [-56.87, -27.07], [-56.86, -27.06], [-56.85, -27.06], [-56.85, -27.05], [-56.74, -27.03], [-56.71, -26.96], [-56.71, -26.96], [-56.7, -26.96], [-56.7, -26.95], [-56.69, -26.95], [-56.69, -26.95], [-56.68, -26.95], [-56.68, -26.94], [-56.64, -27.1]]]]}, "properties": {"id": 184, "area_km2": 761.03, "cod_dpto": "I", "nom_dist": "SANTIAGO", "cod_dist": "6"}}, {"type": "Feature", "geometry": {"type": "MultiPolygon", "coordinates": [[[[-56.18, -24.89], [-56.12, -24.81], [-56.1, -24.77], [-56.11, -24.77], [-56.11, -24.76], [-56.12, -24.75], [-56.13, -24.74], [-56.12, -24.73], [-56.13, -24.72], [-56.14, -24.71], [-56.14, -24.7], [-56.14, -24.69], [-56.14, -24.69], [-56.14, -24.68], [-56.14, -24.68], [-56.14, -24.67], [-56.14, -24.67], [-56.15, -24.66], [-56.15, -24.66], [-56.15, -24.66], [-56.15, -24.65], [-56.16, -24.65], [-56.16, -24.64], [-56.16, -24.64], [-56.17, -24.64], [-56.17, -24.63], [-56.17, -24.63], [-56.16, -24.63], [-56.06, -24.61], [-56.02, -24.57], [-55.99, -24.53], [-55.98, -24.54], [-55.98, -24.54], [-55.97, -24.55], [-55.96, -24.56], [-55.94, -24.57], [-55.94, -24.57], [-55.94, -24.58], [-55.94, -24.6], [-55.94, -24.61], [-55.93, -24.63], [-55.92, -24.64], [-55.91, -24.66], [-55.9, -24.66], [-55.88, -24.67], [-55.87, -24.68], [-55.84, -24.76], [-55.8, -24.77], [-55.76, -24.78], [-56.03, -24.89], [-56.18, -24.9], [-56.18, -24.89]]]]}, "properties": {"id": 185, "area_km2": 947.97, "cod_dpto": "C", "nom_dist": "CAPIIBARY", "cod_dist": "18"}}, {"type": "Feature", "geometry": {"type": "MultiPolygon", "coordinates": [[[[-55.59, -23.82], [-55.27, -23.99], [-55.23, -24.05], [-55.22, -24.07], [-55.26, -24.09], [-55.43, -23.97], [-55.47, -23.89], [-55.48, -23.88], [-55.49, -23.88], [-55.51, -23.88], [-55.52, -23.88], [-55.54, -23.87], [-55.55, -23.88], [-55.56, -23.88], [-55.59, -23.89], [-55.6, -23.91], [-55.62, -23.92], [-55.65, -23.93], [-55.67, -23.94], [-55.67, -23.96], [-55.69, -23.98], [-55.7, -24.0], [-55.71, -24.01], [-55.72, -24.02], [-55.74, -24.03], [-55.76, -24.03], [-55.77, -24.04], [-55.77, -24.03], [-55.78, -24.03], [-55.78, -24.02], [-55.78, -24.02], [-55.79, -24.03], [-55.8, -24.03], [-55.8, -24.03], [-55.8, -24.04], [-55.81, -24.04], [-55.82, -24.04], [-55.82, -24.04], [-55.83, -24.05], [-55.83, -24.05], [-55.84, -24.06], [-55.84, -24.06], [-55.84, -24.07], [-55.87, -24.06], [-55.9, -24.05], [-55.94, -24.06], [-55.96, -24.05], [-56.03, -23.82], [-56.02, -23.83], [-56.02, -23.83], [-55.59, -23.82], [-55.59, -23.82]]]]}, "properties": {"id": 186, "area_km2": 977.32, "cod_dpto": "S", "nom_dist": "YPEJHU", "cod_dist": "4"}}, {"type": "Feature", "geometry": {"type": "MultiPolygon", "coordinates": [[[[-55.17, -24.47], [-55.21, -24.52], [-55.27, -24.53], [-55.3, -24.57], [-55.29, -24.61], [-55.3, -24.63], [-55.3, -24.64], [-55.29, -24.64], [-55.3, -24.66], [-55.31, -24.67], [-55.32, -24.68], [-55.32, -24.69], [-55.31, -24.7], [-55.3, -24.71], [-55.3, -24.72], [-55.31, -24.73], [-55.32, -24.75], [-55.32, -24.76], [-55.32, -24.77], [-55.33, -24.78], [-55.33, -24.79], [-55.33, -24.81], [-55.33, -24.82], [-55.34, -24.83], [-55.35, -24.84], [-55.37, -24.86], [-55.45, -24.89], [-55.6, -24.92], [-55.69, -25.02], [-55.71, -25.06], [-55.74, -25.07], [-55.76, -25.06], [-55.79, -25.04], [-55.81, -25.02], [-55.83, -25.02], [-55.87, -25.01], [-55.88, -25.0], [-55.83, -24.97], [-55.79, -24.92], [-55.73, -24.9], [-55.48, -24.84], [-55.46, -24.82], [-55.43, -24.82], [-55.4, -24.83], [-55.38, -24.82], [-55.41, -24.78], [-55.44, -24.75], [-55.48, -24.74], [-55.51, -24.72], [-55.55, -24.69], [-55.29, -24.5], [-55.17, -24.47]]]]}, "properties": {"id": 187, "area_km2": 1168.44, "cod_dpto": "F", "nom_dist": "VAQUERIA", "cod_dist": "24"}}, {"type": "Feature", "geometry": {"type": "MultiPolygon", "coordinates": [[[[-58.7, -23.8], [-58.69, -23.81], [-58.68, -23.82], [-58.67, -23.82], [-58.66, -23.82], [-58.65, -23.82], [-58.64, -23.83], [-58.62, -23.83], [-58.61, -23.83], [-58.6, -23.83], [-58.59, -23.84], [-58.58, -23.84], [-58.57, -23.83], [-58.55, -23.84], [-58.54, -23.84], [-58.53, -23.85], [-58.52, -23.85], [-58.51, -23.86], [-58.49, -23.86], [-58.48, -23.87], [-58.48, -23.87], [-58.46, -23.88], [-58.45, -23.88], [-58.44, -23.89], [-58.42, -23.89], [-58.41, -23.89], [-58.38, -23.87], [-58.37, -23.86], [-58.34, -23.86], [-58.32, -23.85], [-58.29, -23.86], [-58.27, -23.85], [-58.24, -23.84], [-58.22, -23.85], [-58.19, -23.86], [-58.16, -23.88], [-58.15, -23.9], [-58.12, -23.89], [-58.08, -23.89], [-58.04, -23.88], [-57.97, -23.86], [-57.91, -23.85], [-57.85, -23.84], [-57.81, -23.82], [-57.7, -24.26], [-57.68, -24.27], [-57.66, -24.27], [-57.65, -24.28], [-57.63, -24.29], [-57.42, -24.87], [-58.7, -23.8], [-58.7, -23.8]]]]}, "properties": {"id": 188, "area_km2": 11018.43, "cod_dpto": "P", "nom_dist": "BENJAMIN ACEVAL", "cod_dist": "2"}}, {"type": "Feature", "geometry": {"type": "MultiPolygon", "coordinates": [[[[-59.09, -23.7], [-59.07, -23.71], [-59.05, -23.71], [-59.02, -23.72], [-59.01, -23.73], [-58.99, -23.73], [-58.97, -23.74], [-58.95, -23.75], [-58.94, -23.75], [-58.92, -23.75], [-58.9, -23.75], [-58.88, -23.75], [-58.87, -23.76], [-58.86, -23.76], [-58.85, -23.76], [-58.83, -23.77], [-58.82, -23.77], [-58.81, -23.77], [-58.8, -23.78], [-58.78, -23.78], [-58.77, -23.79], [-58.76, -23.79], [-58.75, -23.8], [-58.74, -23.8], [-58.73, -23.8], [-58.72, -23.8], [-58.5, -24.85], [-58.53, -24.84], [-58.57, -24.82], [-58.62, -24.83], [-58.67, -24.83], [-58.71, -24.81], [-58.73, -24.78], [-58.79, -24.77], [-58.82, -24.76], [-58.86, -24.73], [-58.91, -24.7], [-58.95, -24.68], [-58.99, -24.66], [-59.04, -24.65], [-59.07, -24.63], [-59.11, -24.62], [-59.14, -24.61], [-59.18, -24.58], [-59.21, -24.55], [-59.24, -24.54], [-59.29, -24.52], [-59.16, -23.73], [-59.14, -23.73], [-59.11, -23.72], [-59.1, -23.71], [-59.09, -23.7]]]]}, "properties": {"id": 189, "area_km2": 6665.48, "cod_dpto": "P", "nom_dist": "GRAL JOSE MARIA BRUGUEZ", "cod_dist": "9"}}, {"type": "Feature", "geometry": {"type": "MultiPolygon", "coordinates": [[[[-56.85, -24.68], [-56.88, -24.69], [-56.9, -24.68], [-56.91, -24.7], [-56.9, -24.71], [-57.03, -24.71], [-57.02, -24.69], [-57.02, -24.67], [-57.03, -24.64], [-57.02, -24.61], [-56.97, -24.55], [-56.93, -24.52], [-56.89, -24.5], [-56.78, -24.48], [-56.75, -24.45], [-56.74, -24.46], [-56.73, -24.46], [-56.73, -24.46], [-56.73, -24.45], [-56.73, -24.45], [-56.73, -24.45], [-56.72, -24.45], [-56.72, -24.45], [-56.71, -24.45], [-56.71, -24.45], [-56.71, -24.46], [-56.7, -24.46], [-56.7, -24.46], [-56.7, -24.46], [-56.69, -24.46], [-56.68, -24.46], [-56.67, -24.46], [-56.67, -24.46], [-56.66, -24.46], [-56.66, -24.46], [-56.66, -24.46], [-56.66, -24.46], [-56.66, -24.46], [-56.65, -24.46], [-56.65, -24.46], [-56.65, -24.46], [-56.65, -24.46], [-56.65, -24.46], [-56.64, -24.46], [-56.62, -24.45], [-56.6, -24.48], [-56.63, -24.5], [-56.62, -24.53], [-56.6, -24.58], [-56.6, -24.59], [-56.6, -24.61], [-56.6, -24.62], [-56.6, -24.64], [-56.65, -24.66], [-56.71, -24.68], [-56.75, -24.68], [-56.79, -24.66], [-56.85, -24.68]]]]}, "properties": {"id": 190, "area_km2": 920.21, "cod_dpto": "C", "nom_dist": "ITAC. DEL ROSARIO", "cod_dist": "4"}}, {"type": "Feature", "geometry": {"type": "MultiPolygon", "coordinates": [[[[-56.12, -24.38], [-56.1, -24.4], [-56.07, -24.4], [-56.05, -24.41], [-56.05, -24.42], [-56.04, -24.43], [-56.03, -24.44], [-56.02, -24.46], [-56.01, -24.48], [-56.0, -24.5], [-55.99, -24.51], [-55.99, -24.53], [-56.02, -24.56], [-56.06, -24.61], [-56.17, -24.63], [-56.18, -24.62], [-56.19, -24.61], [-56.2, -24.61], [-56.2, -24.6], [-56.2, -24.59], [-56.21, -24.58], [-56.22, -24.58], [-56.23, -24.58], [-56.23, -24.57], [-56.24, -24.57], [-56.25, -24.57], [-56.26, -24.56], [-56.26, -24.55], [-56.26, -24.55], [-56.26, -24.54], [-56.26, -24.54], [-56.26, -24.53], [-56.26, -24.53], [-56.26, -24.52], [-56.26, -24.52], [-56.26, -24.51], [-56.26, -24.51], [-56.27, -24.51], [-56.27, -24.5], [-56.27, -24.5], [-56.28, -24.49], [-56.28, -24.49], [-56.29, -24.48], [-56.29, -24.48], [-56.29, -24.47], [-56.29, -24.47], [-56.3, -24.46], [-56.3, -24.46], [-56.3, -24.45], [-56.19, -24.44], [-56.13, -24.38], [-56.12, -24.38]]]]}, "properties": {"id": 191, "area_km2": 536.82, "cod_dpto": "C", "nom_dist": "YRYBUCUA", "cod_dist": "20"}}, {"type": "Feature", "geometry": {"type": "MultiPolygon", "coordinates": [[[[-55.95, -24.37], [-55.92, -24.37], [-55.9, -24.38], [-55.88, -24.39], [-55.87, -24.41], [-55.86, -24.43], [-55.86, -24.44], [-55.85, -24.45], [-55.83, -24.46], [-55.83, -24.47], [-55.82, -24.47], [-55.8, -24.48], [-55.79, -24.49], [-55.78, -24.5], [-55.77, -24.52], [-55.77, -24.53], [-55.76, -24.54], [-55.75, -24.57], [-55.77, -24.6], [-55.76, -24.63], [-55.76, -24.67], [-55.73, -24.78], [-55.78, -24.78], [-55.83, -24.76], [-55.86, -24.69], [-55.88, -24.67], [-55.9, -24.66], [-55.92, -24.66], [-55.93, -24.64], [-55.94, -24.62], [-55.94, -24.61], [-55.94, -24.59], [-55.94, -24.58], [-55.94, -24.57], [-55.95, -24.56], [-55.97, -24.55], [-55.98, -24.54], [-55.98, -24.54], [-55.99, -24.52], [-55.99, -24.51], [-56.0, -24.5], [-56.01, -24.48], [-56.02, -24.46], [-56.03, -24.44], [-56.04, -24.43], [-56.05, -24.43], [-56.05, -24.41], [-56.05, -24.4], [-56.01, -24.4], [-55.99, -24.38], [-55.96, -24.37], [-55.95, -24.37]]]]}, "properties": {"id": 192, "area_km2": 753.84, "cod_dpto": "S", "nom_dist": "YASY CA\u00d1Y", "cod_dist": "11"}}, {"type": "Feature", "geometry": {"type": "MultiPolygon", "coordinates": [[[[-56.54, -24.65], [-56.61, -24.38], [-56.6, -24.35], [-56.61, -24.34], [-56.61, -24.34], [-56.6, -24.32], [-56.6, -24.31], [-56.58, -24.3], [-56.3, -24.58], [-56.26, -24.56], [-56.25, -24.57], [-56.24, -24.57], [-56.23, -24.58], [-56.22, -24.58], [-56.21, -24.58], [-56.2, -24.59], [-56.2, -24.59], [-56.2, -24.6], [-56.2, -24.61], [-56.19, -24.62], [-56.17, -24.63], [-56.17, -24.63], [-56.17, -24.64], [-56.16, -24.64], [-56.16, -24.64], [-56.16, -24.65], [-56.15, -24.65], [-56.15, -24.66], [-56.15, -24.66], [-56.14, -24.67], [-56.14, -24.68], [-56.14, -24.68], [-56.14, -24.69], [-56.14, -24.7], [-56.14, -24.71], [-56.13, -24.72], [-56.12, -24.73], [-56.12, -24.75], [-56.11, -24.76], [-56.11, -24.77], [-56.12, -24.8], [-56.16, -24.89], [-56.2, -24.86], [-56.22, -24.84], [-56.22, -24.8], [-56.24, -24.78], [-56.26, -24.76], [-56.27, -24.75], [-56.49, -24.75], [-56.53, -24.77], [-56.55, -24.78], [-56.54, -24.65]]]]}, "properties": {"id": 193, "area_km2": 1197.79, "cod_dpto": "C", "nom_dist": "SAN ESTANISLAO", "cod_dist": "5"}}, {"type": "Feature", "geometry": {"type": "MultiPolygon", "coordinates": [[[[-56.15, -24.2], [-56.15, -24.21], [-56.16, -24.22], [-56.17, -24.23], [-56.17, -24.23], [-56.17, -24.24], [-56.16, -24.25], [-56.16, -24.27], [-56.16, -24.28], [-56.15, -24.29], [-56.13, -24.3], [-56.12, -24.31], [-56.13, -24.32], [-56.13, -24.33], [-56.13, -24.34], [-56.13, -24.34], [-56.12, -24.36], [-56.12, -24.37], [-56.12, -24.38], [-56.16, -24.4], [-56.27, -24.45], [-56.3, -24.45], [-56.3, -24.46], [-56.3, -24.46], [-56.3, -24.46], [-56.3, -24.47], [-56.29, -24.48], [-56.29, -24.48], [-56.29, -24.48], [-56.29, -24.49], [-56.28, -24.49], [-56.28, -24.5], [-56.27, -24.5], [-56.27, -24.5], [-56.27, -24.51], [-56.26, -24.51], [-56.26, -24.51], [-56.26, -24.52], [-56.26, -24.52], [-56.26, -24.52], [-56.26, -24.53], [-56.26, -24.53], [-56.26, -24.53], [-56.26, -24.54], [-56.26, -24.54], [-56.26, -24.55], [-56.26, -24.55], [-56.26, -24.56], [-56.26, -24.56], [-56.28, -24.57], [-56.23, -24.23], [-56.15, -24.2]]]]}, "properties": {"id": 194, "area_km2": 1141.75, "cod_dpto": "C", "nom_dist": "GUAJAYVI", "cod_dist": "17"}}, {"type": "Feature", "geometry": {"type": "MultiPolygon", "coordinates": [[[[-58.42, -26.91], [-58.21, -26.91], [-58.21, -26.92], [-58.21, -26.92], [-58.2, -26.92], [-58.2, -26.92], [-58.2, -26.92], [-58.2, -26.93], [-58.2, -26.93], [-58.19, -26.93], [-58.19, -26.93], [-58.19, -26.93], [-58.19, -26.93], [-58.19, -26.94], [-58.19, -26.94], [-58.19, -26.95], [-58.18, -26.95], [-58.18, -26.95], [-58.19, -26.96], [-58.19, -26.96], [-58.18, -26.97], [-58.19, -26.97], [-58.19, -26.98], [-58.18, -26.98], [-58.17, -26.98], [-58.16, -26.98], [-58.16, -26.98], [-58.15, -26.99], [-58.15, -27.0], [-58.15, -27.0], [-58.15, -27.01], [-58.15, -27.01], [-58.14, -27.01], [-58.13, -27.01], [-58.12, -27.01], [-58.11, -27.02], [-58.3, -27.09], [-58.32, -27.03], [-58.33, -27.03], [-58.34, -27.03], [-58.34, -27.03], [-58.35, -27.03], [-58.36, -27.03], [-58.36, -27.03], [-58.37, -27.03], [-58.38, -27.03], [-58.39, -27.02], [-58.4, -27.03], [-58.41, -27.04], [-58.43, -27.03], [-58.48, -27.03], [-58.42, -26.91]]]]}, "properties": {"id": 195, "area_km2": 412.38, "cod_dpto": "M", "nom_dist": "ISLA UMBU", "cod_dist": "8"}}, {"type": "Feature", "geometry": {"type": "MultiPolygon", "coordinates": [[[[-57.65, -25.27], [-57.65, -25.27], [-57.65, -25.27], [-57.65, -25.27], [-57.64, -25.27], [-57.64, -25.27], [-57.64, -25.27], [-57.64, -25.27], [-57.64, -25.27], [-57.64, -25.27], [-57.64, -25.27], [-57.64, -25.27], [-57.64, -25.27], [-57.64, -25.27], [-57.64, -25.27], [-57.64, -25.27], [-57.64, -25.27], [-57.64, -25.27], [-57.64, -25.27], [-57.64, -25.27], [-57.64, -25.27], [-57.64, -25.27], [-57.64, -25.27], [-57.64, -25.27], [-57.64, -25.27], [-57.64, -25.27], [-57.64, -25.27], [-57.64, -25.27], [-57.63, -25.27], [-57.63, -25.27], [-57.63, -25.27], [-57.63, -25.27], [-57.63, -25.27], [-57.63, -25.27], [-57.63, -25.28], [-57.63, -25.28], [-57.63, -25.28], [-57.63, -25.28], [-57.63, -25.28], [-57.63, -25.28], [-57.63, -25.28], [-57.63, -25.28], [-57.63, -25.28], [-57.63, -25.28], [-57.63, -25.28], [-57.63, -25.28], [-57.63, -25.28], [-57.63, -25.28], [-57.64, -25.28], [-57.64, -25.28], [-57.64, -25.29], [-57.64, -25.29], [-57.64, -25.29], [-57.64, -25.29], [-57.65, -25.3], [-57.65, -25.3], [-57.65, -25.3], [-57.65, -25.3], [-57.65, -25.3], [-57.65, -25.3], [-57.65, -25.3], [-57.65, -25.3], [-57.66, -25.32], [-57.66, -25.32], [-57.67, -25.32], [-57.67, -25.32], [-57.67, -25.32], [-57.67, -25.32], [-57.67, -25.32], [-57.67, -25.31], [-57.67, -25.31], [-57.67, -25.3], [-57.67, -25.3], [-57.67, -25.3], [-57.67, -25.29], [-57.67, -25.29], [-57.67, -25.29], [-57.67, -25.29], [-57.67, -25.29], [-57.67, -25.28], [-57.67, -25.28], [-57.67, -25.28], [-57.66, -25.27], [-57.66, -25.27], [-57.66, -25.27], [-57.65, -25.27], [-57.65, -25.27]]]]}, "properties": {"id": 196, "area_km2": 13.36, "cod_dpto": "A", "nom_dist": "LA ENCARNACION", "cod_dist": "1"}}, {"type": "Feature", "geometry": {"type": "MultiPolygon", "coordinates": [[[[-56.47, -27.14], [-56.48, -27.17], [-56.48, -27.18], [-56.47, -27.18], [-56.47, -27.18], [-56.47, -27.19], [-56.47, -27.19], [-56.47, -27.19], [-56.47, -27.19], [-56.47, -27.2], [-56.47, -27.2], [-56.47, -27.2], [-56.47, -27.2], [-56.47, -27.2], [-56.47, -27.21], [-56.47, -27.21], [-56.47, -27.21], [-56.47, -27.21], [-56.47, -27.22], [-56.47, -27.22], [-56.47, -27.22], [-56.48, -27.23], [-56.48, -27.23], [-56.48, -27.23], [-56.48, -27.23], [-56.48, -27.23], [-56.49, -27.23], [-56.49, -27.23], [-56.49, -27.23], [-56.49, -27.23], [-56.49, -27.23], [-56.49, -27.23], [-56.49, -27.23], [-56.49, -27.23], [-56.49, -27.23], [-56.5, -27.23], [-56.5, -27.23], [-56.5, -27.22], [-56.5, -27.22], [-56.5, -27.22], [-56.5, -27.22], [-56.53, -27.2], [-56.55, -27.17], [-56.58, -27.15], [-56.58, -27.15], [-56.59, -27.15], [-56.59, -27.15], [-56.59, -27.15], [-56.59, -27.15], [-56.63, -27.14], [-56.63, -27.14], [-56.58, -26.92], [-56.44, -27.03], [-56.44, -27.05], [-56.47, -27.11], [-56.47, -27.14]]]]}, "properties": {"id": 197, "area_km2": 456.33, "cod_dpto": "H", "nom_dist": "GENERAL DELGADO", "cod_dist": "11"}}, {"type": "Feature", "geometry": {"type": "MultiPolygon", "coordinates": [[[[-55.88, -26.89], [-55.83, -26.94], [-55.8, -26.96], [-55.8, -26.98], [-55.85, -27.05], [-55.87, -27.05], [-55.87, -27.06], [-55.88, -27.06], [-55.88, -27.07], [-55.88, -27.07], [-55.88, -27.08], [-55.91, -27.06], [-56.0, -27.0], [-56.01, -26.99], [-56.01, -26.99], [-56.01, -26.99], [-56.02, -26.99], [-56.02, -26.98], [-56.02, -26.98], [-56.02, -26.98], [-56.02, -26.98], [-56.02, -26.97], [-56.02, -26.97], [-56.01, -26.97], [-56.01, -26.96], [-56.0, -26.96], [-56.0, -26.96], [-56.0, -26.96], [-56.0, -26.96], [-55.99, -26.96], [-55.99, -26.95], [-55.98, -26.95], [-55.98, -26.95], [-55.97, -26.95], [-55.97, -26.95], [-55.96, -26.95], [-55.96, -26.94], [-55.96, -26.94], [-55.96, -26.93], [-55.96, -26.93], [-55.96, -26.92], [-55.95, -26.92], [-55.95, -26.92], [-55.94, -26.92], [-55.94, -26.91], [-55.94, -26.91], [-55.93, -26.91], [-55.93, -26.91], [-55.92, -26.91], [-55.91, -26.91], [-55.91, -26.91], [-55.88, -26.89]]]]}, "properties": {"id": 198, "area_km2": 239.31, "cod_dpto": "H", "nom_dist": "LA PAZ", "cod_dist": "26"}}, {"type": "Feature", "geometry": {"type": "MultiPolygon", "coordinates": [[[[-58.26, -26.79], [-58.26, -26.79], [-58.25, -26.8], [-58.25, -26.8], [-58.24, -26.8], [-58.24, -26.81], [-58.23, -26.81], [-58.23, -26.81], [-58.23, -26.81], [-58.23, -26.82], [-58.23, -26.82], [-58.23, -26.82], [-58.22, -26.83], [-58.22, -26.83], [-58.21, -26.84], [-58.2, -26.85], [-58.2, -26.85], [-58.19, -26.86], [-58.18, -26.86], [-58.17, -26.86], [-58.1, -26.87], [-58.03, -27.04], [-58.06, -27.03], [-58.1, -27.02], [-58.13, -27.01], [-58.14, -27.01], [-58.15, -27.01], [-58.15, -27.0], [-58.15, -27.0], [-58.15, -26.98], [-58.17, -26.98], [-58.17, -26.98], [-58.19, -26.98], [-58.19, -26.97], [-58.19, -26.96], [-58.19, -26.95], [-58.18, -26.95], [-58.19, -26.94], [-58.19, -26.94], [-58.19, -26.93], [-58.19, -26.93], [-58.19, -26.93], [-58.2, -26.93], [-58.2, -26.92], [-58.2, -26.92], [-58.21, -26.92], [-58.21, -26.91], [-58.41, -26.9], [-58.3, -26.8], [-58.27, -26.79], [-58.26, -26.79], [-58.26, -26.79]]]]}, "properties": {"id": 199, "area_km2": 414.58, "cod_dpto": "M", "nom_dist": "PILAR", "cod_dist": "1"}}, {"type": "Feature", "geometry": {"type": "MultiPolygon", "coordinates": [[[[-55.75, -26.77], [-55.72, -26.79], [-55.7, -26.81], [-55.68, -26.83], [-55.66, -26.85], [-55.65, -26.86], [-55.63, -26.88], [-55.61, -26.89], [-55.6, -26.91], [-55.58, -26.92], [-55.56, -26.94], [-55.54, -26.95], [-55.52, -26.97], [-55.51, -26.98], [-55.49, -26.98], [-55.47, -26.95], [-55.46, -26.95], [-55.46, -26.95], [-55.45, -26.96], [-55.45, -26.96], [-55.44, -26.95], [-55.43, -26.96], [-55.43, -26.96], [-55.43, -26.97], [-55.43, -26.98], [-55.42, -26.98], [-55.45, -27.09], [-55.55, -27.09], [-55.56, -27.07], [-55.58, -27.06], [-55.6, -27.03], [-55.62, -27.02], [-55.63, -27.01], [-55.64, -27], [-55.65, -26.99], [-55.64, -26.98], [-55.63, -26.97], [-55.61, -26.96], [-55.59, -26.95], [-55.59, -26.93], [-55.62, -26.91], [-55.63, -26.9], [-55.64, -26.89], [-55.65, -26.88], [-55.66, -26.87], [-55.68, -26.86], [-55.69, -26.84], [-55.7, -26.83], [-55.71, -26.82], [-55.73, -26.8], [-55.76, -26.78], [-55.75, -26.77]]]]}, "properties": {"id": 200, "area_km2": 299.67, "cod_dpto": "H", "nom_dist": "BELLA VISTA", "cod_dist": "2"}}, {"type": "Feature", "geometry": {"type": "MultiPolygon", "coordinates": [[[[-58.23, -26.75], [-58.22, -26.75], [-58.22, -26.75], [-58.22, -26.75], [-58.21, -26.75], [-58.21, -26.75], [-58.21, -26.75], [-58.2, -26.75], [-58.2, -26.75], [-58.06, -26.84], [-57.8, -26.94], [-57.7, -27.02], [-57.54, -27.06], [-57.96, -27.04], [-58.17, -26.87], [-58.17, -26.86], [-58.18, -26.86], [-58.19, -26.86], [-58.19, -26.86], [-58.2, -26.85], [-58.2, -26.85], [-58.21, -26.84], [-58.21, -26.84], [-58.22, -26.83], [-58.22, -26.83], [-58.23, -26.83], [-58.23, -26.82], [-58.23, -26.82], [-58.23, -26.82], [-58.23, -26.81], [-58.23, -26.81], [-58.23, -26.81], [-58.24, -26.81], [-58.24, -26.81], [-58.24, -26.81], [-58.24, -26.8], [-58.25, -26.8], [-58.25, -26.8], [-58.25, -26.8], [-58.26, -26.79], [-58.26, -26.79], [-58.27, -26.79], [-58.27, -26.8], [-58.28, -26.79], [-58.27, -26.77], [-58.24, -26.75], [-58.24, -26.75], [-58.23, -26.75], [-58.23, -26.75], [-58.23, -26.75], [-58.23, -26.75], [-58.23, -26.75]]]]}, "properties": {"id": 201, "area_km2": 903.34, "cod_dpto": "M", "nom_dist": "GUAZU CUA", "cod_dist": "6"}}, {"type": "Feature", "geometry": {"type": "MultiPolygon", "coordinates": [[[[-56.66, -26.72], [-56.64, -26.73], [-56.63, -26.74], [-56.61, -26.75], [-56.59, -26.75], [-56.58, -26.75], [-56.56, -26.76], [-56.54, -26.76], [-56.53, -26.77], [-56.52, -26.78], [-56.51, -26.78], [-56.5, -26.79], [-56.48, -26.79], [-56.48, -26.78], [-56.46, -26.77], [-56.45, -26.77], [-56.44, -26.77], [-56.42, -26.77], [-56.41, -26.77], [-56.4, -26.76], [-56.39, -26.75], [-56.38, -26.74], [-56.36, -26.73], [-56.35, -26.73], [-56.33, -26.73], [-56.32, -26.73], [-56.23, -26.86], [-56.18, -26.89], [-56.14, -26.88], [-56.14, -26.93], [-56.16, -26.95], [-56.12, -27.01], [-56.12, -27.02], [-56.12, -27.03], [-56.12, -27.04], [-56.12, -27.05], [-56.12, -27.06], [-56.13, -27.07], [-56.13, -27.07], [-56.13, -27.08], [-56.13, -27.09], [-56.13, -27.1], [-56.13, -27.11], [-56.14, -27.1], [-56.16, -27.09], [-56.17, -27.08], [-56.17, -27.07], [-56.27, -27.07], [-56.29, -27.07], [-56.31, -27.07], [-56.66, -26.73], [-56.66, -26.72]]]]}, "properties": {"id": 202, "area_km2": 1336.32, "cod_dpto": "H", "nom_dist": "GENERAL ARTIGAS", "cod_dist": "10"}}, {"type": "Feature", "geometry": {"type": "MultiPolygon", "coordinates": [[[[-57.0, -26.71], [-56.91, -26.9], [-56.92, -26.94], [-56.94, -26.97], [-56.97, -26.99], [-56.99, -27.0], [-56.98, -27.02], [-56.98, -27.02], [-56.97, -27.04], [-56.98, -27.05], [-56.97, -27.06], [-56.96, -27.07], [-56.96, -27.08], [-56.95, -27.1], [-56.95, -27.11], [-56.95, -27.13], [-56.96, -27.16], [-57.27, -26.78], [-57.26, -26.79], [-57.25, -26.81], [-57.25, -26.81], [-57.24, -26.81], [-57.24, -26.81], [-57.24, -26.81], [-57.23, -26.81], [-57.23, -26.81], [-57.22, -26.81], [-57.22, -26.81], [-57.22, -26.81], [-57.21, -26.81], [-57.21, -26.81], [-57.21, -26.81], [-57.2, -26.81], [-57.2, -26.81], [-57.2, -26.81], [-57.2, -26.81], [-57.19, -26.8], [-57.18, -26.8], [-57.17, -26.8], [-57.17, -26.8], [-57.16, -26.8], [-57.15, -26.8], [-57.15, -26.8], [-57.13, -26.8], [-57.12, -26.8], [-57.11, -26.8], [-57.1, -26.8], [-57.09, -26.79], [-57.07, -26.77], [-57.04, -26.76], [-57.0, -26.71]]]]}, "properties": {"id": 203, "area_km2": 1553.4, "cod_dpto": "I", "nom_dist": "SAN IGNACIO", "cod_dist": "3"}}, {"type": "Feature", "geometry": {"type": "MultiPolygon", "coordinates": [[[[-56.24, -26.69], [-56.24, -26.7], [-56.23, -26.7], [-56.22, -26.7], [-56.22, -26.7], [-56.22, -26.7], [-56.21, -26.7], [-56.21, -26.7], [-56.2, -26.71], [-56.2, -26.71], [-56.19, -26.71], [-56.19, -26.71], [-56.19, -26.71], [-56.19, -26.71], [-56.18, -26.71], [-56.17, -26.7], [-56.17, -26.71], [-56.17, -26.71], [-56.17, -26.71], [-56.17, -26.72], [-56.17, -26.72], [-56.17, -26.72], [-56.16, -26.73], [-56.16, -26.73], [-56.16, -26.73], [-56.16, -26.74], [-56.16, -26.74], [-56.15, -26.74], [-56.15, -26.75], [-56.15, -26.75], [-56.14, -26.77], [-56.18, -26.78], [-56.21, -26.8], [-56.23, -26.8], [-56.24, -26.8], [-56.25, -26.8], [-56.25, -26.8], [-56.31, -26.73], [-56.31, -26.72], [-56.3, -26.72], [-56.3, -26.72], [-56.29, -26.72], [-56.28, -26.71], [-56.27, -26.71], [-56.27, -26.71], [-56.27, -26.71], [-56.27, -26.7], [-56.27, -26.7], [-56.26, -26.7], [-56.25, -26.7], [-56.25, -26.7], [-56.24, -26.69]]]]}, "properties": {"id": 204, "area_km2": 129.85, "cod_dpto": "H", "nom_dist": "JOSE L. OVIEDO", "cod_dist": "20"}}, {"type": "Feature", "geometry": {"type": "MultiPolygon", "coordinates": [[[[-55.4, -26.67], [-55.38, -26.69], [-55.37, -26.71], [-55.37, -26.73], [-55.37, -26.73], [-55.36, -26.73], [-55.36, -26.74], [-55.35, -26.74], [-55.35, -26.74], [-55.34, -26.75], [-55.34, -26.75], [-55.34, -26.75], [-55.34, -26.75], [-55.33, -26.76], [-55.33, -26.76], [-55.33, -26.75], [-55.32, -26.75], [-55.32, -26.75], [-55.32, -26.76], [-55.31, -26.76], [-55.31, -26.76], [-55.3, -26.76], [-55.3, -26.77], [-55.3, -26.77], [-55.3, -26.77], [-55.3, -26.77], [-55.3, -26.78], [-55.3, -26.78], [-55.29, -26.78], [-55.27, -26.77], [-55.19, -26.76], [-55.18, -26.77], [-55.19, -26.77], [-55.2, -26.78], [-55.22, -26.79], [-55.22, -26.8], [-55.21, -26.82], [-55.19, -26.8], [-55.19, -26.82], [-55.18, -26.84], [-55.18, -26.85], [-55.16, -26.88], [-55.19, -26.97], [-55.32, -26.9], [-55.37, -26.82], [-55.42, -26.78], [-55.47, -26.73], [-55.45, -26.69], [-55.43, -26.68], [-55.42, -26.68], [-55.4, -26.67], [-55.4, -26.67]]]]}, "properties": {"id": 205, "area_km2": 464.22, "cod_dpto": "H", "nom_dist": "CAPITAN MEZA", "cod_dist": "4"}}, {"type": "Feature", "geometry": {"type": "MultiPolygon", "coordinates": [[[[-56.7, -26.65], [-56.69, -26.65], [-56.67, -26.66], [-56.66, -26.67], [-56.64, -26.67], [-56.64, -26.68], [-56.65, -26.69], [-56.65, -26.7], [-56.66, -26.71], [-56.66, -26.72], [-56.68, -26.95], [-56.69, -26.95], [-56.7, -26.96], [-56.72, -26.96], [-56.74, -26.96], [-56.76, -26.97], [-56.77, -26.96], [-56.79, -26.95], [-56.8, -26.95], [-56.82, -26.95], [-56.84, -26.93], [-56.85, -26.97], [-56.85, -26.99], [-56.87, -27.01], [-56.89, -27.04], [-56.89, -27.06], [-56.9, -27.08], [-56.9, -27.09], [-56.9, -27.09], [-56.9, -27.11], [-56.91, -27.12], [-56.96, -27.16], [-56.95, -27.14], [-56.95, -27.12], [-56.95, -27.11], [-56.95, -27.09], [-56.96, -27.08], [-56.96, -27.07], [-56.97, -27.06], [-56.98, -27.05], [-56.98, -27.04], [-56.98, -27.03], [-56.98, -27.02], [-56.99, -27.01], [-56.99, -27.0], [-56.96, -26.98], [-56.94, -26.97], [-56.92, -26.94], [-56.91, -26.91], [-56.86, -26.83], [-56.71, -26.65], [-56.7, -26.65]]]]}, "properties": {"id": 206, "area_km2": 724.63, "cod_dpto": "I", "nom_dist": "SANTA ROSA", "cod_dist": "8"}}, {"type": "Feature", "geometry": {"type": "MultiPolygon", "coordinates": [[[[-57.72, -26.39], [-57.64, -26.5], [-57.51, -26.55], [-57.41, -26.62], [-57.3, -26.59], [-57.22, -26.57], [-57.21, -26.56], [-57.21, -26.56], [-57.2, -26.55], [-57.18, -26.54], [-57.17, -26.53], [-57.13, -26.53], [-57.05, -26.66], [-57.04, -26.68], [-57.04, -26.7], [-57.02, -26.71], [-57.04, -26.75], [-57.06, -26.77], [-57.08, -26.79], [-57.1, -26.8], [-57.11, -26.8], [-57.12, -26.8], [-57.13, -26.8], [-57.14, -26.8], [-57.15, -26.8], [-57.16, -26.8], [-57.16, -26.8], [-57.17, -26.8], [-57.18, -26.8], [-57.19, -26.8], [-57.19, -26.81], [-57.2, -26.81], [-57.2, -26.81], [-57.2, -26.81], [-57.2, -26.81], [-57.21, -26.81], [-57.21, -26.81], [-57.21, -26.81], [-57.21, -26.81], [-57.22, -26.81], [-57.22, -26.81], [-57.23, -26.81], [-57.23, -26.81], [-57.23, -26.82], [-57.24, -26.81], [-57.24, -26.81], [-57.24, -26.81], [-57.25, -26.81], [-57.26, -26.8], [-57.26, -26.79], [-57.27, -26.78], [-57.72, -26.39]]]]}, "properties": {"id": 207, "area_km2": 2186.34, "cod_dpto": "I", "nom_dist": "SAN JUAN BAUTISTA", "cod_dist": "1"}}, {"type": "Feature", "geometry": {"type": "MultiPolygon", "coordinates": [[[[-55.15, -26.6], [-55.09, -26.7], [-55.08, -26.7], [-55.07, -26.71], [-55.06, -26.71], [-55.05, -26.72], [-55.05, -26.73], [-55.05, -26.73], [-55.04, -26.73], [-55.04, -26.74], [-55.02, -26.74], [-55.01, -26.75], [-55.01, -26.75], [-55.0, -26.76], [-55.0, -26.77], [-55.01, -26.77], [-55.01, -26.77], [-55.01, -26.79], [-55.17, -26.87], [-55.18, -26.84], [-55.19, -26.83], [-55.2, -26.81], [-55.21, -26.81], [-55.22, -26.79], [-55.2, -26.78], [-55.18, -26.77], [-55.19, -26.76], [-55.2, -26.74], [-55.22, -26.72], [-55.21, -26.72], [-55.21, -26.7], [-55.23, -26.71], [-55.24, -26.7], [-55.24, -26.7], [-55.23, -26.7], [-55.23, -26.7], [-55.22, -26.69], [-55.22, -26.68], [-55.23, -26.68], [-55.23, -26.67], [-55.23, -26.66], [-55.24, -26.66], [-55.25, -26.66], [-55.24, -26.65], [-55.23, -26.64], [-55.23, -26.63], [-55.24, -26.63], [-55.23, -26.62], [-55.23, -26.62], [-55.22, -26.61], [-55.21, -26.6], [-55.15, -26.6]]]]}, "properties": {"id": 208, "area_km2": 386.94, "cod_dpto": "H", "nom_dist": "NATALIO", "cod_dist": "19"}}, {"type": "Feature", "geometry": {"type": "MultiPolygon", "coordinates": [[[[-57.8, -26.43], [-57.74, -26.39], [-57.78, -26.76], [-57.88, -26.74], [-57.88, -26.74], [-57.89, -26.74], [-57.89, -26.73], [-57.9, -26.72], [-57.91, -26.71], [-57.92, -26.71], [-57.92, -26.7], [-57.92, -26.69], [-57.94, -26.68], [-57.95, -26.68], [-57.96, -26.68], [-57.97, -26.68], [-57.98, -26.68], [-58.0, -26.68], [-58.01, -26.68], [-58.01, -26.68], [-58.01, -26.69], [-58.02, -26.69], [-58.03, -26.68], [-58.04, -26.68], [-58.04, -26.68], [-58.05, -26.68], [-58.06, -26.68], [-58.07, -26.68], [-58.07, -26.67], [-58.08, -26.66], [-58.08, -26.66], [-58.09, -26.66], [-58.1, -26.66], [-58.11, -26.65], [-58.12, -26.65], [-58.12, -26.64], [-58.14, -26.64], [-58.16, -26.64], [-58.16, -26.63], [-58.16, -26.62], [-58.16, -26.61], [-58.16, -26.6], [-58.14, -26.57], [-58.1, -26.53], [-58.06, -26.53], [-58.01, -26.51], [-57.98, -26.48], [-57.95, -26.48], [-57.91, -26.45], [-57.88, -26.45], [-57.84, -26.43], [-57.8, -26.43]]]]}, "properties": {"id": 209, "area_km2": 1409.21, "cod_dpto": "M", "nom_dist": "SAN JUAN BAUTISTA DE \u00d1EEMBUCU", "cod_dist": "12"}}, {"type": "Feature", "geometry": {"type": "MultiPolygon", "coordinates": [[[[-56.81, -26.6], [-56.8, -26.62], [-56.77, -26.62], [-56.77, -26.63], [-56.74, -26.62], [-56.73, -26.64], [-56.72, -26.64], [-56.71, -26.65], [-56.73, -26.71], [-56.82, -26.81], [-56.91, -26.84], [-56.98, -26.74], [-56.99, -26.7], [-56.95, -26.67], [-56.94, -26.66], [-56.93, -26.66], [-56.91, -26.66], [-56.87, -26.67], [-56.87, -26.67], [-56.86, -26.67], [-56.86, -26.66], [-56.85, -26.66], [-56.85, -26.66], [-56.84, -26.66], [-56.84, -26.66], [-56.84, -26.66], [-56.84, -26.66], [-56.84, -26.66], [-56.83, -26.66], [-56.83, -26.66], [-56.83, -26.66], [-56.82, -26.65], [-56.81, -26.65], [-56.81, -26.65], [-56.81, -26.65], [-56.8, -26.64], [-56.8, -26.64], [-56.8, -26.63], [-56.81, -26.63], [-56.81, -26.63], [-56.81, -26.63], [-56.81, -26.62], [-56.82, -26.62], [-56.82, -26.62], [-56.83, -26.62], [-56.82, -26.62], [-56.83, -26.62], [-56.83, -26.61], [-56.82, -26.61], [-56.82, -26.61], [-56.82, -26.61], [-56.81, -26.6]]]]}, "properties": {"id": 210, "area_km2": 457.23, "cod_dpto": "I", "nom_dist": "SANTA MARIA", "cod_dist": "7"}}, {"type": "Feature", "geometry": {"type": "MultiPolygon", "coordinates": [[[[-58.18, -26.6], [-58.16, -26.62], [-58.16, -26.63], [-58.15, -26.64], [-58.13, -26.64], [-58.12, -26.65], [-58.1, -26.65], [-58.09, -26.66], [-58.08, -26.66], [-58.07, -26.67], [-58.07, -26.67], [-58.06, -26.68], [-58.05, -26.68], [-58.04, -26.68], [-58.03, -26.69], [-58.02, -26.68], [-58.01, -26.68], [-58.0, -26.68], [-57.98, -26.68], [-57.97, -26.68], [-57.96, -26.68], [-57.94, -26.68], [-57.92, -26.69], [-57.92, -26.7], [-57.91, -26.71], [-57.9, -26.73], [-57.89, -26.74], [-57.88, -26.74], [-57.87, -26.75], [-57.46, -27.05], [-57.61, -27.04], [-57.82, -26.98], [-57.93, -26.87], [-58.2, -26.76], [-58.2, -26.75], [-58.21, -26.75], [-58.21, -26.75], [-58.21, -26.75], [-58.22, -26.75], [-58.22, -26.75], [-58.22, -26.75], [-58.23, -26.75], [-58.23, -26.75], [-58.23, -26.75], [-58.23, -26.75], [-58.24, -26.75], [-58.24, -26.75], [-58.24, -26.76], [-58.25, -26.75], [-58.26, -26.7], [-58.23, -26.65], [-58.18, -26.6]]]]}, "properties": {"id": 211, "area_km2": 1386.17, "cod_dpto": "M", "nom_dist": "TACUARAS", "cod_dist": "13"}}, {"type": "Feature", "geometry": {"type": "MultiPolygon", "coordinates": [[[[-55.09, -26.57], [-55.08, -26.59], [-55.05, -26.59], [-55.04, -26.58], [-55.04, -26.59], [-55.05, -26.61], [-55.02, -26.63], [-55.02, -26.64], [-55.03, -26.66], [-55.01, -26.67], [-54.99, -26.68], [-54.96, -26.7], [-55.01, -26.78], [-55.01, -26.77], [-55.0, -26.78], [-55.0, -26.77], [-55.01, -26.76], [-55.01, -26.75], [-55.02, -26.75], [-55.02, -26.74], [-55.03, -26.74], [-55.04, -26.74], [-55.04, -26.73], [-55.05, -26.73], [-55.06, -26.73], [-55.05, -26.72], [-55.06, -26.71], [-55.07, -26.71], [-55.08, -26.7], [-55.08, -26.7], [-55.1, -26.7], [-55.21, -26.6], [-55.2, -26.58], [-55.19, -26.58], [-55.18, -26.58], [-55.18, -26.58], [-55.17, -26.58], [-55.16, -26.58], [-55.16, -26.57], [-55.15, -26.58], [-55.15, -26.58], [-55.15, -26.59], [-55.14, -26.58], [-55.13, -26.58], [-55.12, -26.58], [-55.12, -26.58], [-55.11, -26.58], [-55.11, -26.58], [-55.1, -26.57], [-55.1, -26.58], [-55.09, -26.57], [-55.09, -26.57]]]]}, "properties": {"id": 212, "area_km2": 221.85, "cod_dpto": "H", "nom_dist": "YATYTAY", "cod_dist": "28"}}, {"type": "Feature", "geometry": {"type": "MultiPolygon", "coordinates": [[[[-55.88, -26.46], [-55.82, -26.5], [-55.88, -26.71], [-55.89, -26.74], [-55.91, -26.75], [-55.87, -26.83], [-55.88, -26.89], [-55.93, -26.91], [-55.95, -26.92], [-55.96, -26.94], [-55.98, -26.95], [-56.0, -26.96], [-56.02, -26.97], [-56.03, -26.98], [-56.05, -26.98], [-56.07, -26.98], [-56.08, -27.0], [-56.09, -27.01], [-56.11, -27.01], [-56.15, -26.95], [-56.14, -26.89], [-56.23, -26.9], [-56.24, -26.8], [-56.15, -26.75], [-56.16, -26.73], [-56.17, -26.72], [-56.18, -26.7], [-56.18, -26.69], [-56.18, -26.67], [-56.17, -26.66], [-56.16, -26.65], [-56.15, -26.64], [-56.13, -26.63], [-56.12, -26.62], [-56.12, -26.6], [-56.12, -26.58], [-56.11, -26.57], [-56.09, -26.55], [-56.08, -26.54], [-56.05, -26.52], [-56.04, -26.54], [-56.03, -26.53], [-56.02, -26.52], [-56.0, -26.52], [-55.98, -26.51], [-55.95, -26.52], [-55.93, -26.52], [-55.91, -26.5], [-55.9, -26.49], [-55.89, -26.47], [-55.88, -26.46], [-55.88, -26.46]]]]}, "properties": {"id": 213, "area_km2": 1484.48, "cod_dpto": "H", "nom_dist": "SAN PEDRO DEL PARANA", "cod_dist": "16"}}, {"type": "Feature", "geometry": {"type": "MultiPolygon", "coordinates": [[[[-56.88, -26.52], [-56.85, -26.54], [-56.83, -26.54], [-56.81, -26.57], [-56.81, -26.6], [-56.82, -26.61], [-56.83, -26.61], [-56.82, -26.62], [-56.83, -26.62], [-56.82, -26.62], [-56.81, -26.62], [-56.81, -26.63], [-56.8, -26.64], [-56.8, -26.64], [-56.81, -26.65], [-56.81, -26.65], [-56.83, -26.66], [-56.83, -26.66], [-56.84, -26.66], [-56.84, -26.66], [-56.84, -26.66], [-56.85, -26.66], [-56.86, -26.67], [-56.87, -26.67], [-56.92, -26.66], [-56.94, -26.67], [-56.99, -26.7], [-57.06, -26.71], [-57.05, -26.7], [-57.04, -26.7], [-57.04, -26.68], [-57.04, -26.67], [-57.05, -26.66], [-57.06, -26.66], [-57.11, -26.51], [-57.09, -26.51], [-57.08, -26.5], [-57.07, -26.5], [-57.06, -26.5], [-57.04, -26.51], [-57.04, -26.5], [-57.03, -26.49], [-57.02, -26.48], [-57.01, -26.47], [-57.01, -26.46], [-57.01, -26.46], [-57.01, -26.45], [-57.0, -26.43], [-56.96, -26.47], [-56.89, -26.48], [-56.88, -26.52]]]]}, "properties": {"id": 214, "area_km2": 553.74, "cod_dpto": "I", "nom_dist": "SAN MIGUEL", "cod_dist": "4"}}, {"type": "Feature", "geometry": {"type": "MultiPolygon", "coordinates": [[[[-54.62, -25.78], [-54.59, -25.82], [-54.6, -25.87], [-54.62, -25.91], [-54.62, -25.94], [-54.62, -25.98], [-54.8, -25.77], [-54.8, -25.77], [-54.8, -25.77], [-54.8, -25.77], [-54.79, -25.77], [-54.79, -25.77], [-54.79, -25.77], [-54.79, -25.77], [-54.78, -25.77], [-54.78, -25.77], [-54.78, -25.77], [-54.78, -25.77], [-54.78, -25.77], [-54.77, -25.77], [-54.77, -25.77], [-54.77, -25.77], [-54.77, -25.77], [-54.77, -25.78], [-54.76, -25.78], [-54.76, -25.78], [-54.76, -25.78], [-54.76, -25.78], [-54.75, -25.78], [-54.75, -25.79], [-54.73, -25.79], [-54.72, -25.78], [-54.72, -25.78], [-54.71, -25.78], [-54.7, -25.77], [-54.69, -25.77], [-54.69, -25.76], [-54.68, -25.77], [-54.68, -25.77], [-54.68, -25.77], [-54.67, -25.77], [-54.67, -25.78], [-54.66, -25.77], [-54.66, -25.77], [-54.66, -25.76], [-54.66, -25.77], [-54.65, -25.77], [-54.64, -25.78], [-54.64, -25.79], [-54.63, -25.79], [-54.63, -25.78], [-54.63, -25.78], [-54.62, -25.78]]]]}, "properties": {"id": 215, "area_km2": 338, "cod_dpto": "K", "nom_dist": "DOMINGO M. DE IRALA", "cod_dist": "2"}}, {"type": "Feature", "geometry": {"type": "MultiPolygon", "coordinates": [[[[-57.4, -25.44], [-57.32, -25.5], [-57.34, -25.59], [-57.35, -25.61], [-57.36, -25.62], [-57.37, -25.62], [-57.37, -25.62], [-57.37, -25.62], [-57.37, -25.62], [-57.37, -25.63], [-57.37, -25.63], [-57.38, -25.63], [-57.38, -25.64], [-57.38, -25.64], [-57.38, -25.64], [-57.38, -25.64], [-57.39, -25.64], [-57.39, -25.64], [-57.39, -25.64], [-57.4, -25.63], [-57.4, -25.63], [-57.4, -25.63], [-57.4, -25.62], [-57.4, -25.62], [-57.39, -25.62], [-57.4, -25.62], [-57.4, -25.61], [-57.4, -25.61], [-57.4, -25.61], [-57.4, -25.61], [-57.4, -25.61], [-57.4, -25.61], [-57.4, -25.61], [-57.4, -25.61], [-57.41, -25.61], [-57.41, -25.61], [-57.41, -25.6], [-57.41, -25.6], [-57.41, -25.6], [-57.41, -25.6], [-57.41, -25.59], [-57.42, -25.59], [-57.42, -25.59], [-57.42, -25.58], [-57.42, -25.58], [-57.42, -25.58], [-57.42, -25.57], [-57.42, -25.57], [-57.42, -25.54], [-57.43, -25.52], [-57.42, -25.48], [-57.42, -25.48], [-57.4, -25.45], [-57.4, -25.44]]]]}, "properties": {"id": 216, "area_km2": 183.09, "cod_dpto": "L", "nom_dist": "ITA", "cod_dist": "5"}}, {"type": "Feature", "geometry": {"type": "MultiPolygon", "coordinates": [[[[-56.59, -25.67], [-56.54, -25.74], [-56.58, -25.8], [-56.62, -25.81], [-56.62, -25.81], [-56.62, -25.81], [-56.62, -25.8], [-56.62, -25.8], [-56.62, -25.8], [-56.62, -25.8], [-56.62, -25.79], [-56.62, -25.78], [-56.62, -25.78], [-56.62, -25.78], [-56.63, -25.78], [-56.63, -25.78], [-56.64, -25.77], [-56.64, -25.77], [-56.64, -25.77], [-56.65, -25.77], [-56.65, -25.76], [-56.65, -25.75], [-56.66, -25.75], [-56.65, -25.75], [-56.65, -25.75], [-56.66, -25.74], [-56.66, -25.74], [-56.66, -25.74], [-56.65, -25.73], [-56.66, -25.73], [-56.66, -25.72], [-56.66, -25.71], [-56.66, -25.7], [-56.66, -25.7], [-56.66, -25.7], [-56.66, -25.7], [-56.66, -25.69], [-56.65, -25.69], [-56.65, -25.69], [-56.65, -25.69], [-56.65, -25.69], [-56.64, -25.69], [-56.64, -25.68], [-56.64, -25.68], [-56.63, -25.68], [-56.63, -25.68], [-56.62, -25.68], [-56.61, -25.68], [-56.61, -25.68], [-56.6, -25.67], [-56.6, -25.67], [-56.6, -25.67], [-56.59, -25.67]]]]}, "properties": {"id": 217, "area_km2": 112.89, "cod_dpto": "E", "nom_dist": "CORONEL MARTINEZ", "cod_dist": "6"}}, {"type": "Feature", "geometry": {"type": "MultiPolygon", "coordinates": [[[[-56.55, -25.64], [-56.55, -25.64], [-56.55, -25.64], [-56.55, -25.64], [-56.54, -25.65], [-56.54, -25.65], [-56.54, -25.65], [-56.54, -25.65], [-56.53, -25.66], [-56.53, -25.66], [-56.53, -25.66], [-56.53, -25.66], [-56.53, -25.66], [-56.52, -25.66], [-56.52, -25.67], [-56.52, -25.67], [-56.52, -25.67], [-56.52, -25.68], [-56.51, -25.68], [-56.51, -25.68], [-56.5, -25.69], [-56.5, -25.69], [-56.49, -25.7], [-56.49, -25.7], [-56.49, -25.7], [-56.49, -25.71], [-56.48, -25.71], [-56.48, -25.71], [-56.48, -25.72], [-56.48, -25.72], [-56.48, -25.73], [-56.48, -25.73], [-56.48, -25.74], [-56.48, -25.74], [-56.48, -25.75], [-56.48, -25.75], [-56.48, -25.76], [-56.48, -25.76], [-56.49, -25.76], [-56.49, -25.77], [-56.5, -25.77], [-56.51, -25.79], [-56.56, -25.79], [-56.57, -25.74], [-56.59, -25.66], [-56.59, -25.66], [-56.58, -25.66], [-56.57, -25.66], [-56.57, -25.65], [-56.57, -25.65], [-56.56, -25.65], [-56.56, -25.65], [-56.56, -25.64], [-56.55, -25.64]]]]}, "properties": {"id": 218, "area_km2": 122.47, "cod_dpto": "E", "nom_dist": "FELIX P. CARDOZO", "cod_dist": "8"}}, {"type": "Feature", "geometry": {"type": "MultiPolygon", "coordinates": [[[[-57.08, -26.38], [-57.04, -26.41], [-57.0, -26.42], [-57.0, -26.45], [-57.01, -26.45], [-57.01, -26.45], [-57.01, -26.46], [-57.01, -26.46], [-57.01, -26.47], [-57.01, -26.48], [-57.02, -26.48], [-57.02, -26.49], [-57.03, -26.49], [-57.03, -26.49], [-57.04, -26.5], [-57.04, -26.51], [-57.04, -26.51], [-57.06, -26.5], [-57.06, -26.5], [-57.07, -26.5], [-57.08, -26.5], [-57.09, -26.51], [-57.09, -26.51], [-57.1, -26.51], [-57.12, -26.53], [-57.15, -26.53], [-57.15, -26.53], [-57.17, -26.53], [-57.17, -26.53], [-57.18, -26.53], [-57.18, -26.54], [-57.19, -26.54], [-57.19, -26.55], [-57.2, -26.55], [-57.2, -26.55], [-57.21, -26.55], [-57.21, -26.55], [-57.21, -26.56], [-57.21, -26.56], [-57.21, -26.57], [-57.21, -26.57], [-57.22, -26.57], [-57.22, -26.57], [-57.23, -26.57], [-57.25, -26.56], [-57.24, -26.55], [-57.24, -26.49], [-57.22, -26.49], [-57.18, -26.44], [-57.14, -26.4], [-57.09, -26.38], [-57.08, -26.38]]]]}, "properties": {"id": 219, "area_km2": 274.66, "cod_dpto": "I", "nom_dist": "VILLA FLORIDA", "cod_dist": "9"}}, {"type": "Feature", "geometry": {"type": "MultiPolygon", "coordinates": [[[[-56.29, -26.37], [-56.2, -26.43], [-56.14, -26.49], [-56.12, -26.51], [-56.1, -26.54], [-56.1, -26.56], [-56.11, -26.57], [-56.12, -26.59], [-56.12, -26.61], [-56.12, -26.63], [-56.14, -26.63], [-56.15, -26.64], [-56.16, -26.66], [-56.17, -26.66], [-56.18, -26.68], [-56.18, -26.7], [-56.18, -26.71], [-56.2, -26.71], [-56.22, -26.7], [-56.24, -26.7], [-56.27, -26.71], [-56.3, -26.72], [-56.32, -26.73], [-56.35, -26.73], [-56.38, -26.74], [-56.4, -26.75], [-56.42, -26.77], [-56.45, -26.77], [-56.47, -26.78], [-56.49, -26.79], [-56.52, -26.78], [-56.54, -26.77], [-56.57, -26.76], [-56.6, -26.74], [-56.63, -26.74], [-56.66, -26.73], [-56.65, -26.7], [-56.64, -26.68], [-56.6, -26.67], [-56.56, -26.65], [-56.51, -26.62], [-56.46, -26.61], [-56.42, -26.6], [-56.39, -26.61], [-56.34, -26.61], [-56.34, -26.56], [-56.33, -26.49], [-56.35, -26.44], [-56.36, -26.4], [-56.34, -26.39], [-56.29, -26.37], [-56.29, -26.37]]]]}, "properties": {"id": 220, "area_km2": 1125.86, "cod_dpto": "G", "nom_dist": "YUTY", "cod_dist": "10"}}, {"type": "Feature", "geometry": {"type": "MultiPolygon", "coordinates": [[[[-55.53, -26.36], [-55.54, -26.37], [-55.54, -26.38], [-55.54, -26.39], [-55.54, -26.39], [-55.53, -26.39], [-55.53, -26.4], [-55.53, -26.4], [-55.53, -26.41], [-55.52, -26.41], [-55.52, -26.41], [-55.53, -26.42], [-55.53, -26.42], [-55.53, -26.46], [-55.52, -26.5], [-55.52, -26.55], [-55.51, -26.57], [-55.47, -26.59], [-55.45, -26.6], [-55.42, -26.61], [-55.41, -26.61], [-55.41, -26.61], [-55.39, -26.62], [-55.39, -26.63], [-55.39, -26.64], [-55.39, -26.66], [-55.4, -26.66], [-55.4, -26.67], [-55.41, -26.68], [-55.42, -26.68], [-55.43, -26.68], [-55.45, -26.69], [-55.46, -26.7], [-55.51, -26.69], [-55.53, -26.68], [-55.55, -26.66], [-55.59, -26.67], [-55.61, -26.64], [-55.62, -26.61], [-55.63, -26.6], [-55.66, -26.47], [-55.66, -26.38], [-55.66, -26.37], [-55.65, -26.38], [-55.65, -26.38], [-55.64, -26.39], [-55.63, -26.4], [-55.61, -26.41], [-55.58, -26.41], [-55.56, -26.37], [-55.53, -26.36], [-55.53, -26.36]]]]}, "properties": {"id": 221, "area_km2": 499.61, "cod_dpto": "H", "nom_dist": "ITAPUA POTY", "cod_dist": "31"}}, {"type": "Feature", "geometry": {"type": "MultiPolygon", "coordinates": [[[[-55.68, -26.36], [-55.67, -26.36], [-55.67, -26.37], [-55.63, -26.6], [-55.61, -26.64], [-55.6, -26.69], [-55.72, -26.75], [-55.8, -26.79], [-55.86, -26.83], [-55.87, -26.82], [-55.9, -26.76], [-55.91, -26.76], [-55.91, -26.75], [-55.9, -26.75], [-55.88, -26.74], [-55.88, -26.73], [-55.88, -26.7], [-55.84, -26.61], [-55.8, -26.54], [-55.82, -26.5], [-55.84, -26.49], [-55.88, -26.45], [-55.88, -26.45], [-55.87, -26.45], [-55.87, -26.44], [-55.86, -26.44], [-55.85, -26.44], [-55.85, -26.45], [-55.84, -26.45], [-55.84, -26.44], [-55.83, -26.43], [-55.83, -26.43], [-55.82, -26.43], [-55.82, -26.42], [-55.82, -26.41], [-55.82, -26.4], [-55.81, -26.4], [-55.81, -26.4], [-55.8, -26.39], [-55.79, -26.39], [-55.78, -26.39], [-55.77, -26.39], [-55.76, -26.38], [-55.75, -26.39], [-55.74, -26.38], [-55.73, -26.37], [-55.72, -26.37], [-55.72, -26.36], [-55.71, -26.36], [-55.7, -26.36], [-55.69, -26.36], [-55.68, -26.36]]]]}, "properties": {"id": 222, "area_km2": 900.46, "cod_dpto": "H", "nom_dist": "ALTO VERA", "cod_dist": "29"}}, {"type": "Feature", "geometry": {"type": "MultiPolygon", "coordinates": [[[[-56.43, -26.36], [-56.41, -26.37], [-56.39, -26.37], [-56.37, -26.38], [-56.37, -26.39], [-56.37, -26.39], [-56.37, -26.41], [-56.37, -26.42], [-56.35, -26.43], [-56.34, -26.45], [-56.34, -26.48], [-56.33, -26.5], [-56.33, -26.52], [-56.34, -26.55], [-56.34, -26.57], [-56.33, -26.59], [-56.35, -26.61], [-56.37, -26.62], [-56.38, -26.61], [-56.4, -26.61], [-56.41, -26.6], [-56.43, -26.59], [-56.44, -26.61], [-56.46, -26.6], [-56.47, -26.62], [-56.49, -26.62], [-56.51, -26.62], [-56.53, -26.63], [-56.55, -26.64], [-56.57, -26.65], [-56.58, -26.66], [-56.6, -26.67], [-56.62, -26.68], [-56.63, -26.68], [-56.64, -26.67], [-56.66, -26.67], [-56.67, -26.66], [-56.69, -26.66], [-56.7, -26.66], [-56.71, -26.65], [-56.73, -26.64], [-56.76, -26.62], [-56.81, -26.6], [-56.82, -26.55], [-56.85, -26.54], [-56.83, -26.51], [-56.55, -26.48], [-56.46, -26.42], [-56.47, -26.4], [-56.47, -26.39], [-56.48, -26.38], [-56.43, -26.36]]]]}, "properties": {"id": 223, "area_km2": 978.67, "cod_dpto": "G", "nom_dist": "YEGROS", "cod_dist": "9"}}, {"type": "Feature", "geometry": {"type": "MultiPolygon", "coordinates": [[[[-55.52, -26.35], [-55.45, -26.42], [-55.42, -26.44], [-55.41, -26.45], [-55.4, -26.46], [-55.39, -26.48], [-55.39, -26.49], [-55.38, -26.5], [-55.36, -26.5], [-55.36, -26.52], [-55.34, -26.51], [-55.35, -26.53], [-55.33, -26.53], [-55.32, -26.53], [-55.31, -26.54], [-55.31, -26.56], [-55.31, -26.56], [-55.31, -26.57], [-55.3, -26.58], [-55.29, -26.59], [-55.28, -26.61], [-55.26, -26.62], [-55.24, -26.62], [-55.23, -26.63], [-55.24, -26.64], [-55.25, -26.66], [-55.23, -26.67], [-55.22, -26.68], [-55.23, -26.7], [-55.24, -26.7], [-55.23, -26.71], [-55.21, -26.72], [-55.2, -26.74], [-55.29, -26.78], [-55.3, -26.77], [-55.3, -26.77], [-55.31, -26.76], [-55.32, -26.75], [-55.33, -26.76], [-55.34, -26.75], [-55.34, -26.75], [-55.36, -26.74], [-55.37, -26.73], [-55.39, -26.68], [-55.39, -26.64], [-55.41, -26.61], [-55.51, -26.57], [-55.53, -26.42], [-55.53, -26.41], [-55.53, -26.39], [-55.53, -26.37], [-55.52, -26.35]]]]}, "properties": {"id": 224, "area_km2": 635.91, "cod_dpto": "H", "nom_dist": "EDELIRA", "cod_dist": "24"}}, {"type": "Feature", "geometry": {"type": "MultiPolygon", "coordinates": [[[[-58.09, -26.13], [-58.01, -26.23], [-58.05, -26.25], [-58.05, -26.25], [-58.06, -26.25], [-58.06, -26.25], [-58.06, -26.25], [-58.06, -26.25], [-58.06, -26.25], [-58.07, -26.25], [-58.07, -26.25], [-58.07, -26.25], [-58.07, -26.25], [-58.07, -26.25], [-58.07, -26.25], [-58.08, -26.25], [-58.08, -26.25], [-58.08, -26.25], [-58.08, -26.25], [-58.08, -26.25], [-58.08, -26.25], [-58.08, -26.25], [-58.08, -26.25], [-58.08, -26.25], [-58.08, -26.25], [-58.08, -26.25], [-58.08, -26.25], [-58.08, -26.25], [-58.09, -26.25], [-58.09, -26.25], [-58.09, -26.25], [-58.09, -26.25], [-58.09, -26.25], [-58.09, -26.25], [-58.09, -26.25], [-58.09, -26.25], [-58.09, -26.24], [-58.09, -26.25], [-58.09, -26.25], [-58.1, -26.24], [-58.1, -26.24], [-58.1, -26.24], [-58.1, -26.24], [-58.11, -26.24], [-58.11, -26.22], [-58.13, -26.21], [-58.14, -26.2], [-58.16, -26.18], [-58.13, -26.18], [-58.12, -26.15], [-58.1, -26.13], [-58.09, -26.13]]]]}, "properties": {"id": 225, "area_km2": 137.96, "cod_dpto": "M", "nom_dist": "ALBERDI", "cod_dist": "2"}}, {"type": "Feature", "geometry": {"type": "MultiPolygon", "coordinates": [[[[-57.19, -26.07], [-57.17, -26.08], [-57.15, -26.09], [-57.14, -26.1], [-57.13, -26.11], [-57.11, -26.12], [-57.14, -26.16], [-57.14, -26.19], [-57.12, -26.19], [-57.12, -26.19], [-57.12, -26.2], [-57.12, -26.21], [-57.12, -26.22], [-57.12, -26.23], [-57.12, -26.23], [-57.11, -26.23], [-57.11, -26.24], [-57.11, -26.24], [-57.1, -26.24], [-57.1, -26.25], [-57.12, -26.3], [-57.15, -26.32], [-57.13, -26.33], [-57.12, -26.33], [-57.1, -26.34], [-57.09, -26.35], [-57.09, -26.37], [-57.17, -26.43], [-57.24, -26.53], [-57.3, -26.58], [-57.38, -26.61], [-57.49, -26.57], [-57.61, -26.51], [-57.7, -26.43], [-57.74, -26.38], [-57.72, -26.36], [-57.7, -26.37], [-57.68, -26.35], [-57.69, -26.34], [-57.68, -26.32], [-57.67, -26.31], [-57.66, -26.3], [-57.65, -26.29], [-57.65, -26.28], [-57.66, -26.27], [-57.63, -26.27], [-57.62, -26.24], [-57.59, -26.2], [-57.46, -26.12], [-57.31, -26.08], [-57.19, -26.06], [-57.19, -26.07]]]]}, "properties": {"id": 226, "area_km2": 2470.73, "cod_dpto": "J", "nom_dist": "CAAPUCU", "cod_dist": "3"}}, {"type": "Feature", "geometry": {"type": "MultiPolygon", "coordinates": [[[[-55.19, -26.2], [-55.27, -26.21], [-55.28, -26.2], [-55.29, -26.2], [-55.29, -26.18], [-55.3, -26.18], [-55.3, -26.17], [-55.3, -26.16], [-55.3, -26.15], [-55.31, -26.14], [-55.32, -26.14], [-55.31, -26.12], [-55.32, -26.12], [-55.31, -26.11], [-55.3, -26.1], [-55.29, -26.09], [-55.28, -26.09], [-55.25, -26.08], [-55.25, -26.06], [-55.23, -26.07], [-55.22, -26.07], [-55.23, -26.08], [-55.23, -26.09], [-55.21, -26.09], [-55.2, -26.09], [-55.21, -26.08], [-55.2, -26.07], [-55.22, -26.07], [-55.2, -26.06], [-55.2, -26.07], [-55.18, -26.07], [-55.17, -26.07], [-55.18, -26.06], [-55.19, -26.05], [-55.18, -26.05], [-55.19, -26.04], [-55.2, -26.04], [-55.2, -26.03], [-55.19, -26.03], [-55.18, -26.02], [-55.18, -26.04], [-55.18, -26.04], [-55.17, -26.03], [-55.16, -26.03], [-55.17, -26.02], [-55.16, -26.02], [-55.15, -26.03], [-55.14, -26.02], [-55.14, -26.03], [-55.14, -26.04], [-55.13, -26.04], [-55.19, -26.2]]]]}, "properties": {"id": 227, "area_km2": 229.63, "cod_dpto": "K", "nom_dist": "DR. RAUL PE\u00d1A", "cod_dist": "22"}}, {"type": "Feature", "geometry": {"type": "MultiPolygon", "coordinates": [[[[-56.07, -25.98], [-56.06, -25.99], [-56.05, -25.99], [-56.05, -26.0], [-55.99, -26.02], [-55.99, -26.04], [-55.99, -26.05], [-55.98, -26.05], [-55.98, -26.06], [-55.99, -26.07], [-55.99, -26.08], [-56.0, -26.08], [-56.01, -26.09], [-56.02, -26.09], [-56.03, -26.08], [-56.04, -26.09], [-56.05, -26.09], [-56.06, -26.09], [-56.07, -26.1], [-56.08, -26.1], [-56.08, -26.11], [-56.09, -26.11], [-56.1, -26.12], [-56.1, -26.13], [-56.16, -26.13], [-56.22, -26.14], [-56.23, -26.14], [-56.22, -26.13], [-56.22, -26.13], [-56.21, -26.12], [-56.21, -26.12], [-56.21, -26.11], [-56.21, -26.11], [-56.21, -26.1], [-56.2, -26.1], [-56.2, -26.1], [-56.2, -26.09], [-56.19, -26.08], [-56.18, -26.07], [-56.18, -26.06], [-56.16, -26.05], [-56.13, -26.03], [-56.13, -26.03], [-56.12, -26.02], [-56.11, -26.02], [-56.1, -26.02], [-56.1, -26.01], [-56.09, -26.0], [-56.09, -26.0], [-56.09, -25.99], [-56.08, -25.99], [-56.07, -25.98]]]]}, "properties": {"id": 229, "area_km2": 219.2, "cod_dpto": "G", "nom_dist": "GRAL. H. MORINIGO", "cod_dist": "3"}}, {"type": "Feature", "geometry": {"type": "MultiPolygon", "coordinates": [[[[-56.77, -26.41], [-56.88, -26.29], [-56.88, -26.28], [-56.87, -26.27], [-56.86, -26.27], [-56.86, -26.25], [-56.87, -26.24], [-56.88, -26.24], [-56.88, -26.23], [-56.89, -26.22], [-56.88, -26.21], [-56.88, -26.2], [-56.87, -26.2], [-56.86, -26.19], [-56.85, -26.17], [-56.85, -26.16], [-56.85, -26.15], [-56.84, -26.14], [-56.83, -26.12], [-56.81, -26.12], [-56.79, -26.12], [-56.79, -26.1], [-56.78, -26.08], [-56.8, -26.08], [-56.8, -26.07], [-56.78, -26.05], [-56.8, -26.04], [-56.79, -26.02], [-56.77, -26.01], [-56.77, -26.0], [-56.75, -25.99], [-56.73, -25.98], [-56.71, -26.02], [-56.71, -26.03], [-56.7, -26.05], [-56.71, -26.05], [-56.71, -26.06], [-56.72, -26.07], [-56.72, -26.09], [-56.72, -26.1], [-56.71, -26.12], [-56.69, -26.15], [-56.63, -26.19], [-56.64, -26.23], [-56.67, -26.24], [-56.7, -26.26], [-56.71, -26.31], [-56.74, -26.34], [-56.74, -26.36], [-56.76, -26.39], [-56.76, -26.41], [-56.77, -26.41]]]]}, "properties": {"id": 230, "area_km2": 606.86, "cod_dpto": "J", "nom_dist": "MBUYAPEY", "cod_dist": "8"}}, {"type": "Feature", "geometry": {"type": "MultiPolygon", "coordinates": [[[[-56.19, -26.06], [-56.19, -26.08], [-56.2, -26.09], [-56.2, -26.1], [-56.21, -26.11], [-56.21, -26.12], [-56.22, -26.13], [-56.23, -26.14], [-56.11, -26.14], [-56.11, -26.16], [-56.11, -26.17], [-56.12, -26.18], [-56.13, -26.19], [-56.14, -26.2], [-56.15, -26.21], [-56.15, -26.22], [-56.15, -26.24], [-56.15, -26.25], [-56.15, -26.26], [-56.16, -26.27], [-56.17, -26.27], [-56.18, -26.26], [-56.19, -26.27], [-56.2, -26.27], [-56.21, -26.28], [-56.22, -26.29], [-56.22, -26.3], [-56.24, -26.3], [-56.25, -26.31], [-56.24, -26.32], [-56.25, -26.33], [-56.25, -26.33], [-56.26, -26.34], [-56.26, -26.36], [-56.26, -26.37], [-56.28, -26.38], [-56.31, -26.38], [-56.34, -26.39], [-56.35, -26.39], [-56.37, -26.41], [-56.37, -26.39], [-56.37, -26.38], [-56.37, -26.37], [-56.37, -26.35], [-56.36, -26.34], [-56.35, -26.33], [-56.35, -26.31], [-56.38, -26.24], [-56.4, -26.22], [-56.41, -26.2], [-56.4, -26.02], [-56.19, -26.06]]]]}, "properties": {"id": 231, "area_km2": 832.05, "cod_dpto": "G", "nom_dist": "CAAZAPA", "cod_dist": "1"}}, {"type": "Feature", "geometry": {"type": "MultiPolygon", "coordinates": [[[[-56.29, -25.94], [-56.4, -26.02], [-56.42, -26.14], [-56.43, -26.13], [-56.44, -26.12], [-56.45, -26.12], [-56.46, -26.12], [-56.47, -26.12], [-56.48, -26.12], [-56.49, -26.12], [-56.53, -26.12], [-56.54, -26.12], [-56.55, -26.13], [-56.54, -26.15], [-56.54, -26.16], [-56.55, -26.17], [-56.55, -26.18], [-56.56, -26.19], [-56.57, -26.19], [-56.57, -26.19], [-56.58, -26.18], [-56.59, -26.18], [-56.6, -26.18], [-56.65, -26.11], [-56.5, -26.03], [-56.5, -26.03], [-56.5, -26.02], [-56.49, -26.02], [-56.49, -26.02], [-56.49, -26.02], [-56.41, -26.02], [-56.4, -26.01], [-56.39, -26.01], [-56.39, -26.0], [-56.38, -26.0], [-56.38, -26.0], [-56.37, -25.99], [-56.36, -25.99], [-56.35, -25.98], [-56.35, -25.98], [-56.35, -25.97], [-56.34, -25.97], [-56.33, -25.96], [-56.33, -25.96], [-56.32, -25.96], [-56.32, -25.95], [-56.31, -25.95], [-56.31, -25.95], [-56.3, -25.95], [-56.3, -25.94], [-56.29, -25.94], [-56.29, -25.94]]]]}, "properties": {"id": 232, "area_km2": 331.09, "cod_dpto": "E", "nom_dist": "ITURBE", "cod_dist": "11"}}, {"type": "Feature", "geometry": {"type": "MultiPolygon", "coordinates": [[[[-56.95, -25.91], [-56.74, -25.97], [-56.75, -25.99], [-56.77, -26.0], [-56.77, -26.01], [-56.79, -26.02], [-56.79, -26.04], [-56.79, -26.05], [-56.8, -26.07], [-56.8, -26.08], [-56.78, -26.09], [-56.79, -26.11], [-56.8, -26.12], [-56.82, -26.12], [-56.84, -26.13], [-56.85, -26.14], [-56.85, -26.16], [-56.85, -26.17], [-56.86, -26.18], [-56.87, -26.2], [-56.88, -26.21], [-56.89, -26.22], [-56.89, -26.22], [-56.9, -26.21], [-56.9, -26.2], [-56.9, -26.2], [-56.91, -26.19], [-56.91, -26.18], [-56.92, -26.16], [-56.93, -26.14], [-56.94, -26.14], [-56.94, -26.13], [-56.95, -26.12], [-56.96, -26.11], [-56.98, -26.12], [-56.99, -26.13], [-57.0, -26.13], [-57.03, -26.14], [-57.06, -26.14], [-57.08, -26.14], [-57.1, -26.13], [-57.12, -26.12], [-57.13, -26.11], [-57.14, -26.09], [-57.16, -26.08], [-57.16, -26.05], [-57.14, -26.04], [-57.13, -26.03], [-57.13, -26.0], [-57.12, -25.99], [-57.03, -25.95], [-56.95, -25.91]]]]}, "properties": {"id": 233, "area_km2": 835.67, "cod_dpto": "J", "nom_dist": "YBYCUI", "cod_dist": "13"}}, {"type": "Feature", "geometry": {"type": "MultiPolygon", "coordinates": [[[[-56.37, -25.89], [-56.36, -25.94], [-56.41, -26.01], [-56.41, -26.02], [-56.41, -26.02], [-56.41, -26.02], [-56.42, -26.02], [-56.44, -26.02], [-56.48, -26.02], [-56.48, -26.02], [-56.48, -26.01], [-56.48, -26.01], [-56.48, -26.0], [-56.48, -26.0], [-56.48, -26.0], [-56.47, -26.0], [-56.47, -25.99], [-56.47, -25.99], [-56.47, -25.98], [-56.47, -25.98], [-56.48, -25.91], [-56.48, -25.92], [-56.48, -25.93], [-56.47, -25.92], [-56.47, -25.93], [-56.47, -25.93], [-56.46, -25.93], [-56.46, -25.93], [-56.46, -25.92], [-56.45, -25.92], [-56.44, -25.92], [-56.44, -25.92], [-56.43, -25.92], [-56.43, -25.92], [-56.42, -25.92], [-56.42, -25.91], [-56.42, -25.91], [-56.42, -25.91], [-56.41, -25.91], [-56.41, -25.91], [-56.41, -25.91], [-56.41, -25.91], [-56.4, -25.91], [-56.4, -25.91], [-56.4, -25.9], [-56.39, -25.9], [-56.39, -25.9], [-56.39, -25.9], [-56.38, -25.9], [-56.38, -25.9], [-56.38, -25.89], [-56.37, -25.89], [-56.37, -25.89]]]]}, "properties": {"id": 234, "area_km2": 109.81, "cod_dpto": "E", "nom_dist": "SAN SALVADOR", "cod_dist": "2"}}, {"type": "Feature", "geometry": {"type": "MultiPolygon", "coordinates": [[[[-56.12, -25.94], [-56.15, -26.04], [-56.16, -26.05], [-56.16, -26.05], [-56.16, -26.05], [-56.17, -26.05], [-56.17, -26.06], [-56.17, -26.06], [-56.18, -26.06], [-56.18, -26.06], [-56.29, -25.94], [-56.28, -25.94], [-56.28, -25.94], [-56.28, -25.94], [-56.28, -25.94], [-56.27, -25.94], [-56.27, -25.94], [-56.27, -25.94], [-56.27, -25.94], [-56.27, -25.94], [-56.27, -25.94], [-56.26, -25.94], [-56.26, -25.94], [-56.26, -25.93], [-56.26, -25.93], [-56.26, -25.93], [-56.26, -25.93], [-56.26, -25.93], [-56.26, -25.93], [-56.26, -25.93], [-56.26, -25.92], [-56.26, -25.93], [-56.26, -25.92], [-56.26, -25.92], [-56.26, -25.93], [-56.25, -25.92], [-56.25, -25.92], [-56.25, -25.92], [-56.25, -25.92], [-56.25, -25.92], [-56.25, -25.91], [-56.25, -25.91], [-56.25, -25.91], [-56.25, -25.91], [-56.25, -25.91], [-56.25, -25.91], [-56.25, -25.9], [-56.25, -25.9], [-56.25, -25.9], [-56.25, -25.9], [-56.25, -25.9], [-56.12, -25.94]]]]}, "properties": {"id": 235, "area_km2": 190.45, "cod_dpto": "E", "nom_dist": "GRAL. E. A. GARAY", "cod_dist": "5"}}, {"type": "Feature", "geometry": {"type": "MultiPolygon", "coordinates": [[[[-56.81, -25.86], [-56.81, -25.86], [-56.81, -25.86], [-56.81, -25.86], [-56.81, -25.86], [-56.81, -25.86], [-56.8, -25.86], [-56.8, -25.86], [-56.8, -25.86], [-56.8, -25.86], [-56.79, -25.86], [-56.79, -25.86], [-56.79, -25.86], [-56.78, -25.86], [-56.78, -25.86], [-56.78, -25.86], [-56.78, -25.86], [-56.78, -25.87], [-56.78, -25.87], [-56.78, -25.87], [-56.78, -25.88], [-56.78, -25.88], [-56.78, -25.88], [-56.79, -25.88], [-56.79, -25.89], [-56.74, -25.91], [-56.73, -25.92], [-56.76, -25.93], [-56.84, -25.94], [-56.9, -25.91], [-56.86, -25.88], [-56.84, -25.86], [-56.84, -25.86], [-56.84, -25.86], [-56.84, -25.86], [-56.84, -25.86], [-56.84, -25.86], [-56.83, -25.86], [-56.83, -25.86], [-56.83, -25.86], [-56.83, -25.86], [-56.83, -25.86], [-56.83, -25.86], [-56.83, -25.86], [-56.82, -25.86], [-56.82, -25.86], [-56.82, -25.86], [-56.82, -25.86], [-56.82, -25.86], [-56.82, -25.86], [-56.82, -25.86], [-56.81, -25.86]]]]}, "properties": {"id": 236, "area_km2": 102.68, "cod_dpto": "J", "nom_dist": "LA COLMENA", "cod_dist": "6"}}, {"type": "Feature", "geometry": {"type": "MultiPolygon", "coordinates": [[[[-57.44, -25.46], [-57.42, -25.47], [-57.42, -25.48], [-57.42, -25.48], [-57.42, -25.48], [-57.42, -25.48], [-57.42, -25.48], [-57.42, -25.48], [-57.42, -25.48], [-57.42, -25.48], [-57.42, -25.48], [-57.42, -25.48], [-57.42, -25.48], [-57.42, -25.48], [-57.42, -25.48], [-57.42, -25.49], [-57.43, -25.5], [-57.43, -25.5], [-57.44, -25.5], [-57.44, -25.5], [-57.44, -25.5], [-57.44, -25.51], [-57.43, -25.51], [-57.45, -25.53], [-57.47, -25.51], [-57.48, -25.51], [-57.48, -25.5], [-57.47, -25.48], [-57.47, -25.48], [-57.47, -25.48], [-57.47, -25.48], [-57.47, -25.48], [-57.47, -25.48], [-57.47, -25.48], [-57.47, -25.48], [-57.47, -25.48], [-57.47, -25.48], [-57.47, -25.48], [-57.47, -25.48], [-57.47, -25.47], [-57.47, -25.47], [-57.47, -25.47], [-57.47, -25.47], [-57.47, -25.47], [-57.47, -25.47], [-57.47, -25.47], [-57.47, -25.47], [-57.47, -25.47], [-57.46, -25.47], [-57.46, -25.47], [-57.46, -25.47], [-57.46, -25.47], [-57.46, -25.47], [-57.46, -25.46], [-57.46, -25.46], [-57.46, -25.46], [-57.46, -25.46], [-57.46, -25.46], [-57.46, -25.46], [-57.46, -25.46], [-57.46, -25.46], [-57.46, -25.46], [-57.46, -25.46], [-57.46, -25.46], [-57.45, -25.46], [-57.45, -25.46], [-57.45, -25.46], [-57.44, -25.46]]]]}, "properties": {"id": 237, "area_km2": 29.84, "cod_dpto": "L", "nom_dist": "GUARAMBARE", "cod_dist": "4"}}, {"type": "Feature", "geometry": {"type": "MultiPolygon", "coordinates": [[[[-56.49, -25.78], [-56.5, -25.85], [-56.51, -25.87], [-56.51, -25.87], [-56.51, -25.87], [-56.52, -25.87], [-56.52, -25.88], [-56.52, -25.89], [-56.53, -25.89], [-56.53, -25.89], [-56.54, -25.89], [-56.54, -25.89], [-56.55, -25.9], [-56.55, -25.9], [-56.56, -25.9], [-56.56, -25.91], [-56.56, -25.91], [-56.57, -25.91], [-56.57, -25.92], [-56.57, -25.92], [-56.57, -25.93], [-56.57, -25.93], [-56.57, -25.93], [-56.57, -25.94], [-56.58, -25.95], [-56.59, -25.95], [-56.6, -25.96], [-56.6, -25.94], [-56.61, -25.94], [-56.61, -25.93], [-56.61, -25.93], [-56.61, -25.92], [-56.61, -25.91], [-56.61, -25.91], [-56.62, -25.91], [-56.62, -25.91], [-56.63, -25.9], [-56.63, -25.89], [-56.63, -25.89], [-56.62, -25.89], [-56.62, -25.87], [-56.62, -25.86], [-56.63, -25.85], [-56.63, -25.84], [-56.63, -25.84], [-56.63, -25.83], [-56.63, -25.82], [-56.63, -25.82], [-56.63, -25.82], [-56.62, -25.82], [-56.55, -25.8], [-56.49, -25.78]]]]}, "properties": {"id": 238, "area_km2": 156.43, "cod_dpto": "E", "nom_dist": "ITAPE", "cod_dist": "10"}}, {"type": "Feature", "geometry": {"type": "MultiPolygon", "coordinates": [[[[-56.8, -25.63], [-56.8, -25.63], [-56.79, -25.63], [-56.79, -25.63], [-56.79, -25.63], [-56.78, -25.63], [-56.78, -25.63], [-56.78, -25.63], [-56.77, -25.64], [-56.77, -25.64], [-56.77, -25.64], [-56.77, -25.64], [-56.77, -25.64], [-56.77, -25.64], [-56.77, -25.64], [-56.76, -25.65], [-56.76, -25.65], [-56.76, -25.65], [-56.77, -25.66], [-56.79, -25.67], [-56.8, -25.67], [-56.81, -25.68], [-56.82, -25.69], [-56.82, -25.7], [-56.83, -25.7], [-56.83, -25.71], [-56.84, -25.72], [-56.84, -25.73], [-56.84, -25.73], [-56.84, -25.75], [-56.85, -25.76], [-56.84, -25.77], [-56.84, -25.77], [-56.87, -25.8], [-56.89, -25.85], [-56.91, -25.88], [-56.98, -25.85], [-56.99, -25.84], [-56.97, -25.82], [-56.97, -25.79], [-56.97, -25.76], [-56.97, -25.76], [-56.96, -25.76], [-56.95, -25.75], [-56.95, -25.75], [-56.94, -25.75], [-56.93, -25.75], [-56.92, -25.71], [-56.86, -25.66], [-56.81, -25.62], [-56.8, -25.63], [-56.8, -25.63]]]]}, "properties": {"id": 239, "area_km2": 248.92, "cod_dpto": "J", "nom_dist": "CABALLERO", "cod_dist": "4"}}, {"type": "Feature", "geometry": {"type": "MultiPolygon", "coordinates": [[[[-60.8, -23.77], [-60.8, -23.87], [-60.85, -23.87], [-60.9, -23.84], [-60.94, -23.81], [-60.98, -23.81], [-61.02, -23.78], [-61.04, -23.73], [-61.08, -23.69], [-61.1, -23.66], [-61.1, -23.62], [-61.11, -23.6], [-61.13, -23.59], [-61.16, -23.57], [-61.19, -23.54], [-61.22, -23.55], [-61.25, -23.53], [-61.27, -23.52], [-61.3, -23.49], [-61.36, -23.45], [-61.41, -23.45], [-61.45, -23.42], [-61.49, -23.42], [-61.52, -23.37], [-61.53, -23.34], [-61.57, -23.32], [-61.59, -23.3], [-61.63, -23.28], [-61.7, -23.26], [-61.74, -23.21], [-61.78, -23.16], [-61.82, -23.12], [-61.94, -23.05], [-62.0, -22.98], [-62.01, -22.93], [-62.03, -22.89], [-62.08, -22.85], [-62.12, -22.8], [-62.16, -22.75], [-62.19, -22.72], [-62.2, -22.67], [-62.21, -22.65], [-62.22, -22.65], [-62.22, -22.64], [-62.24, -22.63], [-62.24, -22.61], [-62.26, -22.6], [-62.25, -22.59], [-62.25, -22.58], [-62.23, -22.54], [-60.7, -23.61], [-60.8, -23.77]]]]}, "properties": {"id": 240, "area_km2": 23833.82, "cod_dpto": "Q", "nom_dist": "BOQUERON", "cod_dist": "7"}}, {"type": "Feature", "geometry": {"type": "MultiPolygon", "coordinates": [[[[-62.23, -22.54], [-62.24, -22.54], [-62.26, -22.53], [-62.27, -22.51], [-62.27, -22.52], [-62.28, -22.52], [-62.29, -22.52], [-62.29, -22.51], [-62.28, -22.51], [-62.29, -22.5], [-62.29, -22.49], [-62.29, -22.48], [-62.3, -22.48], [-62.3, -22.49], [-62.32, -22.48], [-62.33, -22.48], [-62.34, -22.47], [-62.35, -22.46], [-62.35, -22.45], [-62.35, -22.46], [-62.36, -22.46], [-62.37, -22.46], [-62.37, -22.47], [-62.38, -22.48], [-62.38, -22.46], [-62.39, -22.46], [-62.4, -22.45], [-62.4, -22.44], [-62.41, -22.45], [-62.41, -22.44], [-62.42, -22.42], [-62.43, -22.43], [-62.43, -22.42], [-62.45, -22.42], [-62.46, -22.4], [-62.47, -22.38], [-62.5, -22.38], [-62.53, -22.37], [-62.54, -22.37], [-62.54, -22.35], [-62.55, -22.34], [-62.55, -22.34], [-62.57, -22.32], [-62.59, -22.32], [-62.62, -22.3], [-62.63, -22.3], [-62.64, -22.3], [-62.63, -22.28], [-62.64, -22.26], [-61.69, -20.01], [-60.25, -22.34], [-61.44, -22.54], [-62.23, -22.54]]]]}, "properties": {"id": 241, "area_km2": 50072.06, "cod_dpto": "Q", "nom_dist": "MCAL. ESTIGARRIBIA", "cod_dist": "1"}}, {"type": "Feature", "geometry": {"type": "MultiPolygon", "coordinates": [[[[-59.99, -22.47], [-59.97, -22.52], [-59.97, -22.52], [-60.06, -22.46], [-60.1, -22.46], [-60.09, -22.46], [-60.25, -22.33], [-60.25, -22.34], [-60.26, -22.33], [-60.41, -22.21], [-60.4, -21.99], [-60.49, -21.99], [-60.47, -21.82], [-60.56, -21.81], [-60.48, -20.44], [-59.87, -20.66], [-59.88, -20.78], [-59.76, -21.06], [-59.75, -21.14], [-59.72, -21.34], [-59.69, -21.42], [-59.85, -21.46], [-59.97, -22.05], [-59.73, -22.05], [-59.73, -22.35], [-59.99, -22.35], [-59.99, -22.47]]]]}, "properties": {"id": 242, "area_km2": 13967.07, "cod_dpto": "Q", "nom_dist": "FILADELFIA", "cod_dist": "5"}}, {"type": "Feature", "geometry": {"type": "MultiPolygon", "coordinates": [[[[-59.37, -22.08], [-59.34, -22.17], [-59.62, -22.34], [-59.64, -22.39], [-59.63, -22.43], [-59.71, -22.43], [-59.71, -22.47], [-59.75, -22.47], [-59.75, -22.5], [-59.75, -22.5], [-59.75, -22.52], [-59.86, -22.67], [-59.92, -22.67], [-59.92, -22.63], [-59.92, -22.63], [-59.92, -22.59], [-59.96, -22.59], [-59.95, -22.52], [-59.97, -22.52], [-59.99, -22.47], [-59.99, -22.35], [-59.73, -22.35], [-59.73, -22.05], [-59.41, -22.06], [-59.37, -22.08]]]]}, "properties": {"id": 243, "area_km2": 1799.68, "cod_dpto": "Q", "nom_dist": "LOMA PLATA", "cod_dist": "3"}}, {"type": "Feature", "geometry": {"type": "MultiPolygon", "coordinates": [[[[-57.67, -25.28], [-57.66, -25.35], [-57.67, -25.35], [-57.68, -25.35], [-57.68, -25.34], [-57.68, -25.34], [-57.68, -25.34], [-57.68, -25.34], [-57.68, -25.34], [-57.68, -25.33], [-57.69, -25.33], [-57.69, -25.33], [-57.69, -25.33], [-57.69, -25.32], [-57.7, -25.32], [-57.7, -25.32], [-57.7, -25.32], [-57.7, -25.32], [-57.7, -25.31], [-57.7, -25.31], [-57.7, -25.31], [-57.7, -25.3], [-57.7, -25.3], [-57.71, -25.3], [-57.7, -25.29], [-57.7, -25.28], [-57.7, -25.29], [-57.7, -25.29], [-57.7, -25.29], [-57.7, -25.29], [-57.7, -25.28], [-57.7, -25.28], [-57.71, -25.29], [-57.71, -25.29], [-57.71, -25.28], [-57.71, -25.28], [-57.71, -25.27], [-57.71, -25.27], [-57.72, -25.27], [-57.72, -25.28], [-57.72, -25.28], [-57.72, -25.27], [-57.72, -25.27], [-57.72, -25.27], [-57.72, -25.27], [-57.71, -25.27], [-57.7, -25.27], [-57.7, -25.28], [-57.69, -25.28], [-57.68, -25.28], [-57.67, -25.27], [-57.67, -25.28]]]]}, "properties": {"id": 244, "area_km2": 20.09, "cod_dpto": "P", "nom_dist": "NANAWA", "cod_dist": "5"}}, {"type": "Feature", "geometry": {"type": "MultiPolygon", "coordinates": [[[[-57.64, -25.2], [-57.6, -25.19], [-57.56, -25.17], [-57.56, -25.2], [-57.6, -25.24], [-57.66, -25.27], [-57.67, -25.27], [-57.68, -25.28], [-57.69, -25.28], [-57.69, -25.28], [-57.7, -25.28], [-57.71, -25.27], [-57.7, -25.27], [-57.71, -25.26], [-57.71, -25.26], [-57.7, -25.26], [-57.7, -25.26], [-57.7, -25.26], [-57.7, -25.25], [-57.7, -25.25], [-57.7, -25.25], [-57.69, -25.25], [-57.69, -25.25], [-57.69, -25.25], [-57.69, -25.25], [-57.69, -25.25], [-57.68, -25.25], [-57.68, -25.24], [-57.68, -25.25], [-57.68, -25.25], [-57.68, -25.24], [-57.67, -25.24], [-57.67, -25.24], [-57.67, -25.24], [-57.67, -25.24], [-57.67, -25.24], [-57.67, -25.24], [-57.67, -25.23], [-57.67, -25.23], [-57.67, -25.23], [-57.67, -25.23], [-57.67, -25.23], [-57.67, -25.23], [-57.66, -25.23], [-57.66, -25.22], [-57.66, -25.22], [-57.66, -25.22], [-57.65, -25.21], [-57.65, -25.21], [-57.65, -25.21], [-57.65, -25.2], [-57.64, -25.2]]]]}, "properties": {"id": 245, "area_km2": 82.2, "cod_dpto": "P", "nom_dist": "NUEVA ASUNCION", "cod_dist": "11"}}, {"type": "Feature", "geometry": {"type": "MultiPolygon", "coordinates": [[[[-59.41, -23.19], [-59.4, -23.19], [-59.41, -23.23], [-59.29, -23.43], [-59.48, -23.45], [-59.47, -23.59], [-59.47, -23.66], [-59.55, -23.72], [-59.55, -23.74], [-59.82, -23.79], [-59.94, -23.78], [-59.95, -23.79], [-60.06, -23.82], [-60.2, -23.82], [-60.21, -23.82], [-60.22, -23.82], [-60.27, -23.81], [-60.39, -23.79], [-60.4, -23.78], [-60.25, -23.52], [-60.07, -23.42], [-60.03, -23.3], [-59.98, -23.15], [-59.96, -22.99], [-59.81, -22.99], [-59.8, -23.0], [-59.73, -23.03], [-59.63, -23.09], [-59.53, -23.12], [-59.53, -23.14], [-59.54, -23.14], [-59.54, -23.16], [-59.54, -23.17], [-59.53, -23.17], [-59.53, -23.17], [-59.53, -23.17], [-59.52, -23.18], [-59.52, -23.18], [-59.51, -23.18], [-59.51, -23.18], [-59.5, -23.18], [-59.5, -23.18], [-59.49, -23.18], [-59.48, -23.19], [-59.48, -23.19], [-59.48, -23.19], [-59.48, -23.19], [-59.48, -23.2], [-59.47, -23.2], [-59.46, -23.2], [-59.46, -23.2], [-59.46, -23.2], [-59.45, -23.19], [-59.45, -23.19], [-59.44, -23.19], [-59.43, -23.19], [-59.42, -23.19], [-59.41, -23.19], [-59.41, -23.19]]]]}, "properties": {"id": 247, "area_km2": 6043.95, "cod_dpto": "P", "nom_dist": "CAMPO ACEVAL", "cod_dist": "10"}}, {"type": "Feature", "geometry": {"type": "MultiPolygon", "coordinates": [[[[-59.82, -22.99], [-59.97, -22.99], [-59.75, -22.52], [-59.71, -22.47], [-59.62, -22.34], [-59.31, -22.19], [-58.85, -22.6], [-59.18, -22.99], [-59.4, -23.19], [-59.41, -23.19], [-59.41, -23.19], [-59.41, -23.19], [-59.42, -23.19], [-59.42, -23.19], [-59.43, -23.19], [-59.43, -23.19], [-59.44, -23.19], [-59.45, -23.19], [-59.45, -23.19], [-59.45, -23.19], [-59.46, -23.2], [-59.46, -23.2], [-59.46, -23.2], [-59.47, -23.2], [-59.47, -23.2], [-59.47, -23.2], [-59.48, -23.2], [-59.48, -23.19], [-59.48, -23.19], [-59.48, -23.19], [-59.48, -23.19], [-59.48, -23.19], [-59.49, -23.19], [-59.49, -23.18], [-59.49, -23.18], [-59.5, -23.18], [-59.5, -23.18], [-59.5, -23.18], [-59.51, -23.18], [-59.51, -23.18], [-59.52, -23.18], [-59.52, -23.18], [-59.52, -23.18], [-59.52, -23.18], [-59.53, -23.17], [-59.53, -23.17], [-59.53, -23.17], [-59.53, -23.17], [-59.54, -23.17], [-59.54, -23.17], [-59.54, -23.16], [-59.54, -23.15], [-59.53, -23.14], [-59.53, -23.13], [-59.53, -23.12], [-59.56, -23.11], [-59.63, -23.08], [-59.7, -23.03], [-59.74, -23.01], [-59.8, -23.0], [-59.8, -22.99], [-59.82, -22.99]]]]}, "properties": {"id": 248, "area_km2": 7231.16, "cod_dpto": "P", "nom_dist": "TTE 1RO MANUEL IRALA FERNANDEZ", "cod_dist": "7"}}, {"type": "Feature", "geometry": {"type": "MultiPolygon", "coordinates": [[[[-57.38, -23.27], [-57.36, -23.26], [-57.33, -23.22], [-57.33, -23.1], [-57.34, -23.09], [-57.32, -23.09], [-57.31, -23.09], [-57.31, -23.09], [-57.3, -23.09], [-57.29, -23.09], [-57.27, -23.09], [-57.26, -23.08], [-57.26, -23.11], [-57.24, -23.11], [-57.23, -23.11], [-57.23, -23.1], [-57.23, -23.1], [-57.21, -23.1], [-57.2, -23.09], [-57.2, -23.08], [-57.19, -23.09], [-57.18, -23.09], [-57.18, -23.1], [-57.17, -23.09], [-57.15, -23.1], [-57.15, -23.09], [-57.13, -23.09], [-57.13, -23.07], [-57.12, -23.05], [-57.11, -23.06], [-57.08, -23.07], [-57.06, -23.06], [-57.05, -23.07], [-57.04, -23.07], [-57.02, -23.07], [-57.01, -23.08], [-57.0, -23.08], [-57.0, -23.09], [-56.99, -23.09], [-56.98, -23.09], [-56.97, -23.09], [-56.97, -23.09], [-56.96, -23.09], [-56.95, -23.09], [-56.93, -23.09], [-56.92, -23.09], [-56.9, -23.1], [-56.9, -23.13], [-57.0, -23.26], [-57.22, -23.31], [-57.34, -23.3], [-57.38, -23.27]]]]}, "properties": {"id": 249, "area_km2": 854.79, "cod_dpto": "B", "nom_dist": "LORETO", "cod_dist": "5"}}, {"type": "Feature", "geometry": {"type": "MultiPolygon", "coordinates": [[[[-56.71, -23.4], [-56.71, -23.41], [-56.72, -23.42], [-56.71, -23.43], [-56.72, -23.43], [-56.75, -23.45], [-56.81, -23.43], [-56.88, -23.44], [-56.93, -23.44], [-56.96, -23.45], [-56.99, -23.45], [-57.01, -23.45], [-57.01, -23.44], [-57.02, -23.45], [-57.03, -23.45], [-57.03, -23.44], [-57.04, -23.45], [-57.05, -23.45], [-57.06, -23.45], [-57.06, -23.46], [-57.07, -23.46], [-57.08, -23.46], [-57.08, -23.46], [-57.1, -23.46], [-57.1, -23.46], [-57.11, -23.46], [-57.13, -23.47], [-57.14, -23.46], [-57.14, -23.47], [-57.18, -23.34], [-57.21, -23.28], [-57.03, -23.23], [-56.96, -23.21], [-56.89, -23.13], [-56.9, -23.12], [-56.9, -23.11], [-56.9, -23.09], [-56.9, -23.09], [-56.9, -23.09], [-56.89, -23.09], [-56.89, -23.08], [-56.89, -23.07], [-56.89, -23.07], [-56.88, -23.07], [-56.87, -23.08], [-56.86, -23.08], [-56.84, -23.14], [-56.74, -23.29], [-56.75, -23.33], [-56.74, -23.37], [-56.72, -23.39], [-56.71, -23.4]]]]}, "properties": {"id": 250, "area_km2": 1194.54, "cod_dpto": "B", "nom_dist": "HORQUETA", "cod_dist": "6"}}, {"type": "Feature", "geometry": {"type": "MultiPolygon", "coordinates": [[[[-56.71, -23.4], [-56.74, -23.36], [-56.74, -23.28], [-56.86, -23.08], [-56.85, -23.08], [-56.83, -23.08], [-56.82, -23.07], [-56.8, -23.06], [-56.79, -23.05], [-56.79, -23.04], [-56.78, -23.03], [-56.77, -23.02], [-56.75, -23.02], [-56.74, -23.0], [-56.73, -23.0], [-56.72, -23.01], [-56.7, -22.99], [-56.69, -22.99], [-56.68, -23.0], [-56.62, -23.02], [-56.6, -23.02], [-56.57, -23.03], [-56.55, -23.11], [-56.55, -23.12], [-56.56, -23.13], [-56.56, -23.14], [-56.57, -23.15], [-56.57, -23.16], [-56.58, -23.16], [-56.59, -23.17], [-56.59, -23.18], [-56.6, -23.19], [-56.6, -23.2], [-56.6, -23.21], [-56.59, -23.21], [-56.59, -23.22], [-56.59, -23.23], [-56.58, -23.24], [-56.57, -23.26], [-56.57, -23.28], [-56.57, -23.3], [-56.59, -23.32], [-56.6, -23.33], [-56.62, -23.35], [-56.63, -23.36], [-56.63, -23.37], [-56.65, -23.38], [-56.66, -23.38], [-56.68, -23.38], [-56.7, -23.38], [-56.7, -23.4], [-56.71, -23.4]]]]}, "properties": {"id": 251, "area_km2": 884.44, "cod_dpto": "B", "nom_dist": "ARROYITO", "cod_dist": "13"}}, {"type": "Feature", "geometry": {"type": "MultiPolygon", "coordinates": [[[[-56.34, -22.7], [-56.31, -22.69], [-56.13, -23.07], [-56.14, -23.09], [-56.15, -23.11], [-56.16, -23.12], [-56.18, -23.12], [-56.19, -23.14], [-56.19, -23.16], [-56.2, -23.17], [-56.22, -23.19], [-56.2, -23.21], [-56.2, -23.23], [-56.21, -23.23], [-56.24, -23.23], [-56.27, -23.25], [-56.27, -23.26], [-56.29, -23.27], [-56.31, -23.27], [-56.36, -23.26], [-56.44, -23.24], [-56.46, -23.25], [-56.49, -23.26], [-56.55, -23.12], [-56.54, -23.1], [-56.6, -23.02], [-56.64, -23.01], [-56.68, -23.0], [-56.69, -22.97], [-56.7, -22.95], [-56.71, -22.93], [-56.72, -22.9], [-56.7, -22.9], [-56.67, -22.9], [-56.66, -22.88], [-56.63, -22.89], [-56.62, -22.9], [-56.62, -22.91], [-56.59, -22.9], [-56.56, -22.89], [-56.54, -22.88], [-56.52, -22.82], [-56.5, -22.79], [-56.46, -22.77], [-56.43, -22.77], [-56.41, -22.75], [-56.4, -22.75], [-56.39, -22.72], [-56.38, -22.71], [-56.36, -22.71], [-56.34, -22.7]]]]}, "properties": {"id": 252, "area_km2": 2186.73, "cod_dpto": "B", "nom_dist": "YBY YAU", "cod_dist": "8"}}, {"type": "Feature", "geometry": {"type": "MultiPolygon", "coordinates": [[[[-57.44, -23.3], [-57.44, -23.3], [-57.44, -23.3], [-57.43, -23.3], [-57.43, -23.29], [-57.43, -23.29], [-57.42, -23.29], [-57.42, -23.28], [-57.42, -23.28], [-57.41, -23.28], [-57.41, -23.28], [-57.41, -23.28], [-57.41, -23.28], [-57.4, -23.28], [-57.39, -23.28], [-57.39, -23.27], [-57.39, -23.27], [-57.38, -23.27], [-57.38, -23.27], [-57.38, -23.27], [-57.38, -23.27], [-57.38, -23.28], [-57.33, -23.31], [-57.29, -23.33], [-57.23, -23.31], [-57.32, -23.41], [-57.33, -23.5], [-57.35, -23.5], [-57.36, -23.51], [-57.38, -23.5], [-57.4, -23.5], [-57.41, -23.49], [-57.44, -23.48], [-57.47, -23.41], [-57.5, -23.32], [-57.48, -23.32], [-57.48, -23.32], [-57.47, -23.33], [-57.47, -23.32], [-57.46, -23.32], [-57.46, -23.32], [-57.46, -23.32], [-57.46, -23.31], [-57.45, -23.31], [-57.45, -23.31], [-57.45, -23.31], [-57.45, -23.3], [-57.45, -23.3], [-57.45, -23.3], [-57.45, -23.3], [-57.44, -23.3], [-57.44, -23.3]]]]}, "properties": {"id": 254, "area_km2": 456.18, "cod_dpto": "B", "nom_dist": "CONCEPCION", "cod_dist": "1"}}, {"type": "Feature", "geometry": {"type": "MultiPolygon", "coordinates": [[[[-57.44, -23.3], [-57.45, -23.3], [-57.45, -23.31], [-57.46, -23.31], [-57.46, -23.32], [-57.47, -23.33], [-57.48, -23.3], [-57.63, -23.12], [-57.74, -23.01], [-57.7, -23.01], [-57.7, -23.0], [-57.69, -23.0], [-57.67, -23.0], [-57.66, -22.99], [-57.66, -22.99], [-57.65, -22.99], [-57.63, -22.98], [-57.62, -22.98], [-57.62, -22.97], [-57.58, -22.95], [-57.56, -22.95], [-57.51, -22.94], [-57.35, -23.0], [-57.35, -23.01], [-57.36, -23.03], [-57.36, -23.03], [-57.37, -23.04], [-57.37, -23.05], [-57.38, -23.05], [-57.37, -23.06], [-57.38, -23.06], [-57.38, -23.07], [-57.38, -23.07], [-57.37, -23.08], [-57.36, -23.09], [-57.36, -23.08], [-57.35, -23.08], [-57.34, -23.08], [-57.34, -23.08], [-57.33, -23.09], [-57.33, -23.11], [-57.35, -23.24], [-57.36, -23.26], [-57.37, -23.27], [-57.38, -23.27], [-57.39, -23.27], [-57.41, -23.28], [-57.41, -23.28], [-57.42, -23.28], [-57.43, -23.29], [-57.44, -23.3], [-57.44, -23.3]]]]}, "properties": {"id": 255, "area_km2": 1050.66, "cod_dpto": "B", "nom_dist": "PASO HORQUETA", "cod_dist": "14"}}, {"type": "Feature", "geometry": {"type": "MultiPolygon", "coordinates": [[[[-57.14, -23.36], [-57.15, -23.48], [-57.15, -23.48], [-57.15, -23.48], [-57.16, -23.48], [-57.16, -23.48], [-57.16, -23.48], [-57.16, -23.48], [-57.17, -23.48], [-57.17, -23.48], [-57.17, -23.48], [-57.17, -23.48], [-57.17, -23.48], [-57.18, -23.48], [-57.18, -23.48], [-57.18, -23.48], [-57.19, -23.48], [-57.19, -23.48], [-57.19, -23.48], [-57.19, -23.48], [-57.2, -23.48], [-57.2, -23.48], [-57.2, -23.48], [-57.2, -23.48], [-57.21, -23.48], [-57.21, -23.48], [-57.21, -23.48], [-57.22, -23.48], [-57.22, -23.48], [-57.22, -23.47], [-57.23, -23.48], [-57.23, -23.47], [-57.23, -23.48], [-57.24, -23.48], [-57.24, -23.48], [-57.24, -23.47], [-57.25, -23.48], [-57.25, -23.48], [-57.26, -23.48], [-57.27, -23.48], [-57.27, -23.5], [-57.27, -23.49], [-57.29, -23.5], [-57.29, -23.49], [-57.3, -23.5], [-57.3, -23.5], [-57.31, -23.5], [-57.33, -23.5], [-57.33, -23.5], [-57.32, -23.41], [-57.23, -23.38], [-57.14, -23.36]]]]}, "properties": {"id": 256, "area_km2": 219.6, "cod_dpto": "B", "nom_dist": "BELEN", "cod_dist": "4"}}, {"type": "Feature", "geometry": {"type": "MultiPolygon", "coordinates": [[[[-54.94, -24.37], [-54.96, -24.4], [-54.96, -24.44], [-55.25, -24.47], [-55.33, -24.46], [-55.33, -24.44], [-55.32, -24.42], [-55.33, -24.41], [-55.34, -24.39], [-55.37, -24.38], [-55.37, -24.37], [-55.37, -24.37], [-55.36, -24.36], [-55.36, -24.36], [-55.35, -24.36], [-55.34, -24.36], [-55.34, -24.36], [-55.33, -24.36], [-55.32, -24.36], [-55.32, -24.35], [-55.31, -24.36], [-55.31, -24.37], [-55.3, -24.36], [-55.3, -24.36], [-55.29, -24.36], [-55.28, -24.36], [-55.27, -24.36], [-55.26, -24.36], [-55.26, -24.36], [-55.24, -24.36], [-55.24, -24.35], [-55.23, -24.35], [-55.23, -24.35], [-55.22, -24.34], [-55.22, -24.34], [-55.21, -24.33], [-55.21, -24.33], [-55.21, -24.33], [-55.2, -24.33], [-55.2, -24.32], [-55.19, -24.3], [-55.2, -24.24], [-55.17, -24.2], [-55.17, -24.14], [-55.05, -24.14], [-55.02, -24.17], [-55.0, -24.21], [-54.99, -24.28], [-54.95, -24.32], [-54.93, -24.34], [-54.94, -24.37], [-54.94, -24.37]]]]}, "properties": {"id": 257, "area_km2": 1001.63, "cod_dpto": "S", "nom_dist": "YBYRAROBAN\u00c1", "cod_dist": "12"}}, {"type": "Feature", "geometry": {"type": "MultiPolygon", "coordinates": [[[[-54.96, -24.46], [-54.73, -24.66], [-54.73, -24.65], [-54.75, -24.66], [-54.76, -24.66], [-54.77, -24.65], [-54.78, -24.66], [-54.8, -24.68], [-54.8, -24.68], [-54.81, -24.67], [-54.83, -24.66], [-54.84, -24.67], [-54.83, -24.66], [-54.85, -24.65], [-54.86, -24.65], [-54.86, -24.64], [-54.87, -24.63], [-54.88, -24.63], [-54.88, -24.64], [-54.89, -24.63], [-54.89, -24.62], [-54.89, -24.62], [-54.9, -24.62], [-54.9, -24.61], [-54.9, -24.6], [-54.91, -24.59], [-54.91, -24.59], [-54.91, -24.58], [-54.91, -24.58], [-54.91, -24.57], [-54.92, -24.57], [-54.92, -24.57], [-54.93, -24.57], [-54.93, -24.57], [-54.94, -24.57], [-54.94, -24.57], [-54.94, -24.56], [-54.95, -24.57], [-54.95, -24.57], [-54.96, -24.57], [-54.96, -24.57], [-54.97, -24.57], [-54.98, -24.56], [-54.98, -24.55], [-54.99, -24.55], [-55.01, -24.55], [-55.02, -24.55], [-55.04, -24.55], [-55.08, -24.55], [-55.12, -24.5], [-54.96, -24.46], [-54.96, -24.46]]]]}, "properties": {"id": 258, "area_km2": 390.64, "cod_dpto": "S", "nom_dist": "LAUREL", "cod_dist": "16"}}, {"type": "Feature", "geometry": {"type": "MultiPolygon", "coordinates": [[[[-55.11, -24.5], [-55.06, -24.55], [-55.02, -24.55], [-55.0, -24.55], [-54.99, -24.55], [-54.98, -24.56], [-54.97, -24.57], [-54.96, -24.57], [-55.02, -25.23], [-55.02, -25.18], [-55.05, -25.17], [-55.08, -25.15], [-55.1, -25.13], [-55.15, -25.1], [-55.17, -25.08], [-55.2, -25.05], [-55.23, -25.04], [-55.25, -25.03], [-55.29, -25.02], [-55.31, -25.0], [-55.33, -24.96], [-55.33, -24.93], [-55.33, -24.9], [-55.34, -24.87], [-55.34, -24.85], [-55.34, -24.84], [-55.34, -24.83], [-55.34, -24.82], [-55.34, -24.8], [-55.33, -24.79], [-55.33, -24.78], [-55.32, -24.77], [-55.32, -24.76], [-55.32, -24.75], [-55.31, -24.74], [-55.3, -24.72], [-55.3, -24.71], [-55.31, -24.7], [-55.31, -24.7], [-55.31, -24.68], [-55.31, -24.67], [-55.3, -24.66], [-55.3, -24.65], [-55.3, -24.64], [-55.3, -24.64], [-55.3, -24.62], [-55.3, -24.6], [-55.3, -24.56], [-55.27, -24.52], [-55.2, -24.52], [-55.12, -24.5], [-55.11, -24.5]]]]}, "properties": {"id": 259, "area_km2": 1992.81, "cod_dpto": "K", "nom_dist": "ITAKYRY", "cod_dist": "6"}}, {"type": "Feature", "geometry": {"type": "MultiPolygon", "coordinates": [[[[-54.9, -24.45], [-54.66, -24.5], [-54.64, -24.51], [-54.62, -24.51], [-54.61, -24.52], [-54.6, -24.52], [-54.58, -24.52], [-54.57, -24.53], [-54.56, -24.54], [-54.55, -24.53], [-54.55, -24.53], [-54.54, -24.52], [-54.54, -24.51], [-54.53, -24.5], [-54.52, -24.51], [-54.52, -24.51], [-54.51, -24.51], [-54.5, -24.52], [-54.49, -24.52], [-54.49, -24.53], [-54.48, -24.53], [-54.45, -24.53], [-54.42, -24.68], [-54.6, -24.7], [-54.65, -24.71], [-54.66, -24.71], [-54.66, -24.7], [-54.65, -24.69], [-54.65, -24.69], [-54.64, -24.69], [-54.65, -24.68], [-54.65, -24.68], [-54.66, -24.67], [-54.66, -24.67], [-54.67, -24.68], [-54.67, -24.67], [-54.68, -24.67], [-54.68, -24.67], [-54.68, -24.68], [-54.68, -24.68], [-54.69, -24.68], [-54.69, -24.69], [-54.7, -24.69], [-54.7, -24.69], [-54.7, -24.68], [-54.71, -24.68], [-54.71, -24.68], [-54.71, -24.68], [-54.71, -24.68], [-54.72, -24.67], [-54.89, -24.54], [-54.9, -24.45]]]]}, "properties": {"id": 260, "area_km2": 1043.37, "cod_dpto": "S", "nom_dist": "NUEVA ESPERANZA", "cod_dist": "10"}}, {"type": "Feature", "geometry": {"type": "MultiPolygon", "coordinates": [[[[-55.88, -26.88], [-55.87, -26.86], [-55.87, -26.84], [-55.87, -26.82], [-55.87, -26.82], [-55.86, -26.83], [-55.86, -26.84], [-55.83, -26.89], [-55.79, -26.92], [-55.77, -26.94], [-55.74, -26.96], [-55.72, -26.99], [-55.68, -27.02], [-55.65, -27.05], [-55.6, -27.08], [-55.58, -27.09], [-55.62, -27.16], [-55.62, -27.16], [-55.62, -27.15], [-55.62, -27.14], [-55.63, -27.14], [-55.64, -27.13], [-55.65, -27.11], [-55.67, -27.1], [-55.68, -27.08], [-55.67, -27.08], [-55.68, -27.08], [-55.68, -27.07], [-55.69, -27.07], [-55.7, -27.07], [-55.69, -27.06], [-55.68, -27.06], [-55.68, -27.05], [-55.7, -27.05], [-55.7, -27.05], [-55.7, -27.04], [-55.7, -27.04], [-55.7, -27.03], [-55.7, -27.02], [-55.72, -27.02], [-55.72, -27.01], [-55.73, -27.01], [-55.74, -27.01], [-55.74, -27.02], [-55.75, -27.02], [-55.76, -27.02], [-55.76, -27.02], [-55.79, -26.99], [-55.81, -26.95], [-55.85, -26.92], [-55.89, -26.87], [-55.88, -26.88]]]]}, "properties": {"id": 261, "area_km2": 197.62, "cod_dpto": "H", "nom_dist": "HOHENAU", "cod_dist": "12"}}, {"type": "Feature", "geometry": {"type": "MultiPolygon", "coordinates": [[[[-55.64, -27.06], [-55.66, -27.04], [-55.67, -27.04], [-55.68, -27.02], [-55.71, -27.0], [-55.72, -26.99], [-55.72, -26.98], [-55.73, -26.97], [-55.75, -26.95], [-55.76, -26.95], [-55.77, -26.94], [-55.78, -26.93], [-55.79, -26.92], [-55.81, -26.91], [-55.83, -26.89], [-55.84, -26.88], [-55.85, -26.87], [-55.84, -26.82], [-55.76, -26.77], [-55.74, -26.79], [-55.72, -26.81], [-55.7, -26.83], [-55.7, -26.84], [-55.69, -26.85], [-55.68, -26.86], [-55.66, -26.87], [-55.65, -26.88], [-55.65, -26.89], [-55.63, -26.9], [-55.62, -26.91], [-55.6, -26.93], [-55.58, -26.94], [-55.6, -26.95], [-55.61, -26.96], [-55.63, -26.97], [-55.64, -26.98], [-55.65, -26.99], [-55.65, -27.0], [-55.63, -27.01], [-55.62, -27.02], [-55.61, -27.03], [-55.59, -27.04], [-55.57, -27.06], [-55.56, -27.08], [-55.55, -27.09], [-55.56, -27.11], [-55.58, -27.09], [-55.59, -27.09], [-55.6, -27.08], [-55.61, -27.07], [-55.63, -27.07], [-55.64, -27.06]]]]}, "properties": {"id": 262, "area_km2": 413.92, "cod_dpto": "H", "nom_dist": "OBLIGADO", "cod_dist": "14"}}, {"type": "Feature", "geometry": {"type": "MultiPolygon", "coordinates": [[[[-56.12, -22.27], [-56.09, -22.28], [-56.07, -22.29], [-56.06, -22.28], [-56.03, -22.28], [-56.01, -22.29], [-55.99, -22.28], [-55.97, -22.29], [-55.95, -22.29], [-55.91, -22.28], [-55.74, -22.63], [-55.74, -22.64], [-55.75, -22.65], [-55.76, -22.65], [-55.77, -22.66], [-55.78, -22.67], [-55.8, -22.7], [-55.81, -22.72], [-55.83, -22.73], [-55.86, -22.76], [-55.76, -22.86], [-55.76, -22.88], [-55.77, -22.89], [-55.73, -22.91], [-55.69, -22.92], [-55.66, -22.97], [-55.71, -23.03], [-55.76, -23.06], [-55.8, -23.09], [-55.83, -23.12], [-55.86, -23.17], [-55.93, -23.24], [-55.99, -23.26], [-56.05, -23.3], [-56.16, -23.32], [-56.27, -23.33], [-56.29, -23.32], [-56.28, -23.27], [-56.27, -23.25], [-56.23, -23.23], [-56.2, -23.23], [-56.21, -23.19], [-56.2, -23.16], [-56.19, -23.13], [-56.16, -23.12], [-56.15, -23.09], [-56.13, -23.06], [-55.95, -22.8], [-56.17, -22.52], [-56.13, -22.51], [-56.1, -22.49], [-56.12, -22.27]]]]}, "properties": {"id": 263, "area_km2": 3265.6, "cod_dpto": "N", "nom_dist": "PEDRO J. CABALLERO", "cod_dist": "1"}}, {"type": "Feature", "geometry": {"type": "MultiPolygon", "coordinates": [[[[-56.3, -22.69], [-56.29, -22.68], [-56.28, -22.67], [-56.28, -22.67], [-56.28, -22.67], [-56.27, -22.67], [-56.27, -22.67], [-56.27, -22.66], [-56.27, -22.65], [-56.27, -22.65], [-56.26, -22.64], [-56.26, -22.63], [-56.26, -22.62], [-56.24, -22.62], [-56.24, -22.61], [-56.24, -22.61], [-56.24, -22.61], [-56.24, -22.6], [-56.24, -22.6], [-56.23, -22.6], [-56.24, -22.59], [-56.23, -22.59], [-56.23, -22.58], [-56.23, -22.58], [-56.23, -22.58], [-56.23, -22.58], [-56.23, -22.58], [-56.22, -22.58], [-56.22, -22.58], [-56.22, -22.58], [-56.21, -22.58], [-56.21, -22.58], [-56.2, -22.58], [-56.2, -22.58], [-56.2, -22.57], [-56.2, -22.57], [-56.2, -22.56], [-56.2, -22.56], [-56.2, -22.56], [-56.2, -22.55], [-56.2, -22.55], [-56.2, -22.55], [-56.19, -22.54], [-56.19, -22.54], [-56.18, -22.54], [-56.18, -22.53], [-55.95, -22.81], [-55.99, -22.85], [-56.05, -22.89], [-56.09, -22.95], [-56.12, -23.04], [-56.3, -22.69]]]]}, "properties": {"id": 264, "area_km2": 1449.99, "cod_dpto": "N", "nom_dist": "CERRO CORA", "cod_dist": "6"}}, {"type": "Feature", "geometry": {"type": "MultiPolygon", "coordinates": [[[[-56.76, -24.34], [-56.71, -24.26], [-56.69, -24.27], [-56.69, -24.27], [-56.68, -24.28], [-56.67, -24.28], [-56.66, -24.29], [-56.66, -24.29], [-56.65, -24.3], [-56.65, -24.3], [-56.63, -24.3], [-56.62, -24.3], [-56.62, -24.3], [-56.61, -24.3], [-56.61, -24.3], [-56.61, -24.31], [-56.6, -24.31], [-56.6, -24.31], [-56.6, -24.32], [-56.6, -24.32], [-56.6, -24.32], [-56.6, -24.33], [-56.61, -24.33], [-56.61, -24.33], [-56.61, -24.34], [-56.61, -24.34], [-56.61, -24.34], [-56.61, -24.34], [-56.61, -24.34], [-56.61, -24.35], [-56.61, -24.35], [-56.6, -24.35], [-56.6, -24.35], [-56.6, -24.36], [-56.6, -24.36], [-56.61, -24.37], [-56.61, -24.38], [-56.61, -24.39], [-56.61, -24.4], [-56.63, -24.45], [-56.66, -24.46], [-56.68, -24.46], [-56.71, -24.46], [-56.73, -24.46], [-57.0, -24.48], [-56.91, -24.38], [-56.9, -24.37], [-56.88, -24.38], [-56.87, -24.39], [-56.86, -24.39], [-56.84, -24.37], [-56.76, -24.34]]]]}, "properties": {"id": 265, "area_km2": 629.54, "cod_dpto": "C", "nom_dist": "GRAL. E. AQUINO", "cod_dist": "3"}}, {"type": "Feature", "geometry": {"type": "MultiPolygon", "coordinates": [[[[-57.3, -24.93], [-57.17, -24.65], [-57.19, -24.26], [-57.02, -24.67], [-57.03, -24.79], [-57.04, -24.79], [-57.05, -24.8], [-57.05, -24.8], [-57.04, -24.81], [-57.05, -24.81], [-57.04, -24.82], [-57.04, -24.83], [-57.05, -24.83], [-57.06, -24.84], [-57.05, -24.84], [-57.05, -24.85], [-57.05, -24.86], [-57.05, -24.86], [-57.05, -24.87], [-57.05, -24.88], [-57.04, -24.89], [-57.04, -24.89], [-57.03, -24.89], [-57.04, -24.9], [-57.05, -24.9], [-57.06, -24.91], [-57.06, -24.91], [-57.05, -24.92], [-57.06, -24.92], [-57.06, -24.93], [-57.05, -24.93], [-57.05, -24.94], [-57.04, -24.94], [-57.04, -24.95], [-57.04, -24.95], [-57.03, -24.95], [-57.03, -24.96], [-57.03, -24.96], [-57.03, -24.97], [-57.03, -24.98], [-57.04, -24.98], [-57.05, -24.98], [-57.05, -24.99], [-57.05, -25.0], [-57.06, -25.01], [-57.1, -25.01], [-57.14, -24.98], [-57.19, -24.97], [-57.2, -24.97], [-57.24, -24.96], [-57.28, -24.95], [-57.3, -24.93]]]]}, "properties": {"id": 266, "area_km2": 1443.38, "cod_dpto": "C", "nom_dist": "VILLA DEL ROSARIO", "cod_dist": "11"}}, {"type": "Feature", "geometry": {"type": "MultiPolygon", "coordinates": [[[[-56.83, -24.2], [-56.81, -24.2], [-56.8, -24.2], [-56.79, -24.2], [-56.78, -24.21], [-56.77, -24.22], [-56.75, -24.22], [-56.73, -24.26], [-56.84, -24.38], [-56.84, -24.37], [-56.86, -24.39], [-56.86, -24.39], [-56.86, -24.39], [-56.86, -24.39], [-56.86, -24.39], [-56.86, -24.39], [-56.86, -24.39], [-56.87, -24.39], [-56.87, -24.39], [-56.87, -24.39], [-56.87, -24.39], [-56.88, -24.39], [-56.88, -24.39], [-56.88, -24.39], [-56.88, -24.39], [-56.88, -24.39], [-56.88, -24.38], [-56.88, -24.38], [-56.88, -24.38], [-56.89, -24.38], [-56.89, -24.37], [-56.89, -24.37], [-56.9, -24.37], [-56.9, -24.38], [-56.9, -24.38], [-56.9, -24.38], [-56.91, -24.38], [-56.91, -24.38], [-56.92, -24.38], [-56.94, -24.36], [-56.97, -24.33], [-57.05, -24.38], [-57.06, -24.33], [-57.11, -24.34], [-57.16, -24.26], [-57.01, -24.18], [-56.99, -24.18], [-56.97, -24.18], [-56.96, -24.19], [-56.95, -24.2], [-56.91, -24.2], [-56.87, -24.2], [-56.83, -24.2], [-56.83, -24.2]]]]}, "properties": {"id": 267, "area_km2": 704.38, "cod_dpto": "C", "nom_dist": "SAN JOSE DEL ROSARIO", "cod_dist": "23"}}, {"type": "Feature", "geometry": {"type": "MultiPolygon", "coordinates": [[[[-57.48, -22.38], [-57.48, -22.38], [-57.48, -22.38], [-57.48, -22.38], [-57.48, -22.38]]], [[[-57.77, -22.97], [-57.72, -22.93], [-57.7, -22.91], [-57.7, -22.9], [-57.69, -22.89], [-57.68, -22.87], [-57.67, -22.85], [-57.65, -22.85], [-57.64, -22.84], [-57.63, -22.84], [-57.62, -22.82], [-57.62, -22.8], [-57.61, -22.79], [-57.6, -22.77], [-57.59, -22.76], [-57.59, -22.74], [-57.59, -22.73], [-57.59, -22.71], [-57.58, -22.7], [-57.57, -22.69], [-57.56, -22.67], [-57.55, -22.66], [-57.52, -22.65], [-57.49, -22.61], [-57.46, -22.41], [-57.42, -22.75], [-57.39, -22.71], [-57.37, -22.7], [-57.33, -22.66], [-57.25, -22.61], [-57.25, -22.66], [-57.22, -22.76], [-57.21, -22.81], [-57.2, -22.87], [-57.2, -22.93], [-57.22, -22.94], [-57.24, -22.95], [-57.25, -22.97], [-57.28, -22.97], [-57.3, -22.97], [-57.32, -22.98], [-57.33, -23.0], [-57.42, -23.01], [-57.56, -22.95], [-57.61, -22.97], [-57.63, -22.98], [-57.65, -22.99], [-57.66, -23.0], [-57.69, -23.0], [-57.7, -23.01], [-57.79, -23.02], [-57.77, -22.97]]]]}, "properties": {"id": 268, "area_km2": 1835.5656561414935, "cod_dpto": "B", "nom_dist": "SAN ALFREDO", "cod_dist": "11"}}, {"type": "Feature", "geometry": {"type": "MultiPolygon", "coordinates": [[[[-57.75, -23.1], [-57.77, -23.08], [-57.79, -23.12], [-57.83, -23.13], [-57.83, -23.15], [-57.83, -23.17], [-57.83, -23.2], [-57.85, -23.21], [-57.88, -23.2], [-57.9, -23.21], [-57.91, -23.22], [-57.93, -23.22], [-57.95, -23.23], [-57.97, -23.24], [-58.0, -23.24], [-58.02, -23.26], [-58.08, -23.27], [-58.13, -23.3], [-58.17, -23.33], [-58.22, -23.35], [-58.29, -23.34], [-58.35, -23.35], [-58.38, -23.35], [-58.42, -23.36], [-58.46, -23.33], [-58.51, -23.32], [-58.55, -23.32], [-58.59, -23.31], [-58.61, -23.28], [-58.63, -23.26], [-58.65, -23.25], [-58.68, -23.25], [-58.7, -23.26], [-58.72, -23.25], [-58.74, -23.25], [-58.75, -23.25], [-58.78, -23.23], [-58.79, -23.22], [-58.81, -23.22], [-58.84, -23.21], [-58.86, -23.22], [-58.88, -23.23], [-58.9, -23.23], [-58.92, -23.23], [-58.93, -23.22], [-58.95, -23.21], [-58.97, -23.19], [-58.97, -23.18], [-58.99, -23.18], [-57.8, -22.59], [-57.74, -23.1], [-57.75, -23.1]]]]}, "properties": {"id": 269, "area_km2": 13892.87, "cod_dpto": "P", "nom_dist": "PUERTO PINASCO", "cod_dist": "4"}}, {"type": "Feature", "geometry": {"type": "MultiPolygon", "coordinates": [[[[-57.76, -23.07], [-57.18, -24.55], [-57.7, -25.16], [-57.65, -24.27], [-57.7, -24.26], [-57.89, -23.85], [-58.06, -23.89], [-58.15, -23.9], [-58.22, -23.85], [-58.29, -23.86], [-58.36, -23.86], [-58.41, -23.89], [-58.45, -23.88], [-58.48, -23.87], [-58.51, -23.86], [-58.55, -23.84], [-58.58, -23.84], [-58.62, -23.83], [-58.65, -23.82], [-58.68, -23.82], [-58.71, -23.81], [-58.74, -23.8], [-58.79, -23.78], [-58.84, -23.76], [-58.9, -23.75], [-58.96, -23.75], [-59.03, -23.72], [-59.12, -23.72], [-58.98, -23.17], [-58.96, -23.19], [-58.92, -23.23], [-58.89, -23.23], [-58.84, -23.21], [-58.79, -23.22], [-58.75, -23.25], [-58.72, -23.26], [-58.67, -23.25], [-58.63, -23.27], [-58.57, -23.32], [-58.47, -23.33], [-58.39, -23.35], [-58.29, -23.33], [-58.17, -23.32], [-58.06, -23.25], [-57.98, -23.23], [-57.94, -23.23], [-57.9, -23.2], [-57.85, -23.21], [-57.83, -23.17], [-57.83, -23.12], [-57.76, -23.08], [-57.76, -23.07]]]]}, "properties": {"id": 270, "area_km2": 19173.63, "cod_dpto": "P", "nom_dist": "VILLA HAYES", "cod_dist": "1"}}, {"type": "Feature", "geometry": {"type": "MultiPolygon", "coordinates": [[[[-55.31, -26.09], [-55.31, -26.11], [-55.31, -26.13], [-55.31, -26.14], [-55.3, -26.16], [-55.3, -26.18], [-55.29, -26.19], [-55.27, -26.21], [-54.99, -26.43], [-54.97, -26.44], [-54.95, -26.46], [-54.94, -26.48], [-54.92, -26.48], [-54.91, -26.5], [-54.88, -26.51], [-54.88, -26.52], [-54.86, -26.5], [-54.84, -26.51], [-54.81, -26.54], [-55.01, -26.68], [-55.03, -26.64], [-55.03, -26.59], [-55.08, -26.59], [-55.09, -26.55], [-55.09, -26.51], [-55.1, -26.51], [-55.1, -26.5], [-55.11, -26.48], [-55.12, -26.5], [-55.13, -26.5], [-55.15, -26.48], [-55.13, -26.47], [-55.15, -26.45], [-55.16, -26.44], [-55.17, -26.44], [-55.19, -26.43], [-55.2, -26.43], [-55.22, -26.41], [-55.23, -26.41], [-55.26, -26.41], [-55.29, -26.38], [-55.31, -26.37], [-55.33, -26.37], [-55.37, -26.37], [-55.39, -26.36], [-55.4, -26.36], [-55.42, -26.36], [-55.45, -26.36], [-55.46, -26.34], [-55.48, -26.32], [-55.34, -26.14], [-55.31, -26.09]]]]}, "properties": {"id": 271, "area_km2": 1407.36, "cod_dpto": "H", "nom_dist": "SAN RAFAEL DEL PARANA", "cod_dist": "21"}}, {"type": "Feature", "geometry": {"type": "MultiPolygon", "coordinates": [[[[-55.36, -26.27], [-55.61, -26.41], [-55.66, -26.37], [-55.67, -26.36], [-55.7, -26.36], [-55.72, -26.37], [-55.74, -26.38], [-55.76, -26.38], [-55.79, -26.39], [-55.8, -26.38], [-55.79, -26.35], [-55.76, -26.35], [-55.76, -26.32], [-55.74, -26.3], [-55.73, -26.28], [-55.73, -26.27], [-55.73, -26.26], [-55.72, -26.24], [-55.72, -26.23], [-55.71, -26.21], [-55.7, -26.2], [-55.7, -26.18], [-55.71, -26.17], [-55.71, -26.16], [-55.69, -26.15], [-55.67, -26.14], [-55.65, -26.14], [-55.63, -26.13], [-55.61, -26.11], [-55.59, -26.09], [-55.55, -26.07], [-55.53, -26.06], [-55.51, -26.04], [-55.49, -26.02], [-55.48, -26.0], [-55.47, -26.0], [-55.45, -26.0], [-55.43, -26.0], [-55.42, -26.0], [-55.41, -26.01], [-55.4, -26.03], [-55.39, -26.03], [-55.38, -26.01], [-55.38, -26.0], [-55.36, -25.99], [-55.33, -26.01], [-55.31, -26.04], [-55.26, -26.04], [-55.25, -26.08], [-55.29, -26.08], [-55.35, -26.19], [-55.36, -26.27]]]]}, "properties": {"id": 272, "area_km2": 1279.75, "cod_dpto": "G", "nom_dist": "TAVAI", "cod_dist": "8"}}]}