{"type":"FeatureCollection","features":[{"id":"379","type":"Feature","properties":{"osm_id":"389885","name":"Concepci\u00f3n","code":1204,"source":"OSM via Geofabrik","admin_level":4,"layer":"deptos","is_valid_geometry":true},"geometry":{"type":"Polygon","coordinates":[[[-57.9948333,-22.0962723],[-57.993842,-22.0902331],[-57.9677078,-22.0895768],[-57.9619035,-22.0787503],[-57.95464,-22.0875389],[-57.9422482,-22.0828067],[-57.9344162,-22.1032057],[-57.9216489,-22.1081559],[-57.929674,-22.1202126],[-57.8897628,-22.1226278],[-57.8653225,-22.1359255],[-57.8273961,-22.1205113],[-57.8191788,-22.1384006],[-57.801829,-22.1507222],[-57.7797919,-22.125232],[-57.7630013,-22.1356966],[-57.7391275,-22.1347563],[-57.738089,-22.102818],[-57.7303964,-22.0997066],[-57.7169746,-22.1136526],[-57.7148932,-22.1037225],[-57.7043361,-22.0995277],[-57.7077169,-22.0911972],[-57.6897856,-22.0882282],[-57.6769968,-22.1018473],[-57.6526553,-22.1070624],[-57.6105961,-22.0946204],[-57.6125509,-22.1243869],[-57.5972837,-22.1308371],[-57.6017684,-22.138877],[-57.5930544,-22.1361078],[-57.592842,-22.1447204],[-57.5843211,-22.1403712],[-57.5881192,-22.1652232],[-57.5803965,-22.1753442],[-57.5406784,-22.1811363],[-57.5228471,-22.1681508],[-57.50596,-22.1850208],[-57.4933751,-22.181176],[-57.4896285,-22.1911537],[-57.4601908,-22.1872262],[-57.4534101,-22.1955113],[-57.4550838,-22.1888058],[-57.4455223,-22.1873688],[-57.4343665,-22.2002496],[-57.424335,-22.1968325],[-57.4250839,-22.2052297],[-57.4194856,-22.1971206],[-57.4073384,-22.197581],[-57.3968563,-22.2088354],[-57.3858292,-22.2044812],[-57.374403,-22.2320427],[-57.3644788,-22.2274444],[-57.3604126,-22.2339792],[-57.3575694,-22.2266002],[-57.3397703,-22.2353398],[-57.3351354,-22.2291129],[-57.320437,-22.2455485],[-57.2944839,-22.2185256],[-57.2777555,-22.2355821],[-57.2713396,-22.2293652],[-57.2703333,-22.2373856],[-57.2556053,-22.2375589],[-57.237664,-22.2513477],[-57.2179122,-22.2409507],[-57.2153695,-22.2274742],[-57.2082139,-22.2280403],[-57.2146184,-22.2182971],[-57.2077203,-22.213987],[-57.2072481,-22.2206122],[-57.2013526,-22.2109837],[-57.1898728,-22.2173703],[-57.1835052,-22.236582],[-57.1669774,-22.2277392],[-57.1612536,-22.2331955],[-57.1577238,-22.2263131],[-57.1484648,-22.2339999],[-57.135735,-22.2259615],[-57.1102594,-22.2253894],[-57.104262,-22.2276637],[-57.112137,-22.2412693],[-57.0949333,-22.2493784],[-57.0894561,-22.2414076],[-57.0824458,-22.2511278],[-57.059351,-22.2421226],[-57.0592179,-22.2293697],[-57.0440945,-22.2426588],[-57.0321276,-22.2338189],[-57.0096657,-22.2359655],[-56.9967053,-22.2224588],[-56.9870879,-22.2427269],[-56.9586029,-22.2380297],[-56.9475136,-22.2558161],[-56.9266631,-22.2499164],[-56.9055102,-22.26649],[-56.899884,-22.2519917],[-56.8834302,-22.2475545],[-56.8756094,-22.2634418],[-56.8799648,-22.2776992],[-56.8433586,-22.3014251],[-56.8260832,-22.2959058],[-56.6094257,-22.3652855],[-56.6448897,-22.3845193],[-56.6486584,-22.4221497],[-56.6988589,-22.4404139],[-56.7168217,-22.4586634],[-56.7226294,-22.5094263],[-56.7386669,-22.54366],[-56.7151385,-22.6220529],[-56.7266725,-22.651488],[-56.6941584,-22.6821875],[-56.6948816,-22.6957044],[-56.7019304,-22.696813],[-56.6959609,-22.7091221],[-56.6737308,-22.7101514],[-56.6761491,-22.7227631],[-56.6656884,-22.7228422],[-56.6698255,-22.7665825],[-56.6623732,-22.7720071],[-56.6615257,-22.793591],[-56.6490807,-22.8019585],[-56.6529319,-22.8151912],[-56.6644825,-22.8160085],[-56.6663644,-22.8283039],[-56.6808161,-22.8367385],[-56.6777004,-22.8438146],[-56.7130241,-22.843383],[-56.7047629,-22.8686033],[-56.7122409,-22.8773216],[-56.7110607,-22.90301],[-56.6714284,-22.8970504],[-56.6643216,-22.8809957],[-56.6169257,-22.8960623],[-56.6156061,-22.9087719],[-56.5968199,-22.9134364],[-56.5830334,-22.9087324],[-56.5880544,-22.8984639],[-56.5595265,-22.8994918],[-56.5583999,-22.888086],[-56.5385945,-22.8792493],[-56.5438624,-22.8614358],[-56.5219257,-22.8407684],[-56.5260525,-22.8099494],[-56.5088005,-22.8024132],[-56.5050454,-22.7831454],[-56.4830406,-22.7719673],[-56.45418,-22.7750636],[-56.4520235,-22.7668725],[-56.4424749,-22.7776752],[-56.4279158,-22.7604914],[-56.4088292,-22.7556931],[-56.4124663,-22.744018],[-56.4045913,-22.7406736],[-56.4063616,-22.747768],[-56.3978322,-22.7488959],[-56.3925965,-22.721882],[-56.3823934,-22.7233268],[-56.3850112,-22.7133908],[-56.3639827,-22.7201304],[-56.3589616,-22.706641],[-56.3422928,-22.7075575],[-56.3421388,-22.6944372],[-56.3131286,-22.6869143],[-56.3054253,-22.6945262],[-56.2953083,-22.6868945],[-56.1264333,-23.0559045],[-56.1256984,-23.0693098],[-56.1385678,-23.077823],[-56.1358829,-23.0883629],[-56.1517694,-23.0984238],[-56.1390998,-23.1117501],[-56.1413145,-23.1212973],[-56.1835487,-23.121122],[-56.1894109,-23.1302021],[-56.1819216,-23.1604575],[-56.2071248,-23.1617089],[-56.2026417,-23.1735135],[-56.2134722,-23.1750915],[-56.2182709,-23.1912032],[-56.1977926,-23.2194635],[-56.2007763,-23.2267325],[-56.2132546,-23.2221433],[-56.2112843,-23.230963],[-56.2182589,-23.2350394],[-56.2381188,-23.2264866],[-56.2393396,-23.240915],[-56.2592237,-23.2446468],[-56.2752881,-23.2581182],[-56.2677938,-23.2616053],[-56.2707673,-23.2727653],[-56.2853103,-23.271609],[-56.281369,-23.2824706],[-56.2991551,-23.2963991],[-56.287281,-23.3180407],[-56.3113298,-23.3269509],[-56.3137826,-23.3456034],[-56.3506089,-23.3536291],[-56.3614508,-23.3642179],[-56.3528248,-23.3797785],[-56.3655717,-23.3899245],[-56.3846476,-23.3907123],[-56.4172837,-23.4214485],[-56.4488369,-23.4159681],[-56.4631071,-23.4038882],[-56.4907685,-23.4239069],[-56.5110482,-23.4257161],[-56.5161807,-23.4500898],[-56.5259284,-23.4569454],[-56.5499643,-23.4518104],[-56.5557794,-23.4430459],[-56.6068186,-23.4583577],[-56.6418558,-23.4411633],[-56.6738212,-23.4417207],[-56.6886163,-23.4513767],[-56.7273474,-23.432635],[-56.7509416,-23.4508691],[-56.8036543,-23.4249102],[-56.8160475,-23.4397326],[-56.8532322,-23.434179],[-56.8586474,-23.4421004],[-56.8761551,-23.4347207],[-56.8828906,-23.4430668],[-56.9053562,-23.4390506],[-56.910123,-23.4461408],[-56.9486647,-23.4351443],[-56.95374,-23.4443622],[-56.9623072,-23.4449478],[-56.9640207,-23.4367276],[-56.9965977,-23.4523167],[-57.013185,-23.4431771],[-57.0312411,-23.4486847],[-57.0264029,-23.4436102],[-57.0327539,-23.442021],[-57.0485789,-23.4553875],[-57.0779016,-23.4636693],[-57.0770433,-23.4578631],[-57.0968278,-23.4597365],[-57.101269,-23.4675272],[-57.1085866,-23.4612227],[-57.1307626,-23.4706371],[-57.1357842,-23.4648936],[-57.1495809,-23.4831545],[-57.1682598,-23.4748195],[-57.1686568,-23.4815013],[-57.1753945,-23.4753804],[-57.1809413,-23.4834497],[-57.1904685,-23.4772207],[-57.2062614,-23.4847387],[-57.2090509,-23.4772699],[-57.2144674,-23.4829872],[-57.2225925,-23.4742655],[-57.2361752,-23.4796078],[-57.2410461,-23.4726324],[-57.2631045,-23.4789708],[-57.2679213,-23.4990096],[-57.2723858,-23.4889122],[-57.2870706,-23.4968341],[-57.2955807,-23.4912513],[-57.2973725,-23.4992674],[-57.3345315,-23.4967029],[-57.3626047,-23.509342],[-57.3763847,-23.4978742],[-57.3937677,-23.5018989],[-57.3975325,-23.4927859],[-57.404152,-23.4985945],[-57.4095657,-23.484265],[-57.4474258,-23.4776062],[-57.44112,-23.4472823],[-57.4566307,-23.4009402],[-57.4841411,-23.3883736],[-57.5213214,-23.3492338],[-57.5191692,-23.3378523],[-57.4884718,-23.3173566],[-57.4938965,-23.2769018],[-57.5380316,-23.2387585],[-57.5473359,-23.2129887],[-57.6101444,-23.1897036],[-57.6237112,-23.176],[-57.6420402,-23.1356954],[-57.6272774,-23.1131201],[-57.6303673,-23.0952782],[-57.7148247,-23.0936992],[-57.7388573,-23.0527955],[-57.7864075,-23.032102],[-57.7832102,-23.003858],[-57.7650355,-22.9751879],[-57.8214402,-22.915392],[-57.8210535,-22.9070008],[-57.7891643,-22.8777672],[-57.8089819,-22.8214976],[-57.8755769,-22.8017806],[-57.8838945,-22.7914345],[-57.8770548,-22.777822],[-57.8858562,-22.7602099],[-57.9178538,-22.7484095],[-57.936964,-22.7194944],[-57.9357474,-22.6855378],[-57.9080639,-22.6593223],[-57.8436024,-22.6517525],[-57.78358,-22.6639867],[-57.7720018,-22.6467389],[-57.7828223,-22.6185016],[-57.8281864,-22.5682743],[-57.8306584,-22.5123445],[-57.8448397,-22.4845822],[-57.8401512,-22.4434857],[-57.8659181,-22.4116091],[-57.8569917,-22.3976432],[-57.8290109,-22.3963735],[-57.8175065,-22.3777613],[-57.8784403,-22.3280413],[-57.8881027,-22.2683887],[-57.9388136,-22.2792899],[-57.9526259,-22.2741849],[-57.9601984,-22.2360056],[-57.9754955,-22.21588],[-57.9556709,-22.1333149],[-57.9947116,-22.0975944],[-57.9948333,-22.0962723]]]}},{"id":"733","type":"Feature","properties":{"osm_id":"389889","name":"Cordillera","code":1204,"source":"OSM via Geofabrik","admin_level":4,"layer":"deptos","is_valid_geometry":true},"geometry":{"type":"Polygon","coordinates":[[[-57.4810067,-25.1053703],[-57.4589706,-25.1053676],[-57.4263025,-25.0903358],[-57.4013901,-25.0618574],[-57.3787008,-25.0620635],[-57.3257003,-24.995163],[-57.3049808,-24.9343476],[-57.2835216,-24.9189096],[-57.2636812,-24.9263756],[-57.2701185,-24.9308082],[-57.2637456,-24.9352252],[-57.2758803,-24.9434348],[-57.2630767,-24.9422727],[-57.2636804,-24.9524217],[-57.2281355,-24.9633838],[-57.2191565,-24.9547327],[-57.2219803,-24.964048],[-57.2109073,-24.9736945],[-57.199857,-24.971654],[-57.1996978,-24.9543801],[-57.1921151,-24.950162],[-57.1843047,-24.9619867],[-57.1930585,-24.9690775],[-57.1612264,-24.9730762],[-57.1533007,-24.9839915],[-57.1389535,-24.9798901],[-57.1251671,-25.0072182],[-57.1042888,-25.0193136],[-57.0963677,-25.0050378],[-57.0743105,-25.0170403],[-57.0681377,-25.0036992],[-57.0548956,-25.0043268],[-57.043375,-25.0150088],[-57.0467517,-25.0090439],[-57.0393372,-25.0035081],[-57.0532632,-25.001826],[-57.0472014,-25.0019232],[-57.0526409,-24.9916256],[-57.0447488,-24.9883339],[-57.0526667,-24.9829075],[-57.0400608,-24.9754968],[-57.0379365,-24.9828684],[-57.0117689,-24.9787741],[-57.0153523,-24.9613549],[-57.0007718,-24.9503827],[-57.0037759,-24.9393317],[-56.9915665,-24.930605],[-56.9893016,-24.908442],[-56.9787294,-24.9044064],[-56.9888681,-24.8922126],[-56.9866473,-24.8814095],[-56.9727588,-24.8688728],[-56.955995,-24.8665463],[-56.9374017,-24.8413769],[-56.8237447,-24.8646791],[-56.7707185,-24.8657382],[-56.733056,-24.8889969],[-56.7030783,-24.8842141],[-56.6052353,-24.9358621],[-56.5871162,-24.9621473],[-56.5260291,-24.9935883],[-56.4949678,-24.9987495],[-56.498972,-25.1069148],[-56.5150053,-25.1736816],[-56.6104038,-25.4034564],[-56.6216271,-25.4700601],[-56.6304455,-25.4816396],[-56.7170256,-25.5033482],[-56.7386706,-25.5185419],[-56.735464,-25.5518165],[-56.6897689,-25.6176152],[-56.6937772,-25.6320716],[-56.7195433,-25.6584731],[-56.7334626,-25.6615539],[-56.7644219,-25.6480221],[-56.7780362,-25.6319642],[-56.8073873,-25.6226689],[-56.8321833,-25.647995],[-56.8644056,-25.6466634],[-56.8663359,-25.661948],[-56.8902547,-25.6672272],[-56.9492034,-25.6497247],[-56.9210382,-25.606498],[-56.9100964,-25.6028406],[-56.921642,-25.5782448],[-56.9056322,-25.5693512],[-56.9087102,-25.5636582],[-56.9342693,-25.5692542],[-56.9567966,-25.5622554],[-56.999425,-25.5746648],[-57.019966,-25.5911169],[-57.0381846,-25.5912778],[-57.0624266,-25.5783794],[-57.0832651,-25.5849237],[-57.0878036,-25.5660728],[-57.1098162,-25.5484816],[-57.1111067,-25.5387866],[-57.1296901,-25.5300651],[-57.124184,-25.5175712],[-57.1420102,-25.4832053],[-57.1311071,-25.4735674],[-57.1299792,-25.4539484],[-57.1633958,-25.4341901],[-57.1949692,-25.3937259],[-57.1949321,-25.3697911],[-57.205563,-25.3527087],[-57.2337319,-25.3668628],[-57.296262,-25.3534905],[-57.3394599,-25.2929437],[-57.3394836,-25.2728158],[-57.3278229,-25.2482303],[-57.337461,-25.2321547],[-57.3959526,-25.1925537],[-57.4043575,-25.1806356],[-57.3964611,-25.1681779],[-57.4064988,-25.1703248],[-57.4084667,-25.1537767],[-57.4342588,-25.1443077],[-57.4263087,-25.1331868],[-57.4385182,-25.1269703],[-57.4426646,-25.132249],[-57.4810051,-25.1057331],[-57.4810067,-25.1053703]]]}},{"id":"742","type":"Feature","properties":{"osm_id":"12556624","name":"Distrito Capital","code":1204,"source":"OSM via Geofabrik","admin_level":4,"layer":"deptos","is_valid_geometry":true},"geometry":{"type":"Polygon","coordinates":[[[-57.6736249,-25.3153946],[-57.667519,-25.2795108],[-57.5950543,-25.2420771],[-57.5772552,-25.2188299],[-57.5249286,-25.2432112],[-57.542516,-25.2720497],[-57.5431535,-25.2962084],[-57.5861729,-25.3414365],[-57.615997,-25.3137262],[-57.634035,-25.3380885],[-57.6429976,-25.3811854],[-57.6466332,-25.3507427],[-57.6736232,-25.3170678],[-57.6736249,-25.3153946]]]}},{"id":"752","type":"Feature","properties":{"osm_id":"389888","name":"Canindey\u00fa","code":1204,"source":"OSM via Geofabrik","admin_level":4,"layer":"deptos","is_valid_geometry":true},"geometry":{"type":"Polygon","coordinates":[[[-56.1727762,-24.2311053],[-56.1622253,-24.2260758],[-56.1486246,-24.200188],[-56.1527445,-24.171874],[-56.1618854,-24.1622421],[-56.1608125,-24.1386095],[-56.1454489,-24.1159519],[-56.1058487,-24.1068544],[-56.1047329,-24.0904401],[-56.0850884,-24.0815758],[-56.0713233,-24.0557633],[-56.0178937,-24.0340316],[-56.0145997,-24.022135],[-56.0069136,-24.0200406],[-56.0091179,-24.0251099],[-55.9950997,-24.0313275],[-55.9771603,-24.0285279],[-56.0272142,-23.8223212],[-56.0175027,-23.8298066],[-55.9872435,-23.8272977],[-55.9525923,-23.8123822],[-55.9313306,-23.8309022],[-55.918286,-23.8172659],[-55.8959708,-23.8203563],[-55.8844858,-23.8059198],[-55.8596972,-23.7996081],[-55.8573491,-23.7840416],[-55.8396941,-23.7632733],[-55.8061877,-23.7592061],[-55.769984,-23.7363233],[-55.7613313,-23.6984798],[-55.7293289,-23.6796273],[-55.7169559,-23.6631763],[-55.7011434,-23.6616751],[-55.6613285,-23.6770254],[-55.6303113,-23.6569964],[-55.5997204,-23.6526779],[-55.5864775,-23.6373815],[-55.5776001,-23.5908089],[-55.5452684,-23.5416432],[-55.5434358,-23.5235907],[-55.5269106,-23.5672936],[-55.5384415,-23.5920988],[-55.5399064,-23.6250154],[-55.5320733,-23.6303774],[-55.5113892,-23.6234014],[-55.5106538,-23.632306],[-55.4841349,-23.6402995],[-55.4750053,-23.6503115],[-55.4764079,-23.6751759],[-55.4623162,-23.6839088],[-55.4639619,-23.7119366],[-55.454826,-23.7169772],[-55.4411275,-23.7101023],[-55.4367304,-23.7166456],[-55.4486673,-23.7422854],[-55.4471309,-23.7602081],[-55.4338336,-23.7709334],[-55.4300496,-23.7901726],[-55.4538847,-23.8192667],[-55.4415942,-23.8293075],[-55.4357294,-23.8723968],[-55.4462518,-23.9168034],[-55.4278872,-23.9263579],[-55.4325751,-23.9405744],[-55.4197204,-23.9436522],[-55.4196942,-23.9576346],[-55.4028048,-23.9741963],[-55.3829345,-23.9690852],[-55.3752698,-23.9798663],[-55.3412267,-23.9945883],[-55.3178633,-23.9630009],[-55.3041682,-23.9650608],[-55.2290716,-24.0138282],[-55.2068694,-24.003491],[-55.1980674,-23.9866278],[-55.1786955,-23.9936882],[-55.1560611,-23.9833707],[-55.1383367,-23.9869678],[-55.1075506,-23.9624945],[-55.0902504,-23.9826502],[-55.0736743,-23.9834638],[-55.0623715,-23.9931974],[-55.0513074,-23.9807632],[-55.0455802,-23.9838865],[-54.9985082,-23.9573658],[-54.9411386,-23.9668473],[-54.92577,-23.9601349],[-54.9271442,-23.9246918],[-54.9138449,-23.9219028],[-54.9088295,-23.9110868],[-54.8940784,-23.9104338],[-54.8911204,-23.8999362],[-54.8814286,-23.8981803],[-54.8734463,-23.9087295],[-54.8503951,-23.9075686],[-54.8372167,-23.8838718],[-54.8146498,-23.8901293],[-54.7960889,-23.8696158],[-54.7645928,-23.8658536],[-54.7593856,-23.8565368],[-54.745238,-23.8683261],[-54.7053373,-23.8645483],[-54.6987605,-23.8419111],[-54.6697791,-23.8126147],[-54.6463597,-23.833626],[-54.6167025,-23.8350686],[-54.6095077,-23.8514821],[-54.5843776,-23.8371943],[-54.5643941,-23.8542375],[-54.5685808,-23.874467],[-54.5388734,-23.8692829],[-54.5231374,-23.8736704],[-54.5148376,-23.8851584],[-54.4931621,-23.8850986],[-54.4870724,-23.9035999],[-54.4702936,-23.8977352],[-54.4398398,-23.904464],[-54.4263286,-23.9156424],[-54.4337082,-23.9290103],[-54.4146041,-23.9582772],[-54.3940959,-23.965307],[-54.3836891,-23.9866861],[-54.3517114,-24.0077222],[-54.3459306,-24.0015775],[-54.3240619,-24.0039378],[-54.3099592,-24.0463152],[-54.2862316,-24.0682254],[-54.3141726,-24.1039838],[-54.3397901,-24.1226597],[-54.3453648,-24.147047],[-54.3300869,-24.1846901],[-54.3249714,-24.2424056],[-54.2772066,-24.2966217],[-54.258,-24.357],[-54.2804768,-24.4058675],[-54.3213301,-24.4547097],[-54.333694,-24.4990138],[-54.3349514,-24.5286075],[-54.317,-24.59],[-54.3264756,-24.6698146],[-54.3420453,-24.706569],[-54.4164964,-24.6810005],[-54.4240925,-24.6859138],[-54.424822,-24.7001065],[-54.4428035,-24.6976112],[-54.4463655,-24.7194045],[-54.4737455,-24.7264213],[-54.4779512,-24.7057208],[-54.4989368,-24.718274],[-54.5049879,-24.6989369],[-54.5253727,-24.7028357],[-54.5390627,-24.6911777],[-54.5578611,-24.7002043],[-54.5579469,-24.6893649],[-54.6091127,-24.695779],[-54.6153355,-24.7072416],[-54.6349049,-24.7096003],[-54.6313,-24.7003115],[-54.6433377,-24.7027873],[-54.6555879,-24.7142152],[-54.6547725,-24.6902081],[-54.642488,-24.685841],[-54.6549656,-24.6673665],[-54.6656947,-24.6746884],[-54.6830963,-24.6719294],[-54.6873127,-24.6882684],[-54.6998285,-24.6903842],[-54.720261,-24.6770282],[-54.7285281,-24.6520589],[-54.7503827,-24.6609125],[-54.7725641,-24.6483828],[-54.7975837,-24.6753514],[-54.8068915,-24.6763365],[-54.8232686,-24.6624233],[-54.8310792,-24.6747079],[-54.834926,-24.6686638],[-54.8405527,-24.673304],[-54.8335682,-24.6561835],[-54.8598223,-24.6492499],[-54.8640596,-24.6361638],[-54.8988962,-24.6293417],[-54.88875,-24.6167254],[-54.9040815,-24.6124678],[-54.9141022,-24.5737869],[-54.9437375,-24.5642688],[-54.9708247,-24.5684987],[-54.9934289,-24.5494876],[-55.0942416,-24.5465762],[-55.1131644,-24.5348359],[-55.1123147,-24.5079341],[-55.1339355,-24.4854869],[-55.1464907,-24.4971824],[-55.1524827,-24.4773278],[-55.1701514,-24.4665427],[-55.2368758,-24.4782321],[-55.257724,-24.4723107],[-55.3126701,-24.5148673],[-55.3427336,-24.493647],[-55.3451717,-24.5090337],[-55.3697679,-24.5399642],[-55.3999873,-24.5489498],[-55.4018997,-24.535048],[-55.4378384,-24.5512554],[-55.460479,-24.5414273],[-55.4784827,-24.5556446],[-55.484022,-24.5715837],[-55.4911083,-24.5680212],[-55.493706,-24.5337885],[-55.5134922,-24.5153071],[-55.5439316,-24.5135393],[-55.5524647,-24.5186499],[-55.5516271,-24.5508594],[-55.5641901,-24.5814536],[-55.5778747,-24.6012388],[-55.5978239,-24.602417],[-55.5947464,-24.6191532],[-55.6095917,-24.6246593],[-55.6047209,-24.6402228],[-55.6684655,-24.653189],[-55.6622694,-24.6749369],[-55.6872563,-24.6796171],[-55.7001739,-24.6716359],[-55.7127257,-24.7079173],[-55.7361235,-24.7365264],[-55.7019913,-24.7839697],[-55.8209615,-24.7748674],[-55.8253046,-24.7643634],[-55.8396189,-24.7618788],[-55.8443951,-24.7314523],[-55.8670358,-24.6848573],[-55.8800752,-24.6724842],[-55.9137013,-24.6608795],[-55.9344436,-24.6242553],[-55.942863,-24.6219364],[-55.9399646,-24.5716373],[-55.9907188,-24.529243],[-55.9947931,-24.5015188],[-56.0115518,-24.4861038],[-56.0259445,-24.4408842],[-56.0445268,-24.4318148],[-56.0587459,-24.4024293],[-56.1003073,-24.4011601],[-56.1226876,-24.3854677],[-56.1159714,-24.3685224],[-56.1310132,-24.3373427],[-56.1228593,-24.3160696],[-56.1263971,-24.3013897],[-56.1565961,-24.2849008],[-56.1726996,-24.2312492],[-56.1727762,-24.2311053]]]}},{"id":"767","type":"Feature","properties":{"osm_id":"389892","name":"Central","code":1204,"source":"OSM via Geofabrik","admin_level":4,"layer":"deptos","is_valid_geometry":true},"geometry":{"type":"Polygon","coordinates":[[[-57.8274128,-25.7591051],[-57.8162752,-25.7509033],[-57.7803809,-25.7611615],[-57.7639518,-25.7418722],[-57.7330796,-25.7251071],[-57.7281101,-25.7098172],[-57.7603078,-25.708961],[-57.7655751,-25.6916753],[-57.7337055,-25.6465833],[-57.7192398,-25.6444217],[-57.6871016,-25.6619432],[-57.6739362,-25.6587567],[-57.6740581,-25.5964095],[-57.6576387,-25.5959954],[-57.6359965,-25.6147653],[-57.6176115,-25.616495],[-57.6067025,-25.6005624],[-57.6049129,-25.5688958],[-57.5827299,-25.5705605],[-57.5736972,-25.5593449],[-57.5699207,-25.5368877],[-57.5807354,-25.5167502],[-57.5546946,-25.4430976],[-57.6008044,-25.3979481],[-57.6429976,-25.3811854],[-57.634035,-25.3380885],[-57.6157119,-25.3133957],[-57.5861729,-25.3414365],[-57.5431535,-25.2962084],[-57.542516,-25.2720497],[-57.5250477,-25.2426453],[-57.5772552,-25.2188299],[-57.5435736,-25.180002],[-57.5340404,-25.1213335],[-57.5143401,-25.1000774],[-57.4875734,-25.0980102],[-57.4745421,-25.1141501],[-57.4475312,-25.1232348],[-57.4426646,-25.132249],[-57.4385182,-25.1269703],[-57.4263087,-25.1331868],[-57.4342588,-25.1443077],[-57.4084667,-25.1537767],[-57.4064988,-25.1703248],[-57.3964611,-25.1681779],[-57.4043575,-25.1806356],[-57.3959526,-25.1925537],[-57.337461,-25.2321547],[-57.3278229,-25.2482303],[-57.3394836,-25.2728158],[-57.3394599,-25.2929437],[-57.296262,-25.3534905],[-57.2337319,-25.3668628],[-57.205563,-25.3527087],[-57.1950331,-25.3694252],[-57.1966953,-25.3903222],[-57.1815102,-25.4101983],[-57.2179097,-25.4026798],[-57.2230103,-25.4186246],[-57.2474718,-25.4334542],[-57.2909895,-25.4513632],[-57.3186967,-25.4472213],[-57.3120273,-25.4612216],[-57.3182652,-25.5100151],[-57.3307358,-25.5789007],[-57.3435469,-25.587179],[-57.3430321,-25.6096114],[-57.3908187,-25.6401465],[-57.3966376,-25.6286025],[-57.4063085,-25.6283895],[-57.4215126,-25.6470522],[-57.416626,-25.6945158],[-57.4361879,-25.7015579],[-57.4268582,-25.7009039],[-57.4579845,-25.7322188],[-57.4682093,-25.7561491],[-57.45738,-25.7720589],[-57.4632523,-25.7792563],[-57.4525509,-25.8295616],[-57.442906,-25.8446247],[-57.4230036,-25.8540648],[-57.4160993,-25.8892512],[-57.4760497,-25.9722931],[-57.4996187,-26.025117],[-57.4976534,-25.9775236],[-57.5215989,-25.9892402],[-57.533677,-25.9868714],[-57.5181777,-25.9779654],[-57.5332049,-25.9655436],[-57.5167519,-25.9541625],[-57.5335572,-25.9425413],[-57.542679,-25.9476919],[-57.5830578,-25.8997852],[-57.5965222,-25.9030685],[-57.6101478,-25.8929808],[-57.6030882,-25.8814676],[-57.6087423,-25.8737433],[-57.6023694,-25.8762647],[-57.6006313,-25.8664644],[-57.6123901,-25.8688779],[-57.6172074,-25.8795545],[-57.6303513,-25.8743172],[-57.624927,-25.8638723],[-57.6355325,-25.867063],[-57.6412885,-25.8543674],[-57.6645795,-25.8683502],[-57.6808443,-25.8572274],[-57.6869893,-25.8614271],[-57.6925602,-25.8463761],[-57.7141205,-25.8516691],[-57.7274476,-25.8445244],[-57.7310939,-25.8314535],[-57.7405139,-25.8377206],[-57.7468761,-25.8325834],[-57.7394517,-25.831975],[-57.7452962,-25.8146427],[-57.7403196,-25.8038237],[-57.7448864,-25.8068967],[-57.7535141,-25.7912276],[-57.7398284,-25.7805433],[-57.7528789,-25.7671456],[-57.7657384,-25.7802241],[-57.7603519,-25.7966407],[-57.7788367,-25.8036082],[-57.7923804,-25.7970322],[-57.7861001,-25.8285017],[-57.806325,-25.8391597],[-57.7964759,-25.8101683],[-57.8262616,-25.7624872],[-57.8274128,-25.7591051]]]}},{"id":"792","type":"Feature","properties":{"osm_id":"389893","name":"Paraguar\u00ed","code":1204,"source":"OSM via Geofabrik","admin_level":4,"layer":"deptos","is_valid_geometry":true},"geometry":{"type":"Polygon","coordinates":[[[-57.7489895,-26.3833511],[-57.7001905,-26.3679502],[-57.691612,-26.3842432],[-57.6761709,-26.3842432],[-57.6621022,-26.3196724],[-57.6075434,-26.297218],[-57.5938179,-26.3092147],[-57.5828375,-26.3079843],[-57.5310238,-26.2676822],[-57.4826414,-26.2008913],[-57.4421512,-26.1605519],[-57.436661,-26.1186582],[-57.4774943,-26.0123162],[-57.4996187,-26.025117],[-57.4760497,-25.9722931],[-57.415115,-25.8836244],[-57.4230036,-25.8540648],[-57.442906,-25.8446247],[-57.4525509,-25.8295616],[-57.4632523,-25.7792563],[-57.45738,-25.7720589],[-57.4682093,-25.7561491],[-57.4579845,-25.7322188],[-57.4268582,-25.7009039],[-57.4361879,-25.7015579],[-57.416626,-25.6945158],[-57.4228252,-25.6537496],[-57.4133004,-25.635025],[-57.4044818,-25.628047],[-57.3964953,-25.6287235],[-57.3917226,-25.6401707],[-57.381196,-25.6369777],[-57.3430321,-25.6096114],[-57.3435469,-25.587179],[-57.3307358,-25.5789007],[-57.3182652,-25.5100151],[-57.3120273,-25.4612216],[-57.3186967,-25.4472213],[-57.2909895,-25.4513632],[-57.2474718,-25.4334542],[-57.2230103,-25.4186246],[-57.2179097,-25.4026798],[-57.1809001,-25.4098848],[-57.1633958,-25.4341901],[-57.1299792,-25.4539484],[-57.1311071,-25.4735674],[-57.1420102,-25.4832053],[-57.124184,-25.5175712],[-57.1296901,-25.5300651],[-57.1111067,-25.5387866],[-57.1098162,-25.5484816],[-57.0878036,-25.5660728],[-57.083149,-25.5850072],[-57.0624266,-25.5783794],[-57.0381846,-25.5912778],[-57.019966,-25.5911169],[-56.999425,-25.5746648],[-56.9567966,-25.5622554],[-56.9342693,-25.5692542],[-56.9087102,-25.5636582],[-56.9056322,-25.5693512],[-56.921642,-25.5782448],[-56.9100964,-25.6028406],[-56.9210382,-25.606498],[-56.9492034,-25.6497247],[-56.8902547,-25.6672272],[-56.8663359,-25.661948],[-56.8644056,-25.6466634],[-56.8321833,-25.647995],[-56.8073873,-25.6226689],[-56.7780362,-25.6319642],[-56.7421541,-25.6587799],[-56.700547,-25.6598035],[-56.6761274,-25.6693552],[-56.6641479,-25.6818129],[-56.6545705,-25.7550723],[-56.6419464,-25.7727094],[-56.6209287,-25.7803724],[-56.6171824,-25.8021229],[-56.6233853,-25.8167846],[-56.6340589,-25.8212079],[-56.6198126,-25.8648423],[-56.6268722,-25.9007693],[-56.6201342,-25.9083741],[-56.6150069,-25.9047218],[-56.6104354,-25.9233122],[-56.6604843,-25.9885687],[-56.6409255,-26.0079988],[-56.6392098,-26.0243423],[-56.6591118,-26.0881525],[-56.6573961,-26.1057174],[-56.6244549,-26.155316],[-56.6203809,-26.1786347],[-56.6379743,-26.2097282],[-56.6389539,-26.2273819],[-56.6518251,-26.2163427],[-56.6510337,-26.2250498],[-56.6548649,-26.2191798],[-56.6595765,-26.2270321],[-56.6684614,-26.2236858],[-56.6757505,-26.2391346],[-56.6873381,-26.2400295],[-56.6825264,-26.252304],[-56.6996721,-26.2604747],[-56.6938853,-26.2785125],[-56.6999529,-26.2799721],[-56.6911163,-26.2851636],[-56.6997489,-26.3014825],[-56.7115878,-26.3083597],[-56.7183294,-26.3038801],[-56.7253147,-26.3125595],[-56.718633,-26.3194366],[-56.7364051,-26.3342436],[-56.7326927,-26.350256],[-56.7441569,-26.3530469],[-56.7339661,-26.3581501],[-56.7365284,-26.3683534],[-56.7601164,-26.371726],[-56.7609747,-26.4215454],[-56.7774542,-26.4293854],[-56.7796858,-26.4389156],[-56.7800291,-26.4309226],[-56.7903288,-26.4313837],[-56.7954787,-26.4404527],[-56.785179,-26.4567443],[-56.7922171,-26.4584348],[-56.7918738,-26.4762605],[-56.8217429,-26.4962342],[-56.8249186,-26.5125611],[-56.8308844,-26.5036337],[-56.841978,-26.5105325],[-56.836429,-26.5193523],[-56.8490816,-26.5281566],[-56.8485381,-26.5413942],[-56.8594322,-26.5461259],[-56.8696053,-26.5256299],[-56.8802273,-26.5221994],[-56.8811227,-26.5025947],[-56.8993097,-26.4987382],[-56.8781517,-26.4889675],[-56.9024237,-26.4765678],[-56.9077452,-26.4625841],[-56.9467123,-26.4756458],[-56.947914,-26.4854795],[-56.9595869,-26.4825602],[-56.9513472,-26.4509042],[-56.9704016,-26.4492136],[-56.9801863,-26.4350729],[-56.9922026,-26.4327672],[-56.999303,-26.4115812],[-57.0183638,-26.4185739],[-57.0424705,-26.41333],[-57.0441823,-26.4012722],[-57.0633686,-26.3995444],[-57.0721153,-26.3786225],[-57.0956238,-26.3769547],[-57.1047771,-26.3849882],[-57.1237767,-26.3834281],[-57.1270636,-26.4025535],[-57.1731337,-26.4127825],[-57.1848067,-26.4332283],[-57.1873816,-26.4679627],[-57.2105559,-26.4704213],[-57.209522,-26.489385],[-57.2269072,-26.4775563],[-57.2187273,-26.4984907],[-57.2284981,-26.4997965],[-57.2317704,-26.4891737],[-57.2402913,-26.4995616],[-57.2508963,-26.4894742],[-57.2448882,-26.5094457],[-57.2332048,-26.5114878],[-57.2435149,-26.531871],[-57.2315511,-26.538682],[-57.2371713,-26.5461361],[-57.2430252,-26.5396746],[-57.2544288,-26.5459785],[-57.2460644,-26.558096],[-57.2758665,-26.5821457],[-57.2649533,-26.5878474],[-57.2823511,-26.5872176],[-57.2825344,-26.5975272],[-57.2953993,-26.582263],[-57.2948524,-26.5942885],[-57.3197325,-26.5839238],[-57.3213155,-26.6016261],[-57.3319189,-26.6096041],[-57.3468703,-26.604628],[-57.346855,-26.6126272],[-57.3526915,-26.6117063],[-57.3600447,-26.5937621],[-57.3668292,-26.6143246],[-57.375466,-26.6077183],[-57.3734625,-26.6181522],[-57.381297,-26.6050206],[-57.4108101,-26.6196726],[-57.4146292,-26.606255],[-57.4358586,-26.6133728],[-57.4279818,-26.591927],[-57.4461188,-26.5845379],[-57.4524165,-26.578024],[-57.4481407,-26.5712209],[-57.4712428,-26.5762775],[-57.4710555,-26.5603958],[-57.48949,-26.5582016],[-57.5061568,-26.5678038],[-57.4988444,-26.5538472],[-57.5204993,-26.5512917],[-57.5082167,-26.5384749],[-57.5443003,-26.5427175],[-57.5471177,-26.5246583],[-57.5620501,-26.5216747],[-57.575508,-26.5335604],[-57.5978239,-26.531871],[-57.6198756,-26.4911733],[-57.6341549,-26.4917245],[-57.64084,-26.5005008],[-57.6407803,-26.4783338],[-57.649494,-26.4774897],[-57.6588246,-26.4887295],[-57.6635702,-26.4793336],[-57.6550409,-26.4677174],[-57.6751918,-26.4681103],[-57.6767324,-26.4589186],[-57.6607816,-26.4473459],[-57.6682966,-26.4389773],[-57.6635702,-26.4316912],[-57.682968,-26.4329209],[-57.6901778,-26.4181633],[-57.697223,-26.4272404],[-57.7073439,-26.42462],[-57.7031227,-26.4069856],[-57.715412,-26.4009437],[-57.7131804,-26.3897188],[-57.7426703,-26.4013437],[-57.7482557,-26.384051],[-57.7489895,-26.3833511]]]}},{"id":"795","type":"Feature","properties":{"osm_id":"389896","name":"Misiones","code":1204,"source":"OSM via Geofabrik","admin_level":4,"layer":"deptos","is_valid_geometry":true},"geometry":{"type":"Polygon","coordinates":[[[-57.7426703,-26.4013437],[-57.7152403,-26.3886424],[-57.715412,-26.4009437],[-57.7031227,-26.4069856],[-57.7073439,-26.42462],[-57.697223,-26.4272404],[-57.6901778,-26.4181633],[-57.682968,-26.4329209],[-57.6635702,-26.4316912],[-57.6682966,-26.4389773],[-57.6607816,-26.4473459],[-57.6767324,-26.4589186],[-57.6751918,-26.4681103],[-57.6550409,-26.4677174],[-57.6635702,-26.4793336],[-57.6588246,-26.4887295],[-57.649494,-26.4774897],[-57.6407803,-26.4783338],[-57.64084,-26.5005008],[-57.6341549,-26.4917245],[-57.6198756,-26.4911733],[-57.5978239,-26.531871],[-57.575508,-26.5335604],[-57.5620501,-26.5216747],[-57.5471177,-26.5246583],[-57.5443003,-26.5427175],[-57.5082167,-26.5384749],[-57.5204993,-26.5512917],[-57.4988444,-26.5538472],[-57.5061568,-26.5678038],[-57.48949,-26.5582016],[-57.4710555,-26.5603958],[-57.4712428,-26.5762775],[-57.4481407,-26.5712209],[-57.4524165,-26.578024],[-57.4461188,-26.5845379],[-57.4279818,-26.591927],[-57.4358586,-26.6133728],[-57.4146292,-26.606255],[-57.4097679,-26.6196764],[-57.381297,-26.6050206],[-57.3734625,-26.6181522],[-57.375466,-26.6077183],[-57.3668292,-26.6143246],[-57.3600447,-26.5937621],[-57.3526915,-26.6117063],[-57.346855,-26.6126272],[-57.3468703,-26.604628],[-57.3319189,-26.6096041],[-57.3213155,-26.6016261],[-57.3197325,-26.5839238],[-57.2948524,-26.5942885],[-57.2953993,-26.582263],[-57.2825344,-26.5975272],[-57.2823511,-26.5872176],[-57.2649533,-26.5878474],[-57.2758665,-26.5821457],[-57.2460644,-26.558096],[-57.2544288,-26.5459785],[-57.2430252,-26.5396746],[-57.2371713,-26.5461361],[-57.2315511,-26.538682],[-57.2435149,-26.531871],[-57.2332048,-26.5114878],[-57.2448882,-26.5094457],[-57.2508963,-26.4894742],[-57.2402913,-26.4995616],[-57.2317704,-26.4891737],[-57.2284981,-26.4997965],[-57.2187273,-26.4984907],[-57.2269072,-26.4775563],[-57.209522,-26.489385],[-57.2105559,-26.4704213],[-57.1873816,-26.4679627],[-57.1848067,-26.4332283],[-57.1731337,-26.4127825],[-57.1270636,-26.4025535],[-57.1212952,-26.3821134],[-57.0736522,-26.3779992],[-57.0620801,-26.400638],[-57.0432762,-26.4020194],[-57.0424705,-26.41333],[-57.0183638,-26.4185739],[-56.9999548,-26.41112],[-56.9906717,-26.4217956],[-56.9922026,-26.4327672],[-56.9801863,-26.4350729],[-56.9704016,-26.4492136],[-56.9513472,-26.4509042],[-56.9595869,-26.4825602],[-56.947914,-26.4854795],[-56.9467123,-26.4756458],[-56.9122084,-26.4610474],[-56.9007071,-26.4693457],[-56.9024237,-26.4765678],[-56.8787099,-26.4883082],[-56.8998102,-26.4979595],[-56.8811227,-26.5025947],[-56.8802273,-26.5221994],[-56.8696053,-26.5256299],[-56.8594322,-26.5461259],[-56.8379268,-26.5362769],[-56.8318227,-26.5494207],[-56.8208052,-26.5436822],[-56.8073416,-26.5674491],[-56.8177325,-26.5673416],[-56.82208,-26.5850511],[-56.8010306,-26.6150568],[-56.8055684,-26.622663],[-56.7709311,-26.6173848],[-56.7635497,-26.6218353],[-56.7709311,-26.6270529],[-56.7693861,-26.6381012],[-56.7632063,-26.6362599],[-56.7668112,-26.6305823],[-56.7530783,-26.6357995],[-56.7535933,-26.6287409],[-56.7390021,-26.6226026],[-56.7395171,-26.6290478],[-56.7271574,-26.6287409],[-56.731964,-26.6393287],[-56.7084463,-26.6523703],[-56.7022665,-26.6471538],[-56.6978033,-26.6585069],[-56.6749724,-26.6529839],[-56.666046,-26.6575865],[-56.664501,-26.6706259],[-56.6550597,-26.6700124],[-56.6579779,-26.661882],[-56.6356619,-26.6692454],[-56.6372069,-26.6815166],[-56.64476,-26.6784489],[-56.6464766,-26.6870382],[-56.6528281,-26.6859646],[-56.6490558,-26.7062911],[-56.6556393,-26.7062756],[-56.6550276,-26.7195601],[-56.6621112,-26.7228094],[-56.644044,-26.9782784],[-56.6260981,-27.0060814],[-56.6407495,-27.0354466],[-56.6347676,-27.1463257],[-56.638465,-27.1643931],[-56.668268,-27.195805],[-56.68823,-27.2007952],[-56.695708,-27.210423],[-56.6907299,-27.2237135],[-56.7013085,-27.2241285],[-56.7097843,-27.2358101],[-56.6971725,-27.242206],[-56.6964161,-27.2720727],[-56.6815567,-27.2783855],[-56.66652,-27.2997437],[-56.6748362,-27.3041473],[-56.6714905,-27.3178117],[-56.6780559,-27.3223991],[-56.6650066,-27.338783],[-56.6841614,-27.3464469],[-56.6950282,-27.3691307],[-56.7922364,-27.4002967],[-56.8349216,-27.3992658],[-56.8516749,-27.4111938],[-56.9268813,-27.4140797],[-57.0429893,-27.4807864],[-57.1427751,-27.4840658],[-57.2317737,-27.4664306],[-57.3116369,-27.4180505],[-57.3419808,-27.4163053],[-57.1820942,-27.1089671],[-57.428686,-27.0601019],[-57.6400956,-26.7904388],[-57.7426703,-26.4013437]],[[-57.2392684,-27.4561358],[-57.222231,-27.4638899],[-57.2392417,-27.456052],[-57.2392684,-27.4561358]]]}},{"id":"796","type":"Feature","properties":{"osm_id":"389898","name":"Itap\u00faa","code":1204,"source":"OSM via Geofabrik","admin_level":4,"layer":"deptos","is_valid_geometry":true},"geometry":{"type":"Polygon","coordinates":[[[-57.0429893,-27.4807864],[-56.9268813,-27.4140797],[-56.8516749,-27.4111938],[-56.8349216,-27.3992658],[-56.7922364,-27.4002967],[-56.6950282,-27.3691307],[-56.6841614,-27.3464469],[-56.6650066,-27.338783],[-56.6780559,-27.3223991],[-56.6714905,-27.3178117],[-56.6748362,-27.3041473],[-56.66652,-27.2997437],[-56.6815567,-27.2783855],[-56.6964161,-27.2720727],[-56.6971725,-27.242206],[-56.7097843,-27.2358101],[-56.7013085,-27.2241285],[-56.6907299,-27.2237135],[-56.695708,-27.210423],[-56.68823,-27.2007952],[-56.668268,-27.195805],[-56.638465,-27.1643931],[-56.6347676,-27.1463257],[-56.6407495,-27.0354466],[-56.6260981,-27.0060814],[-56.644044,-26.9782784],[-56.6567677,-26.7222368],[-56.6456995,-26.7247151],[-56.648808,-26.7319911],[-56.6401015,-26.744113],[-56.636305,-26.7390652],[-56.612639,-26.7480043],[-56.6026969,-26.7403745],[-56.5641895,-26.761321],[-56.5395525,-26.7575278],[-56.5404423,-26.7702567],[-56.4910153,-26.7943704],[-56.4909298,-26.7866235],[-56.473021,-26.7835469],[-56.4685955,-26.7724297],[-56.4538254,-26.7776101],[-56.4506575,-26.769743],[-56.4369621,-26.7760499],[-56.4220269,-26.7723467],[-56.4165504,-26.762921],[-56.4040765,-26.7623372],[-56.3938342,-26.7438179],[-56.3902401,-26.7483305],[-56.3562795,-26.7277017],[-56.3074419,-26.7287845],[-56.2756416,-26.7091293],[-56.2700828,-26.713393],[-56.2605681,-26.6978579],[-56.2498393,-26.702612],[-56.2409344,-26.69388],[-56.223264,-26.7052956],[-56.2155392,-26.6976279],[-56.1816608,-26.7111702],[-56.1740722,-26.6981359],[-56.185727,-26.6836707],[-56.1783638,-26.6757719],[-56.1811747,-26.6668653],[-56.158583,-26.6553112],[-56.1548065,-26.6373216],[-56.1170839,-26.6269158],[-56.12262,-26.5963453],[-56.1006119,-26.5547699],[-56.056123,-26.5234847],[-56.0484369,-26.5393192],[-56.030324,-26.5470654],[-56.0250593,-26.5431653],[-56.0306931,-26.5339135],[-56.0205232,-26.5326297],[-56.013691,-26.5136229],[-55.9550684,-26.5112735],[-55.9364289,-26.5212745],[-55.9111399,-26.5134142],[-55.9084906,-26.4974907],[-55.897105,-26.4878784],[-55.9012379,-26.4794327],[-55.8761809,-26.457728],[-55.8805315,-26.452932],[-55.8624715,-26.440177],[-55.8373513,-26.4453827],[-55.8321025,-26.4252206],[-55.8215366,-26.4269666],[-55.8189391,-26.414396],[-55.8253407,-26.4092214],[-55.8151348,-26.3965339],[-55.8058517,-26.3970887],[-55.8053354,-26.3874107],[-55.76586,-26.3937507],[-55.7620405,-26.3798291],[-55.753819,-26.3863634],[-55.7307016,-26.3690492],[-55.7198193,-26.3721285],[-55.7177787,-26.3620222],[-55.6833445,-26.3581192],[-55.6677179,-26.3653771],[-55.663149,-26.3790166],[-55.6501177,-26.3736492],[-55.5958992,-26.4173905],[-55.567476,-26.3900206],[-55.5629652,-26.3672252],[-55.545852,-26.3661863],[-55.5310961,-26.3525517],[-55.5066171,-26.3567784],[-55.4982356,-26.350111],[-55.5131373,-26.3138664],[-55.507194,-26.3079129],[-55.4823752,-26.3102191],[-55.4551241,-26.3250362],[-55.391636,-26.3100467],[-55.3899992,-26.3020369],[-55.3694931,-26.2921222],[-55.3598136,-26.2690209],[-55.3567051,-26.2314635],[-55.3675978,-26.2227274],[-55.3681538,-26.2117113],[-55.3484246,-26.1853971],[-55.3515618,-26.1656722],[-55.3417332,-26.1434739],[-55.347409,-26.118267],[-55.3400517,-26.1164582],[-55.3405763,-26.1040922],[-55.3162994,-26.1051423],[-55.3167396,-26.092604],[-55.2995584,-26.1031855],[-55.311857,-26.1083628],[-55.3130642,-26.1186409],[-55.3225436,-26.1176096],[-55.3142628,-26.1257504],[-55.322636,-26.1339817],[-55.2959337,-26.1499806],[-55.3038907,-26.162672],[-55.2935925,-26.1705168],[-55.2903041,-26.1953747],[-55.2627734,-26.2166691],[-55.2609578,-26.2355362],[-55.2302241,-26.244859],[-55.2120228,-26.239977],[-55.1841474,-26.213549],[-55.1676865,-26.2168696],[-55.1430194,-26.2063438],[-55.1234927,-26.2194948],[-55.1025008,-26.2146608],[-55.101876,-26.2248661],[-55.0788941,-26.2296516],[-55.0679128,-26.2433142],[-55.0588523,-26.2305489],[-55.0505106,-26.2398162],[-55.0354903,-26.2378386],[-55.0414072,-26.2275173],[-55.0368099,-26.2222334],[-55.011297,-26.2361593],[-54.9910409,-26.2234314],[-54.9819804,-26.2308422],[-54.9841905,-26.2426935],[-54.9661446,-26.2377472],[-54.9738318,-26.231203],[-54.9693158,-26.2268161],[-54.9503142,-26.2387961],[-54.9586988,-26.2180367],[-54.9480459,-26.2174561],[-54.9469293,-26.2059519],[-54.9346877,-26.2188741],[-54.9271721,-26.2125936],[-54.9221939,-26.2285227],[-54.9085423,-26.220974],[-54.9176127,-26.2128295],[-54.9032522,-26.2064765],[-54.9197486,-26.2018287],[-54.9105478,-26.1946359],[-54.9172166,-26.1907723],[-54.9116958,-26.1817591],[-54.8985583,-26.1996755],[-54.8934522,-26.1923993],[-54.8707814,-26.1904048],[-54.874607,-26.1741736],[-54.8567319,-26.1810322],[-54.8553694,-26.188667],[-54.8438421,-26.1881151],[-54.8406816,-26.1789573],[-54.8294056,-26.195305],[-54.8359502,-26.2033432],[-54.8199803,-26.2035357],[-54.8278446,-26.2104086],[-54.8083832,-26.2077729],[-54.813399,-26.1894196],[-54.782585,-26.2077567],[-54.7840763,-26.2296295],[-54.7735566,-26.2399124],[-54.7623289,-26.23448],[-54.7628493,-26.2493813],[-54.7531244,-26.2405107],[-54.7441604,-26.2506243],[-54.7407862,-26.2346645],[-54.7240334,-26.2566306],[-54.7134874,-26.2359213],[-54.6992234,-26.2559339],[-54.7056431,-26.2292109],[-54.6928613,-26.228049],[-54.6752767,-26.243745],[-54.678919,-26.2735738],[-54.6488155,-26.3101849],[-54.6971549,-26.3786755],[-54.6987384,-26.4311117],[-54.7085484,-26.4512694],[-54.7814792,-26.5100955],[-54.8015414,-26.5372198],[-54.8075717,-26.5601622],[-54.7875732,-26.5942441],[-54.784779,-26.6232672],[-54.8123953,-26.667858],[-54.8314445,-26.6741278],[-54.8548165,-26.6574294],[-54.8790697,-26.6565527],[-54.9411243,-26.6826256],[-54.9482761,-26.7019477],[-54.9448062,-26.7544659],[-54.9582708,-26.7832787],[-55.0523608,-26.7972966],[-55.0904301,-26.8349072],[-55.1433414,-26.8683713],[-55.1502078,-26.8962375],[-55.132355,-26.9338919],[-55.1351016,-26.9485829],[-55.2035972,-26.9694895],[-55.2398063,-26.9412585],[-55.2600899,-26.9368859],[-55.3058324,-26.9626819],[-55.3759625,-26.9654292],[-55.4211288,-26.9938103],[-55.441962,-27.01781],[-55.4554721,-27.0524413],[-55.4494786,-27.0973083],[-55.4554975,-27.1062288],[-55.4769552,-27.1117965],[-55.5613375,-27.1013102],[-55.5611229,-27.1610061],[-55.5746413,-27.1687951],[-55.6076003,-27.1611588],[-55.6182724,-27.1856272],[-55.6154101,-27.2099449],[-55.5809917,-27.2349072],[-55.5756785,-27.2507785],[-55.5786179,-27.2630507],[-55.6002641,-27.2791514],[-55.5906443,-27.3182844],[-55.5979305,-27.3362696],[-55.641846,-27.3640295],[-55.6830095,-27.3784658],[-55.732441,-27.4426674],[-55.7870048,-27.440287],[-55.8073493,-27.4194996],[-55.8395485,-27.4070359],[-55.8642759,-27.3682911],[-55.896275,-27.342731],[-55.9789257,-27.3551138],[-56.0370357,-27.3125182],[-56.0627597,-27.305998],[-56.1535748,-27.3295217],[-56.213961,-27.3841685],[-56.2319838,-27.3883027],[-56.2361508,-27.4012056],[-56.2837681,-27.4082204],[-56.2950239,-27.4231426],[-56.2843318,-27.4610002],[-56.2936973,-27.4940853],[-56.3389263,-27.5245416],[-56.3647658,-27.5811076],[-56.4008319,-27.5991895],[-56.4629132,-27.5695814],[-56.5420234,-27.4383486],[-56.5737292,-27.4368631],[-56.6011693,-27.4210173],[-56.6495472,-27.4607396],[-56.6782298,-27.4635052],[-56.6907644,-27.4542825],[-56.7202568,-27.4662517],[-56.712601,-27.4740609],[-56.7102305,-27.5076308],[-56.6770959,-27.5486303],[-56.6778827,-27.5632311],[-56.6859549,-27.5769367],[-56.7433054,-27.6050246],[-56.7936919,-27.5868879],[-56.8451274,-27.6063935],[-56.8937581,-27.5900103],[-56.9422202,-27.5583166],[-56.969657,-27.4979015],[-57.0202888,-27.4867378],[-57.0429893,-27.4807864]],[[-57.0318,-27.4807817],[-56.9703502,-27.4916887],[-56.9522238,-27.5146421],[-56.8913966,-27.5405731],[-56.9022971,-27.5415624],[-56.8733347,-27.5814717],[-56.8409644,-27.5956388],[-56.7987759,-27.5734335],[-56.7490223,-27.5614999],[-56.7282479,-27.5212881],[-56.7285586,-27.5017708],[-56.7699698,-27.5020727],[-56.8850123,-27.424556],[-56.93425,-27.4265],[-56.9895119,-27.4590157],[-56.9906758,-27.4660713],[-57.0316856,-27.48071],[-57.0318,-27.4807817]],[[-56.989257,-27.4586849],[-56.9703984,-27.4469959],[-56.988954,-27.4581518],[-56.989257,-27.4586849]],[[-56.9724767,-27.4430371],[-56.964169,-27.4404249],[-56.9724584,-27.4429458],[-56.9724767,-27.4430371]],[[-56.957489,-27.5157894],[-56.9495255,-27.5226442],[-56.9574809,-27.5157078],[-56.957489,-27.5157894]],[[-56.9544795,-27.515596],[-56.9390756,-27.5246423],[-56.95445,-27.5154604],[-56.9544795,-27.515596]],[[-56.9530284,-27.5224111],[-56.9530177,-27.5223683],[-56.9530284,-27.5224111]],[[-56.9494474,-27.5228464],[-56.9323379,-27.5344798],[-56.9191253,-27.5624224],[-56.876151,-27.582765],[-56.8951705,-27.5509502],[-56.9494222,-27.5227979],[-56.9494474,-27.5228464]],[[-56.947829,-27.5227572],[-56.9410394,-27.5254677],[-56.9477633,-27.5227168],[-56.947829,-27.5227572]],[[-56.9467856,-27.5326918],[-56.9341873,-27.5441487],[-56.9466294,-27.5327561],[-56.9467856,-27.5326918]],[[-56.9462445,-27.5314508],[-56.9378874,-27.5344298],[-56.9460772,-27.5313061],[-56.9462445,-27.5314508]],[[-56.9447284,-27.5358403],[-56.9367005,-27.5520273],[-56.9307884,-27.5572971],[-56.929948,-27.550468],[-56.9446921,-27.5358783],[-56.9447284,-27.5358403]],[[-56.9340645,-27.5275436],[-56.927512,-27.5287482],[-56.9338906,-27.5272302],[-56.9340645,-27.5275436]],[[-56.9309726,-27.5300915],[-56.9158074,-27.5361875],[-56.9309458,-27.5300463],[-56.9309726,-27.5300915]],[[-56.9210857,-27.56308],[-56.9209532,-27.5631489],[-56.9210857,-27.56308]],[[-56.9198046,-27.5310281],[-56.9082838,-27.5374099],[-56.9198039,-27.5309698],[-56.9198046,-27.5310281]],[[-56.9077494,-27.5366257],[-56.903611,-27.5415427],[-56.9075629,-27.5361592],[-56.9077494,-27.5366257]],[[-56.8817273,-27.5732029],[-56.8817259,-27.5731387],[-56.8817273,-27.5732029]],[[-56.8743727,-27.5822681],[-56.8625052,-27.5885371],[-56.8743566,-27.5821707],[-56.8743727,-27.5822681]],[[-56.8663123,-27.59112],[-56.8585294,-27.5945688],[-56.8662912,-27.5910855],[-56.8663123,-27.59112]],[[-56.8647315,-27.5914991],[-56.858006,-27.5946061],[-56.8647214,-27.5914803],[-56.8647315,-27.5914991]],[[-56.8275681,-27.594625],[-56.8275306,-27.5945846],[-56.8275681,-27.594625]],[[-56.7936103,-27.5727876],[-56.793607,-27.5727174],[-56.7936103,-27.5727876]],[[-56.7931921,-27.4821625],[-56.7931814,-27.4821026],[-56.7931921,-27.4821625]],[[-56.7905324,-27.5716024],[-56.790497,-27.5715813],[-56.7905324,-27.5716024]],[[-56.7886627,-27.4862637],[-56.788601,-27.4862614],[-56.7886627,-27.4862637]],[[-56.7878822,-27.5735952],[-56.7874253,-27.5733172],[-56.7878822,-27.5735952]],[[-56.7840578,-27.5822051],[-56.7363113,-27.5914896],[-56.7054272,-27.5635681],[-56.7001605,-27.5381995],[-56.7162235,-27.5204689],[-56.7363435,-27.5608151],[-56.7613891,-27.5776427],[-56.7813671,-27.5796055],[-56.7701018,-27.5839495],[-56.784036,-27.5821209],[-56.7840578,-27.5822051]],[[-56.7828851,-27.5721853],[-56.782872,-27.5721604],[-56.7828851,-27.5721853]],[[-56.7785293,-27.5843768],[-56.7654938,-27.5868492],[-56.7785293,-27.584277],[-56.7785293,-27.5843768]],[[-56.7757291,-27.5873568],[-56.7756768,-27.5873345],[-56.7757291,-27.5873568]],[[-56.7756446,-27.5758633],[-56.7561798,-27.5696876],[-56.7756442,-27.5748517],[-56.7756446,-27.5758633]],[[-56.7729269,-27.4983272],[-56.7641036,-27.5031442],[-56.7729178,-27.4982805],[-56.7729269,-27.4983272]],[[-56.7725667,-27.5760702],[-56.7574002,-27.5726964],[-56.7724809,-27.5759679],[-56.7725667,-27.5760702]],[[-56.7680808,-27.5695044],[-56.7679135,-27.5693152],[-56.7680808,-27.5695044]],[[-56.7648343,-27.5914801],[-56.7491148,-27.5939558],[-56.7647777,-27.5913983],[-56.7648343,-27.5914801]],[[-56.758807,-27.5025023],[-56.7587882,-27.5024547],[-56.758807,-27.5025023]],[[-56.7581096,-27.5713834],[-56.7581056,-27.5713216],[-56.7581096,-27.5713834]],[[-56.7544719,-27.5705316],[-56.7544401,-27.5704683],[-56.7544719,-27.5705316]],[[-56.741842,-27.5621609],[-56.7417723,-27.5620848],[-56.741842,-27.5621609]],[[-56.7374848,-27.5603656],[-56.7374808,-27.5603419],[-56.7374848,-27.5603656]],[[-56.736719,-27.5585014],[-56.7366788,-27.5584681],[-56.736719,-27.5585014]],[[-56.7361561,-27.5436553],[-56.7361128,-27.5436064],[-56.7361561,-27.5436553]],[[-56.7336023,-27.5922051],[-56.7314619,-27.5910617],[-56.7336023,-27.5922051]],[[-56.7327876,-27.5327029],[-56.7253651,-27.5241681],[-56.7327404,-27.5324829],[-56.7327876,-27.5327029]],[[-56.7321754,-27.5424662],[-56.7321539,-27.5421094],[-56.7321754,-27.5424662]],[[-56.7301664,-27.5342158],[-56.7301617,-27.534173],[-56.7301664,-27.5342158]],[[-56.7194617,-27.5855227],[-56.7194134,-27.5854371],[-56.7194617,-27.5855227]],[[-56.7118206,-27.5819482],[-56.7117958,-27.5818662],[-56.7118206,-27.5819482]],[[-56.7070887,-27.5806289],[-56.6872473,-27.5634001],[-56.6938902,-27.5453057],[-56.7068633,-27.5800239],[-56.7070887,-27.5806289]],[[-56.7048758,-27.5597165],[-56.7048544,-27.559443],[-56.7048758,-27.5597165]],[[-56.693864,-27.574161],[-56.6938345,-27.5740921],[-56.693864,-27.574161]],[[-55.9512824,-27.3404002],[-55.9512663,-27.3402691],[-55.9512824,-27.3404002]]]}},{"id":"919","type":"Feature","properties":{"osm_id":"389895","name":"\u00d1eembuc\u00fa","code":1204,"source":"OSM via Geofabrik","admin_level":4,"layer":"deptos","is_valid_geometry":true},"geometry":{"type":"MultiPolygon","coordinates":[[[[-58.663831,-27.1742396],[-58.6523104,-27.1321056],[-58.6414163,-27.1204332],[-58.6097646,-27.110746],[-58.5548759,-27.1089315],[-58.558339,-27.0371838],[-58.5384502,-27.0341179],[-58.5201099,-27.0420033],[-58.5164354,-27.0627834],[-58.5007885,-27.0532193],[-58.4995638,-27.0399088],[-58.5195549,-27.0039074],[-58.5017046,-26.9953104],[-58.4768633,-27.0051785],[-58.4680624,-26.9925407],[-58.5023689,-26.9260302],[-58.4747561,-26.9324156],[-58.4427841,-26.9218653],[-58.3848927,-26.8922023],[-58.370204,-26.8642236],[-58.3252415,-26.8696803],[-58.3181545,-26.8511459],[-58.3348434,-26.809516],[-58.2845505,-26.7964748],[-58.2954906,-26.7649565],[-58.2907268,-26.7559028],[-58.2616174,-26.7629651],[-58.2490764,-26.756001],[-58.2624755,-26.6489404],[-58.2460015,-26.6422135],[-58.2100572,-26.6548715],[-58.1899616,-26.6451793],[-58.2097026,-26.6207811],[-58.1932231,-26.5946893],[-58.1998343,-26.5604471],[-58.2249428,-26.5361425],[-58.2081881,-26.4954027],[-58.2335483,-26.4734643],[-58.2285927,-26.4646342],[-58.1841021,-26.461409],[-58.1813785,-26.4530759],[-58.2153675,-26.4224879],[-58.2224056,-26.4029627],[-58.2107326,-26.3775903],[-58.1748554,-26.3634408],[-58.1566593,-26.3449824],[-58.1551143,-26.3105188],[-58.1679471,-26.285827],[-58.1640246,-26.2652954],[-58.1104899,-26.2414518],[-58.1042049,-26.2315453],[-58.1077358,-26.2178472],[-58.1597514,-26.1826897],[-58.1444531,-26.1787017],[-58.1196942,-26.1863617],[-58.1193066,-26.1522792],[-58.0847332,-26.1118463],[-58.0243084,-26.1073761],[-57.9495348,-26.0673716],[-57.9258376,-26.036977],[-57.8993389,-26.021022],[-57.8557369,-26.0091434],[-57.8493854,-26.0022007],[-57.8534086,-25.9872956],[-57.8953019,-25.9607215],[-57.8790021,-25.9322858],[-57.8367734,-25.9156216],[-57.8391874,-25.9022653],[-57.8629839,-25.882257],[-57.8626299,-25.8639542],[-57.8509998,-25.8534114],[-57.7905107,-25.8345922],[-57.786099,-25.8206539],[-57.7934152,-25.7987374],[-57.777698,-25.8035775],[-57.7603519,-25.7966407],[-57.7657384,-25.7802241],[-57.7528789,-25.7671456],[-57.7398284,-25.7805433],[-57.7534902,-25.7909728],[-57.7386941,-25.8103661],[-57.7452962,-25.8146427],[-57.7394517,-25.831975],[-57.7466615,-25.8331145],[-57.7352648,-25.8375401],[-57.7310939,-25.8314535],[-57.7274476,-25.8445244],[-57.7141205,-25.8516691],[-57.6925602,-25.8463761],[-57.6869893,-25.8614271],[-57.6808443,-25.8572274],[-57.6645795,-25.8683502],[-57.6412885,-25.8543674],[-57.6355325,-25.867063],[-57.624927,-25.8638723],[-57.6303513,-25.8743172],[-57.6172074,-25.8795545],[-57.6123901,-25.8688779],[-57.6009103,-25.866281],[-57.6101478,-25.8929808],[-57.5965222,-25.9030685],[-57.5830578,-25.8997852],[-57.542679,-25.9476919],[-57.5335572,-25.9425413],[-57.5167519,-25.9541625],[-57.5332049,-25.9655436],[-57.5181777,-25.9779654],[-57.5342358,-25.9862521],[-57.5215989,-25.9892402],[-57.4976534,-25.9775236],[-57.4996187,-26.025117],[-57.4774943,-26.0123162],[-57.436661,-26.1186582],[-57.4421512,-26.1605519],[-57.4826414,-26.2008913],[-57.5310238,-26.2676822],[-57.5828375,-26.3079843],[-57.5938179,-26.3092147],[-57.6075434,-26.297218],[-57.6545532,-26.3129058],[-57.6621022,-26.3196724],[-57.6761709,-26.3842432],[-57.691612,-26.3842432],[-57.7001905,-26.3679502],[-57.7489895,-26.3833511],[-57.6400956,-26.7904388],[-57.428686,-27.0601019],[-57.1820942,-27.1089671],[-57.3419808,-27.4163053],[-57.4875448,-27.4441777],[-57.5449005,-27.4308182],[-57.5681741,-27.4069922],[-57.6609052,-27.3610022],[-57.673056,-27.3405614],[-57.6945305,-27.3269782],[-57.7781069,-27.33827],[-57.8145,-27.3341603],[-57.8774358,-27.2783568],[-57.9145146,-27.2653112],[-58.0596311,-27.2622511],[-58.0926959,-27.2750096],[-58.1912559,-27.2807667],[-58.246661,-27.2614512],[-58.299423,-27.2767003],[-58.4134127,-27.2866661],[-58.4892248,-27.2733164],[-58.5380217,-27.2955219],[-58.5990454,-27.2998427],[-58.6080086,-27.2827862],[-58.5950696,-27.2644756],[-58.5942781,-27.2241906],[-58.6535914,-27.1938692],[-58.6636164,-27.1783876],[-58.663831,-27.1742396]],[[-58.4641285,-27.2709162],[-58.4577605,-27.2725469],[-58.4640981,-27.2707242],[-58.4641285,-27.2709162]],[[-58.4528714,-27.2665869],[-58.4528688,-27.2663866],[-58.4528714,-27.2665869]],[[-58.4311253,-27.2682298],[-58.4241222,-27.2799333],[-58.423838,-27.26905],[-58.4307171,-27.268418],[-58.4311253,-27.2682298]],[[-58.4209505,-27.2814011],[-58.4209129,-27.2813248],[-58.4209505,-27.2814011]],[[-58.4205964,-27.2817611],[-58.4135985,-27.2825668],[-58.4205642,-27.2817253],[-58.4205964,-27.2817611]],[[-58.3798309,-27.2721383],[-58.3798081,-27.2720632],[-58.3798309,-27.2721383]],[[-58.3759323,-27.2703931],[-58.3759283,-27.2703407],[-58.3759323,-27.2703931]],[[-58.360036,-27.2741482],[-58.360022,-27.2741216],[-58.360036,-27.2741482]],[[-58.3586267,-27.2740717],[-58.349703,-27.2723397],[-58.35862,-27.2740443],[-58.3586267,-27.2740717]],[[-58.3457142,-27.2741728],[-58.3322105,-27.2668438],[-58.3454522,-27.2737007],[-58.3457142,-27.2741728]],[[-58.3357306,-27.2727883],[-58.3030084,-27.2644198],[-58.321647,-27.2625721],[-58.3354085,-27.2725736],[-58.3357306,-27.2727883]],[[-58.3351536,-27.2640162],[-58.3255161,-27.2641318],[-58.3349851,-27.2637805],[-58.3351536,-27.2640162]],[[-58.3121379,-27.2716901],[-58.2915247,-27.2658794],[-58.3120729,-27.2711056],[-58.3121379,-27.2716901]],[[-58.2680082,-27.2611258],[-58.2626103,-27.2596082],[-58.2680056,-27.261084],[-58.2680082,-27.2611258]],[[-58.2633398,-27.2614846],[-58.2633157,-27.2614357],[-58.2633398,-27.2614846]],[[-58.2440805,-27.2539663],[-58.2439659,-27.2540305],[-58.2440805,-27.2539663]],[[-58.224602,-27.2551136],[-58.1724304,-27.2704992],[-58.190943,-27.2576244],[-58.224543,-27.25506],[-58.224602,-27.2551136]],[[-58.2074252,-27.2636185],[-58.2073849,-27.2635589],[-58.2074252,-27.2636185]],[[-58.2007317,-27.2689457],[-58.2004971,-27.2689396],[-58.2007317,-27.2689457]],[[-58.2004957,-27.2764044],[-58.1920427,-27.2784058],[-58.2004836,-27.2763842],[-58.2004957,-27.2764044]],[[-58.172594,-27.2724875],[-58.1725457,-27.2724422],[-58.172594,-27.2724875]],[[-58.1698609,-27.2704981],[-58.1641403,-27.2736141],[-58.1697836,-27.2698004],[-58.1698609,-27.2704981]],[[-58.1684648,-27.2588404],[-58.1615165,-27.2621522],[-58.1684527,-27.2588249],[-58.1684648,-27.2588404]],[[-58.1666771,-27.2584553],[-58.1400293,-27.264546],[-58.1666663,-27.2584279],[-58.1666771,-27.2584553]],[[-58.1000406,-27.2663046],[-58.0852313,-27.2613925],[-58.0998944,-27.2659989],[-58.1000406,-27.2663046]],[[-57.8200525,-27.3247693],[-57.8030098,-27.3279028],[-57.820019,-27.3247205],[-57.8200525,-27.3247693]],[[-57.8184824,-27.3201234],[-57.7869633,-27.3253361],[-57.8180284,-27.3199836],[-57.8184824,-27.3201234]],[[-57.7980872,-27.3250211],[-57.7415202,-27.323307],[-57.7979829,-27.3248111],[-57.7980872,-27.3250211]],[[-57.7868219,-27.3285517],[-57.7695319,-27.3309766],[-57.7860765,-27.3280544],[-57.7868219,-27.3285517]],[[-57.6121987,-27.3835167],[-57.6120456,-27.3832521],[-57.6121987,-27.3835167]],[[-57.5929284,-27.3919593],[-57.489996,-27.4386122],[-57.4114977,-27.4160336],[-57.4883008,-27.4060806],[-57.5713581,-27.3838429],[-57.5928694,-27.3917831],[-57.5929284,-27.3919593]],[[-57.5643414,-27.4105381],[-57.5639123,-27.4105714],[-57.5643414,-27.4105381]],[[-57.5529152,-27.4193644],[-57.5393915,-27.4275258],[-57.5528696,-27.4193144],[-57.5529152,-27.4193644]],[[-57.5501847,-27.4238618],[-57.5490314,-27.4240189],[-57.5501847,-27.4238618]],[[-57.5481945,-27.4263473],[-57.5411511,-27.4290946],[-57.5481838,-27.4262235],[-57.5481945,-27.4263473]],[[-57.5407702,-27.4280662],[-57.5399065,-27.42839],[-57.5407702,-27.4280662]],[[-57.4878397,-27.4391527],[-57.4798024,-27.4382955],[-57.4878395,-27.4390201],[-57.4878397,-27.4391527]],[[-57.4789184,-27.4392978],[-57.4788594,-27.4392168],[-57.4789184,-27.4392978]],[[-57.4729505,-27.4385643],[-57.4481894,-27.4341305],[-57.4726494,-27.4381727],[-57.4729505,-27.4385643]],[[-57.4548055,-27.4309243],[-57.4426345,-27.4287508],[-57.4547685,-27.4308974],[-57.4548055,-27.4309243]],[[-57.4147519,-27.4133382],[-57.4143228,-27.4132406],[-57.4147519,-27.4133382]],[[-57.410506,-27.4173382],[-57.4051791,-27.4175144],[-57.410506,-27.4166716],[-57.410506,-27.4173382]]],[[[-57.9522329,-27.2747201],[-57.9241022,-27.2740612],[-57.9432956,-27.2815448],[-57.9392472,-27.2771865],[-57.9519625,-27.2753282],[-57.9522329,-27.2747201]]],[[[-57.9223251,-27.2705755],[-57.9139137,-27.2717199],[-57.9217726,-27.2716197],[-57.9223251,-27.2705755]]],[[[-57.9181731,-27.2825525],[-57.8942263,-27.2818469],[-57.9149379,-27.2931302],[-57.9144502,-27.2838398],[-57.9024071,-27.2842522],[-57.9181382,-27.2826288],[-57.9181731,-27.2825525]]],[[[-57.9131627,-27.274452],[-57.8642795,-27.2923639],[-57.9130769,-27.2745998],[-57.9131627,-27.274452]]]]}},{"id":"990","type":"Feature","properties":{"osm_id":"389894","name":"Guair\u00e1","code":1204,"source":"OSM via Geofabrik","admin_level":4,"layer":"deptos","is_valid_geometry":true},"geometry":{"type":"Polygon","coordinates":[[[-56.6622504,-25.7064916],[-56.6485255,-25.6858677],[-56.6047528,-25.6763563],[-56.5446623,-25.6327147],[-56.5325333,-25.6315104],[-56.5338744,-25.6257016],[-56.4953525,-25.6228237],[-56.478493,-25.6366423],[-56.473091,-25.6286766],[-56.4386775,-25.620526],[-56.4286353,-25.6148666],[-56.4167312,-25.5807885],[-56.3878653,-25.5656573],[-56.3696122,-25.5783876],[-56.3596485,-25.5701625],[-56.3259603,-25.5708545],[-56.3135189,-25.5850244],[-56.2494749,-25.570063],[-56.2163011,-25.5841933],[-56.1200048,-25.5983219],[-56.0656365,-25.5916733],[-56.0425991,-25.5704786],[-55.8956206,-25.5704786],[-55.871201,-25.5767127],[-55.8366449,-25.6149417],[-55.7984028,-25.6394516],[-55.7712187,-25.6415285],[-55.7311336,-25.6265741],[-55.6420206,-25.6315258],[-55.6333601,-25.6504395],[-55.6790383,-25.7422175],[-55.6853833,-25.7373092],[-55.6916948,-25.7429909],[-55.7023521,-25.721485],[-55.7277992,-25.7093625],[-55.7621061,-25.7179169],[-55.760599,-25.7482941],[-55.7521497,-25.7539948],[-55.7604699,-25.7603191],[-55.7553257,-25.7715086],[-55.7612427,-25.7786919],[-55.7787994,-25.776608],[-55.798987,-25.7955606],[-55.8010234,-25.7870812],[-55.8136247,-25.7840876],[-55.8216311,-25.7987705],[-55.8476592,-25.8016382],[-55.8736043,-25.8272085],[-55.903529,-25.8267873],[-55.9271445,-25.8526648],[-55.9835214,-25.8544248],[-56.0236892,-25.890736],[-56.0484533,-25.8908599],[-56.0993523,-26.0191832],[-56.1090855,-26.0155596],[-56.1211662,-26.0305588],[-56.1351686,-26.0286839],[-56.1804442,-26.0634124],[-56.2809615,-25.9761868],[-56.3233471,-26.0021974],[-56.3399167,-26.0044727],[-56.3523077,-26.0263304],[-56.3761279,-26.0151077],[-56.4063164,-26.0206255],[-56.4026864,-26.1380603],[-56.4212051,-26.1355047],[-56.4397349,-26.1178667],[-56.5346599,-26.1196445],[-56.5467194,-26.1288841],[-56.5387147,-26.1493782],[-56.5542861,-26.1762739],[-56.5510455,-26.1864471],[-56.5647558,-26.1918211],[-56.5757509,-26.1843008],[-56.5854279,-26.1885096],[-56.6028883,-26.1730056],[-56.6203809,-26.1786347],[-56.6244549,-26.155316],[-56.6573961,-26.1057174],[-56.6591118,-26.0881525],[-56.6392098,-26.0243423],[-56.6409255,-26.0079988],[-56.6604843,-25.9885687],[-56.6220529,-25.9453792],[-56.6090417,-25.9153662],[-56.6290394,-25.8902491],[-56.6258728,-25.8828559],[-56.6214434,-25.8865234],[-56.6198126,-25.8648423],[-56.6340589,-25.8212079],[-56.6177189,-25.8068558],[-56.6209287,-25.7803724],[-56.6419464,-25.7727094],[-56.6545705,-25.7550723],[-56.6529859,-25.7289314],[-56.6622431,-25.7065711],[-56.6622504,-25.7064916]]]}},{"id":"995","type":"Feature","properties":{"osm_id":"389886","name":"Amambay","code":1204,"source":"OSM via Geofabrik","admin_level":4,"layer":"deptos","is_valid_geometry":true},"geometry":{"type":"Polygon","coordinates":[[[-56.8260832,-22.2959058],[-56.8014732,-22.2816008],[-56.8059101,-22.2579495],[-56.7934432,-22.2423793],[-56.7858837,-22.2412638],[-56.7883769,-22.2536084],[-56.7765711,-22.2604136],[-56.7629978,-22.2518112],[-56.7669406,-22.24416],[-56.7516212,-22.2467354],[-56.7469957,-22.2357189],[-56.7202608,-22.2647923],[-56.714187,-22.2493734],[-56.7029391,-22.2452558],[-56.7056428,-22.2363828],[-56.6953055,-22.230871],[-56.703442,-22.2169282],[-56.6829285,-22.2215119],[-56.679341,-22.2464276],[-56.6370533,-22.2634072],[-56.6422608,-22.2440408],[-56.6273866,-22.2465865],[-56.6060135,-22.2319898],[-56.6099778,-22.2211047],[-56.5992181,-22.2184265],[-56.5999678,-22.2114107],[-56.5937625,-22.2184514],[-56.5805928,-22.2041482],[-56.5703669,-22.2073184],[-56.556748,-22.1965491],[-56.5518074,-22.1859444],[-56.5573649,-22.169323],[-56.5332733,-22.1587811],[-56.5407114,-22.1474069],[-56.5196263,-22.1409888],[-56.5255515,-22.1210012],[-56.507114,-22.0956095],[-56.4765339,-22.0939757],[-56.471266,-22.079814],[-56.4542769,-22.0849539],[-56.4479606,-22.0764869],[-56.447727,-22.0849738],[-56.4385377,-22.0809921],[-56.4311163,-22.0869756],[-56.3940399,-22.0743408],[-56.3889705,-22.0896165],[-56.3956361,-22.0942774],[-56.3809185,-22.1046817],[-56.3844137,-22.1106443],[-56.3721101,-22.1257932],[-56.3678186,-22.1369391],[-56.3739662,-22.1499175],[-56.364855,-22.1694906],[-56.3498049,-22.1734117],[-56.3463555,-22.1879366],[-56.3168597,-22.2182896],[-56.2995724,-22.2174138],[-56.2772886,-22.2367851],[-56.2380296,-22.2365885],[-56.2344591,-22.2556923],[-56.2098313,-22.2780519],[-56.1938,-22.2710594],[-56.1890326,-22.2819741],[-56.1762074,-22.2789901],[-56.165897,-22.2883419],[-56.1608697,-22.2820977],[-56.1302853,-22.2842339],[-56.1288691,-22.2751201],[-56.1176816,-22.2703227],[-56.0927049,-22.2856913],[-56.0695198,-22.286823],[-56.0607756,-22.2755302],[-56.0124583,-22.286267],[-56.0101677,-22.2946157],[-55.9836816,-22.2786368],[-55.9698339,-22.292215],[-55.9493991,-22.2930683],[-55.945945,-22.2835816],[-55.9289599,-22.2784318],[-55.901812,-22.2851819],[-55.8537987,-22.2801859],[-55.839333,-22.2935923],[-55.8243561,-22.3409081],[-55.8064277,-22.3540597],[-55.7893938,-22.3846011],[-55.7471726,-22.384047],[-55.736924,-22.4124029],[-55.7351446,-22.4589366],[-55.7528365,-22.4750353],[-55.7377394,-22.5266025],[-55.723548,-22.5518262],[-55.6984164,-22.5632786],[-55.6830012,-22.5889107],[-55.6314129,-22.6206637],[-55.6226152,-22.6508289],[-55.6145311,-22.6551557],[-55.6127145,-22.7391372],[-55.6266117,-22.7576026],[-55.6184045,-22.7674978],[-55.6353316,-22.7703074],[-55.6506342,-22.7916635],[-55.6658334,-22.852446],[-55.6611777,-22.8823452],[-55.6496601,-22.8907045],[-55.6474388,-22.9500329],[-55.634995,-22.9552724],[-55.6370265,-22.9645383],[-55.6220994,-22.9844061],[-55.6338771,-22.991828],[-55.6287626,-22.9984249],[-55.6393219,-23.0257511],[-55.6114377,-23.0476747],[-55.615623,-23.081907],[-55.5985749,-23.1076651],[-55.5963476,-23.1499263],[-55.5696939,-23.142697],[-55.5419862,-23.1560996],[-55.5431465,-23.1806165],[-55.52356,-23.1973337],[-55.5312654,-23.2144112],[-55.5460208,-23.2204667],[-55.5374264,-23.2511314],[-55.5227203,-23.2597896],[-55.5531318,-23.2796135],[-55.5493832,-23.303789],[-55.5558141,-23.316532],[-55.5345774,-23.3333376],[-55.5045738,-23.3788793],[-55.5155316,-23.409658],[-55.5445999,-23.4487081],[-55.5449937,-23.4772777],[-55.5621152,-23.4762127],[-55.5496424,-23.4957877],[-55.5443305,-23.5393202],[-55.5717526,-23.578636],[-55.5833402,-23.629161],[-55.5996326,-23.6526201],[-55.6303113,-23.6569964],[-55.6613285,-23.6770254],[-55.7011434,-23.6616751],[-55.7169559,-23.6631763],[-55.7293289,-23.6796273],[-55.7613313,-23.6984798],[-55.769984,-23.7363233],[-55.8061877,-23.7592061],[-55.8396941,-23.7632733],[-55.8573491,-23.7840416],[-55.8596972,-23.7996081],[-55.8844858,-23.8059198],[-55.8959708,-23.8203563],[-55.918286,-23.8172659],[-55.9313306,-23.8309022],[-55.9526664,-23.8123805],[-55.9872435,-23.8272977],[-56.0175027,-23.8298066],[-56.027889,-23.8211086],[-56.0207251,-23.8002603],[-55.9879889,-23.7840497],[-55.9750019,-23.7465432],[-55.976375,-23.7003408],[-55.9860932,-23.6861578],[-55.9783208,-23.6688206],[-56.0010568,-23.6232041],[-56.0489161,-23.5757252],[-56.0485214,-23.5906694],[-56.0608304,-23.6042284],[-56.1141352,-23.605986],[-56.1109846,-23.5920904],[-56.1368318,-23.56407],[-56.1437662,-23.533478],[-56.1353313,-23.512008],[-56.1665131,-23.4701647],[-56.1683533,-23.4563822],[-56.1542814,-23.4235194],[-56.1639665,-23.3092671],[-56.1949386,-23.3009578],[-56.2076018,-23.3107413],[-56.2141031,-23.3032119],[-56.2226149,-23.308895],[-56.2173146,-23.3207639],[-56.2262441,-23.3189896],[-56.2308133,-23.3294192],[-56.2402911,-23.3135467],[-56.2602128,-23.3275011],[-56.2712572,-23.3243843],[-56.2756175,-23.332416],[-56.2928238,-23.3296589],[-56.293581,-23.3439233],[-56.3007258,-23.3375417],[-56.3137826,-23.3456034],[-56.3113298,-23.3269509],[-56.287281,-23.3180407],[-56.2991551,-23.2963991],[-56.281369,-23.2824706],[-56.2853103,-23.271609],[-56.2707673,-23.2727653],[-56.2677938,-23.2616053],[-56.2752881,-23.2581182],[-56.2592237,-23.2446468],[-56.2393396,-23.240915],[-56.2381188,-23.2264866],[-56.2182589,-23.2350394],[-56.2112843,-23.230963],[-56.2132546,-23.2221433],[-56.2007763,-23.2267325],[-56.1977926,-23.2194635],[-56.2182709,-23.1912032],[-56.2134722,-23.1750915],[-56.2026417,-23.1735135],[-56.2073598,-23.1619477],[-56.1819216,-23.1604575],[-56.1894109,-23.1302021],[-56.1793956,-23.1183307],[-56.1651814,-23.1259398],[-56.1413145,-23.1212973],[-56.1390998,-23.1117501],[-56.1517694,-23.0984238],[-56.1358829,-23.0883629],[-56.1385678,-23.077823],[-56.1256984,-23.0693098],[-56.1304387,-23.0428736],[-56.2943876,-22.6876381],[-56.3054253,-22.6945262],[-56.3129784,-22.686944],[-56.3282562,-22.6877953],[-56.342407,-22.6947341],[-56.3429756,-22.7081157],[-56.3590904,-22.70674],[-56.3639827,-22.7201304],[-56.3850112,-22.7133908],[-56.3823934,-22.7233268],[-56.3925965,-22.721882],[-56.3978322,-22.7488959],[-56.4063616,-22.747768],[-56.4045913,-22.7406736],[-56.4124663,-22.744018],[-56.4088292,-22.7556931],[-56.4279158,-22.7604914],[-56.4424749,-22.7776752],[-56.4520235,-22.7668725],[-56.45418,-22.7750636],[-56.4830406,-22.7719673],[-56.5050454,-22.7831454],[-56.5088005,-22.8024132],[-56.5260525,-22.8099494],[-56.5219257,-22.8407684],[-56.5438624,-22.8614358],[-56.5385945,-22.8792493],[-56.5583999,-22.888086],[-56.5595265,-22.8994918],[-56.5880544,-22.8984639],[-56.5830334,-22.9087324],[-56.5968199,-22.9134364],[-56.6156061,-22.9087719],[-56.6169257,-22.8960623],[-56.6643216,-22.8809957],[-56.6714284,-22.8970504],[-56.7086424,-22.9059027],[-56.7123696,-22.8782211],[-56.7047629,-22.8686033],[-56.7130241,-22.843383],[-56.6777004,-22.8438146],[-56.6808161,-22.8367385],[-56.6663644,-22.8283039],[-56.6644825,-22.8160085],[-56.6529319,-22.8151912],[-56.6490807,-22.8019585],[-56.6615257,-22.793591],[-56.6623732,-22.7720071],[-56.6698255,-22.7665825],[-56.6656884,-22.7228422],[-56.6761491,-22.7227631],[-56.6737308,-22.7101514],[-56.6959609,-22.7091221],[-56.7019304,-22.696813],[-56.6948816,-22.6957044],[-56.6941584,-22.6821875],[-56.7266725,-22.651488],[-56.7151385,-22.6220529],[-56.7386669,-22.54366],[-56.7226294,-22.5094263],[-56.7168217,-22.4586634],[-56.6988589,-22.4404139],[-56.6486584,-22.4221497],[-56.6448897,-22.3845193],[-56.6094257,-22.3652855],[-56.8259254,-22.296074],[-56.8260832,-22.2959058]]]}},{"id":"997","type":"Feature","properties":{"osm_id":"389887","name":"San Pedro","code":1204,"source":"OSM via Geofabrik","admin_level":4,"layer":"deptos","is_valid_geometry":true},"geometry":{"type":"Polygon","coordinates":[[[-57.4744685,-23.5446543],[-57.4474258,-23.4776062],[-57.4095657,-23.484265],[-57.404152,-23.4985945],[-57.3975325,-23.4927859],[-57.3937677,-23.5018989],[-57.3763847,-23.4978742],[-57.3626047,-23.509342],[-57.3345315,-23.4967029],[-57.2973725,-23.4992674],[-57.2955807,-23.4912513],[-57.2870706,-23.4968341],[-57.2723858,-23.4889122],[-57.2679213,-23.4990096],[-57.2631045,-23.4789708],[-57.2410461,-23.4726324],[-57.2361752,-23.4796078],[-57.2225925,-23.4742655],[-57.2144674,-23.4829872],[-57.2090509,-23.4772699],[-57.2062614,-23.4847387],[-57.1904685,-23.4772207],[-57.1809413,-23.4834497],[-57.1753945,-23.4753804],[-57.1686568,-23.4815013],[-57.1682598,-23.4748195],[-57.1495809,-23.4831545],[-57.1357842,-23.4648936],[-57.1307626,-23.4706371],[-57.1085866,-23.4612227],[-57.101269,-23.4675272],[-57.0968278,-23.4597365],[-57.0770433,-23.4578631],[-57.0779016,-23.4636693],[-57.0485789,-23.4553875],[-57.0327539,-23.442021],[-57.0264029,-23.4436102],[-57.0312411,-23.4486847],[-57.013185,-23.4431771],[-56.9965977,-23.4523167],[-56.9640207,-23.4367276],[-56.9623072,-23.4449478],[-56.95374,-23.4443622],[-56.9486647,-23.4351443],[-56.910123,-23.4461408],[-56.9053562,-23.4390506],[-56.8828906,-23.4430668],[-56.8761551,-23.4347207],[-56.8586474,-23.4421004],[-56.8532322,-23.434179],[-56.8160475,-23.4397326],[-56.8036543,-23.4249102],[-56.7509416,-23.4508691],[-56.7273474,-23.432635],[-56.6886163,-23.4513767],[-56.6738212,-23.4417207],[-56.6418558,-23.4411633],[-56.6068186,-23.4583577],[-56.5557794,-23.4430459],[-56.5499643,-23.4518104],[-56.5259284,-23.4569454],[-56.5161807,-23.4500898],[-56.5152217,-23.4279406],[-56.4907685,-23.4239069],[-56.4636454,-23.4039361],[-56.4488369,-23.4159681],[-56.4172837,-23.4214485],[-56.3846476,-23.3907123],[-56.3655717,-23.3899245],[-56.3528248,-23.3797785],[-56.3614084,-23.3638564],[-56.3490059,-23.3525491],[-56.310624,-23.3467873],[-56.3007258,-23.3375417],[-56.293581,-23.3439233],[-56.2928238,-23.3296589],[-56.2756175,-23.332416],[-56.2712572,-23.3243843],[-56.2602128,-23.3275011],[-56.2402911,-23.3135467],[-56.2308133,-23.3294192],[-56.2262441,-23.3189896],[-56.2173146,-23.3207639],[-56.2208394,-23.3058256],[-56.2077846,-23.3046506],[-56.2072102,-23.3106694],[-56.1949386,-23.3009578],[-56.1793512,-23.3085353],[-56.1734243,-23.3020369],[-56.1620927,-23.319637],[-56.1542867,-23.4230679],[-56.1668337,-23.4691999],[-56.1353313,-23.512008],[-56.1437662,-23.533478],[-56.1368318,-23.56407],[-56.1109846,-23.5920904],[-56.1141352,-23.605986],[-56.0608304,-23.6042284],[-56.0485214,-23.5906694],[-56.0489161,-23.5757252],[-56.0215761,-23.5990618],[-55.9783208,-23.6688206],[-55.9860932,-23.6861578],[-55.976375,-23.7003408],[-55.9802473,-23.7227266],[-55.9743175,-23.7330934],[-55.986165,-23.7812479],[-56.0206308,-23.8001445],[-56.0278941,-23.82093],[-55.9771603,-24.0285279],[-55.9950997,-24.0313275],[-56.0091179,-24.0251099],[-56.0069136,-24.0200406],[-56.0145997,-24.022135],[-56.0178937,-24.0340316],[-56.0713233,-24.0557633],[-56.0850884,-24.0815758],[-56.1047329,-24.0904401],[-56.1058487,-24.1068544],[-56.1297418,-24.1089599],[-56.1504914,-24.1213866],[-56.1608125,-24.1386095],[-56.1618854,-24.1622421],[-56.1527445,-24.171874],[-56.1486246,-24.200188],[-56.1622253,-24.2260758],[-56.1726612,-24.2306871],[-56.1718154,-24.2440514],[-56.1564781,-24.2850689],[-56.1263971,-24.3013897],[-56.1228593,-24.3160696],[-56.1310132,-24.3373427],[-56.1159714,-24.3685224],[-56.1222156,-24.3861908],[-56.0941918,-24.4027429],[-56.0587459,-24.4024293],[-56.0445268,-24.4318148],[-56.0259445,-24.4408842],[-56.0115518,-24.4861038],[-55.9947931,-24.5015188],[-55.9907188,-24.529243],[-55.9399646,-24.5716373],[-55.942863,-24.6219364],[-55.9344436,-24.6242553],[-55.9137013,-24.6608795],[-55.8800752,-24.6724842],[-55.8671345,-24.6847361],[-55.8399384,-24.7481057],[-55.9110161,-24.775213],[-55.9384535,-24.7770931],[-55.9933284,-24.8090512],[-56.0425088,-24.8137502],[-56.0513095,-24.8189189],[-56.0673578,-24.8762302],[-56.1175735,-24.8992412],[-56.1356926,-24.8992412],[-56.1496701,-24.8889103],[-56.1765899,-24.8301953],[-56.1936736,-24.8165695],[-56.221111,-24.7695724],[-56.2485485,-24.761111],[-56.3142948,-24.8391218],[-56.318954,-24.8893799],[-56.3702051,-24.887971],[-56.4069609,-24.9170835],[-56.4411283,-25.0001571],[-56.4576943,-25.0029721],[-56.5260291,-24.9935883],[-56.5871162,-24.9621473],[-56.6052353,-24.9358621],[-56.6409558,-24.9128579],[-56.7030783,-24.8842141],[-56.733056,-24.8889969],[-56.7707185,-24.8657382],[-56.8237447,-24.8646791],[-56.9374017,-24.8413769],[-56.955995,-24.8665463],[-56.9727588,-24.8688728],[-56.9866473,-24.8814095],[-56.9888681,-24.8922126],[-56.9787294,-24.9044064],[-56.9893016,-24.908442],[-56.9915665,-24.930605],[-57.0037759,-24.9393317],[-57.0007718,-24.9503827],[-57.0153523,-24.9613549],[-57.0117689,-24.9787741],[-57.0379365,-24.9828684],[-57.0400608,-24.9754968],[-57.0526667,-24.9829075],[-57.0447488,-24.9883339],[-57.0526409,-24.9916256],[-57.0472014,-25.0019232],[-57.0532632,-25.001826],[-57.0393372,-25.0035081],[-57.0439699,-25.0152427],[-57.0548956,-25.0043268],[-57.0681377,-25.0036992],[-57.0743105,-25.0170403],[-57.0963677,-25.0050378],[-57.1042888,-25.0193136],[-57.1251671,-25.0072182],[-57.1389535,-24.9798901],[-57.1533007,-24.9839915],[-57.1612264,-24.9730762],[-57.1930585,-24.9690775],[-57.1843047,-24.9619867],[-57.1921151,-24.950162],[-57.1996978,-24.9543801],[-57.199857,-24.971654],[-57.2109073,-24.9736945],[-57.2219803,-24.964048],[-57.2191565,-24.9547327],[-57.2281355,-24.9633838],[-57.2636804,-24.9524217],[-57.2630767,-24.9422727],[-57.2758803,-24.9434348],[-57.2637456,-24.9352252],[-57.2697108,-24.9300299],[-57.2271924,-24.934766],[-57.2152412,-24.906095],[-57.2554756,-24.8915008],[-57.2604725,-24.8823012],[-57.2544719,-24.8626275],[-57.288743,-24.8529004],[-57.3025763,-24.8349089],[-57.2625416,-24.8067838],[-57.2259455,-24.7462264],[-57.2336197,-24.7000923],[-57.1730953,-24.6927356],[-57.1750131,-24.6607105],[-57.1568009,-24.6193789],[-57.1940208,-24.5720296],[-57.1923042,-24.559852],[-57.1619201,-24.5328385],[-57.1910416,-24.497633],[-57.1935378,-24.4822683],[-57.1617262,-24.4714317],[-57.1513075,-24.4503209],[-57.1815526,-24.3924014],[-57.1650136,-24.3615695],[-57.1671304,-24.3426475],[-57.179936,-24.3121695],[-57.2034697,-24.294614],[-57.2027756,-24.2406289],[-57.2134582,-24.2142954],[-57.237641,-24.2061306],[-57.2513326,-24.1722898],[-57.2796037,-24.1470535],[-57.276385,-24.1362449],[-57.2090234,-24.0949253],[-57.2086181,-24.0800879],[-57.2211094,-24.0656596],[-57.2549606,-24.0518758],[-57.2650886,-24.0382372],[-57.2181325,-24.0146452],[-57.2014059,-23.9917952],[-57.2256395,-23.9703786],[-57.2303816,-23.9464714],[-57.2843294,-23.9363151],[-57.3020105,-23.9152891],[-57.2984056,-23.8952013],[-57.264245,-23.8857841],[-57.2528639,-23.8736457],[-57.274888,-23.8471664],[-57.2518854,-23.8154472],[-57.2522287,-23.7881186],[-57.2771196,-23.7724099],[-57.2570352,-23.7607842],[-57.2569321,-23.7358317],[-57.2784929,-23.7167858],[-57.3111633,-23.7092765],[-57.3469452,-23.6778569],[-57.3920916,-23.6644731],[-57.420625,-23.6410871],[-57.4742764,-23.5464955],[-57.4744685,-23.5446543]]]}},{"id":"1016","type":"Feature","properties":{"osm_id":"389883","name":"Boquer\u00f3n","code":1204,"source":"OSM via Geofabrik","admin_level":4,"layer":"deptos","is_valid_geometry":true},"geometry":{"type":"Polygon","coordinates":[[[-62.6406685,-22.2362478],[-62.2609194,-21.0586278],[-62.2663417,-20.5631556],[-61.9225361,-20.0892109],[-61.768661,-20.109639],[-61.71859,-20.096645],[-61.698262,-20.104244],[-61.620052,-20.170064],[-61.51439,-20.182631],[-59.9273,-20.632887],[-59.879513,-20.630417],[-59.886896,-20.791957],[-59.863118,-20.820841],[-59.83831,-20.8807],[-59.839607,-20.903143],[-59.817786,-20.936654],[-59.809842,-20.987461],[-59.768323,-21.037456],[-59.755849,-21.096831],[-59.75087,-21.182933],[-59.766985,-21.201298],[-59.715013,-21.345861],[-59.872402,-21.447163],[-59.947422,-21.926573],[-59.9523994,-22.0545342],[-59.412897,-22.05682],[-59.367745,-22.076228],[-59.336595,-22.170403],[-59.614392,-22.335895],[-59.639343,-22.368923],[-59.626237,-22.427976],[-59.711801,-22.427974],[-59.712167,-22.467009],[-59.747181,-22.466983],[-59.75177,-22.525404],[-59.843758,-22.634372],[-59.939777,-22.769478],[-59.937939,-22.77921],[-59.948822,-22.782389],[-59.944878,-22.796893],[-59.966371,-22.802297],[-59.976196,-22.830056],[-59.958426,-23.067302],[-59.992281,-23.157465],[-59.978988,-23.172979],[-60.056926,-23.376234],[-60.076769,-23.458487],[-60.092734,-23.492821],[-60.202723,-23.532855],[-60.571328,-23.572293],[-60.580971,-23.574891],[-60.579145,-23.58258],[-60.601665,-23.611015],[-60.675205,-23.59219],[-60.669805,-23.7020951],[-60.6897539,-23.7322631],[-60.7844231,-23.7898758],[-60.7815653,-23.8301543],[-60.7597375,-23.8697778],[-60.800556,-23.876111],[-60.855,-23.8725],[-60.875278,-23.849722],[-60.921389,-23.823056],[-60.9898984,-23.8180803],[-60.9995846,-23.7914426],[-61.0158775,-23.77841],[-61.0123624,-23.7614679],[-61.0397555,-23.741004],[-61.0575441,-23.7070508],[-61.08056,-23.6908307],[-61.0856452,-23.6752417],[-61.0793673,-23.6712273],[-61.099693,-23.6555998],[-61.0892452,-23.6396291],[-61.0999424,-23.6283215],[-61.0882351,-23.6139282],[-61.149167,-23.586111],[-61.1825,-23.554722],[-61.224722,-23.555278],[-61.2553258,-23.5232239],[-61.2640414,-23.5272817],[-61.2626861,-23.5169414],[-61.2750429,-23.5120971],[-61.2828803,-23.4874554],[-61.2947268,-23.4986563],[-61.2961939,-23.4870181],[-61.3024978,-23.4900647],[-61.316997,-23.4697454],[-61.3463017,-23.4687869],[-61.3517016,-23.4479477],[-61.3749198,-23.4561574],[-61.385638,-23.4466333],[-61.3810714,-23.457805],[-61.387071,-23.4604529],[-61.4032709,-23.444724],[-61.4171698,-23.4483615],[-61.4451234,-23.4201264],[-61.4557298,-23.4256305],[-61.4580133,-23.4178819],[-61.4732972,-23.4269573],[-61.4851895,-23.4183558],[-61.4868901,-23.4237565],[-61.520278,-23.380556],[-61.5235973,-23.3673092],[-61.5093871,-23.3498812],[-61.560278,-23.340833],[-61.575556,-23.314167],[-61.603889,-23.291944],[-61.5989481,-23.2836346],[-61.6270285,-23.2776601],[-61.6702467,-23.285982],[-61.6831018,-23.2760249],[-61.6827307,-23.2595238],[-61.7002106,-23.255382],[-61.7143138,-23.2391172],[-61.7319397,-23.2417041],[-61.7386599,-23.2150677],[-61.7330712,-23.2086739],[-61.7492208,-23.1762307],[-61.7670939,-23.168683],[-61.7655598,-23.1581049],[-61.7788186,-23.1651064],[-61.8041368,-23.1566841],[-61.855278,-23.09],[-61.8901155,-23.0840797],[-61.8949231,-23.081261],[-61.8877204,-23.0791625],[-61.9139851,-23.0633065],[-61.9272992,-23.0709213],[-61.940833,-23.044167],[-61.9535919,-23.0469418],[-61.9556131,-23.0251243],[-61.9827175,-23.0229667],[-61.989466,-23.0028809],[-61.9970727,-23.010248],[-61.9924593,-22.9921555],[-62.0020723,-22.9947628],[-62.0059562,-22.9884221],[-61.995163,-22.9688251],[-62.0103121,-22.9764114],[-61.9959355,-22.9514778],[-62.0037675,-22.9392662],[-61.9995833,-22.9296029],[-62.0248604,-22.9278045],[-62.0215559,-22.9080011],[-62.0315981,-22.8995412],[-62.041297,-22.8684646],[-62.0570898,-22.8627705],[-62.0601797,-22.8484153],[-62.0720673,-22.8469125],[-62.0766592,-22.8269786],[-62.0887184,-22.8267412],[-62.0963574,-22.8051824],[-62.1081162,-22.8196608],[-62.1154118,-22.7949754],[-62.1395731,-22.7807318],[-62.135067,-22.770523],[-62.1474266,-22.7647455],[-62.1384144,-22.7616193],[-62.1580267,-22.7601155],[-62.1650177,-22.7447531],[-62.147299,-22.7484214],[-62.1771813,-22.7204733],[-62.1732031,-22.7105093],[-62.1818859,-22.7081974],[-62.1903091,-22.7197677],[-62.2067114,-22.7041761],[-62.1955212,-22.6903863],[-62.2048521,-22.6844144],[-62.1974127,-22.6613847],[-62.2171774,-22.660853],[-62.2052297,-22.6511739],[-62.2266637,-22.638405],[-62.2371222,-22.6470811],[-62.2349164,-22.61461],[-62.2534257,-22.6139979],[-62.2490312,-22.6028654],[-62.2609338,-22.6040797],[-62.255578,-22.5904977],[-62.2394482,-22.5916864],[-62.2506169,-22.5821034],[-62.2253291,-22.5602208],[-62.2255994,-22.5465314],[-62.2511741,-22.5356041],[-62.2545909,-22.5210931],[-62.2963199,-22.5191227],[-62.2842347,-22.5099631],[-62.2905647,-22.4727566],[-62.3008968,-22.4865877],[-62.3167455,-22.4868613],[-62.3270559,-22.4714138],[-62.3402088,-22.4800006],[-62.3403149,-22.4599689],[-62.3575938,-22.4632893],[-62.3617145,-22.4578524],[-62.3778455,-22.4823854],[-62.3908629,-22.4511323],[-62.4164829,-22.4468043],[-62.4212705,-22.4211461],[-62.453522,-22.4183327],[-62.4719718,-22.3754729],[-62.5098236,-22.380313],[-62.5283307,-22.3699232],[-62.5429283,-22.3744682],[-62.5365511,-22.357632],[-62.5702965,-22.3296626],[-62.5676642,-22.3151213],[-62.5893236,-22.3247346],[-62.6007487,-22.3181028],[-62.6056593,-22.3025016],[-62.6283851,-22.3055777],[-62.621023,-22.2601091],[-62.6404827,-22.236238],[-62.6406685,-22.2362478]]]}},{"id":"1022","type":"Feature","properties":{"osm_id":"389884","name":"Presidente Hayes","code":1204,"source":"OSM via Geofabrik","admin_level":4,"layer":"deptos","is_valid_geometry":true},"geometry":{"type":"Polygon","coordinates":[[[-60.7844231,-23.7898758],[-60.6897539,-23.7322631],[-60.669805,-23.7020951],[-60.675205,-23.59219],[-60.601665,-23.611015],[-60.579145,-23.58258],[-60.580971,-23.574891],[-60.571328,-23.572293],[-60.202723,-23.532855],[-60.092734,-23.492821],[-60.076769,-23.458487],[-60.056926,-23.376234],[-59.978988,-23.172979],[-59.992281,-23.157465],[-59.958426,-23.067302],[-59.970735,-22.968755],[-59.975091,-22.818633],[-59.966371,-22.802297],[-59.944878,-22.796893],[-59.948822,-22.782389],[-59.937939,-22.77921],[-59.939777,-22.769478],[-59.843758,-22.634372],[-59.75177,-22.525404],[-59.747181,-22.466983],[-59.712167,-22.467009],[-59.711801,-22.427974],[-59.626237,-22.427976],[-59.639343,-22.368923],[-59.614392,-22.335895],[-59.336595,-22.170403],[-59.367745,-22.076228],[-59.201595,-22.147866],[-59.018355,-22.150072],[-58.9855604,-22.1599749],[-58.962615,-22.150356],[-58.843246,-22.156821],[-58.473562,-22.156234],[-58.396747,-22.178969],[-58.26688,-22.179487],[-58.237447,-22.198389],[-58.245549,-22.240463],[-58.202731,-22.282506],[-58.185565,-22.349438],[-57.8561603,-22.3976236],[-57.8659181,-22.4116091],[-57.8401512,-22.4434857],[-57.8448397,-22.4845822],[-57.8306584,-22.5123445],[-57.8281864,-22.5682743],[-57.7798215,-22.6230706],[-57.7733214,-22.6562877],[-57.7865835,-22.6641362],[-57.8436024,-22.6517525],[-57.9060328,-22.6585332],[-57.9357474,-22.6855378],[-57.936964,-22.7194944],[-57.9178538,-22.7484095],[-57.8858562,-22.7602099],[-57.8770548,-22.777822],[-57.8838945,-22.7914345],[-57.8755769,-22.8017806],[-57.8089819,-22.8214976],[-57.7891643,-22.8777672],[-57.8210535,-22.9070008],[-57.8214402,-22.915392],[-57.7650355,-22.9751879],[-57.7832102,-23.003858],[-57.7864075,-23.032102],[-57.7388573,-23.0527955],[-57.7148247,-23.0936992],[-57.6303673,-23.0952782],[-57.6272774,-23.1131201],[-57.6420402,-23.1356954],[-57.6237112,-23.176],[-57.6101444,-23.1897036],[-57.5473359,-23.2129887],[-57.5380316,-23.2387585],[-57.4920317,-23.2800298],[-57.4889524,-23.3184974],[-57.5191692,-23.3378523],[-57.5213214,-23.3492338],[-57.4841411,-23.3883736],[-57.4570816,-23.4003216],[-57.4454405,-23.4318743],[-57.4433951,-23.469207],[-57.4744685,-23.5446543],[-57.4254057,-23.6353437],[-57.3920916,-23.6644731],[-57.3469452,-23.6778569],[-57.3111633,-23.7092765],[-57.2784929,-23.7167858],[-57.2569321,-23.7358317],[-57.2570352,-23.7607842],[-57.2771196,-23.7724099],[-57.2522287,-23.7881186],[-57.2518854,-23.8154472],[-57.274888,-23.8471664],[-57.2528639,-23.8736457],[-57.264245,-23.8857841],[-57.2984056,-23.8952013],[-57.3020105,-23.9152891],[-57.2843294,-23.9363151],[-57.2303816,-23.9464714],[-57.2256395,-23.9703786],[-57.2014059,-23.9917952],[-57.2181325,-24.0146452],[-57.2650886,-24.0382372],[-57.2549606,-24.0518758],[-57.2211094,-24.0656596],[-57.2086181,-24.0800879],[-57.2090234,-24.0949253],[-57.276385,-24.1362449],[-57.2796037,-24.1470535],[-57.2513326,-24.1722898],[-57.2406902,-24.2029425],[-57.2166876,-24.2101172],[-57.2065521,-24.2298282],[-57.2034697,-24.294614],[-57.1767791,-24.3166577],[-57.1649568,-24.3544737],[-57.1814895,-24.3865836],[-57.1794296,-24.4009666],[-57.1513075,-24.4503209],[-57.1595676,-24.4697893],[-57.1894163,-24.47877],[-57.1949674,-24.488372],[-57.1619201,-24.5328385],[-57.1923042,-24.559852],[-57.1940208,-24.5720296],[-57.1569017,-24.617671],[-57.1750131,-24.6607105],[-57.1719666,-24.6906106],[-57.2336197,-24.7000923],[-57.2259455,-24.7462264],[-57.2625416,-24.8067838],[-57.3025763,-24.8349089],[-57.288743,-24.8529004],[-57.2544719,-24.8626275],[-57.2604725,-24.8823012],[-57.2554756,-24.8915008],[-57.2161891,-24.9044699],[-57.2188561,-24.9271072],[-57.237946,-24.9365959],[-57.2769502,-24.9194861],[-57.2913616,-24.9213395],[-57.307678,-24.9393481],[-57.3130553,-24.9698663],[-57.3300369,-25.0021855],[-57.3829623,-25.065809],[-57.4013901,-25.0618574],[-57.4241074,-25.0888103],[-57.4589706,-25.1053676],[-57.5010617,-25.0960378],[-57.5292451,-25.1141348],[-57.5431609,-25.1487589],[-57.5372019,-25.1629065],[-57.5416703,-25.1762658],[-57.591239,-25.2387862],[-57.6711808,-25.2843032],[-57.6736232,-25.3170678],[-57.6466332,-25.3507427],[-57.6473646,-25.3720309],[-57.6785351,-25.3459851],[-57.6927468,-25.3225554],[-57.7029502,-25.3221779],[-57.6979415,-25.3082988],[-57.7071757,-25.3000771],[-57.6944601,-25.2859321],[-57.7051434,-25.2916344],[-57.7031572,-25.2824768],[-57.7136835,-25.2834236],[-57.711709,-25.2729389],[-57.7225111,-25.2774285],[-57.7177701,-25.2667996],[-57.7301061,-25.2579735],[-57.7227139,-25.2528943],[-57.7290869,-25.246353],[-57.7410957,-25.2531451],[-57.7356274,-25.2345969],[-57.7482534,-25.2351593],[-57.7442295,-25.2284026],[-57.7590048,-25.2202895],[-57.7485222,-25.206655],[-57.7586808,-25.1871162],[-57.7535868,-25.1762713],[-57.7684722,-25.1728435],[-57.7799794,-25.1525738],[-57.7915234,-25.1554341],[-57.7901708,-25.1497528],[-57.8072731,-25.1422209],[-57.8128338,-25.1478629],[-57.8261491,-25.130702],[-57.8367384,-25.1315137],[-57.8611257,-25.081495],[-57.8836409,-25.0754681],[-57.8959833,-25.0836551],[-57.907924,-25.079309],[-57.905809,-25.0734907],[-57.9312374,-25.0780648],[-57.9410348,-25.071714],[-57.9521123,-25.0805472],[-57.9565057,-25.0728704],[-57.9703298,-25.0768741],[-57.9748039,-25.0861796],[-57.9908111,-25.0817257],[-57.9910939,-25.0746909],[-57.9994151,-25.0741873],[-57.9957459,-25.0597868],[-58.0056348,-25.0351311],[-58.0157664,-25.0419602],[-58.0309323,-25.0356862],[-58.068912,-25.0457573],[-58.0856165,-25.0125364],[-58.1063704,-25.0118598],[-58.113349,-25.0197538],[-58.1377371,-25.0115472],[-58.1380482,-24.9880463],[-58.153137,-24.9819723],[-58.150026,-24.9750043],[-58.1627945,-24.9754023],[-58.1694817,-24.966242],[-58.1938729,-24.9678846],[-58.2018106,-24.94997],[-58.2172383,-24.9504635],[-58.2142397,-24.9453407],[-58.2244484,-24.9422071],[-58.2195823,-24.9314824],[-58.2250281,-24.9269373],[-58.2553019,-24.9317921],[-58.26618,-24.9471905],[-58.2893001,-24.9574713],[-58.2977285,-24.974672],[-58.3146934,-24.9834933],[-58.3107578,-24.9868326],[-58.3365618,-24.9989386],[-58.3494083,-24.9704991],[-58.38999,-24.9542879],[-58.408642,-24.9228455],[-58.4286084,-24.9235071],[-58.4302016,-24.8930981],[-58.475772,-24.8599564],[-58.4974872,-24.8579802],[-58.5108339,-24.8435815],[-58.5259173,-24.8509076],[-58.5495475,-24.8284607],[-58.5730771,-24.8211449],[-58.6102972,-24.8314474],[-58.6452857,-24.8246794],[-58.6724285,-24.8319249],[-58.6867241,-24.8115467],[-58.709187,-24.8091572],[-58.7123895,-24.7907927],[-58.7260662,-24.7746189],[-58.73992,-24.781094],[-58.8073494,-24.7725527],[-58.8463849,-24.737392],[-58.8697688,-24.7281543],[-58.8789211,-24.7331271],[-58.903371,-24.7046403],[-58.9661781,-24.6729228],[-58.9704526,-24.6631811],[-59.0237457,-24.6602032],[-59.0563931,-24.6315889],[-59.0827359,-24.6203243],[-59.1002771,-24.6168419],[-59.1108855,-24.6238102],[-59.1300783,-24.6170097],[-59.1860198,-24.5633825],[-59.2410305,-24.5463802],[-59.2574399,-24.5197319],[-59.293521,-24.515567],[-59.3199985,-24.4918515],[-59.3504293,-24.4830668],[-59.3731405,-24.4228067],[-59.4216263,-24.4087746],[-59.4255747,-24.396087],[-59.4571655,-24.3730557],[-59.4578951,-24.3579756],[-59.4713169,-24.3494672],[-59.4743574,-24.3313719],[-60.0391409,-24.0115716],[-60.0730972,-24.0110931],[-60.0906334,-24.0242993],[-60.1038299,-24.0197327],[-60.1339135,-24.0364304],[-60.1939092,-24.0447589],[-60.3088336,-24.0379792],[-60.3354191,-24.0215946],[-60.3735321,-24.0240014],[-60.3868165,-23.9955605],[-60.4430355,-23.9624718],[-60.4874216,-23.9507913],[-60.5136669,-23.9677931],[-60.5536348,-23.9654677],[-60.5590299,-23.954657],[-60.5804066,-23.9612291],[-60.5893962,-23.9585123],[-60.5795997,-23.9533245],[-60.5932327,-23.9432069],[-60.5949315,-23.9211577],[-60.5888724,-23.9161884],[-60.6045156,-23.9167448],[-60.6010048,-23.9099764],[-60.6132079,-23.9019781],[-60.6387079,-23.9088035],[-60.682659,-23.897704],[-60.692979,-23.9028713],[-60.720556,-23.875278],[-60.7603195,-23.872485],[-60.7815653,-23.8301543],[-60.7842706,-23.7900113],[-60.7844231,-23.7898758]]]}},{"id":"1023","type":"Feature","properties":{"osm_id":"389882","name":"Alto Paraguay","code":1204,"source":"OSM via Geofabrik","admin_level":4,"layer":"deptos","is_valid_geometry":true},"geometry":{"type":"Polygon","coordinates":[[[-61.9225361,-20.0892109],[-61.7352111,-19.6344056],[-60.604325,-19.4566389],[-59.9777778,-19.2946861],[-59.0689278,-19.2876472],[-58.2359667,-19.7749972],[-58.1638536,-19.8272684],[-58.2020324,-19.8626922],[-58.2055751,-19.8931043],[-58.1969835,-19.9248197],[-58.2140421,-19.9533835],[-58.1863952,-19.9697566],[-58.1759498,-20.028615],[-58.1573792,-20.0426724],[-58.1678355,-20.0502605],[-58.1631255,-20.0775409],[-58.1541472,-20.0765749],[-58.1378645,-20.1200846],[-58.1448249,-20.1379682],[-58.1681682,-20.153425],[-58.168832,-20.1728999],[-58.1553387,-20.1821484],[-58.1280445,-20.182954],[-58.1215214,-20.1924598],[-58.1245501,-20.2032433],[-58.1546512,-20.2151328],[-58.1648712,-20.2288401],[-58.1621645,-20.2595254],[-58.1435193,-20.2718322],[-58.1189717,-20.2489644],[-58.0959597,-20.2544506],[-58.0891026,-20.2792393],[-58.1023328,-20.3226516],[-58.0933942,-20.3555444],[-58.0748902,-20.3864477],[-58.0221547,-20.4004405],[-57.9984654,-20.4355116],[-57.9962594,-20.4478519],[-58.0159749,-20.4839222],[-58.0192365,-20.5152764],[-57.9952421,-20.561592],[-58.013809,-20.6106846],[-57.9924573,-20.632918],[-57.9704846,-20.6425567],[-57.9884817,-20.6987868],[-57.9759778,-20.7067993],[-57.9548696,-20.7042329],[-57.9337491,-20.6668115],[-57.924136,-20.6639204],[-57.8698911,-20.7255851],[-57.863862,-20.7450388],[-57.8686894,-20.7499871],[-57.9347791,-20.7456528],[-57.9618284,-20.7916005],[-57.9563417,-20.7993115],[-57.9405038,-20.800509],[-57.8986313,-20.7887198],[-57.8650845,-20.81627],[-57.8551987,-20.8340256],[-57.8577094,-20.8506765],[-57.904545,-20.8710224],[-57.9283652,-20.9003643],[-57.8890698,-20.9063719],[-57.8638205,-20.9484665],[-57.8454227,-20.9466549],[-57.829587,-20.9338691],[-57.8191907,-20.940665],[-57.8244008,-20.9626952],[-57.816504,-20.9795643],[-57.868681,-21.0461247],[-57.8645267,-21.0685957],[-57.8463734,-21.0977667],[-57.8644318,-21.1374521],[-57.8478671,-21.1923745],[-57.8520195,-21.2241943],[-57.9216026,-21.2806787],[-57.8995885,-21.3053414],[-57.8541327,-21.3169226],[-57.8535014,-21.3310908],[-57.8621327,-21.3522002],[-57.9060909,-21.3990811],[-57.9303488,-21.477072],[-57.9679534,-21.524324],[-57.9596986,-21.5631125],[-57.913865,-21.5902131],[-57.9428876,-21.6223824],[-57.9323758,-21.6542106],[-57.8833951,-21.6859379],[-57.8973265,-21.7055525],[-57.9459414,-21.7411023],[-57.9415039,-21.7572278],[-57.9086576,-21.7735478],[-57.9324745,-21.8266967],[-57.9660558,-21.8496779],[-57.9128064,-21.8826596],[-57.9486836,-21.9012956],[-57.9349507,-21.9227958],[-57.9644535,-21.982137],[-57.9658267,-22.0049956],[-58.0099428,-22.04223],[-57.9837735,-22.06507],[-57.9928458,-22.1027317],[-57.9643386,-22.119351],[-57.9556709,-22.1333149],[-57.9754955,-22.21588],[-57.9601984,-22.2360056],[-57.954231,-22.2709939],[-57.9457697,-22.2796151],[-57.9045929,-22.2672747],[-57.8869912,-22.2694352],[-57.8784403,-22.3280413],[-57.8175065,-22.3777613],[-57.821283,-22.3897651],[-57.8398256,-22.4001826],[-58.185565,-22.349438],[-58.202731,-22.282506],[-58.245549,-22.240463],[-58.237447,-22.198389],[-58.26688,-22.179487],[-58.396747,-22.178969],[-58.473562,-22.156234],[-58.843246,-22.156821],[-58.962615,-22.150356],[-58.9855604,-22.1599749],[-59.018355,-22.150072],[-59.201595,-22.147866],[-59.416363,-22.056525],[-59.9523994,-22.0545342],[-59.947422,-21.926573],[-59.872402,-21.447163],[-59.715013,-21.345861],[-59.766985,-21.201298],[-59.75087,-21.182933],[-59.755849,-21.096831],[-59.768323,-21.037456],[-59.809842,-20.987461],[-59.817786,-20.936654],[-59.839607,-20.903143],[-59.83831,-20.8807],[-59.863118,-20.820841],[-59.886896,-20.791957],[-59.879513,-20.630417],[-59.9273,-20.632887],[-61.51439,-20.182631],[-61.620052,-20.170064],[-61.698262,-20.104244],[-61.71859,-20.096645],[-61.762181,-20.109798],[-61.855919,-20.098055],[-61.9225361,-20.0892109]]]}},{"id":"1137","type":"Feature","properties":{"osm_id":"389897","name":"Caazap\u00e1","code":1204,"source":"OSM via Geofabrik","admin_level":4,"layer":"deptos","is_valid_geometry":true},"geometry":{"type":"Polygon","coordinates":[[[-56.8490816,-26.5281566],[-56.836429,-26.5193523],[-56.841978,-26.5105325],[-56.8308844,-26.5036337],[-56.8249186,-26.5125611],[-56.8217429,-26.4962342],[-56.7918738,-26.4762605],[-56.7922171,-26.4584348],[-56.785179,-26.4567443],[-56.7954787,-26.4404527],[-56.7903288,-26.4313837],[-56.7800291,-26.4309226],[-56.7796858,-26.4389156],[-56.7774542,-26.4293854],[-56.7609747,-26.4215454],[-56.7601164,-26.371726],[-56.7365284,-26.3683534],[-56.7339661,-26.3581501],[-56.7441569,-26.3530469],[-56.7326927,-26.350256],[-56.7364051,-26.3342436],[-56.718633,-26.3194366],[-56.7253147,-26.3125595],[-56.7183294,-26.3038801],[-56.7115878,-26.3083597],[-56.6997489,-26.3014825],[-56.6911163,-26.2851636],[-56.6999529,-26.2799721],[-56.6938853,-26.2785125],[-56.6996721,-26.2604747],[-56.6825264,-26.252304],[-56.6873381,-26.2400295],[-56.6757505,-26.2391346],[-56.6684614,-26.2236858],[-56.6595765,-26.2270321],[-56.6548649,-26.2191798],[-56.6510337,-26.2250498],[-56.6518251,-26.2163427],[-56.6389539,-26.2273819],[-56.6227411,-26.1784036],[-56.60325,-26.1729479],[-56.5854279,-26.1885096],[-56.5515321,-26.1869497],[-56.5542861,-26.1762739],[-56.5387147,-26.1493782],[-56.5467194,-26.1288841],[-56.5346599,-26.1196445],[-56.4397349,-26.1178667],[-56.4212051,-26.1355047],[-56.4026864,-26.1380603],[-56.4109056,-26.023869],[-56.3761279,-26.0151077],[-56.3523077,-26.0263304],[-56.3399167,-26.0044727],[-56.3233471,-26.0021974],[-56.2809615,-25.9761868],[-56.1804442,-26.0634124],[-56.1351686,-26.0286839],[-56.1211662,-26.0305588],[-56.1090855,-26.0155596],[-56.0993523,-26.0191832],[-56.0484533,-25.8908599],[-56.0236892,-25.890736],[-55.9835214,-25.8544248],[-55.9271445,-25.8526648],[-55.903529,-25.8267873],[-55.8736043,-25.8272085],[-55.8476592,-25.8016382],[-55.8216311,-25.7987705],[-55.8136247,-25.7840876],[-55.8010234,-25.7870812],[-55.798987,-25.7955606],[-55.7787994,-25.776608],[-55.7612427,-25.7786919],[-55.7553257,-25.7715086],[-55.7604699,-25.7603191],[-55.7521497,-25.7539948],[-55.760599,-25.7482941],[-55.7621061,-25.7179169],[-55.7277992,-25.7093625],[-55.7023521,-25.721485],[-55.6916948,-25.7429909],[-55.6853833,-25.7373092],[-55.6790383,-25.7422175],[-55.6360704,-25.6509076],[-55.6141316,-25.6482078],[-55.6086184,-25.6589489],[-55.5942272,-25.6581666],[-55.5795728,-25.6365615],[-55.5575473,-25.6364906],[-55.5498115,-25.6198649],[-55.5369574,-25.6210766],[-55.53857,-25.5872178],[-55.514896,-25.5630325],[-55.5043764,-25.5663377],[-55.492623,-25.5578882],[-55.4874699,-25.5321816],[-55.4776289,-25.5235882],[-55.4576056,-25.5277605],[-55.443597,-25.5458494],[-55.4327179,-25.5431971],[-55.4152643,-25.5894973],[-55.3992493,-25.604312],[-55.3998333,-25.6230503],[-55.4168308,-25.6307508],[-55.4272804,-25.6597671],[-55.4529193,-25.6541195],[-55.4603107,-25.6755088],[-55.4770738,-25.6804065],[-55.4657717,-25.7172812],[-55.478251,-25.7272437],[-55.4841117,-25.7574816],[-55.5021825,-25.7816972],[-55.5144262,-25.7856327],[-55.521865,-25.8041035],[-55.5296766,-25.8453506],[-55.5132454,-25.861069],[-55.5134546,-25.8736273],[-55.5269408,-25.8885936],[-55.5158442,-25.9018306],[-55.5340705,-25.9699932],[-55.5506397,-25.9969464],[-55.5254761,-25.9982779],[-55.5187384,-25.9879113],[-55.5062715,-25.985886],[-55.4650084,-25.9980127],[-55.460352,-25.9890445],[-55.457834,-26.0032802],[-55.4372368,-25.9995651],[-55.4313381,-26.0097367],[-55.4266335,-25.9972879],[-55.409721,-25.9984193],[-55.4062895,-26.0181699],[-55.3928108,-26.0353291],[-55.3762133,-26.01759],[-55.3845421,-26.0143904],[-55.3751866,-26.0092078],[-55.3839788,-26.008581],[-55.381744,-25.9998433],[-55.3648708,-26.0057992],[-55.3629664,-25.9958718],[-55.3473188,-25.9897481],[-55.3401742,-26.0069886],[-55.3248633,-26.0127561],[-55.3301366,-26.0200355],[-55.3221168,-26.0197608],[-55.3052399,-26.0423435],[-55.2943716,-26.0387383],[-55.2830741,-26.0526188],[-55.2739009,-26.0404445],[-55.2649424,-26.0440786],[-55.2572176,-26.0368778],[-55.2489993,-26.0578525],[-55.2558028,-26.0652001],[-55.2507099,-26.0785212],[-55.2681602,-26.0776079],[-55.281398,-26.0961231],[-55.2897408,-26.0950622],[-55.2889512,-26.0835431],[-55.3009196,-26.0908929],[-55.2974553,-26.103603],[-55.3144577,-26.0921621],[-55.3179316,-26.1061499],[-55.3224013,-26.1000904],[-55.3418588,-26.1049691],[-55.3484246,-26.1853971],[-55.3681538,-26.2117113],[-55.3675978,-26.2227274],[-55.3567051,-26.2314635],[-55.3598136,-26.2690209],[-55.3694931,-26.2921222],[-55.3899992,-26.3020369],[-55.391636,-26.3100467],[-55.4551241,-26.3250362],[-55.4823752,-26.3102191],[-55.507194,-26.3079129],[-55.5131373,-26.3138664],[-55.4982356,-26.350111],[-55.5066171,-26.3567784],[-55.5310961,-26.3525517],[-55.545852,-26.3661863],[-55.5629652,-26.3672252],[-55.567476,-26.3900206],[-55.5958992,-26.4173905],[-55.6501177,-26.3736492],[-55.663149,-26.3790166],[-55.6677179,-26.3653771],[-55.6833445,-26.3581192],[-55.7177787,-26.3620222],[-55.7198193,-26.3721285],[-55.7307016,-26.3690492],[-55.753819,-26.3863634],[-55.7620405,-26.3798291],[-55.76586,-26.3937507],[-55.8053354,-26.3874107],[-55.8058517,-26.3970887],[-55.8151348,-26.3965339],[-55.8253407,-26.4092214],[-55.8189391,-26.414396],[-55.8215366,-26.4269666],[-55.8321025,-26.4252206],[-55.8373513,-26.4453827],[-55.8624715,-26.440177],[-55.8805315,-26.452932],[-55.8761809,-26.457728],[-55.9012379,-26.4794327],[-55.897105,-26.4878784],[-55.9084906,-26.4974907],[-55.9111399,-26.5134142],[-55.9364289,-26.5212745],[-55.9550684,-26.5112735],[-56.013691,-26.5136229],[-56.0205232,-26.5326297],[-56.0306931,-26.5339135],[-56.0250593,-26.5431653],[-56.030324,-26.5470654],[-56.0484369,-26.5393192],[-56.056123,-26.5234847],[-56.1006119,-26.5547699],[-56.12262,-26.5963453],[-56.1170839,-26.6269158],[-56.1548065,-26.6373216],[-56.158583,-26.6553112],[-56.1811747,-26.6668653],[-56.1783638,-26.6757719],[-56.185727,-26.6836707],[-56.1740722,-26.6981359],[-56.1819504,-26.7113044],[-56.2155392,-26.6976279],[-56.223264,-26.7052956],[-56.2409344,-26.69388],[-56.2498393,-26.702612],[-56.2601604,-26.6977525],[-56.2700828,-26.713393],[-56.2756416,-26.7091293],[-56.3074419,-26.7287845],[-56.3562795,-26.7277017],[-56.3902401,-26.7483305],[-56.3959977,-26.7450064],[-56.4040765,-26.7623372],[-56.4165504,-26.762921],[-56.4216154,-26.7721825],[-56.4369621,-26.7760499],[-56.4506575,-26.769743],[-56.4538254,-26.7776101],[-56.4685366,-26.7724069],[-56.473021,-26.7835469],[-56.4909298,-26.7866235],[-56.4895994,-26.7939138],[-56.501521,-26.7920919],[-56.5087774,-26.7801949],[-56.5404423,-26.7702567],[-56.5395525,-26.7575278],[-56.5641895,-26.761321],[-56.6026969,-26.7403745],[-56.612639,-26.7480043],[-56.636305,-26.7390652],[-56.640941,-26.743605],[-56.6456995,-26.7247151],[-56.6593217,-26.7261976],[-56.6620854,-26.7189766],[-56.6554583,-26.7203015],[-56.6556393,-26.7062756],[-56.6492049,-26.7068422],[-56.6528281,-26.6859646],[-56.6361769,-26.6801362],[-56.6385802,-26.6654103],[-56.6579779,-26.661882],[-56.6550597,-26.6700124],[-56.6607245,-26.6716997],[-56.6734274,-26.6532908],[-56.6978033,-26.6585069],[-56.7022665,-26.6471538],[-56.7084463,-26.6523703],[-56.731964,-26.6393287],[-56.7271574,-26.6287409],[-56.7395171,-26.6290478],[-56.7390021,-26.6226026],[-56.7535933,-26.6287409],[-56.7530783,-26.6357995],[-56.7668112,-26.6305823],[-56.7632063,-26.6362599],[-56.7693861,-26.6381012],[-56.7709311,-26.6270529],[-56.7635497,-26.6218353],[-56.7709311,-26.6173848],[-56.8055684,-26.622663],[-56.8010306,-26.6150568],[-56.82208,-26.5850511],[-56.8177325,-26.5673416],[-56.8070519,-26.5680133],[-56.8208052,-26.5436822],[-56.8318227,-26.5494207],[-56.8390249,-26.5360794],[-56.8474567,-26.5434922],[-56.8490456,-26.5286586],[-56.8490816,-26.5281566]]]}},{"id":"1212","type":"Feature","properties":{"osm_id":"389890","name":"Caaguaz\u00fa","code":1204,"source":"OSM via Geofabrik","admin_level":4,"layer":"deptos","is_valid_geometry":true},"geometry":{"type":"Polygon","coordinates":[[[-56.7410756,-25.5351803],[-56.7386706,-25.5185419],[-56.7170256,-25.5033482],[-56.6304455,-25.4816396],[-56.6216271,-25.4700601],[-56.6104038,-25.4034564],[-56.5150053,-25.1736816],[-56.498972,-25.1069148],[-56.4949678,-24.9987495],[-56.4411283,-25.0001571],[-56.4069609,-24.9170835],[-56.3702051,-24.887971],[-56.318954,-24.8893799],[-56.3142948,-24.8391218],[-56.2485485,-24.761111],[-56.221111,-24.7695724],[-56.1936736,-24.8165695],[-56.1765899,-24.8301953],[-56.1496701,-24.8889103],[-56.1356926,-24.8992412],[-56.1175735,-24.8992412],[-56.0673578,-24.8762302],[-56.0513095,-24.8189189],[-56.0425088,-24.8137502],[-55.9933284,-24.8090512],[-55.9384535,-24.7770931],[-55.9110161,-24.775213],[-55.8398886,-24.7488774],[-55.8396189,-24.7618788],[-55.8253046,-24.7643634],[-55.8200088,-24.7751353],[-55.7019913,-24.7839697],[-55.7361235,-24.7365264],[-55.7127257,-24.7079173],[-55.7001739,-24.6716359],[-55.6872563,-24.6796171],[-55.6622694,-24.6749369],[-55.6684655,-24.653189],[-55.6047209,-24.6402228],[-55.6095917,-24.6246593],[-55.5947464,-24.6191532],[-55.5978239,-24.602417],[-55.5778747,-24.6012388],[-55.5641901,-24.5814536],[-55.5516271,-24.5508594],[-55.5524647,-24.5186499],[-55.5439316,-24.5135393],[-55.5134922,-24.5153071],[-55.493706,-24.5337885],[-55.4911083,-24.5680212],[-55.484022,-24.5715837],[-55.4784827,-24.5556446],[-55.460479,-24.5414273],[-55.4378384,-24.5512554],[-55.4018997,-24.535048],[-55.3999873,-24.5489498],[-55.3697679,-24.5399642],[-55.3451717,-24.5090337],[-55.3427336,-24.493647],[-55.3126701,-24.5148673],[-55.257724,-24.4723107],[-55.2368758,-24.4782321],[-55.1701514,-24.4665427],[-55.1524827,-24.4773278],[-55.1410599,-24.4983072],[-55.1630831,-24.5277205],[-55.2067387,-24.5150122],[-55.270622,-24.5235514],[-55.3019679,-24.5670303],[-55.3057766,-24.5883781],[-55.2922583,-24.6130582],[-55.3010559,-24.6339106],[-55.2917433,-24.6451254],[-55.3159476,-24.6782176],[-55.31672,-24.6922748],[-55.300777,-24.7161353],[-55.323565,-24.7520148],[-55.3205342,-24.7666237],[-55.3378999,-24.811979],[-55.3338235,-24.8258365],[-55.349954,-24.8469084],[-55.3430485,-24.8466336],[-55.3408652,-24.8681574],[-55.325008,-24.8836871],[-55.326907,-24.9008984],[-55.3449187,-24.9205045],[-55.328865,-24.9260468],[-55.3328186,-24.9683384],[-55.3073027,-24.9835698],[-55.3113931,-25.0107468],[-55.2972954,-25.0157005],[-55.2982503,-25.0220539],[-55.2727403,-25.0238247],[-55.2782979,-25.026644],[-55.2701601,-25.030795],[-55.2813685,-25.0384099],[-55.2672955,-25.0435389],[-55.2556246,-25.0303464],[-55.2501937,-25.0381829],[-55.2310878,-25.0289757],[-55.2333441,-25.0436458],[-55.2213117,-25.0515139],[-55.2155149,-25.0438872],[-55.2051219,-25.049259],[-55.2018281,-25.0389508],[-55.1935991,-25.0426688],[-55.1784897,-25.055026],[-55.1718378,-25.081445],[-55.1595426,-25.0866096],[-55.1567348,-25.1004081],[-55.1450887,-25.0984066],[-55.1353683,-25.1149564],[-55.11287,-25.1297459],[-55.0927448,-25.1276657],[-55.0892794,-25.1447652],[-55.0806963,-25.1427644],[-55.0693806,-25.1576636],[-55.0573397,-25.1579875],[-55.0537938,-25.1741942],[-55.030657,-25.1749031],[-55.022546,-25.1931657],[-55.0096285,-25.194253],[-55.0245953,-25.2085135],[-55.0187159,-25.2147841],[-55.02864,-25.2253735],[-55.0174284,-25.2279552],[-55.0245309,-25.2290617],[-55.0220396,-25.2348717],[-55.012536,-25.233759],[-55.0171602,-25.2441818],[-55.0023007,-25.2409987],[-55.0035539,-25.251893],[-54.9936833,-25.2491565],[-54.9950888,-25.2411797],[-54.9840939,-25.2468892],[-54.9915612,-25.2576311],[-54.9802637,-25.2637342],[-54.9703288,-25.2584946],[-54.9747684,-25.2480406],[-54.9650615,-25.2496742],[-54.9653833,-25.27267],[-54.972614,-25.2687698],[-54.9771202,-25.2790052],[-54.9549335,-25.30443],[-54.9635809,-25.3062147],[-54.9635916,-25.3182121],[-54.9488579,-25.316661],[-54.9409967,-25.3239339],[-54.9391299,-25.3443074],[-54.9504917,-25.346489],[-54.9233056,-25.365958],[-54.9332896,-25.368211],[-54.9330805,-25.37755],[-54.9438539,-25.3670224],[-54.9542131,-25.3707333],[-54.9502579,-25.3653951],[-54.9603575,-25.3612022],[-54.9700402,-25.3782177],[-55.016744,-25.3780264],[-55.0356267,-25.3545271],[-55.0482009,-25.3136173],[-55.1069949,-25.3254103],[-55.1519713,-25.3215286],[-55.2304205,-25.2550983],[-55.2866375,-25.2533905],[-55.3062927,-25.2750467],[-55.328952,-25.3384796],[-55.3512251,-25.3563589],[-55.3779592,-25.361633],[-55.4260653,-25.5575237],[-55.4327179,-25.5431971],[-55.443597,-25.5458494],[-55.4576056,-25.5277605],[-55.4780977,-25.5237669],[-55.4874699,-25.5321816],[-55.492623,-25.5578882],[-55.5043764,-25.5663377],[-55.514896,-25.5630325],[-55.53857,-25.5872178],[-55.5361394,-25.6203285],[-55.5498115,-25.6198649],[-55.5575473,-25.6364906],[-55.5795728,-25.6365615],[-55.5854151,-25.6524173],[-55.5969233,-25.6586667],[-55.6086184,-25.6589489],[-55.6141316,-25.6482078],[-55.6326345,-25.6508563],[-55.6420206,-25.6315258],[-55.7311336,-25.6265741],[-55.7712187,-25.6415285],[-55.7984028,-25.6394516],[-55.8366449,-25.6149417],[-55.871201,-25.5767127],[-55.8956206,-25.5704786],[-56.0425991,-25.5704786],[-56.0656365,-25.5916733],[-56.1200048,-25.5983219],[-56.2163011,-25.5841933],[-56.2494749,-25.570063],[-56.3135189,-25.5850244],[-56.3259603,-25.5708545],[-56.3596485,-25.5701625],[-56.3696122,-25.5783876],[-56.3878653,-25.5656573],[-56.4167312,-25.5807885],[-56.4286353,-25.6148666],[-56.4386775,-25.620526],[-56.473091,-25.6286766],[-56.478493,-25.6366423],[-56.4953525,-25.6228237],[-56.5338744,-25.6257016],[-56.5325333,-25.6315104],[-56.5446623,-25.6327147],[-56.6047528,-25.6763563],[-56.6485255,-25.6858677],[-56.6622431,-25.7065711],[-56.6641479,-25.6818129],[-56.6761274,-25.6693552],[-56.7195433,-25.6584731],[-56.6937772,-25.6320716],[-56.6897689,-25.6176152],[-56.735464,-25.5518165],[-56.7410756,-25.5351803]]]}},{"id":"1214","type":"Feature","properties":{"osm_id":"389891","name":"Alto Paran\u00e1","code":1204,"source":"OSM via Geofabrik","admin_level":4,"layer":"deptos","is_valid_geometry":true},"geometry":{"type":"Polygon","coordinates":[[[-55.5506397,-25.9969464],[-55.5340705,-25.9699932],[-55.5158442,-25.9018306],[-55.5269408,-25.8885936],[-55.5134546,-25.8736273],[-55.5132454,-25.861069],[-55.5296766,-25.8453506],[-55.521865,-25.8041035],[-55.5144262,-25.7856327],[-55.5021825,-25.7816972],[-55.4841117,-25.7574816],[-55.478251,-25.7272437],[-55.4657717,-25.7172812],[-55.4770738,-25.6804065],[-55.4603107,-25.6755088],[-55.4529193,-25.6541195],[-55.4272804,-25.6597671],[-55.4168308,-25.6307508],[-55.3998333,-25.6230503],[-55.3992493,-25.604312],[-55.4152643,-25.5894973],[-55.4261101,-25.55711],[-55.3779592,-25.361633],[-55.3512251,-25.3563589],[-55.328952,-25.3384796],[-55.2946626,-25.2595229],[-55.2721342,-25.2508287],[-55.2304205,-25.2550983],[-55.1519713,-25.3215286],[-55.1069949,-25.3254103],[-55.0482009,-25.3136173],[-55.0356267,-25.3545271],[-55.016744,-25.3780264],[-54.9700402,-25.3782177],[-54.9603575,-25.3612022],[-54.9332917,-25.3776163],[-54.9332896,-25.368211],[-54.9232428,-25.3661815],[-54.950371,-25.3468831],[-54.9391299,-25.3443074],[-54.9413159,-25.3233293],[-54.964407,-25.3168834],[-54.9635809,-25.3062147],[-54.9549335,-25.30443],[-54.9772274,-25.2785104],[-54.972614,-25.2687698],[-54.9653833,-25.27267],[-54.9650615,-25.2496742],[-54.9747684,-25.2480406],[-54.9703288,-25.2584946],[-54.9802637,-25.2637342],[-54.9915612,-25.2576311],[-54.9840939,-25.2468892],[-54.9950888,-25.2411797],[-54.9936833,-25.2491565],[-55.0035539,-25.251893],[-55.0023007,-25.2409987],[-55.0171602,-25.2441818],[-55.012536,-25.233759],[-55.0220396,-25.2348717],[-55.0245309,-25.2290617],[-55.0174284,-25.2279552],[-55.0285006,-25.2256841],[-55.0187159,-25.2147841],[-55.0245953,-25.2085135],[-55.0096285,-25.194253],[-55.022546,-25.1931657],[-55.030657,-25.1749031],[-55.0537938,-25.1741942],[-55.0573397,-25.1579875],[-55.0693806,-25.1576636],[-55.0806963,-25.1427644],[-55.0892794,-25.1447652],[-55.0927448,-25.1276657],[-55.11287,-25.1297459],[-55.1353683,-25.1149564],[-55.1450887,-25.0984066],[-55.1567348,-25.1004081],[-55.1595426,-25.0866096],[-55.1718378,-25.081445],[-55.1784897,-25.055026],[-55.1935991,-25.0426688],[-55.2018281,-25.0389508],[-55.2051219,-25.049259],[-55.2155149,-25.0438872],[-55.2213117,-25.0515139],[-55.2333441,-25.0436458],[-55.2310878,-25.0289757],[-55.2501937,-25.0381829],[-55.2556246,-25.0303464],[-55.2672955,-25.0435389],[-55.281141,-25.0385766],[-55.2701601,-25.030795],[-55.2782979,-25.026644],[-55.2730783,-25.0232706],[-55.2982503,-25.0220539],[-55.2972954,-25.0157005],[-55.3110042,-25.0111515],[-55.3073027,-24.9835698],[-55.3328186,-24.9683384],[-55.328865,-24.9260468],[-55.3449734,-24.9202681],[-55.326907,-24.9008984],[-55.325008,-24.8836871],[-55.3408652,-24.8681574],[-55.3430485,-24.8466336],[-55.349954,-24.8469084],[-55.3338235,-24.8258365],[-55.3378999,-24.811979],[-55.3205342,-24.7666237],[-55.323565,-24.7520148],[-55.300777,-24.7161353],[-55.31672,-24.6922748],[-55.3159476,-24.6782176],[-55.2917433,-24.6451254],[-55.3010559,-24.6339106],[-55.2922583,-24.6130582],[-55.3057766,-24.5883781],[-55.3019679,-24.5670303],[-55.270622,-24.5235514],[-55.2067387,-24.5150122],[-55.1630831,-24.5277205],[-55.1339355,-24.4854869],[-55.1123147,-24.5079341],[-55.1131644,-24.5348359],[-55.0942416,-24.5465762],[-54.9934289,-24.5494876],[-54.9708247,-24.5684987],[-54.9437375,-24.5642688],[-54.9141022,-24.5737869],[-54.9040815,-24.6124678],[-54.88875,-24.6167254],[-54.8988962,-24.6293417],[-54.8640596,-24.6361638],[-54.8598223,-24.6492499],[-54.8335682,-24.6561835],[-54.8405527,-24.673304],[-54.834926,-24.6686638],[-54.8310792,-24.6747079],[-54.8232686,-24.6624233],[-54.8068915,-24.6763365],[-54.7975837,-24.6753514],[-54.7725641,-24.6483828],[-54.7503827,-24.6609125],[-54.7285281,-24.6520589],[-54.720261,-24.6770282],[-54.6913039,-24.6907054],[-54.6832358,-24.6720171],[-54.6656947,-24.6746884],[-54.6560385,-24.6668595],[-54.642488,-24.685841],[-54.6547725,-24.6902081],[-54.6555879,-24.7142152],[-54.6433377,-24.7027873],[-54.6313,-24.7003115],[-54.6349049,-24.7096003],[-54.6153355,-24.7072416],[-54.6091127,-24.695779],[-54.5579469,-24.6893649],[-54.5578611,-24.7002043],[-54.5390627,-24.6911777],[-54.5253727,-24.7028357],[-54.5049879,-24.6989369],[-54.4989368,-24.718274],[-54.4779512,-24.7057208],[-54.4737455,-24.7264213],[-54.4463655,-24.7194045],[-54.4428035,-24.6976112],[-54.424822,-24.7001065],[-54.4240925,-24.6859138],[-54.4139215,-24.6806885],[-54.3420453,-24.706569],[-54.3953719,-24.802806],[-54.4636059,-25.0568336],[-54.4576549,-25.0673577],[-54.4620109,-25.0963592],[-54.4345235,-25.1331699],[-54.4268489,-25.1654841],[-54.4478334,-25.1687803],[-54.4617163,-25.1865348],[-54.5016217,-25.2972372],[-54.5828462,-25.3915863],[-54.604509,-25.4419449],[-54.6197054,-25.4543091],[-54.6175719,-25.4693831],[-54.6017705,-25.4855085],[-54.5938773,-25.5517037],[-54.5981448,-25.6231466],[-54.5812352,-25.6626302],[-54.6034398,-25.6689887],[-54.6408068,-25.6596185],[-54.6548524,-25.6701104],[-54.6577785,-25.6876501],[-54.6352209,-25.7354993],[-54.6311462,-25.7661517],[-54.587047,-25.8304285],[-54.6223063,-25.9142525],[-54.6210022,-25.9378493],[-54.6077907,-25.9578901],[-54.6106206,-25.9781796],[-54.6218036,-25.9853136],[-54.6634626,-25.9799437],[-54.6793297,-25.9952393],[-54.6780087,-26.0142254],[-54.6430096,-26.0934442],[-54.6518294,-26.1199453],[-54.6740621,-26.142917],[-54.6732502,-26.1526844],[-54.6598309,-26.1759967],[-54.623894,-26.2006132],[-54.6187442,-26.2169385],[-54.6724941,-26.2544068],[-54.6928613,-26.228049],[-54.7054124,-26.2291243],[-54.6983629,-26.2551011],[-54.7138844,-26.2359213],[-54.7259512,-26.2569712],[-54.7407862,-26.2346645],[-54.7441604,-26.2506243],[-54.7531244,-26.2405107],[-54.7629405,-26.2493187],[-54.7618729,-26.2349515],[-54.7785295,-26.2364672],[-54.7859699,-26.2184217],[-54.7822631,-26.2081418],[-54.8034847,-26.1931822],[-54.8158443,-26.1903951],[-54.8083288,-26.207646],[-54.8240144,-26.2119535],[-54.8272491,-26.206669],[-54.8201252,-26.203348],[-54.8360414,-26.2032277],[-54.8293841,-26.1954734],[-54.8401076,-26.1880316],[-54.8370821,-26.1804545],[-54.8553694,-26.188667],[-54.8567319,-26.1810322],[-54.8744399,-26.1741479],[-54.8707814,-26.1904048],[-54.8934522,-26.1923993],[-54.8984296,-26.1996611],[-54.9118468,-26.1819437],[-54.9172166,-26.1907723],[-54.9105478,-26.1946359],[-54.9195761,-26.2025057],[-54.9029043,-26.2075178],[-54.9174741,-26.2124991],[-54.9083682,-26.2203369],[-54.9155474,-26.2290665],[-54.927494,-26.225621],[-54.9211854,-26.2244998],[-54.9285508,-26.211814],[-54.9342156,-26.2189704],[-54.9396658,-26.2083102],[-54.9510446,-26.2093707],[-54.9480459,-26.2174561],[-54.9587157,-26.2182309],[-54.9503142,-26.2387961],[-54.9693158,-26.2268161],[-54.9738318,-26.231203],[-54.9661446,-26.2377472],[-54.9841905,-26.2426935],[-54.9819804,-26.2308422],[-54.9910409,-26.2234314],[-55.011297,-26.2361593],[-55.0368099,-26.2222334],[-55.0414072,-26.2275173],[-55.0354903,-26.2378386],[-55.0505106,-26.2398162],[-55.0588523,-26.2305489],[-55.0679128,-26.2433142],[-55.0788941,-26.2296516],[-55.101876,-26.2248661],[-55.1025008,-26.2146608],[-55.1234927,-26.2194948],[-55.1430194,-26.2063438],[-55.1676865,-26.2168696],[-55.1841474,-26.213549],[-55.2120228,-26.239977],[-55.2302241,-26.244859],[-55.2609578,-26.2355362],[-55.2627734,-26.2166691],[-55.2903041,-26.1953747],[-55.2935925,-26.1705168],[-55.3038806,-26.1627215],[-55.2965775,-26.1488282],[-55.322636,-26.1339817],[-55.3142628,-26.1257504],[-55.3225436,-26.1176096],[-55.3131597,-26.1186962],[-55.311857,-26.1083628],[-55.2966242,-26.1028259],[-55.2994025,-26.0879185],[-55.2883914,-26.0835861],[-55.2897408,-26.0950622],[-55.2815299,-26.0961607],[-55.2683206,-26.0777001],[-55.2505871,-26.0783708],[-55.2572176,-26.0368778],[-55.2649424,-26.0440786],[-55.2739009,-26.0404445],[-55.2830741,-26.0526188],[-55.2943716,-26.0387383],[-55.3052399,-26.0423435],[-55.3221168,-26.0197608],[-55.3301366,-26.0200355],[-55.3248633,-26.0127561],[-55.3401742,-26.0069886],[-55.3473188,-25.9897481],[-55.3629664,-25.9958718],[-55.3648708,-26.0057992],[-55.381744,-25.9998433],[-55.3839788,-26.008581],[-55.3751866,-26.0092078],[-55.3845421,-26.0143904],[-55.3762133,-26.01759],[-55.3928108,-26.0353291],[-55.4062895,-26.0181699],[-55.409721,-25.9984193],[-55.4266335,-25.9972879],[-55.4313381,-26.0097367],[-55.4372368,-25.9995651],[-55.457834,-26.0032802],[-55.460352,-25.9890445],[-55.4650084,-25.9980127],[-55.5062715,-25.985886],[-55.5187384,-25.9879113],[-55.5254761,-25.9982779],[-55.5505715,-25.9969096],[-55.5506397,-25.9969464]]]}}]}