{"type": "FeatureCollection", "features": [{"id": "0", "type": "Feature", "properties": {"osm_id": "13468962", "name": "San Juan Bautista", "code": 1208, "source": "OSM via Geofabrik", "admin_level": 8, "layer": "localidades"}, "geometry": {"type": "Polygon", "coordinates": [[[-57.1596396, -26.6676773], [-57.1509682, -26.6590077], [-57.1450727, -26.6627859], [-57.141471, -26.6535998], [-57.1390215, -26.6642285], [-57.1248671, -26.6639686], [-57.1252415, -26.6720653], [-57.1479174, -26.682486], [-57.1591279, -26.6677209], [-57.1596396, -26.6676773]]]}}, {"id": "1", "type": "Feature", "properties": {"osm_id": "297642", "name": "Pato Bragado", "code": 1208, "source": "OSM via Geofabrik", "admin_level": 8, "layer": "localidades"}, "geometry": {"type": "Polygon", "coordinates": [[[-54.3243728, -24.6605872], [-54.317, -24.59], [-54.2891049, -24.5937914], [-54.278, -24.581], [-54.2475972, -24.583212], [-54.218, -24.589], [-54.17, -24.616], [-54.177, -24.633], [-54.188, -24.634], [-54.174, -24.673], [-54.1863002, -24.6875227], [-54.1817299, -24.6947519], [-54.192, -24.691], [-54.1938199, -24.680992], [-54.209309, -24.6878601], [-54.2362445, -24.6848554], [-54.2611241, -24.6652439], [-54.2712951, -24.6745255], [-54.3035502, -24.6636371], [-54.3243728, -24.6605872]]]}}, {"id": "2", "type": "Feature", "properties": {"osm_id": "1640129", "name": "Isla del Cerrito", "code": 1208, "source": "OSM via Geofabrik", "admin_level": 8, "layer": "localidades"}, "geometry": {"type": "Polygon", "coordinates": [[[-58.6324997, -27.3023336], [-58.6193403, -27.2873417], [-58.6098114, -27.288787], [-58.6306915, -27.3045361], [-58.6324997, -27.3023336]]]}}, {"id": "3", "type": "Feature", "properties": {"osm_id": "3763106", "name": "Trinidad", "code": 1208, "source": "OSM via Geofabrik", "admin_level": 8, "layer": "localidades"}, "geometry": {"type": "Polygon", "coordinates": [[[-55.7196642, -27.131457], [-55.6962296, -27.1194332], [-55.6912701, -27.124303], [-55.7054912, -27.1415005], [-55.7086813, -27.1330499], [-55.7175564, -27.1331506], [-55.7196642, -27.131457]]]}}, {"id": "4", "type": "Feature", "properties": {"osm_id": "5183624", "name": "Carmen del Paran\u00e1", "code": 1208, "source": "OSM via Geofabrik", "admin_level": 8, "layer": "localidades"}, "geometry": {"type": "Polygon", "coordinates": [[[-56.1799927, -27.2257195], [-56.1305645, -27.2154303], [-56.1427138, -27.2282161], [-56.1798721, -27.226546], [-56.1799927, -27.2257195]]]}}, {"id": "5", "type": "Feature", "properties": {"osm_id": "5183631", "name": "Jos\u00e9 Leandro Oviedo", "code": 1208, "source": "OSM via Geofabrik", "admin_level": 8, "layer": "localidades"}, "geometry": {"type": "Polygon", "coordinates": [[[-56.2844607, -26.7462414], [-56.2749722, -26.7418284], [-56.2837184, -26.7465299], [-56.2844607, -26.7462414]]]}}, {"id": "6", "type": "Feature", "properties": {"osm_id": "5166404", "name": "Yby Ya\u00fa", "code": 1208, "source": "OSM via Geofabrik", "admin_level": 8, "layer": "localidades"}, "geometry": {"type": "Polygon", "coordinates": [[[-56.5551621, -22.9608284], [-56.5461609, -22.957825], [-56.533641, -22.967866], [-56.5424146, -22.9771109], [-56.554583, -22.9615684], [-56.5551621, -22.9608284]]]}}, {"id": "7", "type": "Feature", "properties": {"osm_id": "5166526", "name": "Antequera", "code": 1208, "source": "OSM via Geofabrik", "admin_level": 8, "layer": "localidades"}, "geometry": {"type": "Polygon", "coordinates": [[[-57.2075911, -24.0757407], [-57.1898636, -24.0852507], [-57.2038052, -24.0937307], [-57.2073744, -24.0779315], [-57.2075911, -24.0757407]]]}}, {"id": "8", "type": "Feature", "properties": {"osm_id": "3983697", "name": "Corpus Christi", "code": 1208, "source": "OSM via Geofabrik", "admin_level": 8, "layer": "localidades"}, "geometry": {"type": "Polygon", "coordinates": [[[-55.5225668, -27.1314847], [-55.5071835, -27.1194414], [-55.4995203, -27.1268441], [-55.5145916, -27.137932], [-55.5221477, -27.1326675], [-55.5225668, -27.1314847]]]}}, {"id": "9", "type": "Feature", "properties": {"osm_id": "5166835", "name": "Isla Umb\u00fa", "code": 1208, "source": "OSM via Geofabrik", "admin_level": 8, "layer": "localidades"}, "geometry": {"type": "Polygon", "coordinates": [[[-58.2766143, -26.9797917], [-58.2657853, -26.9800758], [-58.2663455, -26.9873062], [-58.2761675, -26.9803615], [-58.2766143, -26.9797917]]]}}, {"id": "10", "type": "Feature", "properties": {"osm_id": "5166524", "name": "Nautica Cardenal", "code": 1208, "source": "OSM via Geofabrik", "admin_level": 8, "layer": "localidades"}, "geometry": {"type": "Polygon", "coordinates": [[[-57.1616923, -24.3491117], [-57.1616598, -24.3533019], [-57.1616923, -24.3491117]]]}}, {"id": "11", "type": "Feature", "properties": {"osm_id": "5166525", "name": "San Pablo", "code": 1208, "source": "OSM via Geofabrik", "admin_level": 8, "layer": "localidades"}, "geometry": {"type": "Polygon", "coordinates": [[[-56.8726684, -24.1048029], [-56.8518455, -24.0990371], [-56.8562047, -24.1115222], [-56.870234, -24.1104589], [-56.8697397, -24.1050249], [-56.8726684, -24.1048029]]]}}, {"id": "12", "type": "Feature", "properties": {"osm_id": "5172193", "name": "Tacuaras", "code": 1208, "source": "OSM via Geofabrik", "admin_level": 8, "layer": "localidades"}, "geometry": {"type": "Polygon", "coordinates": [[[-57.9882702, -26.8163479], [-57.9877815, -26.816526], [-57.9882702, -26.8163479]]]}}, {"id": "13", "type": "Feature", "properties": {"osm_id": "3527853", "name": "Puerto Esperanza", "code": 1208, "source": "OSM via Geofabrik", "admin_level": 8, "layer": "localidades"}, "geometry": {"type": "Polygon", "coordinates": [[[-54.6390155, -26.0162655], [-54.6285915, -26.0124429], [-54.6245974, -26.0226082], [-54.6194504, -26.0132718], [-54.6036566, -26.0122842], [-54.6007245, -26.0258967], [-54.6081486, -26.0296141], [-54.5871112, -26.0267862], [-54.588901, -26.0114987], [-54.5824525, -26.0110315], [-54.5768134, -26.0281056], [-54.6113371, -26.0329955], [-54.6107727, -26.0430121], [-54.6213435, -26.0433226], [-54.6278956, -26.0212198], [-54.6388176, -26.0175657], [-54.6390155, -26.0162655]]]}}, {"id": "14", "type": "Feature", "properties": {"osm_id": "5158458", "name": "Natalio", "code": 1208, "source": "OSM via Geofabrik", "admin_level": 8, "layer": "localidades"}, "geometry": {"type": "Polygon", "coordinates": [[[-55.1523224, -26.7653838], [-55.1305, -26.7388944], [-55.1340027, -26.751378], [-55.1263801, -26.7526234], [-55.1343102, -26.7574128], [-55.132753, -26.7676637], [-55.1494793, -26.7652976], [-55.1523224, -26.7653838]]]}}, {"id": "15", "type": "Feature", "properties": {"osm_id": "5158503", "name": "Yatytay", "code": 1208, "source": "OSM via Geofabrik", "admin_level": 8, "layer": "localidades"}, "geometry": {"type": "Polygon", "coordinates": [[[-55.0981414, -26.6727426], [-55.0899768, -26.6640515], [-55.0663251, -26.6833838], [-55.0826919, -26.6834988], [-55.0963444, -26.6729343], [-55.0981414, -26.6727426]]]}}, {"id": "18", "type": "Feature", "properties": {"osm_id": "5166403", "name": "Villa Torales", "code": 1208, "source": "OSM via Geofabrik", "admin_level": 8, "layer": "localidades"}, "geometry": {"type": "Polygon", "coordinates": [[[-56.5407248, -22.9571534], [-56.5206726, -22.9438604], [-56.5370979, -22.9600032], [-56.5407248, -22.9571534]]]}}, {"id": "22", "type": "Feature", "properties": {"osm_id": "5158457", "name": "Hohenau", "code": 1208, "source": "OSM via Geofabrik", "admin_level": 8, "layer": "localidades"}, "geometry": {"type": "Polygon", "coordinates": [[[-55.659953, -27.0893679], [-55.6495691, -27.0782326], [-55.6543953, -27.0747537], [-55.6448517, -27.0726018], [-55.6591547, -27.0651072], [-55.6513346, -27.0698299], [-55.6497322, -27.0619367], [-55.637158, -27.0638943], [-55.6300317, -27.0722703], [-55.6478761, -27.0851125], [-55.6355769, -27.0953151], [-55.6432505, -27.0928846], [-55.6546562, -27.103904], [-55.6442451, -27.0910282], [-55.6561185, -27.0923918], [-55.659953, -27.0893679]]]}}, {"id": "23", "type": "Feature", "properties": {"osm_id": "3972966", "name": "Puerto Leoni", "code": 1208, "source": "OSM via Geofabrik", "admin_level": 8, "layer": "localidades"}, "geometry": {"type": "Polygon", "coordinates": [[[-55.1703068, -26.9932027], [-55.1648246, -26.97984], [-55.1567249, -26.9853058], [-55.1664058, -26.9930296], [-55.1703068, -26.9932027]]]}}, {"id": "24", "type": "Feature", "properties": {"osm_id": "3966746", "name": "Puerto Libertad", "code": 1208, "source": "OSM via Geofabrik", "admin_level": 8, "layer": "localidades"}, "geometry": {"type": "Polygon", "coordinates": [[[-54.5912623, -25.9156877], [-54.5738616, -25.9172569], [-54.5763962, -25.9262925], [-54.5903119, -25.9247063], [-54.5907025, -25.9157873], [-54.5912623, -25.9156877]]]}}, {"id": "25", "type": "Feature", "properties": {"osm_id": "5158507", "name": "San Rafael", "code": 1208, "source": "OSM via Geofabrik", "admin_level": 8, "layer": "localidades"}, "geometry": {"type": "Polygon", "coordinates": [[[-55.0028973, -26.598429], [-54.9981643, -26.5917137], [-54.9886966, -26.595736], [-54.9938241, -26.6041766], [-55.0022435, -26.6005999], [-55.0028973, -26.598429]]]}}, {"id": "26", "type": "Feature", "properties": {"osm_id": "3983685", "name": "Colonia Oasis", "code": 1208, "source": "OSM via Geofabrik", "admin_level": 8, "layer": "localidades"}, "geometry": {"type": "Polygon", "coordinates": [[[-55.2567378, -26.9718207], [-55.2495705, -26.9651744], [-55.2427332, -26.9715821], [-55.2498766, -26.9780841], [-55.2567378, -26.9718207]]]}}, {"id": "27", "type": "Feature", "properties": {"osm_id": "3489868", "name": "San Ignacio", "code": 1208, "source": "OSM via Geofabrik", "admin_level": 8, "layer": "localidades"}, "geometry": {"type": "Polygon", "coordinates": [[[-55.5499421, -27.2702082], [-55.52833, -27.2328359], [-55.5241012, -27.260374], [-55.5494204, -27.2708707], [-55.5499421, -27.2702082]]]}}, {"id": "28", "type": "Feature", "properties": {"osm_id": "4002293", "name": "Puerto Piray", "code": 1208, "source": "OSM via Geofabrik", "admin_level": 8, "layer": "localidades"}, "geometry": {"type": "Polygon", "coordinates": [[[-54.7212971, -26.4696461], [-54.7059958, -26.457485], [-54.7029164, -26.4656321], [-54.6897414, -26.463516], [-54.6910992, -26.4705401], [-54.6871172, -26.4604772], [-54.6900026, -26.4705518], [-54.6602877, -26.4830913], [-54.7212253, -26.4703064], [-54.7212971, -26.4696461]]]}}, {"id": "29", "type": "Feature", "properties": {"osm_id": "4016030", "name": "Montecarlo", "code": 1208, "source": "OSM via Geofabrik", "admin_level": 8, "layer": "localidades"}, "geometry": {"type": "Polygon", "coordinates": [[[-54.7896234, -26.5645386], [-54.7738852, -26.5531259], [-54.7585981, -26.5569917], [-54.7531715, -26.5471624], [-54.7479334, -26.5578756], [-54.738464, -26.5543492], [-54.7397057, -26.5710705], [-54.727073, -26.5623858], [-54.7236338, -26.5759235], [-54.7139669, -26.5787365], [-54.7173313, -26.5893798], [-54.7050092, -26.5917398], [-54.6974251, -26.6081462], [-54.7252668, -26.5844625], [-54.7418615, -26.5805346], [-54.7487572, -26.5887697], [-54.7644491, -26.5735468], [-54.7758961, -26.5885554], [-54.7719327, -26.5730763], [-54.7874313, -26.5659714], [-54.7896234, -26.5645386]]]}}, {"id": "32", "type": "Feature", "properties": {"osm_id": "4016357", "name": "El Alc\u00e1zar", "code": 1208, "source": "OSM via Geofabrik", "admin_level": 8, "layer": "localidades"}, "geometry": {"type": "Polygon", "coordinates": [[[-54.8258977, -26.7092329], [-54.8169658, -26.7054425], [-54.8012612, -26.7154651], [-54.8079303, -26.7267339], [-54.8232583, -26.7177785], [-54.8173185, -26.7103694], [-54.8255927, -26.7107031], [-54.8258977, -26.7092329]]]}}, {"id": "33", "type": "Feature", "properties": {"osm_id": "4072681", "name": "Colonia Delicia", "code": 1208, "source": "OSM via Geofabrik", "admin_level": 8, "layer": "localidades"}, "geometry": {"type": "Polygon", "coordinates": [[[-54.6079605, -26.2374336], [-54.6036381, -26.2294932], [-54.5912908, -26.2292245], [-54.6019554, -26.2304897], [-54.5964196, -26.2335244], [-54.6008028, -26.2425724], [-54.6078602, -26.2382806], [-54.6079605, -26.2374336]]]}}, {"id": "34", "type": "Feature", "properties": {"osm_id": "4072787", "name": "Colonia Victoria", "code": 1208, "source": "OSM via Geofabrik", "admin_level": 8, "layer": "localidades"}, "geometry": {"type": "Polygon", "coordinates": [[[-54.6271797, -26.3318787], [-54.6229871, -26.3204414], [-54.6152734, -26.3243355], [-54.6170889, -26.3343738], [-54.6271329, -26.3327102], [-54.6271797, -26.3318787]]]}}, {"id": "58", "type": "Feature", "properties": {"osm_id": "3731173", "name": "Villarrica", "code": 1208, "source": "OSM via Geofabrik", "admin_level": 8, "layer": "localidades"}, "geometry": {"type": "Polygon", "coordinates": [[[-56.4707414, -25.7914852], [-56.4683423, -25.7621993], [-56.434555, -25.765294], [-56.4241352, -25.7750103], [-56.4371415, -25.8030232], [-56.4705197, -25.7996358], [-56.4707414, -25.7914852]]]}}, {"id": "59", "type": "Feature", "properties": {"osm_id": "5166667", "name": "Caaguaz\u00fa", "code": 1208, "source": "OSM via Geofabrik", "admin_level": 8, "layer": "localidades"}, "geometry": {"type": "Polygon", "coordinates": [[[-56.0655691, -25.4782259], [-56.0512975, -25.4643263], [-56.0504027, -25.4494895], [-55.9890939, -25.4499258], [-55.9791429, -25.4863657], [-55.9865416, -25.4944794], [-56.0008946, -25.5008018], [-56.0579629, -25.4843164], [-56.0655691, -25.4782259]]]}}, {"id": "60", "type": "Feature", "properties": {"osm_id": "5166821", "name": "Pilar", "code": 1208, "source": "OSM via Geofabrik", "admin_level": 8, "layer": "localidades"}, "geometry": {"type": "Polygon", "coordinates": [[[-58.324391, -26.8698809], [-58.3112454, -26.8602418], [-58.3186135, -26.8376321], [-58.2946856, -26.8291422], [-58.2738332, -26.8520682], [-58.2878883, -26.8899528], [-58.2981961, -26.8853577], [-58.3094126, -26.8955127], [-58.313944, -26.8759179], [-58.322964, -26.8702649], [-58.324391, -26.8698809]]]}}, {"id": "69", "type": "Feature", "properties": {"osm_id": "3305974", "name": "Clorinda", "code": 1208, "source": "OSM via Geofabrik", "admin_level": 8, "layer": "localidades"}, "geometry": {"type": "Polygon", "coordinates": [[[-57.7577292, -25.2858336], [-57.7421666, -25.2771697], [-57.7331314, -25.2816769], [-57.7320289, -25.2716974], [-57.7130148, -25.27476], [-57.7138943, -25.2853233], [-57.7033868, -25.2844073], [-57.7073978, -25.3003363], [-57.6997301, -25.3048466], [-57.7155495, -25.2982282], [-57.7236518, -25.3168077], [-57.7330594, -25.2874044], [-57.7571702, -25.2988566], [-57.7577292, -25.2858336]]]}}, {"id": "103", "type": "Feature", "properties": {"osm_id": "6604968", "name": "Santa Rita", "code": 1208, "source": "OSM via Geofabrik", "admin_level": 8, "layer": "localidades"}, "geometry": {"type": "Polygon", "coordinates": [[[-55.2879629, -25.7720891], [-55.2758624, -25.7486956], [-55.2695958, -25.6966854], [-55.2470778, -25.6728814], [-55.1618312, -25.6687994], [-55.1320788, -25.6533637], [-55.0661014, -25.6822035], [-55.0145376, -25.6856905], [-55.0223168, -25.7034147], [-54.9982516, -25.7149579], [-54.9960872, -25.729759], [-54.9775898, -25.7298989], [-55.0105269, -25.7594225], [-55.0032942, -25.7692868], [-55.0106346, -25.8188537], [-55.0264092, -25.8359128], [-55.0287022, -25.8631278], [-55.0725909, -25.9167845], [-55.0869139, -25.9106326], [-55.0870389, -25.9006658], [-55.123392, -25.9091464], [-55.1281985, -25.8980913], [-55.1367976, -25.9030954], [-55.162806, -25.8885675], [-55.1682846, -25.8715557], [-55.1915342, -25.8708047], [-55.2157814, -25.8424432], [-55.2690468, -25.8264457], [-55.2777521, -25.8150391], [-55.2744911, -25.7949593], [-55.2861319, -25.7855006], [-55.2879089, -25.7721155], [-55.2879629, -25.7720891]]]}}, {"id": "104", "type": "Feature", "properties": {"osm_id": "3749894", "name": "Tavapy", "code": 1208, "source": "OSM via Geofabrik", "admin_level": 8, "layer": "localidades"}, "geometry": {"type": "Polygon", "coordinates": [[[-55.2441139, -25.6721371], [-55.2284409, -25.5983502], [-55.218311, -25.5927654], [-55.2175168, -25.5264647], [-55.208584, -25.5182385], [-55.1891541, -25.5249093], [-55.1565813, -25.5169023], [-55.1509135, -25.5325938], [-55.1427411, -25.5294693], [-55.1438247, -25.5375916], [-55.13772, -25.5381144], [-55.1440178, -25.5495273], [-55.1336967, -25.5630878], [-55.1224851, -25.5525086], [-55.1150714, -25.5594099], [-55.0951373, -25.5563416], [-55.0588309, -25.5730079], [-55.0572967, -25.5671527], [-55.0483059, -25.5749628], [-55.0362467, -25.5720111], [-55.0404309, -25.5758048], [-55.0329422, -25.5802951], [-55.0311719, -25.5715466], [-55.0239407, -25.5856847], [-55.0136893, -25.5821815], [-54.9976905, -25.5906014], [-54.9929698, -25.5808085], [-54.9732716, -25.5926914], [-54.9791296, -25.5745181], [-54.9725421, -25.5832084], [-54.945956, -25.5720793], [-54.9562342, -25.6011288], [-54.9385551, -25.6153556], [-54.9225672, -25.6176728], [-54.9045769, -25.6037361], [-54.9087761, -25.6130211], [-54.9016459, -25.6198011], [-54.882613, -25.6121197], [-54.8977621, -25.6287976], [-54.8843869, -25.6525109], [-54.9018951, -25.648906], [-54.8997115, -25.655279], [-54.9083538, -25.6594767], [-54.917016, -25.7207701], [-54.988323, -25.7090102], [-54.9899439, -25.7170576], [-54.9980242, -25.7165568], [-55.0223168, -25.7034147], [-55.0145376, -25.6856905], [-55.0661014, -25.6822035], [-55.1320788, -25.6533637], [-55.1618366, -25.6687839], [-55.2441139, -25.6721371]]]}}, {"id": "105", "type": "Feature", "properties": {"osm_id": "6613492", "name": "Katuet\u00e9", "code": 1208, "source": "OSM via Geofabrik", "admin_level": 8, "layer": "localidades"}, "geometry": {"type": "Polygon", "coordinates": [[[-54.9619984, -24.4320304], [-54.9539296, -24.4195892], [-54.9497242, -24.3688086], [-54.912318, -24.3415544], [-54.8981505, -24.3555809], [-54.8795575, -24.3479716], [-54.846352, -24.30302], [-54.834105, -24.3049218], [-54.8316267, -24.3229021], [-54.8224991, -24.3183466], [-54.8215709, -24.1784596], [-54.8057207, -24.1831402], [-54.8048623, -24.190089], [-54.7852286, -24.1914787], [-54.7974809, -24.1589633], [-54.787825, -24.1602359], [-54.7802075, -24.1513667], [-54.7638997, -24.1621545], [-54.7486647, -24.1574166], [-54.7495659, -24.1756038], [-54.7672041, -24.1880925], [-54.7724403, -24.2060909], [-54.7555278, -24.1967895], [-54.7412541, -24.1994485], [-54.7282762, -24.1884515], [-54.7174685, -24.1907534], [-54.7129729, -24.2136783], [-54.6879484, -24.2453691], [-54.662716, -24.3677443], [-54.6927317, -24.3828424], [-54.7127839, -24.4663577], [-54.9585744, -24.4473227], [-54.9619455, -24.432138], [-54.9619984, -24.4320304]]]}}, {"id": "106", "type": "Feature", "properties": {"osm_id": "6613494", "name": "Nueva Esperanza", "code": 1208, "source": "OSM via Geofabrik", "admin_level": 8, "layer": "localidades"}, "geometry": {"type": "Polygon", "coordinates": [[[-55.0278339, -24.5064918], [-55.0147874, -24.485484], [-54.9588746, -24.4541655], [-54.9585744, -24.4473227], [-54.7127839, -24.4663577], [-54.6962617, -24.49729], [-54.6488904, -24.4982068], [-54.6405027, -24.5081632], [-54.6127581, -24.5119872], [-54.6038377, -24.5233004], [-54.5641026, -24.5275063], [-54.5643764, -24.5373133], [-54.5536941, -24.5363415], [-54.552229, -24.5270839], [-54.5443314, -24.5332061], [-54.5296514, -24.5004631], [-54.4886981, -24.5305576], [-54.4706703, -24.5264771], [-54.4645334, -24.5163645], [-54.4521309, -24.52554], [-54.427755, -24.5198786], [-54.4060827, -24.5263209], [-54.384389, -24.5150174], [-54.3351746, -24.5266496], [-54.3226776, -24.5599156], [-54.317, -24.59], [-54.3243728, -24.6605872], [-54.3420453, -24.706569], [-54.4139215, -24.6806885], [-54.4240925, -24.6859138], [-54.424822, -24.7001065], [-54.4428035, -24.6976112], [-54.4463655, -24.7194045], [-54.4737455, -24.7264213], [-54.4779512, -24.7057208], [-54.4989368, -24.718274], [-54.5049879, -24.6989369], [-54.5253727, -24.7028357], [-54.5390627, -24.6911777], [-54.5578611, -24.7002043], [-54.5579469, -24.6893649], [-54.6091127, -24.695779], [-54.6153355, -24.7072416], [-54.6349049, -24.7096003], [-54.6313, -24.7003115], [-54.6433377, -24.7027873], [-54.6553411, -24.7142347], [-54.6547725, -24.6902081], [-54.642488, -24.685841], [-54.6560385, -24.6668595], [-54.6656947, -24.6746884], [-54.6832358, -24.6720171], [-54.6913039, -24.6907054], [-54.720261, -24.6770282], [-54.7285281, -24.6520589], [-54.7503827, -24.6609125], [-54.7725641, -24.6483828], [-54.7975837, -24.6753514], [-54.8068915, -24.6763365], [-54.8232686, -24.6624233], [-54.8310792, -24.6747079], [-54.834926, -24.6686638], [-54.8405527, -24.673304], [-54.8335682, -24.6561835], [-54.8598223, -24.6492499], [-54.8640596, -24.6361638], [-54.8988962, -24.6293417], [-54.88875, -24.6167254], [-54.9040815, -24.6124678], [-54.9141022, -24.5737869], [-54.9437375, -24.5642688], [-54.9708247, -24.5684987], [-54.9891165, -24.5506203], [-55.0157123, -24.5497723], [-55.0261807, -24.5117699], [-55.0278339, -24.5064918]]]}}, {"id": "107", "type": "Feature", "properties": {"osm_id": "6613497", "name": "Yasy Ca\u00f1y", "code": 1208, "source": "OSM via Geofabrik", "admin_level": 8, "layer": "localidades"}, "geometry": {"type": "Polygon", "coordinates": [[[-56.0592565, -24.404535], [-56.0245724, -24.3946625], [-56.0115968, -24.401509], [-55.9953962, -24.3805007], [-55.9645079, -24.3678746], [-55.9439086, -24.3741976], [-55.9243713, -24.3699465], [-55.8960445, -24.3909882], [-55.8865495, -24.387363], [-55.8710034, -24.3968117], [-55.8612938, -24.4214709], [-55.8643301, -24.4353322], [-55.8535154, -24.4484009], [-55.8275409, -24.4697982], [-55.7974525, -24.4798827], [-55.7708052, -24.5123682], [-55.7741552, -24.5276386], [-55.7573392, -24.5363146], [-55.7568746, -24.5616044], [-55.7492047, -24.5713613], [-55.7676092, -24.5913614], [-55.764801, -24.6181716], [-55.752496, -24.6364058], [-55.7623102, -24.6558068], [-55.7291679, -24.7122568], [-55.7361063, -24.7431889], [-55.7019913, -24.7839697], [-55.8209615, -24.7748674], [-55.8253046, -24.7643634], [-55.8396189, -24.7618788], [-55.8443951, -24.7314523], [-55.8670358, -24.6848573], [-55.8800752, -24.6724842], [-55.9137013, -24.6608795], [-55.9344436, -24.6242553], [-55.942863, -24.6219364], [-55.9431404, -24.5653657], [-55.9907188, -24.529243], [-55.9947931, -24.5015188], [-56.0115518, -24.4861038], [-56.0242813, -24.4431634], [-56.0445268, -24.4318148], [-56.0591853, -24.4046463], [-56.0592565, -24.404535]]]}}, {"id": "121", "type": "Feature", "properties": {"osm_id": "6552053", "name": "Minga Por\u00e1", "code": 1208, "source": "OSM via Geofabrik", "admin_level": 8, "layer": "localidades"}, "geometry": {"type": "Polygon", "coordinates": [[[-55.0290744, -24.848289], [-54.9879681, -24.6253649], [-54.9623891, -24.5959689], [-54.9551674, -24.5672526], [-54.9264135, -24.5685277], [-54.9117064, -24.576495], [-54.903942, -24.6126531], [-54.8888326, -24.6164918], [-54.8988962, -24.6293417], [-54.8640596, -24.6361638], [-54.8598223, -24.6492499], [-54.8335682, -24.6561835], [-54.8405527, -24.673304], [-54.834926, -24.6686638], [-54.8310792, -24.6747079], [-54.8232686, -24.6624233], [-54.8068915, -24.6763365], [-54.7975837, -24.6753514], [-54.7723554, -24.6483828], [-54.7503827, -24.6609125], [-54.7285281, -24.6520589], [-54.720261, -24.6770282], [-54.6998285, -24.6903842], [-54.6873127, -24.6882684], [-54.6809291, -24.6712079], [-54.6656947, -24.6746884], [-54.6560385, -24.6668595], [-54.6531417, -24.6781395], [-54.6455457, -24.6784612], [-54.6431317, -24.6882878], [-54.6543004, -24.6895355], [-54.6578624, -24.6998193], [-54.6762205, -24.6925821], [-54.6962737, -24.700388], [-54.7006976, -24.7136123], [-54.7236659, -24.7331446], [-54.7277367, -24.7545544], [-54.7565982, -24.7638812], [-54.7227366, -24.7823001], [-54.6759091, -24.7840388], [-54.6654151, -24.7750566], [-54.6825798, -24.85961], [-54.69425, -24.84025], [-54.6991213, -24.8495], [-54.6786225, -24.87062], [-54.69575, -24.8655], [-54.7243432, -24.8378734], [-54.7322071, -24.845146], [-54.74025, -24.8395], [-54.7387147, -24.8462927], [-54.7203839, -24.8495026], [-54.7046038, -24.8688282], [-54.7073996, -24.8757175], [-54.7370397, -24.8550293], [-54.7951537, -24.8479807], [-54.791, -24.86425], [-54.8283652, -24.8763606], [-54.840203, -24.8960263], [-54.8645036, -24.9094114], [-54.8692887, -24.9245642], [-54.8990181, -24.9438081], [-54.9670239, -24.8816892], [-54.9786859, -24.8837625], [-54.9865162, -24.867718], [-55.029041, -24.848298], [-55.0290744, -24.848289]]]}}, {"id": "136", "type": "Feature", "properties": {"osm_id": "6552056", "name": "Yguaz\u00fa", "code": 1208, "source": "OSM via Geofabrik", "admin_level": 8, "layer": "localidades"}, "geometry": {"type": "Polygon", "coordinates": [[[-55.3275495, -25.3356458], [-55.2946626, -25.2595229], [-55.2591738, -25.2502077], [-55.2232107, -25.2591348], [-55.1519713, -25.3215286], [-55.1069949, -25.3254103], [-55.0482009, -25.3136173], [-55.0356267, -25.3545271], [-55.016744, -25.3780264], [-54.9700402, -25.3782177], [-54.9603575, -25.3612022], [-54.9502579, -25.3653951], [-54.9542131, -25.3707333], [-54.9438539, -25.3670224], [-54.9330805, -25.37755], [-54.9332896, -25.368211], [-54.9232428, -25.3661815], [-54.9352379, -25.354861], [-54.9187627, -25.3511032], [-54.9203688, -25.3396608], [-54.9131268, -25.3334141], [-54.9018379, -25.3353981], [-54.9082967, -25.3490137], [-54.8919835, -25.3515695], [-54.9117439, -25.3669367], [-54.950793, -25.5722487], [-54.9725421, -25.5832084], [-54.9796016, -25.5748859], [-54.9732716, -25.5926914], [-54.9929698, -25.5808085], [-54.9972296, -25.590445], [-55.0099643, -25.5893047], [-55.0136893, -25.5821815], [-55.0254857, -25.584988], [-55.0311719, -25.5715466], [-55.0329422, -25.5802951], [-55.0404309, -25.5758048], [-55.0362467, -25.5720111], [-55.0732397, -25.5664849], [-55.2110435, -25.4427857], [-55.2966014, -25.3494658], [-55.327246, -25.3357509], [-55.3275495, -25.3356458]]]}}, {"id": "152", "type": "Feature", "properties": {"osm_id": "6590347", "name": "Benjam\u00edn Aceval", "code": 1208, "source": "OSM via Geofabrik", "admin_level": 8, "layer": "localidades"}, "geometry": {"type": "Polygon", "coordinates": [[[-58.7179814, -24.1147432], [-58.7120618, -23.8086018], [-58.7029049, -23.8020925], [-58.6869719, -23.8082128], [-58.676563, -23.8267042], [-58.6637445, -23.8179405], [-58.6290684, -23.8334072], [-58.62123, -23.8269887], [-58.6069176, -23.8344791], [-58.5973504, -23.829312], [-58.5829248, -23.841053], [-58.5560934, -23.8308718], [-58.5052779, -23.8626302], [-58.4795309, -23.8655984], [-58.4614817, -23.8843461], [-58.4499053, -23.8822566], [-58.4474591, -23.8945482], [-58.3956039, -23.8857716], [-58.3750245, -23.8545526], [-58.3561679, -23.8540677], [-58.3541832, -23.862519], [-58.3351669, -23.8661876], [-58.3218761, -23.8585102], [-58.3245888, -23.852063], [-58.3070702, -23.8570598], [-58.299538, -23.8516358], [-58.2750071, -23.8637401], [-58.2595757, -23.8432491], [-58.2396226, -23.8371126], [-58.222313, -23.8514359], [-58.1893514, -23.8478594], [-58.1855, -23.863561], [-58.1666543, -23.8711364], [-58.1670044, -23.8800135], [-58.1520543, -23.8798986], [-58.150066, -23.900976], [-58.1348144, -23.9054568], [-58.1280419, -23.889684], [-58.115887, -23.8965957], [-58.1114312, -23.8897943], [-58.0999456, -23.8967598], [-58.0756852, -23.8949169], [-58.0551058, -23.8758769], [-58.0266228, -23.8801568], [-58.0119257, -23.8668864], [-57.9900522, -23.8670608], [-57.9423912, -23.8437088], [-57.9160353, -23.855416], [-57.9010351, -23.8437206], [-57.8659219, -23.8543751], [-57.8488973, -23.8451518], [-57.8514983, -23.8376026], [-57.8327975, -23.8359246], [-57.8226636, -23.8191772], [-57.8060212, -23.8195789], [-57.8040654, -23.810137], [-57.7842592, -23.8168698], [-57.7952183, -24.2437604], [-57.7064573, -24.2523122], [-57.699914, -24.2629432], [-57.685587, -24.2616519], [-57.6777514, -24.2756887], [-57.6619173, -24.2750245], [-57.6551625, -24.266323], [-57.6541669, -24.2784104], [-57.6460056, -24.2754316], [-57.6371675, -24.2894986], [-57.6322543, -24.2807885], [-57.6257556, -24.2902668], [-57.5876228, -24.2975651], [-57.5879754, -24.3044624], [-57.5600749, -24.3030076], [-57.5628689, -24.3292099], [-57.5443034, -24.3732073], [-57.4945314, -24.7000681], [-57.4168068, -24.8680476], [-57.4171685, -24.9755901], [-57.4792798, -24.9755656], [-57.4808976, -25.0094263], [-57.5187981, -25.0382897], [-57.5506282, -25.0517231], [-57.5458381, -25.0580442], [-57.5509282, -25.0600473], [-57.6908014, -25.1007262], [-57.7606925, -25.1024915], [-57.7840059, -25.0662574], [-57.8157532, -25.0649034], [-57.815257, -24.9462458], [-57.9149721, -24.9466959], [-57.9154582, -24.8393567], [-57.9554967, -24.840741], [-57.9550392, -24.8520222], [-58.032039, -24.8506799], [-58.0374882, -24.8407088], [-58.0533609, -24.8429727], [-58.1143749, -24.8257611], [-58.1138806, -24.7460549], [-58.121295, -24.7039184], [-58.3220562, -24.7014387], [-58.4797838, -24.6895527], [-58.531788, -24.2725474], [-58.7069319, -24.1241246], [-58.7179814, -24.1147432]]]}}, {"id": "241", "type": "Feature", "properties": {"osm_id": "5166632", "name": "Remansito", "code": 1208, "source": "OSM via Geofabrik", "admin_level": 8, "layer": "localidades"}, "geometry": {"type": "Polygon", "coordinates": [[[-57.579276, -25.1716889], [-57.5730532, -25.1606142], [-57.5666159, -25.1675961], [-57.5583948, -25.1423216], [-57.5442922, -25.1422332], [-57.546549, -25.1659507], [-57.5772026, -25.1723371], [-57.579276, -25.1716889]]]}}, {"id": "246", "type": "Feature", "properties": {"osm_id": "8630937", "name": "San Gotardo", "code": 1208, "source": "OSM via Geofabrik", "admin_level": 8, "layer": "localidades"}, "geometry": {"type": "Polygon", "coordinates": [[[-55.1283112, -26.9260526], [-55.1187761, -26.925763], [-55.1282924, -26.926592], [-55.1283112, -26.9260526]]]}}, {"id": "259", "type": "Feature", "properties": {"osm_id": "6552046", "name": "Doctor Juan Le\u00f3n Mallorqu\u00edn", "code": 1208, "source": "OSM via Geofabrik", "admin_level": 8, "layer": "localidades"}, "geometry": {"type": "Polygon", "coordinates": [[[-55.3471858, -25.5885191], [-55.30686, -25.3494762], [-55.2966014, -25.3494658], [-55.2110435, -25.4427857], [-55.0816137, -25.559567], [-55.1150714, -25.5594099], [-55.1217448, -25.5524118], [-55.1336967, -25.5630878], [-55.1440178, -25.5495273], [-55.13772, -25.5381144], [-55.1438247, -25.5375916], [-55.1427411, -25.5294693], [-55.1509135, -25.5325938], [-55.1565813, -25.5169023], [-55.1891541, -25.5249093], [-55.208584, -25.5182385], [-55.2179824, -25.5266714], [-55.235184, -25.5224797], [-55.2526902, -25.5476591], [-55.2500938, -25.5542993], [-55.259149, -25.5604455], [-55.2639265, -25.5551806], [-55.2685796, -25.5695916], [-55.3040492, -25.5651009], [-55.3232967, -25.5792306], [-55.318694, -25.5843299], [-55.3341328, -25.5748854], [-55.3470804, -25.5886077], [-55.3471858, -25.5885191]]]}}, {"id": "262", "type": "Feature", "properties": {"osm_id": "9177710", "name": "Ciudad de Corpus Christi", "code": 1208, "source": "OSM via Geofabrik", "admin_level": 8, "layer": "localidades"}, "geometry": {"type": "Polygon", "coordinates": [[[-54.94856, -24.0815261], [-54.9385507, -24.0719226], [-54.9300496, -24.0801133], [-54.9380022, -24.0937038], [-54.9479528, -24.082921], [-54.94856, -24.0815261]]]}}, {"id": "274", "type": "Feature", "properties": {"osm_id": "6585926", "name": "Bah\u00eda Negra", "code": 1208, "source": "OSM via Geofabrik", "admin_level": 8, "layer": "localidades"}, "geometry": {"type": "Polygon", "coordinates": [[[-61.9225361, -20.0892109], [-61.7352111, -19.6344056], [-60.604325, -19.4566389], [-59.9777778, -19.2946861], [-59.0689278, -19.2876472], [-58.2359667, -19.7749972], [-58.1638536, -19.8272684], [-58.2020324, -19.8626922], [-58.2055751, -19.8931043], [-58.1969835, -19.9248197], [-58.2140421, -19.9533835], [-58.1863952, -19.9697566], [-58.1759498, -20.028615], [-58.1573792, -20.0426724], [-58.1678355, -20.0502605], [-58.1631255, -20.0775409], [-58.1541472, -20.0765749], [-58.1378645, -20.1200846], [-58.1448249, -20.1379682], [-58.1681682, -20.153425], [-58.168832, -20.1728999], [-58.1553387, -20.1821484], [-58.1280445, -20.182954], [-58.1215214, -20.1924598], [-58.1245501, -20.2032433], [-58.1546512, -20.2151328], [-58.1648712, -20.2288401], [-58.1621645, -20.2595254], [-58.1435193, -20.2718322], [-58.1189717, -20.2489644], [-58.0959597, -20.2544506], [-58.0891026, -20.2792393], [-58.1023328, -20.3226516], [-58.0933942, -20.3555444], [-58.0748902, -20.3864477], [-58.0221547, -20.4004405], [-57.9984654, -20.4355116], [-57.9977617, -20.4535529], [-58.0185382, -20.501613], [-58.0309021, -20.5005128], [-58.0270403, -20.4867807], [-58.0362411, -20.4772735], [-58.035608, -20.4605911], [-58.0443896, -20.4609892], [-58.0422766, -20.4691448], [-58.0562414, -20.4841761], [-58.051106, -20.4995371], [-58.0622694, -20.4886184], [-58.0716628, -20.4915238], [-58.0657171, -20.4998954], [-58.0715277, -20.5064091], [-58.0484124, -20.519251], [-58.0527555, -20.5296759], [-58.0813046, -20.5084194], [-58.079348, -20.4949228], [-58.0860907, -20.4895613], [-58.0804614, -20.4712378], [-58.0937392, -20.4714404], [-58.1274451, -20.4358582], [-58.1440166, -20.4428849], [-58.1688336, -20.4344006], [-58.1788054, -20.4474238], [-58.214052, -20.427885], [-58.2418382, -20.4257039], [-58.2596126, -20.4145546], [-58.2536091, -20.3975184], [-58.2594179, -20.3858983], [-58.286634, -20.4261405], [-58.3197451, -20.4351861], [-58.3381378, -20.4535472], [-58.3708697, -20.4507733], [-58.3852095, -20.476407], [-58.4565957, -20.4949297], [-58.4852598, -20.5229247], [-58.511416, -20.481214], [-58.4765068, -20.4704577], [-58.4723441, -20.4773703], [-58.464676, -20.4673029], [-58.468038, -20.285636], [-58.803087, -20.1342988], [-59.271257, -20.1303213], [-59.2851397, -20.1368337], [-59.5802637, -20.1382519], [-59.5784766, -20.2812189], [-59.7592823, -20.2816631], [-59.7593248, -20.3973606], [-59.767191, -20.4147687], [-59.879513, -20.630417], [-59.9273, -20.632887], [-61.51439, -20.182631], [-61.620052, -20.170064], [-61.698262, -20.104244], [-61.71859, -20.096645], [-61.762181, -20.109798], [-61.855919, -20.098055], [-61.9225361, -20.0892109]]]}}, {"id": "298", "type": "Feature", "properties": {"osm_id": "6613491", "name": "Itanar\u00e1", "code": 1208, "source": "OSM via Geofabrik", "admin_level": 8, "layer": "localidades"}, "geometry": {"type": "Polygon", "coordinates": [[[-56.0272142, -23.8223212], [-56.0175027, -23.8298066], [-55.9872435, -23.8272977], [-55.9525923, -23.8123822], [-55.9313306, -23.8309022], [-55.918286, -23.8172659], [-55.8959708, -23.8203563], [-55.8844858, -23.8059198], [-55.8596972, -23.7996081], [-55.8573491, -23.7840416], [-55.8396941, -23.7632733], [-55.8061877, -23.7592061], [-55.769984, -23.7363233], [-55.7613313, -23.6984798], [-55.7293289, -23.6796273], [-55.7169559, -23.6631763], [-55.7011434, -23.6616751], [-55.6613285, -23.6770254], [-55.6303113, -23.6569964], [-55.5997204, -23.6526779], [-55.5864775, -23.6373815], [-55.5776001, -23.5908089], [-55.5452684, -23.5416432], [-55.5434358, -23.5235907], [-55.5269106, -23.5672936], [-55.5384415, -23.5920988], [-55.5399064, -23.6250154], [-55.5320733, -23.6303774], [-55.5113892, -23.6234014], [-55.5106538, -23.632306], [-55.4841349, -23.6402995], [-55.4750053, -23.6503115], [-55.4764079, -23.6751759], [-55.4623162, -23.6839088], [-55.4639619, -23.7119366], [-55.454826, -23.7169772], [-55.4411275, -23.7101023], [-55.4367304, -23.7166456], [-55.4486673, -23.7422854], [-55.4471309, -23.7602081], [-55.4338336, -23.7709334], [-55.4300496, -23.7901726], [-55.4525763, -23.8183357], [-55.504318, -23.7983226], [-55.5281622, -23.8024215], [-55.5392183, -23.795686], [-55.6108306, -23.8269389], [-55.6379003, -23.8524846], [-55.6783859, -23.8608612], [-55.7008367, -23.8983317], [-55.7167001, -23.9039014], [-56.0257001, -23.8285726], [-56.0270984, -23.8227991], [-56.0272142, -23.8223212]]]}}, {"id": "322", "type": "Feature", "properties": {"osm_id": "6552048", "name": "Itakyry", "code": 1208, "source": "OSM via Geofabrik", "admin_level": 8, "layer": "localidades"}, "geometry": {"type": "Polygon", "coordinates": [[[-55.349954, -24.8469084], [-55.3338235, -24.8258365], [-55.3378999, -24.811979], [-55.3205342, -24.7666237], [-55.323565, -24.7520148], [-55.300777, -24.7161353], [-55.31672, -24.6922748], [-55.3159476, -24.6782176], [-55.2917433, -24.6451254], [-55.3010559, -24.6339106], [-55.2922583, -24.6130582], [-55.3057766, -24.5883781], [-55.3019679, -24.5670303], [-55.270622, -24.5235514], [-55.2067387, -24.5150122], [-55.1630831, -24.5277205], [-55.1339355, -24.4854869], [-55.1123147, -24.5079341], [-55.1131644, -24.5348359], [-55.0942416, -24.5465762], [-54.9934289, -24.5494876], [-54.9708247, -24.5684987], [-54.9551674, -24.5672526], [-54.9623891, -24.5959689], [-54.9789248, -24.6088174], [-54.9912357, -24.6366483], [-55.0418095, -24.9200429], [-55.0473286, -24.9401434], [-55.0552983, -24.9437459], [-55.0592809, -24.978123], [-55.0708849, -24.9926707], [-55.0492686, -25.0136515], [-55.0246021, -25.0124429], [-55.000709, -25.0232714], [-54.9755852, -25.0510344], [-54.9758037, -25.0714905], [-54.9496295, -25.0591879], [-54.9678179, -25.1368943], [-54.9558577, -25.1621311], [-54.9804307, -25.1723299], [-54.982056, -25.2046898], [-54.9993163, -25.2200477], [-55.0134375, -25.227933], [-55.0285006, -25.2256841], [-55.0187159, -25.2147841], [-55.0245953, -25.2085135], [-55.0096285, -25.194253], [-55.022546, -25.1931657], [-55.030657, -25.1749031], [-55.0537938, -25.1741942], [-55.0573397, -25.1579875], [-55.0693806, -25.1576636], [-55.0806963, -25.1427644], [-55.0892794, -25.1447652], [-55.0927448, -25.1276657], [-55.11287, -25.1297459], [-55.1353683, -25.1149564], [-55.1450887, -25.0984066], [-55.1567348, -25.1004081], [-55.1595426, -25.0866096], [-55.1718378, -25.081445], [-55.1784897, -25.055026], [-55.1933652, -25.042818], [-55.2018281, -25.0389508], [-55.2051219, -25.049259], [-55.2155149, -25.0438872], [-55.2213117, -25.0515139], [-55.2333441, -25.0436458], [-55.2269819, -25.0349945], [-55.2313753, -25.0289723], [-55.2501937, -25.0381829], [-55.2556246, -25.0303464], [-55.2701998, -25.043343], [-55.2814168, -25.0382203], [-55.2701601, -25.030795], [-55.2782979, -25.026644], [-55.2738293, -25.0223373], [-55.2982503, -25.0220539], [-55.2972954, -25.0157005], [-55.3113931, -25.0107468], [-55.3073027, -24.9835698], [-55.3328186, -24.9683384], [-55.328865, -24.9260468], [-55.3449734, -24.9202681], [-55.326907, -24.9008984], [-55.3251045, -24.8831664], [-55.3335347, -24.8812648], [-55.3292217, -24.8772353], [-55.3408652, -24.8681574], [-55.3430485, -24.8466336], [-55.3497128, -24.8471481], [-55.349954, -24.8469084]]]}}, {"id": "338", "type": "Feature", "properties": {"osm_id": "6613498", "name": "Ybyraroban\u00e1", "code": 1208, "source": "OSM via Geofabrik", "admin_level": 8, "layer": "localidades"}, "geometry": {"type": "Polygon", "coordinates": [[[-55.3735044, -24.3717528], [-55.3459062, -24.3532325], [-55.3416378, -24.359848], [-55.3165917, -24.3534373], [-55.3079697, -24.3655623], [-55.2937105, -24.3583765], [-55.284583, -24.365673], [-55.2588776, -24.3657006], [-55.2369478, -24.3497231], [-55.2299882, -24.3530536], [-55.2250615, -24.3350596], [-55.2127146, -24.3352377], [-55.2122887, -24.3264284], [-55.1938951, -24.3262166], [-55.1843955, -24.3125907], [-55.1858752, -24.2966589], [-55.2086584, -24.2418522], [-55.1721858, -24.2297919], [-55.1758789, -24.2200031], [-55.1612691, -24.1900883], [-55.1785665, -24.1474623], [-55.1704158, -24.1312039], [-55.1597964, -24.1369289], [-55.1446145, -24.1121288], [-55.1270576, -24.1203828], [-55.12034, -24.1361982], [-55.0494311, -24.1382646], [-55.034937, -24.1503626], [-55.0324827, -24.1653578], [-55.0009626, -24.1781429], [-54.9969904, -24.2698051], [-54.9827263, -24.2869055], [-54.9855074, -24.2992073], [-54.9215823, -24.3477125], [-54.9540664, -24.3740448], [-54.9588746, -24.4541655], [-55.0147874, -24.485484], [-55.027833, -24.5063265], [-55.0166241, -24.5491454], [-55.0782449, -24.5496796], [-55.1017303, -24.5426237], [-55.1151557, -24.5287142], [-55.1123147, -24.5079341], [-55.1339355, -24.4854869], [-55.1464907, -24.4971824], [-55.1524827, -24.4773278], [-55.1701514, -24.4665427], [-55.2368758, -24.4782321], [-55.257724, -24.4723107], [-55.3103202, -24.5119112], [-55.3332767, -24.461846], [-55.321548, -24.4359514], [-55.3260381, -24.4105794], [-55.3734222, -24.3720171], [-55.3735044, -24.3717528]]]}}, {"id": "342", "type": "Feature", "properties": {"osm_id": "10077584", "name": "Arquitecto Tom\u00e1s Romero Pereira", "code": 1208, "source": "OSM via Geofabrik", "admin_level": 8, "layer": "localidades"}, "geometry": {"type": "Polygon", "coordinates": [[[-55.5131373, -26.3138664], [-55.4984012, -26.3071795], [-55.4625333, -26.3178826], [-55.4483361, -26.3243796], [-55.4196522, -26.3612269], [-55.4053694, -26.3660342], [-55.4060159, -26.3564779], [-55.3885495, -26.3523971], [-55.3850358, -26.360727], [-55.3663194, -26.3636205], [-55.3581279, -26.3783274], [-55.3341865, -26.373483], [-55.3264403, -26.38519], [-55.3188387, -26.3722503], [-55.2985292, -26.3732427], [-55.2992532, -26.364005], [-55.2917339, -26.364775], [-55.2845096, -26.3768828], [-55.2951603, -26.3791543], [-55.2793383, -26.3824191], [-55.2683788, -26.3982576], [-55.2595889, -26.3967087], [-55.2591251, -26.4083814], [-55.2493941, -26.3963068], [-55.2363985, -26.4034164], [-55.2314418, -26.417585], [-55.2015727, -26.4126797], [-55.1925015, -26.4287589], [-55.186451, -26.4226054], [-55.1897793, -26.4349047], [-55.1772184, -26.430645], [-55.1727603, -26.4439566], [-55.1636869, -26.439333], [-55.1437492, -26.4458783], [-55.1542635, -26.4587882], [-55.1351865, -26.4704616], [-55.1369779, -26.4780282], [-55.14987, -26.4748363], [-55.144153, -26.4874209], [-55.1309486, -26.4886886], [-55.1387925, -26.502214], [-55.124491, -26.4969715], [-55.1147544, -26.5055838], [-55.1111872, -26.4782656], [-55.1014025, -26.5061793], [-55.0904806, -26.5002073], [-55.1070781, -26.5153], [-55.0836989, -26.5144206], [-55.1046855, -26.5312162], [-55.0953396, -26.5384287], [-55.1003511, -26.5476581], [-55.092299, -26.5495625], [-55.1041812, -26.5507963], [-55.105255, -26.5582802], [-55.0875562, -26.5691644], [-55.0939833, -26.578328], [-55.1010643, -26.5702055], [-55.1137378, -26.5843559], [-55.1341633, -26.5762986], [-55.1462976, -26.5867521], [-55.1444196, -26.5764953], [-55.1665698, -26.5760971], [-55.1720302, -26.583941], [-55.1885056, -26.5759685], [-55.2368819, -26.6230471], [-55.2627167, -26.6207111], [-55.2848663, -26.6019102], [-55.2833561, -26.5927027], [-55.2998012, -26.5854718], [-55.3000691, -26.5676914], [-55.3149715, -26.5724941], [-55.307413, -26.566324], [-55.3183832, -26.5630949], [-55.3105351, -26.5600816], [-55.3092154, -26.5454651], [-55.3261509, -26.5417555], [-55.3221171, -26.524694], [-55.3274708, -26.5340676], [-55.3467393, -26.5305443], [-55.3383708, -26.5118438], [-55.3573233, -26.5185689], [-55.3623717, -26.5106442], [-55.3565723, -26.5030253], [-55.3797174, -26.5025507], [-55.3876596, -26.4858926], [-55.4821407, -26.3878514], [-55.5066171, -26.3567784], [-55.4982356, -26.350111], [-55.5112879, -26.3167638], [-55.5131373, -26.3138664]]]}}, {"id": "348", "type": "Feature", "properties": {"osm_id": "6613496", "name": "Villa Ygatim\u00ed", "code": 1208, "source": "OSM via Geofabrik", "admin_level": 8, "layer": "localidades"}, "geometry": {"type": "Polygon", "coordinates": [[[-55.8442252, -24.0673804], [-55.8201734, -24.0412973], [-55.8004302, -24.0368633], [-55.7938248, -24.024552], [-55.7789447, -24.0246553], [-55.769936, -24.0349823], [-55.7576531, -24.0251885], [-55.7407252, -24.029796], [-55.7209245, -24.023342], [-55.7032655, -23.9939656], [-55.6807012, -23.9795453], [-55.6763793, -23.9461441], [-55.6167196, -23.915691], [-55.6006937, -23.918964], [-55.5781962, -23.8840126], [-55.5507762, -23.884565], [-55.5355853, -23.8731015], [-55.5068663, -23.8837929], [-55.4274312, -23.971693], [-55.405193, -23.9648991], [-55.3963858, -23.9762714], [-55.3875817, -23.9675872], [-55.3412267, -23.9945883], [-55.3178633, -23.9630009], [-55.3043651, -23.9650169], [-55.2287114, -24.0136829], [-55.2384662, -24.0223174], [-55.2312169, -24.0527506], [-55.2214687, -24.0600958], [-55.3245529, -24.0876665], [-55.3151992, -24.1100789], [-55.3150491, -24.1415315], [-55.3190586, -24.1578153], [-55.334034, -24.1711402], [-55.3095772, -24.1720764], [-55.2583993, -24.1977034], [-55.2291938, -24.2398534], [-55.192451, -24.2687836], [-55.1874622, -24.3174714], [-55.1948346, -24.3271257], [-55.2086403, -24.325232], [-55.2127146, -24.3352377], [-55.2249845, -24.3349801], [-55.2300409, -24.3530966], [-55.2369478, -24.3497231], [-55.2620211, -24.3663434], [-55.2937105, -24.3583765], [-55.3079697, -24.3655623], [-55.3165917, -24.3534373], [-55.3416378, -24.359848], [-55.3459062, -24.3532325], [-55.3770098, -24.3740491], [-55.4018334, -24.3631506], [-55.4158922, -24.3450636], [-55.4252907, -24.3568417], [-55.4589987, -24.3456075], [-55.4664374, -24.3512728], [-55.4770828, -24.3436335], [-55.4701835, -24.3339649], [-55.4767205, -24.3168469], [-55.4927909, -24.3232078], [-55.5092766, -24.3140981], [-55.5098157, -24.3221248], [-55.5222812, -24.3174295], [-55.5287012, -24.3286189], [-55.5504948, -24.3260651], [-55.5514891, -24.3352332], [-55.5665639, -24.3297467], [-55.5659053, -24.320714], [-55.577908, -24.3077231], [-55.5867969, -24.3083489], [-55.5871617, -24.29905], [-55.605159, -24.2949832], [-55.6063177, -24.2708961], [-55.6239452, -24.2650569], [-55.6302752, -24.2426467], [-55.6463684, -24.2492205], [-55.652034, -24.2348246], [-55.6647109, -24.2436312], [-55.6785423, -24.2384227], [-55.6772787, -24.2223107], [-55.6885386, -24.2041205], [-55.6721426, -24.1902664], [-55.6959583, -24.1780274], [-55.6908422, -24.1669562], [-55.7048738, -24.1659779], [-55.7064908, -24.1547303], [-55.7220432, -24.1530369], [-55.7173352, -24.1400961], [-55.7235151, -24.1173408], [-55.7436541, -24.1129689], [-55.7427411, -24.0973139], [-55.7579975, -24.1053251], [-55.7751959, -24.089508], [-55.7864193, -24.0949296], [-55.7990793, -24.084283], [-55.8221774, -24.0849045], [-55.8270494, -24.0744388], [-55.8441501, -24.0675665], [-55.8442252, -24.0673804]]]}}, {"id": "349", "type": "Feature", "properties": {"osm_id": "6613490", "name": "Curuguaty", "code": 1208, "source": "OSM via Geofabrik", "admin_level": 8, "layer": "localidades"}, "geometry": {"type": "Polygon", "coordinates": [[[-56.1727762, -24.2311053], [-56.1622253, -24.2260758], [-56.1486246, -24.200188], [-56.1527445, -24.171874], [-56.1618854, -24.1622421], [-56.1608125, -24.1386095], [-56.1504914, -24.1213866], [-56.1297418, -24.1089599], [-56.1058487, -24.1068544], [-56.1047329, -24.0904401], [-56.0850884, -24.0815758], [-56.0713233, -24.0557633], [-56.0178937, -24.0340316], [-56.0072177, -24.0198994], [-56.0091179, -24.0251099], [-55.9950997, -24.0313275], [-55.9694961, -24.0302041], [-55.9617376, -24.0483941], [-55.9348849, -24.0598426], [-55.9177601, -24.0620512], [-55.8894161, -24.0488796], [-55.8685914, -24.0691883], [-55.8539992, -24.0630309], [-55.8270494, -24.0744388], [-55.8221774, -24.0849045], [-55.7990793, -24.084283], [-55.7864193, -24.0949296], [-55.7751959, -24.089508], [-55.7577079, -24.1053936], [-55.7432357, -24.0969569], [-55.7436541, -24.1129689], [-55.7235151, -24.1173408], [-55.7173352, -24.1400961], [-55.7220432, -24.1530369], [-55.7064908, -24.1547303], [-55.7048738, -24.1659779], [-55.6908422, -24.1669562], [-55.6959583, -24.1780274], [-55.6721426, -24.1902664], [-55.6885386, -24.2041205], [-55.6772787, -24.2223107], [-55.6785423, -24.2384227], [-55.6647109, -24.2436312], [-55.652034, -24.2348246], [-55.6463684, -24.2492205], [-55.6302752, -24.2426467], [-55.6239452, -24.2650569], [-55.6063177, -24.2708961], [-55.605159, -24.2949832], [-55.5871617, -24.29905], [-55.5867969, -24.3083489], [-55.577908, -24.3077231], [-55.5659053, -24.320714], [-55.5668144, -24.3295744], [-55.5514891, -24.3352332], [-55.5504948, -24.3260651], [-55.5287012, -24.3286189], [-55.5222812, -24.3174295], [-55.5098157, -24.3221248], [-55.5092766, -24.3140981], [-55.4927909, -24.3232078], [-55.4765514, -24.3168857], [-55.4701835, -24.3339649], [-55.4747809, -24.3461823], [-55.4296297, -24.3573587], [-55.4157624, -24.3451056], [-55.4018334, -24.3631506], [-55.3483391, -24.3870276], [-55.3260381, -24.4105794], [-55.321548, -24.4359514], [-55.3332767, -24.461846], [-55.3126701, -24.5148673], [-55.3427336, -24.493647], [-55.3451717, -24.5090337], [-55.3697679, -24.5399642], [-55.3999873, -24.5489498], [-55.4018997, -24.535048], [-55.4378384, -24.5512554], [-55.460479, -24.5414273], [-55.4784827, -24.5556446], [-55.484022, -24.5715837], [-55.4911083, -24.5680212], [-55.493706, -24.5337885], [-55.5134922, -24.5153071], [-55.5439316, -24.5135393], [-55.5524647, -24.5186499], [-55.5516271, -24.5508594], [-55.5641901, -24.5814536], [-55.5778747, -24.6012388], [-55.5978239, -24.602417], [-55.5947464, -24.6191532], [-55.6095917, -24.6246593], [-55.6012388, -24.6364741], [-55.6147641, -24.6471703], [-55.6684655, -24.653189], [-55.6622694, -24.6749369], [-55.6872563, -24.6796171], [-55.7001739, -24.6716359], [-55.7127257, -24.7079173], [-55.7270951, -24.7213505], [-55.7623432, -24.6556491], [-55.752496, -24.6364058], [-55.764801, -24.6181716], [-55.7676092, -24.5913614], [-55.7492047, -24.5713613], [-55.7568746, -24.5616044], [-55.7572213, -24.5365664], [-55.7727671, -24.5304945], [-55.7707838, -24.5124087], [-55.7974525, -24.4798827], [-55.8275409, -24.4697982], [-55.8640833, -24.4357425], [-55.8612938, -24.4214709], [-55.8710034, -24.3968117], [-55.8865495, -24.387363], [-55.8960445, -24.3909882], [-55.9243713, -24.3699465], [-55.9439086, -24.3741976], [-55.9532534, -24.3661154], [-55.9953962, -24.3805007], [-56.0115968, -24.401509], [-56.0245724, -24.3946625], [-56.0396679, -24.4032607], [-56.1096628, -24.3986393], [-56.1226876, -24.3854677], [-56.1162074, -24.3671542], [-56.1310132, -24.3373427], [-56.1228593, -24.3160696], [-56.1263971, -24.3013897], [-56.1565961, -24.2849008], [-56.1726996, -24.2312492], [-56.1727762, -24.2311053]]]}}, {"id": "353", "type": "Feature", "properties": {"osm_id": "6552050", "name": "Minga Guaz\u00fa", "code": 1208, "source": "OSM via Geofabrik", "admin_level": 8, "layer": "localidades"}, "geometry": {"type": "Polygon", "coordinates": [[[-54.9562342, -25.6011288], [-54.9452694, -25.577073], [-54.950793, -25.5722487], [-54.9117991, -25.3689144], [-54.8957137, -25.3765306], [-54.900087, -25.3633821], [-54.8831633, -25.3667151], [-54.8711384, -25.3567915], [-54.8449845, -25.3673429], [-54.8545806, -25.3985076], [-54.8374317, -25.3938195], [-54.8341304, -25.4075556], [-54.8109025, -25.4006446], [-54.7963681, -25.4143023], [-54.796999, -25.4267367], [-54.7821975, -25.4067812], [-54.7778222, -25.4165098], [-54.7843175, -25.4303363], [-54.776803, -25.4214693], [-54.7625272, -25.4232445], [-54.7600843, -25.4022893], [-54.7519475, -25.4059953], [-54.754428, -25.4230672], [-54.7484853, -25.4274488], [-54.7385247, -25.4124572], [-54.7199571, -25.4192685], [-54.7362389, -25.5831135], [-54.7567208, -25.5863824], [-54.7615059, -25.5741504], [-54.7668703, -25.5883564], [-54.7549398, -25.5956717], [-54.7744019, -25.5995613], [-54.7750671, -25.5915883], [-54.7839935, -25.5995226], [-54.7919328, -25.5938139], [-54.7968896, -25.6069146], [-54.8088252, -25.6111312], [-54.8152573, -25.5786408], [-54.8369081, -25.5968328], [-54.8472722, -25.5872726], [-54.8631723, -25.610146], [-54.8560269, -25.6149253], [-54.8479803, -25.6035476], [-54.8470576, -25.6373485], [-54.858132, -25.6450373], [-54.8619595, -25.6381169], [-54.8672922, -25.6437709], [-54.8821838, -25.6396312], [-54.8804028, -25.6538681], [-54.8977621, -25.6287976], [-54.882613, -25.6121197], [-54.9016459, -25.6198011], [-54.9087761, -25.6130211], [-54.9045769, -25.6037361], [-54.9333039, -25.6180426], [-54.9559553, -25.6019028], [-54.9562342, -25.6011288]]]}}, {"id": "415", "type": "Feature", "properties": {"osm_id": "11002306", "name": "Buena Vista", "code": 1208, "source": "OSM via Geofabrik", "admin_level": 8, "layer": "localidades"}, "geometry": {"type": "Polygon", "coordinates": [[[-56.0925317, -26.1940681], [-56.0846768, -26.189995], [-56.0908319, -26.173089], [-56.0758972, -26.1791912], [-56.0811743, -26.1898692], [-56.0745336, -26.1936574], [-56.0916631, -26.1982081], [-56.0925317, -26.1940681]]]}}, {"id": "417", "type": "Feature", "properties": {"osm_id": "11008954", "name": "Cambyret\u00e1", "code": 1208, "source": "OSM via Geofabrik", "admin_level": 8, "layer": "localidades"}, "geometry": {"type": "Polygon", "coordinates": [[[-55.8548786, -27.3368953], [-55.8501822, -27.322187], [-55.8321048, -27.3314275], [-55.8192426, -27.3262872], [-55.8008625, -27.3448274], [-55.7745337, -27.3548089], [-55.7566943, -27.3513579], [-55.752566, -27.3597861], [-55.777993, -27.3709465], [-55.813356, -27.370535], [-55.8223889, -27.3604449], [-55.8468094, -27.3548143], [-55.8548539, -27.3369596], [-55.8548786, -27.3368953]]]}}, {"id": "447", "type": "Feature", "properties": {"osm_id": "11191298", "name": "Cerrito", "code": 1208, "source": "OSM via Geofabrik", "admin_level": 8, "layer": "localidades"}, "geometry": {"type": "Polygon", "coordinates": [[[-57.6510365, -27.3373682], [-57.6409037, -27.3333173], [-57.6438434, -27.321376], [-57.6241279, -27.3291895], [-57.63725, -27.338], [-57.6356184, -27.3460875], [-57.650763, -27.3373303], [-57.6510365, -27.3373682]]]}}, {"id": "458", "type": "Feature", "properties": {"osm_id": "11569594", "name": "Caraguatay", "code": 1208, "source": "OSM via Geofabrik", "admin_level": 8, "layer": "localidades"}, "geometry": {"type": "Polygon", "coordinates": [[[-54.7428703, -26.6583008], [-54.7368237, -26.6543111], [-54.7424288, -26.6584462], [-54.7428703, -26.6583008]]]}}, {"id": "459", "type": "Feature", "properties": {"osm_id": "11570836", "name": "Garuhap\u00e9", "code": 1208, "source": "OSM via Geofabrik", "admin_level": 8, "layer": "localidades"}, "geometry": {"type": "Polygon", "coordinates": [[[-54.9829133, -26.8206329], [-54.9618048, -26.8207155], [-54.964563, -26.8142218], [-54.9416149, -26.8084144], [-54.9519896, -26.8189606], [-54.9456887, -26.8300472], [-54.9576469, -26.8370079], [-54.9637808, -26.8229749], [-54.9737433, -26.8276681], [-54.9802374, -26.8205778], [-54.9829133, -26.8206329]]]}}, {"id": "460", "type": "Feature", "properties": {"osm_id": "11570935", "name": "Jard\u00edn Am\u00e9rica", "code": 1208, "source": "OSM via Geofabrik", "admin_level": 8, "layer": "localidades"}, "geometry": {"type": "Polygon", "coordinates": [[[-55.2592438, -27.0620466], [-55.2352904, -27.0173679], [-55.2201657, -27.0170975], [-55.2139001, -27.0249157], [-55.2220755, -27.0335552], [-55.2126985, -27.0359444], [-55.2119444, -27.045312], [-55.2126311, -27.0513892], [-55.2213858, -27.0468217], [-55.2229002, -27.0636926], [-55.251963, -27.0566825], [-55.2592438, -27.0620466]]]}}, {"id": "461", "type": "Feature", "properties": {"osm_id": "11571203", "name": "Puerto Santa Ana", "code": 1208, "source": "OSM via Geofabrik", "admin_level": 8, "layer": "localidades"}, "geometry": {"type": "Polygon", "coordinates": [[[-55.5912752, -27.3409132], [-55.585273, -27.3452245], [-55.5790486, -27.3411929], [-55.5871256, -27.3340673], [-55.5747507, -27.3343965], [-55.585977, -27.3470016], [-55.5912752, -27.3409132]]]}}, {"id": "462", "type": "Feature", "properties": {"osm_id": "11571696", "name": "Colonia Polana", "code": 1208, "source": "OSM via Geofabrik", "admin_level": 8, "layer": "localidades"}, "geometry": {"type": "Polygon", "coordinates": [[[-55.3189283, -26.9833677], [-55.3178544, -26.9833677], [-55.3189283, -26.9833677]]]}}, {"id": "463", "type": "Feature", "properties": {"osm_id": "11571772", "name": "Puerto Rico", "code": 1208, "source": "OSM via Geofabrik", "admin_level": 8, "layer": "localidades"}, "geometry": {"type": "Polygon", "coordinates": [[[-55.0426707, -26.8314659], [-55.036721, -26.8279308], [-55.0409295, -26.8163378], [-55.0326088, -26.8116765], [-55.0385898, -26.807725], [-55.0326675, -26.8044117], [-55.035929, -26.7961186], [-55.0133335, -26.7908761], [-55.0127542, -26.8003188], [-54.9951374, -26.801602], [-54.9923655, -26.8080713], [-54.9861857, -26.8025556], [-54.9808856, -26.810695], [-54.9971506, -26.81667], [-54.9960133, -26.805256], [-55.0121066, -26.8016746], [-55.0041695, -26.8264138], [-55.022958, -26.8308149], [-55.0269188, -26.8432945], [-55.0282418, -26.832947], [-55.0398113, -26.8316855], [-55.0426707, -26.8314659]]]}}, {"id": "468", "type": "Feature", "properties": {"osm_id": "11806232", "name": "Jos\u00e9 Leandro Oviedo", "code": 1208, "source": "OSM via Geofabrik", "admin_level": 8, "layer": "localidades"}, "geometry": {"type": "Polygon", "coordinates": [[[-56.3155743, -26.7288899], [-56.2756416, -26.7091293], [-56.2704041, -26.713594], [-56.2648307, -26.6992089], [-56.2498393, -26.702612], [-56.2413528, -26.69388], [-56.2235966, -26.705286], [-56.2155392, -26.6976279], [-56.1918928, -26.7116882], [-56.1710956, -26.7051422], [-56.163456, -26.736343], [-56.148444, -26.7476353], [-56.193784, -26.750088], [-56.2144803, -26.7811768], [-56.2516075, -26.7930804], [-56.2886824, -26.7578815], [-56.3155743, -26.7288899]]]}}, {"id": "596", "type": "Feature", "properties": {"osm_id": "12529459", "name": "Pirap\u00f3", "code": 1208, "source": "OSM via Geofabrik", "admin_level": 8, "layer": "localidades"}, "geometry": {"type": "Polygon", "coordinates": [[[-55.7511305, -26.7669541], [-55.5489194, -26.6591608], [-55.3892177, -26.8026846], [-55.4069908, -26.8182884], [-55.3900506, -26.8337599], [-55.3721496, -26.8179866], [-55.3491203, -26.8388736], [-55.3671645, -26.8547765], [-55.271731, -26.9409375], [-55.297407, -26.9602066], [-55.3759391, -26.9652267], [-55.4120503, -26.9876], [-55.4312407, -26.9769476], [-55.4267889, -26.9645406], [-55.437832, -26.9556096], [-55.4452729, -26.9528936], [-55.4501776, -26.963247], [-55.4708372, -26.9462045], [-55.4863099, -26.9734119], [-55.5094224, -26.9836456], [-55.7457984, -26.7717166], [-55.7511305, -26.7669541]]]}}, {"id": "597", "type": "Feature", "properties": {"osm_id": "3762455", "name": "Bella Vista", "code": 1208, "source": "OSM via Geofabrik", "admin_level": 8, "layer": "localidades"}, "geometry": {"type": "Polygon", "coordinates": [[[-55.7616915, -26.7730639], [-55.7511305, -26.7669541], [-55.5094224, -26.9836456], [-55.4863099, -26.9734119], [-55.4719824, -26.9464245], [-55.4529931, -26.9621496], [-55.4442398, -26.9525753], [-55.4269031, -26.9642981], [-55.4320728, -26.9757925], [-55.4120503, -26.9876], [-55.4506622, -27.0358356], [-55.4565433, -27.058332], [-55.4524517, -27.102372], [-55.4843585, -27.1093094], [-55.5348824, -27.0989758], [-55.6479356, -26.994814], [-55.6116088, -26.9592365], [-55.5794873, -26.9468948], [-55.7613147, -26.7734051], [-55.7616915, -26.7730639]]]}}, {"id": "601", "type": "Feature", "properties": {"osm_id": "9396782", "name": "Encarnaci\u00f3n", "code": 1208, "source": "OSM via Geofabrik", "admin_level": 8, "layer": "localidades"}, "geometry": {"type": "Polygon", "coordinates": [[[-55.9097759, -27.3112127], [-55.8932579, -27.3003299], [-55.893856, -27.2834773], [-55.8456528, -27.2895296], [-55.8288729, -27.2993308], [-55.8101913, -27.3206445], [-55.8278616, -27.3315609], [-55.8501822, -27.322187], [-55.8544954, -27.3396831], [-55.8468094, -27.3548143], [-55.8223889, -27.3604449], [-55.7982636, -27.3824606], [-55.7956997, -27.3970511], [-55.8167937, -27.4129048], [-55.8233933, -27.4102928], [-55.8275415, -27.3926056], [-55.865036, -27.3595141], [-55.8759693, -27.3280084], [-55.9097656, -27.3112889], [-55.9097759, -27.3112127]]]}}, {"id": "603", "type": "Feature", "properties": {"osm_id": "5158167", "name": "General Francisco Caballero \u00c1lvarez", "code": 1208, "source": "OSM via Geofabrik", "admin_level": 8, "layer": "localidades"}, "geometry": {"type": "Polygon", "coordinates": [[[-54.823274, -23.88889], [-54.8146498, -23.8901293], [-54.7930881, -23.867865], [-54.7644603, -23.8657992], [-54.7593856, -23.8565368], [-54.726727, -23.8750533], [-54.7268319, -23.9264049], [-54.7154933, -23.9683344], [-54.6909307, -23.974472], [-54.7020869, -23.9912534], [-54.7061053, -24.0211808], [-54.6987809, -24.0581642], [-54.6155995, -24.1983063], [-54.5889994, -24.2680755], [-54.5769563, -24.2681034], [-54.5939967, -24.2909724], [-54.6035613, -24.336803], [-54.6025876, -24.3680688], [-54.5792358, -24.384045], [-54.5852228, -24.3972742], [-54.6493423, -24.4517669], [-54.665637, -24.4976047], [-54.6962617, -24.49729], [-54.7131796, -24.4732779], [-54.6927317, -24.3828424], [-54.662716, -24.3677443], [-54.6774622, -24.2741791], [-54.6875269, -24.2702343], [-54.6879484, -24.2453691], [-54.7129729, -24.2136783], [-54.7174685, -24.1907534], [-54.7282762, -24.1884515], [-54.7412541, -24.1994485], [-54.7555278, -24.1967895], [-54.7724403, -24.2060909], [-54.7672041, -24.1880925], [-54.7495659, -24.1756038], [-54.7486647, -24.1574166], [-54.7638997, -24.1621545], [-54.7802075, -24.1513667], [-54.787825, -24.1602359], [-54.7974809, -24.1589633], [-54.7986611, -24.1679103], [-54.7850784, -24.1807521], [-54.7889408, -24.193162], [-54.8158766, -24.1786144], [-54.8232648, -23.8890496], [-54.823274, -23.88889]]]}}, {"id": "628", "type": "Feature", "properties": {"osm_id": "9884784", "name": "Encarnaci\u00f3n", "code": 1208, "source": "OSM via Geofabrik", "admin_level": 8, "layer": "localidades"}, "geometry": {"type": "Polygon", "coordinates": [[[-56.0204452, -27.2140368], [-55.9740102, -27.1727201], [-55.9610377, -27.1726534], [-55.9496432, -27.1510199], [-55.9258069, -27.1347372], [-55.8067422, -27.2399125], [-55.7982001, -27.2903595], [-55.8192369, -27.3125384], [-55.8101913, -27.3206445], [-55.8278616, -27.3315609], [-55.8501822, -27.322187], [-55.8548752, -27.3368165], [-55.8468094, -27.3548143], [-55.8223889, -27.3604449], [-55.7977115, -27.3831268], [-55.7957931, -27.3975321], [-55.8188895, -27.4167463], [-55.8395485, -27.4070359], [-55.8642759, -27.3682911], [-55.8980453, -27.3424317], [-55.8801717, -27.3251955], [-55.9097361, -27.3113688], [-55.8989672, -27.3010436], [-55.9328208, -27.2926133], [-55.967478, -27.2586434], [-55.9805069, -27.2596455], [-56.0203029, -27.2142289], [-56.0204452, -27.2140368]]]}}, {"id": "646", "type": "Feature", "properties": {"osm_id": "3691623", "name": "Mariano Roque Alonso", "code": 1208, "source": "OSM via Geofabrik", "admin_level": 8, "layer": "localidades"}, "geometry": {"type": "Polygon", "coordinates": [[[-57.5772552, -25.2188299], [-57.5307707, -25.1755835], [-57.5290498, -25.1605131], [-57.5065715, -25.157113], [-57.5005725, -25.1629234], [-57.5060995, -25.1829229], [-57.4995426, -25.2035038], [-57.5153155, -25.2175115], [-57.5250477, -25.2426453], [-57.575507, -25.220032], [-57.5772552, -25.2188299]]]}}, {"id": "649", "type": "Feature", "properties": {"osm_id": "6585928", "name": "Fuerte Olimpo", "code": 1208, "source": "OSM via Geofabrik", "admin_level": 8, "layer": "localidades"}, "geometry": {"type": "Polygon", "coordinates": [[[-59.887103, -20.756887], [-59.8776132, -20.6244613], [-59.7593248, -20.3973606], [-59.7592823, -20.2816631], [-59.5784766, -20.2812189], [-59.5802637, -20.1382519], [-59.2851397, -20.1368337], [-59.271257, -20.1303213], [-58.803087, -20.1342988], [-58.468038, -20.285636], [-58.464676, -20.4673029], [-58.4723441, -20.4773703], [-58.4765068, -20.4704577], [-58.511416, -20.481214], [-58.4852598, -20.5229247], [-58.4565957, -20.4949297], [-58.3852095, -20.476407], [-58.3708697, -20.4507733], [-58.3381378, -20.4535472], [-58.3197451, -20.4351861], [-58.286634, -20.4261405], [-58.263462, -20.3860747], [-58.2539691, -20.3910194], [-58.2596126, -20.4145546], [-58.2418382, -20.4257039], [-58.214052, -20.427885], [-58.1788054, -20.4474238], [-58.1688336, -20.4344006], [-58.1440166, -20.4428849], [-58.1274451, -20.4358582], [-58.0937392, -20.4714404], [-58.0804614, -20.4712378], [-58.0860907, -20.4895613], [-58.079348, -20.4949228], [-58.0813046, -20.5084194], [-58.0536021, -20.5297139], [-58.0484124, -20.519251], [-58.0715277, -20.5064091], [-58.0657171, -20.4998954], [-58.0716628, -20.4915238], [-58.0622694, -20.4886184], [-58.051106, -20.4995371], [-58.0562414, -20.4841761], [-58.0422766, -20.4691448], [-58.0443896, -20.4609892], [-58.0340758, -20.4615155], [-58.0309021, -20.5005128], [-58.0185382, -20.501613], [-58.0161465, -20.5271733], [-57.9952421, -20.561592], [-58.013809, -20.6106846], [-57.9924573, -20.632918], [-57.9704846, -20.6425567], [-57.9884817, -20.6987868], [-57.9759778, -20.7067993], [-57.9548696, -20.7042329], [-57.9337491, -20.6668115], [-57.9197479, -20.6649561], [-57.8698911, -20.7255851], [-57.863862, -20.7450388], [-57.8755559, -20.7503081], [-57.9347791, -20.7456528], [-57.9618284, -20.7916005], [-57.9563417, -20.7993115], [-57.9405038, -20.800509], [-57.8986313, -20.7887198], [-57.8650845, -20.81627], [-57.8551987, -20.8340256], [-57.8577094, -20.8506765], [-57.904545, -20.8710224], [-57.9283652, -20.9003643], [-57.8890698, -20.9063719], [-57.8638205, -20.9484665], [-57.8216562, -20.935272], [-57.8244008, -20.9626952], [-57.816504, -20.9795643], [-57.8683369, -21.0441678], [-57.8671445, -21.0625285], [-57.8483542, -21.0939977], [-57.9289239, -21.0890916], [-57.9391154, -21.0696447], [-57.9915436, -21.060428], [-58.0154876, -21.0680288], [-58.0319842, -21.0841043], [-58.0646968, -21.0722035], [-58.0712319, -21.0781978], [-58.0941393, -21.0586424], [-58.1330541, -21.0624782], [-58.1388487, -21.0533742], [-58.1459157, -21.06562], [-58.1544115, -21.0596195], [-58.1718663, -21.0672378], [-58.1869338, -21.0449786], [-58.2006379, -21.0555618], [-58.2085004, -21.0475941], [-58.2222298, -21.0597586], [-58.2272718, -21.0508631], [-58.2343236, -21.0575292], [-58.2555481, -21.0532256], [-58.2625959, -21.0656908], [-58.2736818, -21.0656393], [-58.2740614, -21.0744886], [-58.2851713, -21.0724625], [-58.2840852, -21.0869162], [-58.3045086, -21.0881242], [-58.3079353, -21.0727805], [-58.3183306, -21.0775652], [-58.3238852, -21.0714041], [-58.3319154, -21.0821439], [-58.3402352, -21.0805459], [-58.3391835, -21.0868806], [-58.3841048, -21.0886326], [-58.3957684, -21.0953258], [-58.3995587, -21.1106088], [-58.4160143, -21.1035221], [-58.4148815, -21.1105273], [-58.4245699, -21.1096007], [-58.4331427, -21.096428], [-58.4445713, -21.0982926], [-58.4561326, -21.0855251], [-58.4713041, -21.0836664], [-58.4716991, -21.0899102], [-58.4891009, -21.0840862], [-58.5148886, -21.1101453], [-58.5229797, -21.1094961], [-58.525035, -21.1214044], [-58.5502945, -21.1332226], [-58.5547457, -21.116123], [-58.6025367, -21.0906428], [-58.7013758, -21.10771], [-58.7242775, -21.1067185], [-58.7322174, -21.0987314], [-58.7521205, -21.1373834], [-58.7759335, -21.1299519], [-58.8266085, -21.1628911], [-58.8413898, -21.1610382], [-58.8492183, -21.150791], [-58.8776006, -21.158762], [-58.8807547, -21.169143], [-58.9030083, -21.1814784], [-58.9093823, -21.2022747], [-58.9203988, -21.2042743], [-58.920626, -21.220899], [-58.9392468, -21.2206468], [-58.94511, -21.1980865], [-58.9744896, -21.2171716], [-58.9920125, -21.213465], [-58.9875445, -21.2081799], [-59.001644, -21.2013224], [-59.0338253, -21.211405], [-59.0665742, -21.2344145], [-59.0889329, -21.2036992], [-59.1047922, -21.1965061], [-59.1289915, -21.2143887], [-59.187223, -21.2025181], [-59.2067965, -21.2115828], [-59.2365509, -21.2116712], [-59.2555559, -21.2304358], [-59.324833, -21.2342181], [-59.3590023, -21.2448395], [-59.3950381, -21.2668483], [-59.4385958, -21.2746212], [-59.4586441, -21.2993258], [-59.4973016, -21.1978826], [-59.766985, -21.201298], [-59.75087, -21.182933], [-59.755849, -21.096831], [-59.768323, -21.037456], [-59.809842, -20.987461], [-59.817786, -20.936654], [-59.839607, -20.903143], [-59.83831, -20.8807], [-59.863118, -20.820841], [-59.886896, -20.791957], [-59.887103, -20.756887]]]}}, {"id": "650", "type": "Feature", "properties": {"osm_id": "9884772", "name": "San Juan del Paran\u00e1", "code": 1208, "source": "OSM via Geofabrik", "admin_level": 8, "layer": "localidades"}, "geometry": {"type": "Polygon", "coordinates": [[[-56.0403988, -27.2970691], [-56.0110688, -27.2915535], [-56.0208723, -27.2892223], [-56.0252953, -27.2761541], [-56.0220085, -27.2131315], [-55.9808707, -27.2593617], [-55.967914, -27.2583709], [-55.9335871, -27.2921746], [-55.9203543, -27.2929424], [-55.920032, -27.3055648], [-55.9585029, -27.3061023], [-55.9626174, -27.3201749], [-55.9784639, -27.3239377], [-56.0164681, -27.3168458], [-56.0403907, -27.2971787], [-56.0403988, -27.2970691]]]}}, {"id": "651", "type": "Feature", "properties": {"osm_id": "10021175", "name": "Carmen del Paran\u00e1", "code": 1208, "source": "OSM via Geofabrik", "admin_level": 8, "layer": "localidades"}, "geometry": {"type": "Polygon", "coordinates": [[[-56.1800967, -27.2257033], [-56.1498333, -27.213717], [-56.1586128, -27.194859], [-56.1449387, -27.175561], [-56.1635352, -27.1729657], [-56.1572227, -27.1653928], [-56.1625598, -27.1620173], [-56.1669373, -27.1744132], [-56.1717559, -27.1721941], [-56.1721472, -27.1496569], [-56.1471152, -27.138372], [-56.1512143, -27.1292102], [-56.1285952, -27.1046266], [-56.1292765, -27.0657851], [-56.1186855, -27.0538592], [-55.9781007, -27.1771212], [-56.0224535, -27.213357], [-56.0232977, -27.2432445], [-56.0393586, -27.259658], [-56.0326874, -27.2843428], [-56.0444596, -27.2882712], [-56.0813304, -27.2741437], [-56.0852156, -27.2471325], [-56.1043631, -27.2647827], [-56.11435, -27.2530725], [-56.1302815, -27.2506546], [-56.1351357, -27.22957], [-56.1799241, -27.2265071], [-56.1800967, -27.2257033]]]}}, {"id": "655", "type": "Feature", "properties": {"osm_id": "6614168", "name": "Capit\u00e1n Bado", "code": 1208, "source": "OSM via Geofabrik", "admin_level": 8, "layer": "localidades"}, "geometry": {"type": "Polygon", "coordinates": [[[-56.069883, -23.343999], [-56.0665999, -23.3131288], [-56.0603548, -23.3148054], [-56.0535793, -23.2991648], [-56.0321173, -23.2886159], [-56.0272448, -23.2779063], [-55.9891546, -23.2686346], [-55.983195, -23.2531138], [-55.9701543, -23.2525424], [-55.9653389, -23.2410425], [-55.9556381, -23.2455097], [-55.9549757, -23.2372817], [-55.9323832, -23.248971], [-55.8968783, -23.2179388], [-55.8868543, -23.2175325], [-55.8919774, -23.207928], [-55.8600671, -23.1739857], [-55.863947, -23.1683263], [-55.8246873, -23.1474041], [-55.8202154, -23.1082297], [-55.8130483, -23.1108821], [-55.8134643, -23.0983849], [-55.7996317, -23.0922622], [-55.7938489, -23.0780107], [-55.7725272, -23.0702079], [-55.7527997, -23.0465161], [-55.7128117, -23.0360747], [-55.6995665, -23.0185575], [-55.6622844, -23.0020213], [-55.613131, -23.0430262], [-55.615623, -23.081907], [-55.5985749, -23.1076651], [-55.5958798, -23.1505971], [-55.5696939, -23.142697], [-55.5419862, -23.1560996], [-55.5431465, -23.1806165], [-55.52356, -23.1973337], [-55.5312654, -23.2144112], [-55.5460208, -23.2204667], [-55.5374264, -23.2511314], [-55.5227203, -23.2597896], [-55.5531318, -23.2796135], [-55.5493832, -23.303789], [-55.5558141, -23.316532], [-55.5345774, -23.3333376], [-55.5193779, -23.3651449], [-55.504459, -23.3769776], [-55.5155316, -23.409658], [-55.5445999, -23.4487081], [-55.5449937, -23.4772777], [-55.5621152, -23.4762127], [-55.5496424, -23.4957877], [-55.5443305, -23.5393202], [-55.5717526, -23.578636], [-55.5833402, -23.629161], [-55.5996326, -23.6526201], [-55.6303113, -23.6569964], [-55.6613285, -23.6770254], [-55.7011434, -23.6616751], [-55.7169559, -23.6631763], [-55.7293289, -23.6796273], [-55.7613313, -23.6984798], [-55.769984, -23.7363233], [-55.8061877, -23.7592061], [-55.8396941, -23.7632733], [-55.8573491, -23.7840416], [-55.8596972, -23.7996081], [-55.8844858, -23.8059198], [-55.8959708, -23.8203563], [-55.918286, -23.8172659], [-55.9313306, -23.8309022], [-55.9526664, -23.8123805], [-55.9872435, -23.8272977], [-56.0175027, -23.8298066], [-56.027889, -23.8211086], [-56.0207251, -23.8002603], [-55.9879889, -23.7840497], [-55.9750019, -23.7465432], [-55.976375, -23.7003408], [-55.9860932, -23.6861578], [-55.9808965, -23.6659921], [-55.9500344, -23.6528136], [-55.9521609, -23.6426735], [-55.9319095, -23.6245591], [-55.9358882, -23.6073207], [-55.9253551, -23.5809524], [-55.9331695, -23.5754794], [-55.9333697, -23.5565332], [-55.9037206, -23.4996395], [-55.9169261, -23.4755764], [-55.8945615, -23.4080152], [-55.8991898, -23.3921789], [-56.0302208, -23.3804816], [-56.0292893, -23.4022218], [-56.0541357, -23.381894], [-56.0698779, -23.3442022], [-56.069883, -23.343999]]]}}, {"id": "656", "type": "Feature", "properties": {"osm_id": "6604967", "name": "San Crist\u00f3bal", "code": 1208, "source": "OSM via Geofabrik", "admin_level": 8, "layer": "localidades"}, "geometry": {"type": "Polygon", "coordinates": [[[-55.5506397, -25.9969464], [-55.5340705, -25.9699932], [-55.5158442, -25.9018306], [-55.5269408, -25.8885936], [-55.5134546, -25.8736273], [-55.5132454, -25.861069], [-55.5296766, -25.8453506], [-55.521865, -25.8041035], [-55.5144262, -25.7856327], [-55.5021825, -25.7816972], [-55.4841117, -25.7574816], [-55.478251, -25.7272437], [-55.4657717, -25.7172812], [-55.4770738, -25.6804065], [-55.4603107, -25.6755088], [-55.4529193, -25.6541195], [-55.4271624, -25.6596704], [-55.4086822, -25.6238198], [-55.3914772, -25.6298266], [-55.3732931, -25.6199646], [-55.3698384, -25.6073684], [-55.3417288, -25.5894005], [-55.3389071, -25.5767435], [-55.3191339, -25.584388], [-55.3232967, -25.5792306], [-55.3040492, -25.5651009], [-55.2688049, -25.5696981], [-55.2639265, -25.5551806], [-55.259149, -25.5604455], [-55.2500938, -25.5542993], [-55.2526902, -25.5476591], [-55.235184, -25.5224797], [-55.2186294, -25.5221021], [-55.2134495, -25.536324], [-55.218311, -25.5927654], [-55.2284409, -25.5983502], [-55.2438805, -25.6716649], [-55.2695958, -25.6966854], [-55.2863962, -25.7846732], [-55.2744911, -25.7949593], [-55.2777521, -25.8150391], [-55.2690468, -25.8264457], [-55.2157814, -25.8424432], [-55.1915342, -25.8708047], [-55.1712555, -25.8699457], [-55.1582392, -25.8928891], [-55.1365777, -25.8993556], [-55.1441093, -25.9081524], [-55.1477142, -25.9020531], [-55.1713837, -25.9063502], [-55.1892079, -25.9198336], [-55.2072217, -25.9091751], [-55.221255, -25.9163742], [-55.2264745, -25.9084899], [-55.2314392, -25.9191267], [-55.2662864, -25.8944257], [-55.3099985, -25.9194379], [-55.3420676, -25.9197452], [-55.390485, -25.9041133], [-55.4047836, -25.9202145], [-55.4098332, -25.9428981], [-55.3922476, -25.9527711], [-55.3895272, -25.9662992], [-55.3660772, -25.9722293], [-55.3574035, -25.9927859], [-55.3648708, -26.0057992], [-55.3818277, -25.999946], [-55.3839788, -26.008581], [-55.3751866, -26.0092078], [-55.3845421, -26.0143904], [-55.3762133, -26.01759], [-55.3919364, -26.0351845], [-55.4062895, -26.0181699], [-55.409721, -25.9984193], [-55.4266335, -25.9972879], [-55.4313381, -26.0097367], [-55.4372368, -25.9995651], [-55.457834, -26.0032802], [-55.460352, -25.9890445], [-55.4650084, -25.9980127], [-55.5062715, -25.985886], [-55.5187384, -25.9879113], [-55.5254761, -25.9982779], [-55.5505715, -25.9969096], [-55.5506397, -25.9969464]]]}}, {"id": "658", "type": "Feature", "properties": {"osm_id": "6604965", "name": "Naranjal", "code": 1208, "source": "OSM via Geofabrik", "admin_level": 8, "layer": "localidades"}, "geometry": {"type": "Polygon", "coordinates": [[[-55.4098539, -25.942474], [-55.399447, -25.9101889], [-55.3882588, -25.9036778], [-55.3420676, -25.9197452], [-55.3099985, -25.9194379], [-55.2662864, -25.8944257], [-55.2314392, -25.9191267], [-55.2264745, -25.9084899], [-55.221255, -25.9163742], [-55.2072217, -25.9091751], [-55.1892079, -25.9198336], [-55.1614847, -25.9030279], [-55.1441093, -25.9081524], [-55.1281985, -25.8980913], [-55.123392, -25.9091464], [-55.0871677, -25.9006417], [-55.0869139, -25.9106326], [-55.0759989, -25.9172164], [-55.0596857, -25.9055251], [-55.0526728, -25.9212569], [-55.0409907, -25.9231605], [-55.0421119, -25.9356557], [-55.0266034, -25.9335475], [-55.0204933, -25.9473102], [-55.0116082, -25.9485376], [-55.0148215, -25.9584883], [-55.0246974, -25.959424], [-55.0266087, -25.9726173], [-55.0131103, -25.9755371], [-55.0126291, -25.9698298], [-55.009897, -25.9823463], [-54.9883068, -25.9854496], [-54.9981811, -25.9938227], [-54.9961067, -26.009225], [-55.0075527, -26.0100323], [-55.0090977, -26.0269387], [-55.0255935, -26.0053997], [-55.0333719, -26.0137209], [-55.0218276, -26.0274791], [-55.0340263, -26.026515], [-55.0299386, -26.0375147], [-55.0429527, -26.0366086], [-55.0462357, -26.0526099], [-55.0648824, -26.0465952], [-55.05675, -26.0348733], [-55.0751687, -26.0385809], [-55.0686805, -26.0453421], [-55.0737203, -26.0523072], [-55.0857366, -26.0438248], [-55.0771965, -26.0423114], [-55.0796131, -26.0362712], [-55.0903312, -26.0304484], [-55.0983564, -26.0355482], [-55.088325, -26.0471543], [-55.1083128, -26.0375436], [-55.1117567, -26.0509424], [-55.1188056, -26.0514243], [-55.115941, -26.0616405], [-55.1299578, -26.0553565], [-55.1363426, -26.0693478], [-55.1515169, -26.0760803], [-55.1471836, -26.0936688], [-55.1800936, -26.1847661], [-55.2055886, -26.2338177], [-55.2302241, -26.244859], [-55.2609578, -26.2355362], [-55.2627734, -26.2166691], [-55.2903041, -26.1953747], [-55.2935925, -26.1705168], [-55.3038806, -26.1627215], [-55.2965775, -26.1488282], [-55.322636, -26.1339817], [-55.3142628, -26.1257504], [-55.3225436, -26.1176096], [-55.3131597, -26.1186962], [-55.311857, -26.1083628], [-55.2966242, -26.1028259], [-55.2994025, -26.0879185], [-55.2883914, -26.0835861], [-55.2897408, -26.0950622], [-55.2815299, -26.0961607], [-55.2683206, -26.0777001], [-55.2505871, -26.0783708], [-55.253323, -26.0419386], [-55.2739009, -26.0404445], [-55.2830741, -26.0526188], [-55.2943716, -26.0387383], [-55.3052399, -26.0423435], [-55.3221168, -26.0197608], [-55.3301366, -26.0200355], [-55.3254918, -26.012017], [-55.3445078, -26.0020626], [-55.3405604, -25.9940911], [-55.3574383, -25.9930223], [-55.3660772, -25.9722293], [-55.3895272, -25.9662992], [-55.3922476, -25.9527711], [-55.4098327, -25.9426543], [-55.4098539, -25.942474]]]}}, {"id": "659", "type": "Feature", "properties": {"osm_id": "6604962", "name": "Iru\u00f1a", "code": 1208, "source": "OSM via Geofabrik", "admin_level": 8, "layer": "localidades"}, "geometry": {"type": "Polygon", "coordinates": [[[-55.2057511, -26.2308298], [-55.1601113, -26.1354363], [-55.1597284, -26.1152262], [-55.1470415, -26.0930843], [-55.1515169, -26.0760803], [-55.1362782, -26.0692804], [-55.1357739, -26.0592957], [-55.115941, -26.0616405], [-55.1188056, -26.0514243], [-55.1117567, -26.0509424], [-55.1083128, -26.0375436], [-55.088325, -26.0471543], [-55.0983564, -26.0355482], [-55.0901489, -26.0304291], [-55.0737203, -26.0523072], [-55.0686805, -26.0453421], [-55.0751687, -26.0385809], [-55.05675, -26.0348733], [-55.0648824, -26.0465952], [-55.0462357, -26.0526099], [-55.0429527, -26.0366086], [-55.0299386, -26.0375147], [-55.0340263, -26.026515], [-55.0218276, -26.0274791], [-55.0335221, -26.0142127], [-55.0260762, -26.0054479], [-55.014446, -26.0260565], [-55.0089974, -26.0268401], [-55.0074883, -26.0099311], [-54.9955364, -26.0061705], [-54.9876639, -26.0073512], [-54.9822029, -26.0209848], [-54.9755489, -26.013947], [-54.9799901, -25.9961369], [-54.9656735, -26.0011643], [-54.963914, -25.9920803], [-54.9569338, -25.9923373], [-54.9508034, -26.0052914], [-54.944027, -25.9788359], [-54.9365177, -25.9805697], [-54.9211347, -26.0316933], [-54.9345313, -26.04335], [-54.9352484, -26.0552387], [-54.961826, -26.0686593], [-54.9590127, -26.0791712], [-54.9818322, -26.1070856], [-54.8889421, -26.1359018], [-54.8707223, -26.1902796], [-54.8934522, -26.1923993], [-54.8985583, -26.1996755], [-54.9115625, -26.1816934], [-54.9172166, -26.1907723], [-54.9105478, -26.1946359], [-54.9195761, -26.2025057], [-54.9029043, -26.2075178], [-54.9174741, -26.2124991], [-54.9083682, -26.2203369], [-54.9154034, -26.2289768], [-54.927494, -26.225621], [-54.9211854, -26.2244998], [-54.9271721, -26.2125936], [-54.9346877, -26.2188741], [-54.9467425, -26.2059104], [-54.9480459, -26.2174561], [-54.9586988, -26.2180367], [-54.9498966, -26.238538], [-54.9693158, -26.2268161], [-54.9738318, -26.231203], [-54.9661446, -26.2377472], [-54.9826402, -26.2428475], [-54.9819804, -26.2308422], [-54.9910409, -26.2234314], [-55.011297, -26.2361593], [-55.0368099, -26.2222334], [-55.0414072, -26.2275173], [-55.0354903, -26.2378386], [-55.0505106, -26.2398162], [-55.0588523, -26.2305489], [-55.0681113, -26.2432709], [-55.0788941, -26.2296516], [-55.101876, -26.2248661], [-55.1025008, -26.2146608], [-55.1234927, -26.2194948], [-55.1396064, -26.2062726], [-55.1678556, -26.2168988], [-55.1841474, -26.213549], [-55.2057479, -26.2313077], [-55.2057511, -26.2308298]]]}}, {"id": "660", "type": "Feature", "properties": {"osm_id": "6552055", "name": "Santa Fe del Paran\u00e1", "code": 1208, "source": "OSM via Geofabrik", "admin_level": 8, "layer": "localidades"}, "geometry": {"type": "Polygon", "coordinates": [[[-54.8749278, -25.2532824], [-54.8638922, -25.2272509], [-54.8665284, -25.2124535], [-54.7761924, -25.1302803], [-54.7232197, -25.1124112], [-54.7075482, -25.0907697], [-54.6896383, -25.0866772], [-54.6722898, -25.0959175], [-54.6483965, -25.0773556], [-54.6060819, -25.0957786], [-54.5933061, -25.0838778], [-54.566514, -25.0764227], [-54.487287, -25.0947043], [-54.4814711, -25.0671373], [-54.4749038, -25.0695644], [-54.4584765, -25.081454], [-54.4595218, -25.1020627], [-54.4458725, -25.1139142], [-54.4245282, -25.1580649], [-54.430764, -25.1701168], [-54.4478334, -25.1687803], [-54.4617163, -25.1865348], [-54.4914035, -25.2782258], [-54.5379103, -25.3459957], [-54.550348, -25.2883159], [-54.5848389, -25.2942158], [-54.6198891, -25.2869674], [-54.6307025, -25.2792971], [-54.6346177, -25.2613416], [-54.6458971, -25.2615102], [-54.6533546, -25.2502129], [-54.6839478, -25.2614048], [-54.7014442, -25.2460988], [-54.7235345, -25.2825365], [-54.8281352, -25.2800578], [-54.8685527, -25.2570904], [-54.8749278, -25.2532824]]]}}, {"id": "681", "type": "Feature", "properties": {"osm_id": "3706499", "name": "Aregu\u00e1", "code": 1208, "source": "OSM via Geofabrik", "admin_level": 8, "layer": "localidades"}, "geometry": {"type": "Polygon", "coordinates": [[[-57.4477018, -25.2885049], [-57.4253142, -25.2586904], [-57.3929447, -25.2571612], [-57.3498121, -25.2274224], [-57.3278498, -25.2478276], [-57.3412023, -25.2818945], [-57.330894, -25.3096426], [-57.3680491, -25.338273], [-57.3730817, -25.3532646], [-57.3901168, -25.3475448], [-57.3988959, -25.3588771], [-57.4217472, -25.3454257], [-57.4468221, -25.3046166], [-57.4476546, -25.2885992], [-57.4477018, -25.2885049]]]}}, {"id": "682", "type": "Feature", "properties": {"osm_id": "6552049", "name": "Mbaracay\u00fa", "code": 1208, "source": "OSM via Geofabrik", "admin_level": 8, "layer": "localidades"}, "geometry": {"type": "Polygon", "coordinates": [[[-54.9678344, -25.1376116], [-54.9496153, -25.0593023], [-54.8921801, -25.0021031], [-54.8515051, -25.0020722], [-54.8420015, -24.9780593], [-54.8157713, -24.9540797], [-54.790414, -24.939849], [-54.7801988, -24.9420576], [-54.7818755, -24.9517006], [-54.7678268, -24.9515448], [-54.738085, -24.8875581], [-54.7251169, -24.8751926], [-54.6762528, -24.8789993], [-54.6538982, -24.854662], [-54.6393756, -24.8636335], [-54.6234111, -24.8899525], [-54.5782642, -24.8673715], [-54.5041065, -24.9003851], [-54.4864254, -24.8840351], [-54.4178325, -24.8930322], [-54.4636059, -25.0568336], [-54.4584765, -25.081454], [-54.4814711, -25.0671373], [-54.487287, -25.0947043], [-54.566514, -25.0764227], [-54.5933061, -25.0838778], [-54.6060819, -25.0957786], [-54.6483965, -25.0773556], [-54.6722898, -25.0959175], [-54.6896383, -25.0866772], [-54.7075482, -25.0907697], [-54.7232197, -25.1124112], [-54.7761924, -25.1302803], [-54.8665284, -25.2124535], [-54.8638922, -25.2272509], [-54.8749278, -25.2532824], [-54.8753499, -25.2084011], [-54.8634314, -25.1755071], [-54.8730189, -25.1649213], [-54.877811, -25.1387307], [-54.9030793, -25.1637879], [-54.9418718, -25.1810946], [-54.9678156, -25.1380474], [-54.9678344, -25.1376116]]]}}, {"id": "683", "type": "Feature", "properties": {"osm_id": "6552054", "name": "San Alberto", "code": 1208, "source": "OSM via Geofabrik", "admin_level": 8, "layer": "localidades"}, "geometry": {"type": "Polygon", "coordinates": [[[-55.0708849, -24.9926707], [-55.0592809, -24.978123], [-55.0546944, -24.9422033], [-55.0471012, -24.9394949], [-55.0290744, -24.848289], [-54.9865162, -24.867718], [-54.9786859, -24.8837625], [-54.9670239, -24.8816892], [-54.8990181, -24.9438081], [-54.8692887, -24.9245642], [-54.8645036, -24.9094114], [-54.840203, -24.8960263], [-54.8283652, -24.8763606], [-54.791, -24.86425], [-54.7951537, -24.8479807], [-54.7370397, -24.8550293], [-54.7073996, -24.8757175], [-54.7046038, -24.8688282], [-54.7203839, -24.8495026], [-54.7387147, -24.8462927], [-54.74025, -24.8395], [-54.7322071, -24.845146], [-54.7243432, -24.8378734], [-54.71725, -24.8495], [-54.6791642, -24.8716655], [-54.6991213, -24.8495], [-54.69425, -24.84025], [-54.6825798, -24.85961], [-54.6654151, -24.7750566], [-54.6759091, -24.7840388], [-54.7227366, -24.7823001], [-54.7565982, -24.7638812], [-54.7277367, -24.7545544], [-54.7234086, -24.7327887], [-54.6819126, -24.6933246], [-54.6549656, -24.7012619], [-54.6553411, -24.7142347], [-54.6319437, -24.7001361], [-54.6342719, -24.7096003], [-54.6149385, -24.7070662], [-54.6085119, -24.6956425], [-54.5579469, -24.6893649], [-54.556874, -24.7003798], [-54.537389, -24.6913727], [-54.5253727, -24.7028357], [-54.5049879, -24.6989369], [-54.4989368, -24.718274], [-54.4779512, -24.7057208], [-54.4750759, -24.7263823], [-54.4463655, -24.7194045], [-54.4428035, -24.6976112], [-54.424822, -24.7001065], [-54.4240925, -24.6859138], [-54.4164964, -24.6810005], [-54.3420453, -24.706569], [-54.3878789, -24.7843703], [-54.4178325, -24.8930322], [-54.4864254, -24.8840351], [-54.5041065, -24.9003851], [-54.5782642, -24.8673715], [-54.6234111, -24.8899525], [-54.6393756, -24.8636335], [-54.6538982, -24.854662], [-54.6762528, -24.8789993], [-54.7215595, -24.8736212], [-54.738085, -24.8875581], [-54.7678268, -24.9515448], [-54.7818755, -24.9517006], [-54.7801988, -24.9420576], [-54.790414, -24.939849], [-54.8157713, -24.9540797], [-54.8420015, -24.9780593], [-54.8515051, -25.0020722], [-54.8921801, -25.0021031], [-54.9399003, -25.0540204], [-54.9748192, -25.0717514], [-54.9757993, -25.0506274], [-55.000709, -25.0232714], [-55.0246021, -25.0124429], [-55.0492686, -25.0136515], [-55.0682496, -24.9941677], [-55.0708849, -24.9926707]]]}}, {"id": "689", "type": "Feature", "properties": {"osm_id": "9884789", "name": "Cambyret\u00e1", "code": 1208, "source": "OSM via Geofabrik", "admin_level": 8, "layer": "localidades"}, "geometry": {"type": "Polygon", "coordinates": [[[-55.8548786, -27.3368953], [-55.8501822, -27.322187], [-55.8278616, -27.3315609], [-55.8101913, -27.3206445], [-55.8192369, -27.3125384], [-55.7982001, -27.2903595], [-55.8067422, -27.2399125], [-55.6613946, -27.3702501], [-55.6879618, -27.3832087], [-55.732441, -27.4426674], [-55.7767012, -27.4436818], [-55.8151491, -27.4166829], [-55.7957931, -27.3975321], [-55.7977115, -27.3831268], [-55.8223889, -27.3604449], [-55.8468094, -27.3548143], [-55.8548539, -27.3369596], [-55.8548786, -27.3368953]]]}}, {"id": "690", "type": "Feature", "properties": {"osm_id": "10021232", "name": "Fram", "code": 1208, "source": "OSM via Geofabrik", "admin_level": 8, "layer": "localidades"}, "geometry": {"type": "Polygon", "coordinates": [[[-56.1204541, -27.0232795], [-56.1190306, -27.0123387], [-56.0857553, -27.0028628], [-56.0647496, -26.9767683], [-56.0424305, -26.9733735], [-56.0201036, -26.9793536], [-56.0024508, -26.9955187], [-55.9869088, -26.9896731], [-55.8855571, -27.0816262], [-55.8855766, -27.089654], [-55.9173434, -27.1037426], [-55.9258069, -27.1347372], [-55.9496432, -27.1510199], [-55.9610377, -27.1726534], [-55.9781007, -27.1771212], [-56.1179399, -27.0541226], [-56.1204356, -27.0233564], [-56.1204541, -27.0232795]]]}}, {"id": "691", "type": "Feature", "properties": {"osm_id": "10021227", "name": "Capit\u00e1n Miranda", "code": 1208, "source": "OSM via Geofabrik", "admin_level": 8, "layer": "localidades"}, "geometry": {"type": "Polygon", "coordinates": [[[-55.9274266, -27.1323602], [-55.9173434, -27.1037426], [-55.906782, -27.0937104], [-55.8881481, -27.0914344], [-55.8840497, -27.0785082], [-55.8738071, -27.075652], [-55.7169456, -27.2167216], [-55.7457365, -27.2426071], [-55.6883463, -27.2938036], [-55.717068, -27.3195077], [-55.79672, -27.2487212], [-55.802816, -27.2679365], [-55.8107676, -27.2613423], [-55.8183643, -27.2671698], [-55.8197466, -27.2439228], [-55.8267896, -27.2400305], [-55.8221648, -27.2264256], [-55.9274105, -27.1324605], [-55.9274266, -27.1323602]]]}}, {"id": "692", "type": "Feature", "properties": {"osm_id": "10021199", "name": "Nueva Alborada", "code": 1208, "source": "OSM via Geofabrik", "admin_level": 8, "layer": "localidades"}, "geometry": {"type": "Polygon", "coordinates": [[[-55.7457365, -27.2426071], [-55.6993767, -27.206932], [-55.7056685, -27.2015137], [-55.6914698, -27.1885827], [-55.69225, -27.1798189], [-55.6744768, -27.1810061], [-55.6533092, -27.1627009], [-55.6263831, -27.1531738], [-55.620787, -27.1419918], [-55.6156013, -27.1519937], [-55.6211722, -27.160357], [-55.6131366, -27.1663575], [-55.6202306, -27.2048001], [-55.5770235, -27.2444198], [-55.5808643, -27.2628696], [-55.6005839, -27.2786863], [-55.5910095, -27.3184916], [-55.5989379, -27.336115], [-55.6613946, -27.3702501], [-55.717068, -27.3195077], [-55.6883463, -27.2938036], [-55.7436511, -27.2444776], [-55.7457365, -27.2426071]]]}}, {"id": "705", "type": "Feature", "properties": {"osm_id": "6601479", "name": "Guarambar\u00e9", "code": 1208, "source": "OSM via Geofabrik", "admin_level": 8, "layer": "localidades"}, "geometry": {"type": "Polygon", "coordinates": [[[-57.4852575, -25.5076375], [-57.4626704, -25.4563496], [-57.4284426, -25.4591706], [-57.4237216, -25.4774612], [-57.4488953, -25.5273881], [-57.4653439, -25.5117288], [-57.4852101, -25.5076656], [-57.4852575, -25.5076375]]]}}, {"id": "722", "type": "Feature", "properties": {"osm_id": "6601484", "name": "Villeta", "code": 1208, "source": "OSM via Geofabrik", "admin_level": 8, "layer": "localidades"}, "geometry": {"type": "Polygon", "coordinates": [[[-57.8274128, -25.7591051], [-57.8162752, -25.7509033], [-57.7803809, -25.7611615], [-57.7639518, -25.7418722], [-57.7330796, -25.7251071], [-57.7281101, -25.7098172], [-57.7603078, -25.708961], [-57.7655751, -25.6916753], [-57.7337055, -25.6465833], [-57.7192398, -25.6444217], [-57.6871016, -25.6619432], [-57.6739362, -25.6587567], [-57.6740581, -25.5964095], [-57.6576387, -25.5959954], [-57.6286826, -25.6174119], [-57.611981, -25.6115502], [-57.6049129, -25.5688958], [-57.5796701, -25.568892], [-57.5690624, -25.546026], [-57.5807354, -25.5167502], [-57.5673949, -25.4820931], [-57.4884532, -25.4896596], [-57.478535, -25.4976818], [-57.4852575, -25.5076375], [-57.4653439, -25.5117288], [-57.4489052, -25.5273935], [-57.4237216, -25.4774612], [-57.4311983, -25.5234688], [-57.419871, -25.5366769], [-57.4270845, -25.5632276], [-57.4150315, -25.5994148], [-57.432379, -25.5884338], [-57.4573697, -25.5867636], [-57.499971, -25.5600033], [-57.5044342, -25.572502], [-57.5273124, -25.8104589], [-57.5212166, -25.8378724], [-57.522341, -25.9525497], [-57.5335572, -25.9425413], [-57.542679, -25.9476919], [-57.5830578, -25.8997852], [-57.5965222, -25.9030685], [-57.6101478, -25.8929808], [-57.6009103, -25.866281], [-57.6123901, -25.8688779], [-57.6172074, -25.8795545], [-57.6303513, -25.8743172], [-57.624927, -25.8638723], [-57.6355325, -25.867063], [-57.6412885, -25.8543674], [-57.6645795, -25.8683502], [-57.6808443, -25.8572274], [-57.6869893, -25.8614271], [-57.6925602, -25.8463761], [-57.7141205, -25.8516691], [-57.7274476, -25.8445244], [-57.7310939, -25.8314535], [-57.7352648, -25.8375401], [-57.7466615, -25.8331145], [-57.7394517, -25.831975], [-57.7452962, -25.8146427], [-57.7386941, -25.8103661], [-57.7535141, -25.7912276], [-57.7400398, -25.7830606], [-57.7450581, -25.768693], [-57.7566154, -25.7680114], [-57.7559676, -25.7768533], [-57.7657384, -25.7802241], [-57.7585382, -25.7926626], [-57.7654521, -25.7997654], [-57.7788367, -25.8036082], [-57.7923804, -25.7970322], [-57.7861001, -25.8285017], [-57.806325, -25.8391597], [-57.7964759, -25.8101683], [-57.8262616, -25.7624872], [-57.8274128, -25.7591051]]]}}, {"id": "723", "type": "Feature", "properties": {"osm_id": "2294368", "name": "Formosa", "code": 1208, "source": "OSM via Geofabrik", "admin_level": 8, "layer": "localidades"}, "geometry": {"type": "Polygon", "coordinates": [[[-58.3342335, -26.1389416], [-58.1899167, -26.0959633], [-58.1056649, -26.1390822], [-58.1215382, -26.1577492], [-58.1196942, -26.1863617], [-58.1444531, -26.1787017], [-58.1597514, -26.1826897], [-58.1077358, -26.2178472], [-58.1083077, -26.2398716], [-58.1612941, -26.262191], [-58.1679471, -26.285827], [-58.2638234, -26.3116251], [-58.3272278, -26.1561333], [-58.3342335, -26.1389416]]]}}, {"id": "731", "type": "Feature", "properties": {"osm_id": "14766794", "name": "Ciudad de Arroyo Pora-Sub Urbano", "code": 1208, "source": "OSM via Geofabrik", "admin_level": 8, "layer": "localidades"}, "geometry": {"type": "Polygon", "coordinates": [[[-56.9957437, -25.6506297], [-56.9871524, -25.6401745], [-56.9819762, -25.6485576], [-56.9937547, -25.6508179], [-56.9957437, -25.6506297]]]}}, {"id": "740", "type": "Feature", "properties": {"osm_id": "6590350", "name": "Nanawa", "code": 1208, "source": "OSM via Geofabrik", "admin_level": 8, "layer": "localidades"}, "geometry": {"type": "Polygon", "coordinates": [[[-57.7233705, -25.2726259], [-57.705727, -25.2699733], [-57.6896273, -25.2850255], [-57.6724636, -25.2756586], [-57.6736232, -25.3170678], [-57.6460968, -25.3531569], [-57.6473646, -25.3720309], [-57.6785351, -25.3459851], [-57.6927468, -25.3225554], [-57.7029502, -25.3221779], [-57.6979415, -25.3082988], [-57.7071757, -25.3000771], [-57.6944601, -25.2859321], [-57.7052825, -25.2915796], [-57.7031572, -25.2824768], [-57.7136835, -25.2834236], [-57.7116027, -25.2730307], [-57.7214932, -25.2779129], [-57.7233471, -25.2728321], [-57.7233705, -25.2726259]]]}}, {"id": "741", "type": "Feature", "properties": {"osm_id": "3654543", "name": "Asunci\u00f3n", "code": 1208, "source": "OSM via Geofabrik", "admin_level": 8, "layer": "localidades"}, "geometry": {"type": "Polygon", "coordinates": [[[-57.6736249, -25.3153946], [-57.667519, -25.2795108], [-57.5950543, -25.2420771], [-57.5772552, -25.2188299], [-57.5249286, -25.2432112], [-57.542516, -25.2720497], [-57.5431535, -25.2962084], [-57.5861729, -25.3414365], [-57.615997, -25.3137262], [-57.634035, -25.3380885], [-57.6429976, -25.3811854], [-57.6466332, -25.3507427], [-57.6736232, -25.3170678], [-57.6736249, -25.3153946]]]}}, {"id": "747", "type": "Feature", "properties": {"osm_id": "6601482", "name": "Nueva Italia", "code": 1208, "source": "OSM via Geofabrik", "admin_level": 8, "layer": "localidades"}, "geometry": {"type": "Polygon", "coordinates": [[[-57.534463, -25.9849225], [-57.5178071, -25.9763268], [-57.5332049, -25.9655436], [-57.5164732, -25.955091], [-57.522341, -25.9525497], [-57.5212166, -25.8378724], [-57.5273124, -25.8104589], [-57.5011418, -25.5599321], [-57.4573697, -25.5867636], [-57.4138439, -25.5985738], [-57.3937156, -25.61891], [-57.4215126, -25.6470522], [-57.416626, -25.6945158], [-57.4361879, -25.7015579], [-57.4268582, -25.7009039], [-57.4579845, -25.7322188], [-57.4682093, -25.7561491], [-57.45738, -25.7720589], [-57.4632523, -25.7792563], [-57.4525509, -25.8295616], [-57.442906, -25.8446247], [-57.4230036, -25.8540648], [-57.4165232, -25.8905283], [-57.4760497, -25.9722931], [-57.4996187, -26.025117], [-57.4983684, -25.9766608], [-57.5215989, -25.9892402], [-57.5344383, -25.9854956], [-57.534463, -25.9849225]]]}}, {"id": "751", "type": "Feature", "properties": {"osm_id": "6613499", "name": "Ypejh\u00fa", "code": 1208, "source": "OSM via Geofabrik", "admin_level": 8, "layer": "localidades"}, "geometry": {"type": "Polygon", "coordinates": [[[-56.0257001, -23.8285726], [-55.7250919, -23.9041564], [-55.7012104, -23.8987141], [-55.6783859, -23.8608612], [-55.6379003, -23.8524846], [-55.6108306, -23.8269389], [-55.5392183, -23.795686], [-55.5281622, -23.8024215], [-55.504318, -23.7983226], [-55.4415942, -23.8293075], [-55.4356985, -23.8729163], [-55.4462518, -23.9168034], [-55.4278872, -23.9263579], [-55.4325751, -23.9405744], [-55.4197204, -23.9436522], [-55.413995, -23.9647587], [-55.4274312, -23.971693], [-55.5068663, -23.8837929], [-55.5326421, -23.8730689], [-55.5507762, -23.884565], [-55.5732062, -23.8818577], [-55.6004855, -23.9188492], [-55.6167196, -23.915691], [-55.6765614, -23.9462992], [-55.6807012, -23.9795453], [-55.7032655, -23.9939656], [-55.7209245, -24.023342], [-55.7407252, -24.029796], [-55.7576531, -24.0251885], [-55.769936, -24.0349823], [-55.7789447, -24.0246553], [-55.7938248, -24.024552], [-55.8004601, -24.0368861], [-55.8240692, -24.0445423], [-55.8419909, -24.0684214], [-55.8539992, -24.0630309], [-55.8685914, -24.0691883], [-55.8894161, -24.0488796], [-55.9177601, -24.0620512], [-55.9617376, -24.0483941], [-55.9629499, -24.0349805], [-55.9771987, -24.0284694], [-56.000691, -23.9316852], [-56.0257001, -23.8285726]]]}}, {"id": "758", "type": "Feature", "properties": {"osm_id": "6552047", "name": "Hernandarias", "code": 1208, "source": "OSM via Geofabrik", "admin_level": 8, "layer": "localidades"}, "geometry": {"type": "Polygon", "coordinates": [[[-55.0245845, -25.2296246], [-54.982056, -25.2046898], [-54.9761226, -25.1682314], [-54.9558577, -25.1621311], [-54.9418718, -25.1810946], [-54.9030793, -25.1637879], [-54.8789204, -25.1381924], [-54.8634314, -25.1755071], [-54.8753499, -25.2084011], [-54.8702877, -25.2317619], [-54.8776838, -25.2517384], [-54.8309429, -25.2789815], [-54.7235345, -25.2825365], [-54.7014442, -25.2460988], [-54.6839478, -25.2614048], [-54.6533546, -25.2502129], [-54.6458971, -25.2615102], [-54.6346177, -25.2613416], [-54.6274398, -25.283343], [-54.5848389, -25.2942158], [-54.5543564, -25.2865459], [-54.541166, -25.3079529], [-54.5379103, -25.3459957], [-54.5828462, -25.3915863], [-54.604509, -25.4419449], [-54.6194135, -25.453118], [-54.6175719, -25.4693831], [-54.6017705, -25.4855085], [-54.6014456, -25.5030887], [-54.63246, -25.4901099], [-54.6391982, -25.4771611], [-54.6278133, -25.4746142], [-54.6260283, -25.4623936], [-54.6382397, -25.4587543], [-54.6435807, -25.4441269], [-54.6531743, -25.4451142], [-54.6684521, -25.4685184], [-54.6797818, -25.4593743], [-54.6701688, -25.442789], [-54.6830434, -25.4325578], [-54.7103375, -25.4434091], [-54.7110242, -25.4244961], [-54.6708554, -25.4190697], [-54.698608, -25.3951745], [-54.7117798, -25.4181407], [-54.7239592, -25.4055921], [-54.7258421, -25.386714], [-54.7387714, -25.4060747], [-54.7194048, -25.4190749], [-54.7385247, -25.4124572], [-54.7484853, -25.4274488], [-54.754428, -25.4230672], [-54.7519475, -25.4059953], [-54.7600843, -25.4022893], [-54.7625272, -25.4232445], [-54.776803, -25.4214693], [-54.7843175, -25.4303363], [-54.7778222, -25.4165098], [-54.7821975, -25.4067812], [-54.796999, -25.4267367], [-54.7963681, -25.4143023], [-54.8109025, -25.4006446], [-54.8341304, -25.4075556], [-54.8374317, -25.3938195], [-54.8545806, -25.3985076], [-54.8449845, -25.3673429], [-54.8711384, -25.3567915], [-54.8831633, -25.3667151], [-54.900087, -25.3633821], [-54.8957137, -25.3765306], [-54.9081774, -25.3730748], [-54.9097985, -25.3637416], [-54.8919835, -25.3515695], [-54.9082967, -25.3490137], [-54.9018379, -25.3353981], [-54.9197819, -25.3385612], [-54.9169828, -25.3490292], [-54.9266344, -25.3555039], [-54.950371, -25.3468831], [-54.9391299, -25.3443074], [-54.9409967, -25.3239339], [-54.9488579, -25.316661], [-54.9635916, -25.3182121], [-54.9635809, -25.3062147], [-54.9549335, -25.30443], [-54.9772274, -25.2785104], [-54.972614, -25.2687698], [-54.9653833, -25.27267], [-54.9650615, -25.2496742], [-54.9747684, -25.2480406], [-54.9703288, -25.2584946], [-54.9802637, -25.2637342], [-54.9915612, -25.2576311], [-54.9840939, -25.2468892], [-54.9950888, -25.2411797], [-54.9936833, -25.2491565], [-55.0035539, -25.251893], [-55.0023007, -25.2409987], [-55.0171602, -25.2441818], [-55.012536, -25.233759], [-55.0244021, -25.230731], [-55.0245845, -25.2296246]]]}}, {"id": "763", "type": "Feature", "properties": {"osm_id": "11569578", "name": "Colonia Wanda", "code": 1208, "source": "OSM via Geofabrik", "admin_level": 8, "layer": "localidades"}, "geometry": {"type": "Polygon", "coordinates": [[[-54.6046146, -25.9653374], [-54.5958802, -25.9554071], [-54.5713888, -25.9676265], [-54.5528592, -25.9605532], [-54.556363, -25.982277], [-54.5725144, -25.9799598], [-54.5823395, -25.9945447], [-54.590935, -25.979765], [-54.5818318, -25.9803325], [-54.5792521, -25.9640258], [-54.594766, -25.9593956], [-54.5823632, -25.967217], [-54.5888873, -25.9744829], [-54.6037586, -25.9658746], [-54.6046146, -25.9653374]]]}}, {"id": "764", "type": "Feature", "properties": {"osm_id": "6552045", "name": "Ciudad del Este", "code": 1208, "source": "OSM via Geofabrik", "admin_level": 8, "layer": "localidades"}, "geometry": {"type": "Polygon", "coordinates": [[[-54.7402209, -25.5977374], [-54.7298118, -25.5849225], [-54.7362389, -25.5831135], [-54.7190658, -25.4155699], [-54.7390021, -25.4047945], [-54.7266951, -25.3871501], [-54.7149781, -25.4169042], [-54.7001154, -25.394906], [-54.6698397, -25.414376], [-54.6753093, -25.4241224], [-54.6929997, -25.4187597], [-54.7110242, -25.4244961], [-54.7103375, -25.4434091], [-54.6830434, -25.4325578], [-54.6701688, -25.442789], [-54.6797818, -25.4593743], [-54.6684521, -25.4685184], [-54.6531743, -25.4451142], [-54.6435807, -25.4441269], [-54.6382397, -25.4587543], [-54.6260283, -25.4623936], [-54.6278133, -25.4746142], [-54.6391982, -25.4771611], [-54.63246, -25.4901099], [-54.6014456, -25.5030887], [-54.5941445, -25.5551128], [-54.6174154, -25.5379293], [-54.693204, -25.5388064], [-54.7039614, -25.5459792], [-54.7072302, -25.5741812], [-54.7185384, -25.5791202], [-54.7285517, -25.6001335], [-54.7400176, -25.5984877], [-54.7402209, -25.5977374]]]}}, {"id": "766", "type": "Feature", "properties": {"osm_id": "6604966", "name": "Presidente Franco", "code": 1208, "source": "OSM via Geofabrik", "admin_level": 8, "layer": "localidades"}, "geometry": {"type": "Polygon", "coordinates": [[[-54.7118834, -25.5761266], [-54.7039614, -25.5459792], [-54.693204, -25.5388064], [-54.6174154, -25.5379293], [-54.5941445, -25.5551128], [-54.5981448, -25.6231466], [-54.5810797, -25.6582452], [-54.5957794, -25.6691434], [-54.6452184, -25.6611258], [-54.7118412, -25.5763705], [-54.7118834, -25.5761266]]]}}, {"id": "768", "type": "Feature", "properties": {"osm_id": "3698016", "name": "Limpio", "code": 1208, "source": "OSM via Geofabrik", "admin_level": 8, "layer": "localidades"}, "geometry": {"type": "Polygon", "coordinates": [[[-57.546804, -25.1841215], [-57.5372479, -25.1646311], [-57.5431609, -25.1487589], [-57.533123, -25.119311], [-57.5143401, -25.1000774], [-57.4948239, -25.0960456], [-57.4448658, -25.1310862], [-57.4263087, -25.1331868], [-57.4342588, -25.1443077], [-57.4084667, -25.1537767], [-57.4064988, -25.1703248], [-57.3964611, -25.1681779], [-57.4158487, -25.1972162], [-57.4259773, -25.189464], [-57.4359936, -25.1925007], [-57.4487127, -25.212781], [-57.4738795, -25.2209296], [-57.5006573, -25.2057788], [-57.5060995, -25.1829229], [-57.5005725, -25.1629234], [-57.5160708, -25.1536781], [-57.5447182, -25.183118], [-57.546804, -25.1841215]]]}}, {"id": "775", "type": "Feature", "properties": {"osm_id": "6601486", "name": "Ypan\u00e9", "code": 1208, "source": "OSM via Geofabrik", "admin_level": 8, "layer": "localidades"}, "geometry": {"type": "Polygon", "coordinates": [[[-57.5673949, -25.4820931], [-57.5550043, -25.442605], [-57.5446132, -25.4554322], [-57.512291, -25.4243171], [-57.5001112, -25.4227471], [-57.4652569, -25.4391348], [-57.4717787, -25.4464146], [-57.4593576, -25.4522221], [-57.478535, -25.4976818], [-57.4929471, -25.4880511], [-57.5672859, -25.4821008], [-57.5673949, -25.4820931]]]}}, {"id": "789", "type": "Feature", "properties": {"osm_id": "5158168", "name": "Salto del Guair\u00e1", "code": 1208, "source": "OSM via Geofabrik", "admin_level": 8, "layer": "localidades"}, "geometry": {"type": "Polygon", "coordinates": [[[-54.7324395, -23.8690895], [-54.7048545, -23.8642049], [-54.6987605, -23.8419111], [-54.6697791, -23.8126147], [-54.6463597, -23.833626], [-54.6167025, -23.8350686], [-54.6095077, -23.8514821], [-54.5843776, -23.8371943], [-54.5643941, -23.8542375], [-54.5685808, -23.874467], [-54.5388734, -23.8692829], [-54.5231374, -23.8736704], [-54.5148376, -23.8851584], [-54.4931621, -23.8850986], [-54.4870724, -23.9035999], [-54.4559395, -23.8992781], [-54.4278546, -23.9134787], [-54.4274213, -23.9265561], [-54.4337082, -23.9290103], [-54.4146041, -23.9582772], [-54.3940959, -23.965307], [-54.3836891, -23.9866861], [-54.3517114, -24.0077222], [-54.3459306, -24.0015775], [-54.3240619, -24.0039378], [-54.3099592, -24.0463152], [-54.2862316, -24.0682254], [-54.3141726, -24.1039838], [-54.3397901, -24.1226597], [-54.3453648, -24.147047], [-54.3300869, -24.1846901], [-54.3249714, -24.2424056], [-54.2772066, -24.2966217], [-54.258, -24.357], [-54.2804768, -24.4058675], [-54.3213301, -24.4547097], [-54.3351746, -24.5266496], [-54.384389, -24.5150174], [-54.4060827, -24.5263209], [-54.427755, -24.5198786], [-54.4521309, -24.52554], [-54.4645334, -24.5163645], [-54.4706703, -24.5264771], [-54.4886981, -24.5305576], [-54.5296514, -24.5004631], [-54.5443314, -24.5332061], [-54.552229, -24.5270839], [-54.5536941, -24.5363415], [-54.5643764, -24.5373133], [-54.5690873, -24.5252851], [-54.6038377, -24.5233004], [-54.6127581, -24.5119872], [-54.6256708, -24.5137661], [-54.6613388, -24.4965181], [-54.6510433, -24.4539598], [-54.5992919, -24.414328], [-54.57666, -24.379811], [-54.5470866, -24.3933845], [-54.539034, -24.389043], [-54.4997681, -24.4011164], [-54.486502, -24.3903418], [-54.4488697, -24.3873413], [-54.4898217, -24.354325], [-54.4987721, -24.3341225], [-54.4232635, -24.2982714], [-54.4335939, -24.2895017], [-54.4211005, -24.2770267], [-54.4215722, -24.2453962], [-54.4123219, -24.2348233], [-54.4407506, -24.2017184], [-54.4802349, -24.1828667], [-54.4799922, -24.162829], [-54.5035427, -24.1404913], [-54.526078, -24.1373303], [-54.5412342, -24.1187233], [-54.5428643, -24.0931005], [-54.6081388, -24.0426397], [-54.6124319, -24.0077054], [-54.6054286, -23.970101], [-54.6243757, -23.9688755], [-54.6360648, -23.9805413], [-54.6345789, -23.9737871], [-54.6518523, -23.9623952], [-54.6824207, -23.9789011], [-54.6945116, -23.969392], [-54.7152465, -23.9687505], [-54.7323112, -23.8692243], [-54.7324395, -23.8690895]]]}}, {"id": "790", "type": "Feature", "properties": {"osm_id": "6613493", "name": "La Paloma", "code": 1208, "source": "OSM via Geofabrik", "admin_level": 8, "layer": "localidades"}, "geometry": {"type": "Polygon", "coordinates": [[[-54.706573, -24.0290235], [-54.7020869, -23.9912534], [-54.6909307, -23.974472], [-54.6824207, -23.9789011], [-54.6518523, -23.9623952], [-54.6331841, -23.9805512], [-54.6243757, -23.9688755], [-54.6083898, -23.9676991], [-54.6081388, -24.0426397], [-54.5428643, -24.0931005], [-54.5412342, -24.1187233], [-54.526078, -24.1373303], [-54.5035427, -24.1404913], [-54.4799922, -24.162829], [-54.4802349, -24.1828667], [-54.4407506, -24.2017184], [-54.4124162, -24.2344187], [-54.4215722, -24.2453962], [-54.4211005, -24.2770267], [-54.4335939, -24.2895017], [-54.4232635, -24.2982714], [-54.4987721, -24.3341225], [-54.4898217, -24.354325], [-54.4488697, -24.3873413], [-54.486502, -24.3903418], [-54.5000835, -24.4010957], [-54.5547244, -24.3910799], [-54.5712729, -24.3781045], [-54.5792358, -24.384045], [-54.6025876, -24.3680688], [-54.5939967, -24.2909724], [-54.5773392, -24.2665272], [-54.5889994, -24.2680755], [-54.6155995, -24.1983063], [-54.6839151, -24.0895127], [-54.7064528, -24.029288], [-54.706573, -24.0290235]]]}}, {"id": "793", "type": "Feature", "properties": {"osm_id": "3809767", "name": "San Ignacio Guaz\u00fa", "code": 1208, "source": "OSM via Geofabrik", "admin_level": 8, "layer": "localidades"}, "geometry": {"type": "Polygon", "coordinates": [[[-57.4308278, -27.0573687], [-57.3697998, -26.9090096], [-57.270127, -26.7797789], [-57.2552166, -26.8073134], [-57.2344102, -26.8147714], [-57.2045107, -26.8123109], [-57.1726803, -26.794835], [-57.1371517, -26.8057806], [-57.1014697, -26.7987146], [-57.0792919, -26.7768157], [-57.0603942, -26.7721266], [-57.0010301, -26.7100433], [-56.989506, -26.7267469], [-56.9731965, -26.7318411], [-56.9974741, -26.7833658], [-56.9994349, -26.7965625], [-56.9888031, -26.8189185], [-56.9234163, -26.8485533], [-56.9157474, -26.842034], [-56.9072842, -26.8598272], [-56.9080601, -26.8677241], [-56.9160949, -26.8682945], [-56.9176672, -26.8915584], [-56.9372991, -26.9190792], [-56.9160483, -26.9340929], [-56.9235206, -26.9519813], [-56.9880005, -27.0012913], [-56.9582496, -27.0701279], [-56.9546438, -27.0977385], [-56.9661375, -27.1742577], [-57.0383524, -27.1600305], [-57.1240001, -27.1140923], [-57.1324562, -27.1245109], [-57.428686, -27.0601019], [-57.4308278, -27.0573687]], [[-57.0444848, -26.8839399], [-57.0393285, -26.9018718], [-57.0271652, -26.9053226], [-57.022351, -26.8946277], [-57.0065496, -26.8966492], [-57.009766, -26.884078], [-57.0031184, -26.875956], [-57.0144019, -26.8838024], [-57.030438, -26.8731762], [-57.0430201, -26.8840914], [-57.0444848, -26.8839399]]]}}, {"id": "797", "type": "Feature", "properties": {"osm_id": "16221211", "name": "Santa Rosa de Lima", "code": 1208, "source": "OSM via Geofabrik", "admin_level": 8, "layer": "localidades"}, "geometry": {"type": "Polygon", "coordinates": [[[-56.9880005, -27.0012913], [-56.9235206, -26.9519813], [-56.9160483, -26.9340929], [-56.9372991, -26.9190792], [-56.9176672, -26.8915584], [-56.9160949, -26.8682945], [-56.9080601, -26.8677241], [-56.9126923, -26.8384679], [-56.8452435, -26.8365518], [-56.8377711, -26.8262744], [-56.806828, -26.7475806], [-56.7800175, -26.7018216], [-56.7668112, -26.6305823], [-56.7530783, -26.6357995], [-56.7535933, -26.6287409], [-56.7390021, -26.6226026], [-56.7395171, -26.6290478], [-56.7271574, -26.6287409], [-56.731964, -26.6393287], [-56.7084463, -26.6523703], [-56.7022665, -26.6471538], [-56.6978033, -26.6585069], [-56.6749724, -26.6529839], [-56.666046, -26.6575865], [-56.664501, -26.6706259], [-56.6550597, -26.6700124], [-56.6579779, -26.661882], [-56.6365202, -26.6670978], [-56.6372069, -26.6815166], [-56.64476, -26.6784489], [-56.6464766, -26.6870382], [-56.6528281, -26.6859646], [-56.6476782, -26.6970072], [-56.6550968, -26.7197318], [-56.6620854, -26.7189766], [-56.6470456, -26.9244863], [-56.6891309, -26.9457045], [-56.7038569, -26.9657567], [-56.708341, -26.9587635], [-56.7273712, -26.9580587], [-56.7544517, -26.9668823], [-56.8331648, -26.9374072], [-56.8429367, -26.9547986], [-56.8296908, -26.9679853], [-56.8363993, -26.9814373], [-56.8491061, -26.985311], [-56.8576201, -27.0037394], [-56.8921724, -27.0330114], [-56.894411, -27.0739679], [-56.9058343, -27.0888547], [-56.9017699, -27.1083325], [-56.914819, -27.1285913], [-56.9213361, -27.161077], [-56.914496, -27.1724757], [-56.966552, -27.1734727], [-56.9546438, -27.0977385], [-56.9582496, -27.0701279], [-56.9880005, -27.0012913]]]}}, {"id": "798", "type": "Feature", "properties": {"osm_id": "11172485", "name": "Santa Rosa de Lima", "code": 1208, "source": "OSM via Geofabrik", "admin_level": 8, "layer": "localidades"}, "geometry": {"type": "Polygon", "coordinates": [[[-56.864922, -26.8798932], [-56.840825, -26.8770981], [-56.8386243, -26.8907347], [-56.8577653, -26.9006919], [-56.8642085, -26.8822102], [-56.864922, -26.8798932]]]}}, {"id": "819", "type": "Feature", "properties": {"osm_id": "6614170", "name": "Zanja Pyt\u00e1", "code": 1208, "source": "OSM via Geofabrik", "admin_level": 8, "layer": "localidades"}, "geometry": {"type": "Polygon", "coordinates": [[[-55.857878, -22.7623298], [-55.8377502, -22.7329486], [-55.8065269, -22.7272662], [-55.7987403, -22.6951188], [-55.7914942, -22.6912471], [-55.795394, -22.6842474], [-55.7678681, -22.653473], [-55.7461268, -22.6509063], [-55.7351983, -22.6299421], [-55.7134962, -22.6527659], [-55.655618, -22.6055291], [-55.6252518, -22.6282966], [-55.6091667, -22.6895522], [-55.6127145, -22.7391372], [-55.6266117, -22.7576026], [-55.6184744, -22.7676365], [-55.6353316, -22.7703074], [-55.6506342, -22.7916635], [-55.6658334, -22.852446], [-55.6611777, -22.8823452], [-55.6496601, -22.8907045], [-55.6474388, -22.9500329], [-55.634995, -22.9552724], [-55.6370265, -22.9645383], [-55.6220994, -22.9844061], [-55.6338771, -22.991828], [-55.6287626, -22.9984249], [-55.6368014, -23.0181785], [-55.6619802, -23.0020684], [-55.6761083, -23.0061386], [-55.6611849, -22.964045], [-55.6884115, -22.9225701], [-55.7525987, -22.9029639], [-55.7695628, -22.8893539], [-55.752178, -22.8521281], [-55.752474, -22.8260185], [-55.7758827, -22.8075802], [-55.7935479, -22.8107817], [-55.8152441, -22.8001374], [-55.8138959, -22.7829384], [-55.7968162, -22.7755017], [-55.8543071, -22.7739038], [-55.8577362, -22.7626706], [-55.857878, -22.7623298]]]}}, {"id": "850", "type": "Feature", "properties": {"osm_id": "14862632", "name": "Nueva Asunci\u00f3n", "code": 1208, "source": "OSM via Geofabrik", "admin_level": 8, "layer": "localidades"}, "geometry": {"type": "Polygon", "coordinates": [[[-57.7081517, -25.2639561], [-57.6891724, -25.2444571], [-57.6741199, -25.2454129], [-57.6710568, -25.2296524], [-57.6499415, -25.2053004], [-57.6267273, -25.1916627], [-57.5962696, -25.1872592], [-57.5657629, -25.1716003], [-57.546804, -25.1841215], [-57.5938967, -25.2412221], [-57.6689878, -25.2809854], [-57.6781568, -25.2744207], [-57.6899589, -25.2850003], [-57.7081142, -25.2640531], [-57.7081517, -25.2639561]]]}}, {"id": "851", "type": "Feature", "properties": {"osm_id": "6590353", "name": "Villa Hayes", "code": 1208, "source": "OSM via Geofabrik", "admin_level": 8, "layer": "localidades"}, "geometry": {"type": "Polygon", "coordinates": [[[-59.4172116, -23.336495], [-59.4169456, -23.2990168], [-59.38713, -23.147936], [-59.2469839, -23.0624618], [-59.2350251, -23.076751], [-59.1977279, -23.1900091], [-59.2025422, -23.2151759], [-59.1963315, -23.2177087], [-59.1903288, -23.2101164], [-59.1860372, -23.2181968], [-59.176179, -23.217921], [-59.1528921, -23.1947333], [-59.1481859, -23.2113144], [-59.1328238, -23.2050039], [-59.1177804, -23.2170531], [-59.1024006, -23.2176299], [-59.0946597, -23.2153226], [-59.0965657, -23.2045453], [-59.0875749, -23.2077057], [-59.0853954, -23.1914444], [-59.0752529, -23.1924898], [-59.0814257, -23.200241], [-59.0686638, -23.2029183], [-59.0672331, -23.195759], [-59.0643148, -23.2013306], [-59.0505336, -23.1972332], [-59.054278, -23.1924257], [-59.0406256, -23.1850735], [-59.024756, -23.1881111], [-59.0267516, -23.1715614], [-58.9967913, -23.178579], [-58.9863897, -23.1773313], [-58.98794, -23.1707329], [-58.9793049, -23.1779083], [-58.974647, -23.1673546], [-58.9666593, -23.176207], [-58.9781607, -23.1846248], [-58.953892, -23.1920855], [-58.9455396, -23.210565], [-58.9278424, -23.2116546], [-58.9350146, -23.2282979], [-58.9249365, -23.2329368], [-58.9268661, -23.2232546], [-58.9206219, -23.222525], [-58.9161174, -23.2372549], [-58.9034788, -23.2232945], [-58.8990264, -23.2323354], [-58.8958847, -23.2238712], [-58.8940678, -23.2309306], [-58.8827703, -23.2264299], [-58.8732109, -23.23202], [-58.8641166, -23.2290522], [-58.8682039, -23.2174532], [-58.8611029, -23.222229], [-58.838543, -23.2115966], [-58.835966, -23.2180657], [-58.8291473, -23.2080466], [-58.824842, -23.2246695], [-58.814046, -23.2210191], [-58.8204248, -23.2224758], [-58.8168342, -23.2270634], [-58.7873108, -23.2169696], [-58.7893117, -23.2299299], [-58.7798577, -23.2233289], [-58.7836933, -23.2365992], [-58.7762386, -23.2327742], [-58.7707114, -23.2455307], [-58.7364864, -23.2379005], [-58.7442399, -23.2506718], [-58.7316442, -23.2485721], [-58.7359465, -23.2542697], [-58.7285328, -23.2574634], [-58.7239463, -23.2494001], [-58.7219292, -23.2624411], [-58.698181, -23.2604402], [-58.6973691, -23.2494048], [-58.685757, -23.2571578], [-58.6610914, -23.2450282], [-58.6497081, -23.2461323], [-58.6518539, -23.2523623], [-58.6318929, -23.2453387], [-58.6269765, -23.2584067], [-58.6340275, -23.2642444], [-58.6196979, -23.2802942], [-58.6135834, -23.2750814], [-58.6062752, -23.301117], [-58.596679, -23.3010546], [-58.5962272, -23.3081448], [-58.5752413, -23.3075311], [-58.5768337, -23.3158355], [-58.5652964, -23.3243751], [-58.5508708, -23.3210325], [-58.5520871, -23.3125333], [-58.5164829, -23.3113008], [-58.5144811, -23.3204101], [-58.4945558, -23.3326799], [-58.4839026, -23.3263653], [-58.4777499, -23.3317248], [-58.4746695, -23.3237314], [-58.4510148, -23.3440887], [-58.4390294, -23.3422338], [-58.4347251, -23.3574226], [-58.4177145, -23.3603312], [-58.4118869, -23.3500026], [-58.3921516, -23.3549811], [-58.3844894, -23.3438263], [-58.3727828, -23.3456331], [-58.3610081, -23.3347446], [-58.3492621, -23.3370278], [-58.3515491, -23.3462677], [-58.3437872, -23.345346], [-58.3419365, -23.3535722], [-58.332295, -23.3502727], [-58.3339552, -23.3567581], [-58.324478, -23.3582346], [-58.2763152, -23.3279091], [-58.2325794, -23.3371084], [-58.2160104, -23.3589525], [-58.1911948, -23.3370563], [-58.1693294, -23.3325259], [-58.1739279, -23.3242244], [-58.1543749, -23.3122257], [-58.1485055, -23.29554], [-58.1147068, -23.2916424], [-58.0913735, -23.2607989], [-58.0757735, -23.2646323], [-58.0598021, -23.251151], [-58.0251122, -23.2595081], [-58.0167252, -23.2516117], [-58.0095626, -23.2582721], [-57.9888478, -23.2532461], [-57.9853851, -23.2462982], [-57.9969682, -23.2421812], [-57.9948488, -23.2331281], [-57.9751999, -23.2263251], [-57.9696117, -23.2443921], [-57.9593449, -23.2356093], [-57.954498, -23.2424021], [-57.9347839, -23.2295611], [-57.939781, -23.2257682], [-57.9326721, -23.2172208], [-57.9088148, -23.2213778], [-57.8991669, -23.2111958], [-57.9067438, -23.2027409], [-57.8857182, -23.208258], [-57.8818837, -23.1962194], [-57.8548637, -23.2004975], [-57.8406535, -23.2121802], [-57.825682, -23.1928563], [-57.8329582, -23.1874165], [-57.8266036, -23.1842564], [-57.8291919, -23.173225], [-57.8397422, -23.1690331], [-57.8272654, -23.155768], [-57.8390373, -23.1467576], [-57.8332185, -23.135202], [-57.8254573, -23.1247179], [-57.8175564, -23.1320483], [-57.7913757, -23.1274716], [-57.7862017, -23.1136816], [-57.7924499, -23.1030589], [-57.7804063, -23.110189], [-57.7597292, -23.0731148], [-57.746819, -23.0752295], [-57.7548043, -23.0886511], [-57.7404414, -23.0948287], [-57.74458, -23.1011261], [-57.719335, -23.1070866], [-57.7049664, -23.1217476], [-57.6792381, -23.1176309], [-57.6644686, -23.0930117], [-57.6303673, -23.0952782], [-57.6272774, -23.1131201], [-57.6420402, -23.1356954], [-57.6237112, -23.176], [-57.6101444, -23.1897036], [-57.5473359, -23.2129887], [-57.5353225, -23.2419907], [-57.4950507, -23.2752045], [-57.4884718, -23.3173566], [-57.5191692, -23.3378523], [-57.5213214, -23.3492338], [-57.4841411, -23.3883736], [-57.4570816, -23.4003216], [-57.4419365, -23.443818], [-57.4438173, -23.4708417], [-57.4744325, -23.542701], [-57.4573791, -23.5837875], [-57.423489, -23.637939], [-57.3958703, -23.661959], [-57.3469452, -23.6778569], [-57.3090529, -23.7106154], [-57.2616581, -23.7281552], [-57.2551784, -23.7399983], [-57.2570352, -23.7607842], [-57.2771196, -23.7724099], [-57.2522287, -23.7881186], [-57.2518854, -23.8154472], [-57.274888, -23.8471664], [-57.2528639, -23.8736457], [-57.264245, -23.8857841], [-57.2984056, -23.8952013], [-57.3020105, -23.9152891], [-57.2843294, -23.9363151], [-57.2303816, -23.9464714], [-57.2256395, -23.9703786], [-57.2014059, -23.9917952], [-57.2181325, -24.0146452], [-57.2650886, -24.0382372], [-57.2549606, -24.0518758], [-57.2211094, -24.0656596], [-57.2086181, -24.0800879], [-57.2090234, -24.0949253], [-57.276385, -24.1362449], [-57.2796037, -24.1470535], [-57.2513326, -24.1722898], [-57.237641, -24.2061306], [-57.2134582, -24.2142954], [-57.2027756, -24.2406289], [-57.2034697, -24.294614], [-57.179936, -24.3121695], [-57.1671304, -24.3426475], [-57.1650136, -24.3615695], [-57.1815526, -24.3924014], [-57.1513075, -24.4503209], [-57.1617262, -24.4714317], [-57.1935378, -24.4822683], [-57.1910416, -24.497633], [-57.1619201, -24.5328385], [-57.1923042, -24.559852], [-57.1940208, -24.5720296], [-57.1568009, -24.6193789], [-57.1750131, -24.6607105], [-57.1730953, -24.6927356], [-57.2336197, -24.7000923], [-57.2259455, -24.7462264], [-57.2625416, -24.8067838], [-57.3025763, -24.8349089], [-57.288743, -24.8529004], [-57.2544719, -24.8626275], [-57.2604725, -24.8823012], [-57.2554756, -24.8915008], [-57.2161891, -24.9044699], [-57.220474, -24.9295026], [-57.237946, -24.9365959], [-57.2769502, -24.9194861], [-57.2913616, -24.9213395], [-57.307678, -24.9393481], [-57.3130553, -24.9698663], [-57.3300369, -25.0021855], [-57.3829623, -25.065809], [-57.4013901, -25.0618574], [-57.4241074, -25.0888103], [-57.4606979, -25.1058349], [-57.4948239, -25.0960456], [-57.5128294, -25.0992477], [-57.5340404, -25.1213335], [-57.5431609, -25.1487589], [-57.5372479, -25.1646311], [-57.546804, -25.1841215], [-57.5663071, -25.1716925], [-57.6437932, -25.2018758], [-57.6481193, -25.1904457], [-57.6642496, -25.1842244], [-57.6711479, -25.1952555], [-57.6804352, -25.1691061], [-57.7178726, -25.1648946], [-57.7242411, -25.1419428], [-57.6855477, -25.141943], [-57.6838347, -25.1077858], [-57.6911238, -25.1001312], [-57.5458381, -25.0580442], [-57.5506282, -25.0517231], [-57.5187981, -25.0382897], [-57.4808976, -25.0094263], [-57.4792798, -24.9755656], [-57.4171685, -24.9755901], [-57.4168068, -24.8680476], [-57.4945314, -24.7000681], [-57.5443034, -24.3732073], [-57.5628689, -24.3292099], [-57.5600749, -24.3030076], [-57.5879754, -24.3044624], [-57.5876228, -24.2975651], [-57.6257556, -24.2902668], [-57.6322543, -24.2807885], [-57.6371675, -24.2894986], [-57.6460056, -24.2754316], [-57.6541669, -24.2784104], [-57.6551625, -24.266323], [-57.6619173, -24.2750245], [-57.6777514, -24.2756887], [-57.685587, -24.2616519], [-57.699914, -24.2629432], [-57.7064573, -24.2523122], [-57.7952183, -24.2437604], [-57.7842592, -23.8168698], [-57.8040654, -23.810137], [-57.8060212, -23.8195789], [-57.8226636, -23.8191772], [-57.8327975, -23.8359246], [-57.8514983, -23.8376026], [-57.8488973, -23.8451518], [-57.8659219, -23.8543751], [-57.9010351, -23.8437206], [-57.9160353, -23.855416], [-57.9423912, -23.8437088], [-57.9900522, -23.8670608], [-58.0119257, -23.8668864], [-58.0266228, -23.8801568], [-58.0551058, -23.8758769], [-58.0756852, -23.8949169], [-58.0999456, -23.8967598], [-58.1114312, -23.8897943], [-58.115887, -23.8965957], [-58.1280419, -23.889684], [-58.1348144, -23.9054568], [-58.150066, -23.900976], [-58.1520543, -23.8798986], [-58.1670044, -23.8800135], [-58.1666543, -23.8711364], [-58.1855, -23.863561], [-58.1893514, -23.8478594], [-58.222313, -23.8514359], [-58.2433971, -23.836889], [-58.2685745, -23.8501636], [-58.2750071, -23.8637401], [-58.299538, -23.8516358], [-58.3070702, -23.8570598], [-58.3245888, -23.852063], [-58.3218761, -23.8585102], [-58.3351669, -23.8661876], [-58.3541832, -23.862519], [-58.3561679, -23.8540677], [-58.3750245, -23.8545526], [-58.3956039, -23.8857716], [-58.4474591, -23.8945482], [-58.4499053, -23.8822566], [-58.4614817, -23.8843461], [-58.4795309, -23.8655984], [-58.5052779, -23.8626302], [-58.5560934, -23.8308718], [-58.5829248, -23.841053], [-58.5973504, -23.829312], [-58.6069176, -23.8344791], [-58.62123, -23.8269887], [-58.6290684, -23.8334072], [-58.6637445, -23.8179405], [-58.676563, -23.8267042], [-58.6869719, -23.8082128], [-58.7002064, -23.8020736], [-58.7156935, -23.8090008], [-58.7261995, -23.7963937], [-58.7407955, -23.8008453], [-58.7500974, -23.7903708], [-58.7601611, -23.7935908], [-58.7667164, -23.7858548], [-58.8077735, -23.7765181], [-58.8095352, -23.7670038], [-58.8279545, -23.7724238], [-58.839136, -23.7598456], [-58.883135, -23.7619372], [-58.8931557, -23.7482385], [-58.9149567, -23.7534726], [-58.965747, -23.7449388], [-58.9802953, -23.7295392], [-59.0101539, -23.7318383], [-59.0191768, -23.7218592], [-59.059882, -23.7136082], [-59.0701281, -23.7046198], [-59.0921436, -23.7016138], [-59.1316258, -23.731691], [-59.1431891, -23.7295013], [-59.2006131, -23.5941897], [-59.0777552, -23.5700712], [-59.0809852, -23.5588664], [-59.1214692, -23.5051225], [-59.1420935, -23.5108348], [-59.1884554, -23.4899198], [-59.1751668, -23.4473603], [-59.2556081, -23.4544866], [-59.3141325, -23.3960216], [-59.3302511, -23.3980082], [-59.3431091, -23.4096882], [-59.3702739, -23.4111529], [-59.4081535, -23.3768748], [-59.4100863, -23.346973], [-59.4172116, -23.336495]]]}}, {"id": "864", "type": "Feature", "properties": {"osm_id": "6604970", "name": "\u00d1acunday", "code": 1208, "source": "OSM via Geofabrik", "admin_level": 8, "layer": "localidades"}, "geometry": {"type": "Polygon", "coordinates": [[[-54.981865, -26.1065535], [-54.9590127, -26.0791712], [-54.961826, -26.0686593], [-54.9352484, -26.0552387], [-54.9345313, -26.04335], [-54.9211347, -26.0316933], [-54.9365177, -25.9805697], [-54.9187411, -25.988799], [-54.9353431, -25.973264], [-54.924856, -25.9725325], [-54.9236101, -25.9822303], [-54.9145721, -25.9805459], [-54.9061113, -25.9932149], [-54.899159, -25.9881133], [-54.9095875, -25.9800222], [-54.9042338, -25.9734347], [-54.8844069, -25.9857987], [-54.8761521, -25.9772281], [-54.874178, -26.0017525], [-54.862505, -26.0118675], [-54.861297, -25.9959151], [-54.8450857, -25.9910354], [-54.8378509, -25.8718078], [-54.8131475, -25.8384115], [-54.6589487, -25.9793333], [-54.6769576, -25.9899502], [-54.6789057, -26.0107981], [-54.6430096, -26.0934442], [-54.6518294, -26.1199453], [-54.6740621, -26.142917], [-54.6732502, -26.1526844], [-54.6598309, -26.1759967], [-54.6187442, -26.2089301], [-54.624865, -26.22457], [-54.6724941, -26.2544068], [-54.6933317, -26.2279838], [-54.7056431, -26.2292109], [-54.6992234, -26.2559339], [-54.7134874, -26.2359213], [-54.7240334, -26.2566306], [-54.7407862, -26.2346645], [-54.7441604, -26.2506243], [-54.7531244, -26.2405107], [-54.7628493, -26.2493813], [-54.7618729, -26.2349515], [-54.7785295, -26.2364672], [-54.7859699, -26.2184217], [-54.7822631, -26.2081418], [-54.8033077, -26.1932977], [-54.8154804, -26.1900647], [-54.8083288, -26.207646], [-54.8240144, -26.2119535], [-54.8272491, -26.206669], [-54.8201252, -26.203348], [-54.8360414, -26.2032277], [-54.8293841, -26.1954734], [-54.8401076, -26.1880316], [-54.8370821, -26.1804545], [-54.8555035, -26.1886429], [-54.8567319, -26.1810322], [-54.8779569, -26.1718258], [-54.8765204, -26.1581891], [-54.8889421, -26.1359018], [-54.9818322, -26.1070856], [-54.981865, -26.1065535]]]}}, {"id": "865", "type": "Feature", "properties": {"osm_id": "2294418", "name": "Puerto Iguaz\u00fa", "code": 1208, "source": "OSM via Geofabrik", "admin_level": 8, "layer": "localidades"}, "geometry": {"type": "Polygon", "coordinates": [[[-54.5948138, -25.6222295], [-54.5881722, -25.6143862], [-54.5943808, -25.6078345], [-54.5909122, -25.5940752], [-54.5636689, -25.5913592], [-54.5605838, -25.6125448], [-54.5452875, -25.6138691], [-54.5476525, -25.6237552], [-54.5588937, -25.6318264], [-54.5726323, -25.6270848], [-54.5754218, -25.6350361], [-54.5417845, -25.6454456], [-54.5657024, -25.677129], [-54.5947516, -25.6237341], [-54.5948138, -25.6222295]]]}}, {"id": "866", "type": "Feature", "properties": {"osm_id": "6604969", "name": "Santa Rosa del Monday", "code": 1208, "source": "OSM via Geofabrik", "admin_level": 8, "layer": "localidades"}, "geometry": {"type": "Polygon", "coordinates": [[[-55.0634301, -25.9051583], [-55.0287022, -25.8631278], [-55.0264092, -25.8359128], [-55.0106346, -25.8188537], [-55.0032942, -25.7692868], [-55.0105269, -25.7594225], [-54.9784305, -25.7327501], [-54.9960872, -25.729759], [-54.9980242, -25.7165568], [-54.9899439, -25.7170576], [-54.988323, -25.7090102], [-54.917016, -25.7207701], [-54.9019541, -25.6489592], [-54.8804028, -25.6538681], [-54.8821838, -25.6396312], [-54.8586796, -25.6403106], [-54.8660841, -25.6908459], [-54.8571388, -25.6945689], [-54.8533192, -25.7396999], [-54.8332779, -25.7585772], [-54.7993034, -25.7688195], [-54.8131475, -25.8384115], [-54.8378509, -25.8718078], [-54.8405857, -25.9780656], [-54.8470598, -25.9758171], [-54.8454934, -25.9914983], [-54.8615545, -25.996349], [-54.8598915, -26.0117677], [-54.874178, -26.0017525], [-54.8761521, -25.9772281], [-54.8844069, -25.9857987], [-54.9042338, -25.9734347], [-54.9095875, -25.9800222], [-54.899159, -25.9881133], [-54.9061113, -25.9932149], [-54.9319206, -25.9721644], [-54.9189514, -25.9892186], [-54.944027, -25.9788359], [-54.9508034, -26.0052914], [-54.9569338, -25.9923373], [-54.963914, -25.9920803], [-54.9656735, -26.0011643], [-54.9777692, -25.9941792], [-54.9755489, -26.013947], [-54.9840778, -26.0208311], [-54.9876639, -26.0073512], [-54.9992754, -26.0023279], [-54.9883336, -25.9853966], [-55.009897, -25.9823463], [-55.0126291, -25.9698298], [-55.0131103, -25.9755371], [-55.0267107, -25.9724437], [-55.0246974, -25.959424], [-55.0148215, -25.9584883], [-55.0116082, -25.9485376], [-55.0204933, -25.9473102], [-55.0266034, -25.9335475], [-55.0421119, -25.9356557], [-55.0409907, -25.9231605], [-55.0526728, -25.9212569], [-55.0627596, -25.9062006], [-55.0634301, -25.9051583]]]}}, {"id": "915", "type": "Feature", "properties": {"osm_id": "11800269", "name": "La Paz", "code": 1208, "source": "OSM via Geofabrik", "admin_level": 8, "layer": "localidades"}, "geometry": {"type": "Polygon", "coordinates": [[[-56.0247312, -26.9779121], [-56.0004672, -26.9654295], [-55.9963558, -26.9555247], [-55.9591, -26.9457334], [-55.9585523, -26.9227455], [-55.9395211, -26.9071517], [-55.9099617, -26.9070381], [-55.885818, -26.8913228], [-55.8758741, -26.8915284], [-55.7918166, -26.9680934], [-55.8009386, -26.988511], [-55.8559218, -27.0507589], [-55.8754222, -27.056802], [-55.8855571, -27.0816262], [-55.9869088, -26.9896731], [-55.9972224, -26.9989092], [-56.0247147, -26.9779599], [-56.0247312, -26.9779121]]]}}, {"id": "920", "type": "Feature", "properties": {"osm_id": "6590349", "name": "Jos\u00e9 Falc\u00f3n", "code": 1208, "source": "OSM via Geofabrik", "admin_level": 8, "layer": "localidades"}, "geometry": {"type": "Polygon", "coordinates": [[[-58.5020667, -24.8525701], [-58.4774744, -24.8273257], [-58.4797838, -24.6895527], [-58.3220562, -24.7014387], [-58.121295, -24.7039184], [-58.1138806, -24.7460549], [-58.1143749, -24.8257611], [-58.0533609, -24.8429727], [-58.0374882, -24.8407088], [-58.032039, -24.8506799], [-57.9550392, -24.8520222], [-57.9554967, -24.840741], [-57.9154582, -24.8393567], [-57.9149721, -24.9466959], [-57.815257, -24.9462458], [-57.8157532, -25.0649034], [-57.7840059, -25.0662574], [-57.7606925, -25.1024915], [-57.736476, -25.0971135], [-57.6908014, -25.1007262], [-57.6838347, -25.1077858], [-57.6855477, -25.141943], [-57.7242411, -25.1419428], [-57.7208186, -25.1593256], [-57.7106124, -25.1683457], [-57.6982928, -25.1627106], [-57.67949, -25.1696026], [-57.6711479, -25.1952555], [-57.6642496, -25.1842244], [-57.6481193, -25.1904457], [-57.6436107, -25.2022195], [-57.6710568, -25.2296524], [-57.6741199, -25.2454129], [-57.6979529, -25.2512071], [-57.7055124, -25.2701414], [-57.7231763, -25.2669258], [-57.7287296, -25.2464282], [-57.7410957, -25.2531451], [-57.7358326, -25.2343058], [-57.7482534, -25.2351593], [-57.7442295, -25.2284026], [-57.7592762, -25.2197736], [-57.7485222, -25.206655], [-57.7586808, -25.1871162], [-57.7535868, -25.1762713], [-57.7684722, -25.1728435], [-57.7799794, -25.1525738], [-57.7915234, -25.1554341], [-57.7901708, -25.1497528], [-57.8072731, -25.1422209], [-57.8128338, -25.1478629], [-57.8261491, -25.130702], [-57.8367384, -25.1315137], [-57.8611257, -25.081495], [-57.8836409, -25.0754681], [-57.8959833, -25.0836551], [-57.907924, -25.079309], [-57.905809, -25.0734907], [-57.9312374, -25.0780648], [-57.9410348, -25.071714], [-57.9521123, -25.0805472], [-57.9565057, -25.0728704], [-57.9703298, -25.0768741], [-57.9748039, -25.0861796], [-57.9908111, -25.0817257], [-57.9910939, -25.0746909], [-57.9994151, -25.0741873], [-57.9957459, -25.0597868], [-58.0056348, -25.0351311], [-58.0157664, -25.0419602], [-58.0309323, -25.0356862], [-58.068912, -25.0457573], [-58.0856165, -25.0125364], [-58.1063704, -25.0118598], [-58.113349, -25.0197538], [-58.1377371, -25.0115472], [-58.1380482, -24.9880463], [-58.153137, -24.9819723], [-58.150026, -24.9750043], [-58.1627945, -24.9754023], [-58.1694817, -24.966242], [-58.1938729, -24.9678846], [-58.2018106, -24.94997], [-58.2172383, -24.9504635], [-58.2142397, -24.9453407], [-58.2244484, -24.9422071], [-58.2195823, -24.9314824], [-58.2250281, -24.9269373], [-58.2553019, -24.9317921], [-58.26618, -24.9471905], [-58.2893001, -24.9574713], [-58.2977285, -24.974672], [-58.3146934, -24.9834933], [-58.3107578, -24.9868326], [-58.3337142, -25.0000058], [-58.3494083, -24.9704991], [-58.38999, -24.9542879], [-58.408642, -24.9228455], [-58.4286084, -24.9235071], [-58.428485, -24.8974629], [-58.4404906, -24.8795795], [-58.5018065, -24.8530223], [-58.5020667, -24.8525701]]]}}, {"id": "921", "type": "Feature", "properties": {"osm_id": "6590348", "name": "General Jose Maria Bruguez", "code": 1208, "source": "OSM via Geofabrik", "admin_level": 8, "layer": "localidades"}, "geometry": {"type": "Polygon", "coordinates": [[[-59.3430492, -24.1824449], [-59.3429385, -24.1760424], [-59.1877494, -24.1773515], [-59.1916634, -24.1317151], [-59.1842204, -24.1194583], [-59.1596224, -24.1104193], [-59.1529584, -24.0624352], [-59.0802792, -24.0627548], [-59.0838442, -23.9358591], [-59.1007357, -23.905783], [-59.1215463, -23.7816182], [-59.1431891, -23.7295013], [-59.1316258, -23.731691], [-59.0921436, -23.7016138], [-59.0701281, -23.7046198], [-59.059882, -23.7136082], [-59.0191768, -23.7218592], [-59.0101539, -23.7318383], [-58.9802953, -23.7295392], [-58.965747, -23.7449388], [-58.9149567, -23.7534726], [-58.8931557, -23.7482385], [-58.8803326, -23.7625558], [-58.839136, -23.7598456], [-58.8279545, -23.7724238], [-58.8095352, -23.7670038], [-58.8079473, -23.7764395], [-58.7667164, -23.7858548], [-58.7601611, -23.7935908], [-58.7500974, -23.7903708], [-58.7407955, -23.8008453], [-58.7260791, -23.7964592], [-58.7120618, -23.8086018], [-58.7179814, -24.1147432], [-58.531788, -24.2725474], [-58.4797838, -24.6895527], [-58.4752925, -24.775615], [-58.4774744, -24.8273257], [-58.501835, -24.8510308], [-58.5142389, -24.8431191], [-58.5259173, -24.8509076], [-58.5495475, -24.8284607], [-58.5730771, -24.8211449], [-58.6102972, -24.8314474], [-58.6452857, -24.8246794], [-58.6724285, -24.8319249], [-58.6867241, -24.8115467], [-58.709187, -24.8091572], [-58.7123895, -24.7907927], [-58.7260662, -24.7746189], [-58.73992, -24.781094], [-58.8073494, -24.7725527], [-58.8463849, -24.737392], [-58.8697688, -24.7281543], [-58.8789211, -24.7331271], [-58.903371, -24.7046403], [-58.9661781, -24.6729228], [-58.9704526, -24.6631811], [-59.0237457, -24.6602032], [-59.0563931, -24.6315889], [-59.0827359, -24.6203243], [-59.1002771, -24.6168419], [-59.1108855, -24.6238102], [-59.1300783, -24.6170097], [-59.1860198, -24.5633825], [-59.2409013, -24.546468], [-59.2574399, -24.5197319], [-59.2955329, -24.5144292], [-59.3156743, -24.4978738], [-59.3039848, -24.4875733], [-59.2853438, -24.4931464], [-59.2602611, -24.4271767], [-59.213934, -24.366023], [-59.2452605, -24.3156177], [-59.3035047, -24.2849437], [-59.296992, -24.2730872], [-59.3028538, -24.2549177], [-59.3175069, -24.2567521], [-59.3166973, -24.2433103], [-59.3428569, -24.221629], [-59.3430492, -24.1824449]]]}}, {"id": "922", "type": "Feature", "properties": {"osm_id": "11800652", "name": "San Pedro del Paran\u00e1", "code": 1208, "source": "OSM via Geofabrik", "admin_level": 8, "layer": "localidades"}, "geometry": {"type": "Polygon", "coordinates": [[[-56.2516075, -26.7930804], [-56.2144803, -26.7811768], [-56.193784, -26.750088], [-56.148444, -26.7476353], [-56.163456, -26.736343], [-56.1671487, -26.7114126], [-56.178396, -26.7037813], [-56.1741935, -26.6977136], [-56.185727, -26.6836707], [-56.1782704, -26.6754263], [-56.1813174, -26.6671429], [-56.158583, -26.6553112], [-56.1548065, -26.6373216], [-56.1170839, -26.6269158], [-56.12262, -26.5963453], [-56.1070921, -26.562073], [-56.0612562, -26.5242273], [-56.0307109, -26.5471718], [-55.9736979, -26.6151377], [-55.9087168, -26.6571643], [-55.9017859, -26.6708749], [-55.8719964, -26.6831486], [-55.8826093, -26.7124428], [-55.9267048, -26.7254952], [-55.9072407, -26.7262243], [-55.8988391, -26.7357524], [-55.8763212, -26.7931895], [-55.8851262, -26.8120126], [-55.8663967, -26.8206671], [-55.8531734, -26.841408], [-55.8589789, -26.8603735], [-55.8885041, -26.880026], [-55.8759962, -26.8918408], [-55.8890644, -26.8920254], [-55.9099617, -26.9070381], [-55.9395211, -26.9071517], [-55.9585523, -26.9227455], [-55.9591, -26.9457334], [-55.9963558, -26.9555247], [-56.0254944, -26.9797568], [-56.0424305, -26.9733735], [-56.0647496, -26.9767683], [-56.0947828, -27.0078919], [-56.1018137, -27.002797], [-56.1187163, -27.0122015], [-56.140401, -26.9882831], [-56.1319919, -26.9669868], [-56.1373121, -26.9535832], [-56.1892975, -26.9208623], [-56.1973377, -26.9081182], [-56.2261539, -26.8969809], [-56.2383959, -26.8088425], [-56.2505122, -26.7942603], [-56.2516075, -26.7930804]]]}}, {"id": "923", "type": "Feature", "properties": {"osm_id": "6614167", "name": "Bella Vista", "code": 1208, "source": "OSM via Geofabrik", "admin_level": 8, "layer": "localidades"}, "geometry": {"type": "Polygon", "coordinates": [[[-56.8260832, -22.2959058], [-56.8014732, -22.2816008], [-56.8059101, -22.2579495], [-56.7934432, -22.2423793], [-56.7858837, -22.2412638], [-56.7883769, -22.2536084], [-56.7765711, -22.2604136], [-56.7629978, -22.2518112], [-56.7669406, -22.24416], [-56.7516212, -22.2467354], [-56.7469957, -22.2357189], [-56.7202608, -22.2647923], [-56.714187, -22.2493734], [-56.7029391, -22.2452558], [-56.7056428, -22.2363828], [-56.6953055, -22.230871], [-56.703442, -22.2169282], [-56.6829285, -22.2215119], [-56.679341, -22.2464276], [-56.6370533, -22.2634072], [-56.6422608, -22.2440408], [-56.6273866, -22.2465865], [-56.6060135, -22.2319898], [-56.6099778, -22.2211047], [-56.5992181, -22.2184265], [-56.5999678, -22.2114107], [-56.5937625, -22.2184514], [-56.5805928, -22.2041482], [-56.5703669, -22.2073184], [-56.556748, -22.1965491], [-56.5518074, -22.1859444], [-56.5573649, -22.169323], [-56.5332733, -22.1587811], [-56.5407114, -22.1474069], [-56.5196263, -22.1409888], [-56.5255515, -22.1210012], [-56.507114, -22.0956095], [-56.4765339, -22.0939757], [-56.471266, -22.079814], [-56.4542769, -22.0849539], [-56.4479606, -22.0764869], [-56.447727, -22.0849738], [-56.4385377, -22.0809921], [-56.4311163, -22.0869756], [-56.3941472, -22.0743359], [-56.3889705, -22.0896165], [-56.3956361, -22.0942774], [-56.3809185, -22.1046817], [-56.3844137, -22.1106443], [-56.3721101, -22.1257932], [-56.3678186, -22.1369391], [-56.3739662, -22.1499175], [-56.364855, -22.1694906], [-56.3498049, -22.1734117], [-56.3463555, -22.1879366], [-56.3220439, -22.21429], [-56.2995724, -22.2174138], [-56.2772886, -22.2367851], [-56.2382227, -22.2364842], [-56.2344591, -22.2556923], [-56.2100512, -22.2779377], [-56.1938, -22.2710594], [-56.1890326, -22.2819741], [-56.1762074, -22.2789901], [-56.165897, -22.2883419], [-56.1608697, -22.2820977], [-56.1414889, -22.2845992], [-56.0991297, -22.3191717], [-56.0863314, -22.3507575], [-56.0931434, -22.4022981], [-56.070461, -22.4679551], [-56.0764464, -22.4783822], [-56.1002367, -22.4822565], [-56.1387027, -22.5142321], [-56.1604198, -22.5118491], [-56.1975232, -22.5452358], [-56.2010999, -22.5797835], [-56.2296942, -22.5780081], [-56.2399624, -22.616146], [-56.2542722, -22.621317], [-56.2695247, -22.6475206], [-56.2632261, -22.6497004], [-56.2654301, -22.6655414], [-56.2815368, -22.6678367], [-56.2911331, -22.6863932], [-56.3054253, -22.6945262], [-56.3129784, -22.686944], [-56.3282562, -22.6877953], [-56.342407, -22.6947341], [-56.3429756, -22.7081157], [-56.3590904, -22.70674], [-56.3639827, -22.7201304], [-56.3850112, -22.7133908], [-56.3823934, -22.7233268], [-56.3925965, -22.721882], [-56.3978322, -22.7488959], [-56.4063616, -22.747768], [-56.4045913, -22.7406736], [-56.4124663, -22.744018], [-56.4088292, -22.7556931], [-56.4279158, -22.7604914], [-56.4424749, -22.7776752], [-56.4520235, -22.7668725], [-56.45418, -22.7750636], [-56.4830406, -22.7719673], [-56.5050454, -22.7831454], [-56.5088005, -22.8024132], [-56.5260525, -22.8099494], [-56.5219257, -22.8407684], [-56.5438624, -22.8614358], [-56.5388198, -22.8795755], [-56.5579601, -22.887661], [-56.5595265, -22.8994918], [-56.5880544, -22.8984639], [-56.5830334, -22.9087324], [-56.5968199, -22.9134364], [-56.6156061, -22.9087719], [-56.6169257, -22.8960623], [-56.6643216, -22.8809957], [-56.6714284, -22.8970504], [-56.7112066, -22.902671], [-56.7122409, -22.8773216], [-56.7047629, -22.8686033], [-56.7130241, -22.843383], [-56.6777004, -22.8438146], [-56.6808161, -22.8367385], [-56.6663644, -22.8283039], [-56.6644825, -22.8160085], [-56.6529319, -22.8151912], [-56.6490807, -22.8019585], [-56.6615257, -22.793591], [-56.6623732, -22.7720071], [-56.6698255, -22.7665825], [-56.6656884, -22.7228422], [-56.6761491, -22.7227631], [-56.6737308, -22.7101514], [-56.6959609, -22.7091221], [-56.7019304, -22.696813], [-56.6948816, -22.6957044], [-56.6941584, -22.6821875], [-56.7266725, -22.651488], [-56.7151385, -22.6220529], [-56.7386903, -22.5438136], [-56.7226294, -22.5094263], [-56.7168217, -22.4586634], [-56.6988589, -22.4404139], [-56.6486584, -22.4221497], [-56.6448897, -22.3845193], [-56.6094257, -22.3652855], [-56.8259254, -22.296074], [-56.8260832, -22.2959058]]]}}, {"id": "924", "type": "Feature", "properties": {"osm_id": "6614169", "name": "Pedro Juan Caballero", "code": 1208, "source": "OSM via Geofabrik", "admin_level": 8, "layer": "localidades"}, "geometry": {"type": "Polygon", "coordinates": [[[-56.3146699, -23.3412427], [-56.3113298, -23.3269509], [-56.287281, -23.3180407], [-56.2991551, -23.2963991], [-56.281369, -23.2824706], [-56.2853103, -23.271609], [-56.2710695, -23.2732428], [-56.2677938, -23.2616053], [-56.2754573, -23.2584292], [-56.2643972, -23.2552419], [-56.2661499, -23.2489005], [-56.2393396, -23.240915], [-56.2381188, -23.2264866], [-56.2182589, -23.2350394], [-56.2112843, -23.230963], [-56.2132546, -23.2221433], [-56.2007763, -23.2267325], [-56.1977926, -23.2194635], [-56.2182709, -23.1912032], [-56.2134722, -23.1750915], [-56.2026417, -23.1735135], [-56.2073598, -23.1619477], [-56.1819216, -23.1604575], [-56.1894109, -23.1302021], [-56.1793956, -23.1183307], [-56.1651814, -23.1259398], [-56.1413145, -23.1212973], [-56.1390998, -23.1117501], [-56.1517694, -23.0984238], [-56.1358829, -23.0883629], [-56.1385678, -23.077823], [-56.1256984, -23.0693098], [-56.1304387, -23.0428736], [-56.2943876, -22.6876381], [-56.2815368, -22.6678367], [-56.2654301, -22.6655414], [-56.2632261, -22.6497004], [-56.2695247, -22.6475206], [-56.2542722, -22.621317], [-56.2399624, -22.616146], [-56.2296942, -22.5780081], [-56.2010999, -22.5797835], [-56.1975232, -22.5452358], [-56.1605107, -22.5118993], [-56.1383106, -22.5140584], [-56.1002367, -22.4822565], [-56.0776604, -22.4798209], [-56.0704484, -22.4683887], [-56.0931434, -22.4022981], [-56.0895242, -22.3383817], [-56.0991297, -22.3191717], [-56.1394974, -22.2856975], [-56.1180356, -22.2703227], [-56.0927049, -22.2856913], [-56.0695198, -22.286823], [-56.0607756, -22.2755302], [-56.0124583, -22.286267], [-56.0103232, -22.2946108], [-55.9836816, -22.2786368], [-55.9698339, -22.292215], [-55.9493991, -22.2930683], [-55.945945, -22.2835816], [-55.9289599, -22.2784318], [-55.901812, -22.2851819], [-55.8531899, -22.2803284], [-55.839333, -22.2935923], [-55.8243561, -22.3409081], [-55.8064277, -22.3540597], [-55.7893938, -22.3846011], [-55.7469468, -22.3843927], [-55.7341, -22.4413381], [-55.7353387, -22.4595516], [-55.7528123, -22.4748246], [-55.7471127, -22.5056542], [-55.723548, -22.5518262], [-55.6984164, -22.5632786], [-55.6947912, -22.5775725], [-55.655618, -22.6055291], [-55.7134962, -22.6527659], [-55.7351983, -22.6299421], [-55.7475904, -22.6520829], [-55.7576896, -22.6475098], [-55.7678681, -22.653473], [-55.795394, -22.6842474], [-55.7914942, -22.6912471], [-55.7987403, -22.6951188], [-55.8065269, -22.7272662], [-55.8377502, -22.7329486], [-55.857878, -22.7623298], [-55.8543071, -22.7739038], [-55.7968162, -22.7755017], [-55.8138959, -22.7829384], [-55.8152441, -22.8001374], [-55.7935479, -22.8107817], [-55.7758827, -22.8075802], [-55.7519701, -22.8266559], [-55.752178, -22.8521281], [-55.7695628, -22.8893539], [-55.7525987, -22.9029639], [-55.6946286, -22.9180015], [-55.6658688, -22.9486513], [-55.6612482, -22.9662198], [-55.6761083, -23.0061386], [-55.6995665, -23.0185575], [-55.7128117, -23.0360747], [-55.7527997, -23.0465161], [-55.7725272, -23.0702079], [-55.7943889, -23.078479], [-55.7996317, -23.0922622], [-55.8134643, -23.0983849], [-55.8130483, -23.1108821], [-55.8202154, -23.1082297], [-55.8246873, -23.1474041], [-55.863947, -23.1683263], [-55.8600671, -23.1739857], [-55.8919774, -23.207928], [-55.8868543, -23.2175325], [-55.8968783, -23.2179388], [-55.9323832, -23.248971], [-55.9534847, -23.2369921], [-55.9556381, -23.2455097], [-55.9653389, -23.2410425], [-55.9701543, -23.2525424], [-55.9835834, -23.2534731], [-55.9891546, -23.2686346], [-56.0199942, -23.2735547], [-56.0535793, -23.2991648], [-56.0603548, -23.3148054], [-56.081603, -23.3158589], [-56.0938613, -23.3329622], [-56.1087175, -23.3369367], [-56.1127254, -23.3253072], [-56.1257647, -23.32754], [-56.1347922, -23.3128724], [-56.1421985, -23.3190146], [-56.1511881, -23.3104189], [-56.1633198, -23.3229937], [-56.1639665, -23.3092671], [-56.1732937, -23.30995], [-56.1734243, -23.3020369], [-56.1793512, -23.3085353], [-56.1949386, -23.3009578], [-56.2072102, -23.3106694], [-56.2077846, -23.3046506], [-56.2214922, -23.3062093], [-56.2173146, -23.3207639], [-56.2262441, -23.3189896], [-56.2308133, -23.3294192], [-56.2402911, -23.3135467], [-56.2602128, -23.3275011], [-56.2712572, -23.3243843], [-56.2756175, -23.332416], [-56.2928238, -23.3296589], [-56.293581, -23.3439233], [-56.2997973, -23.3375633], [-56.3141522, -23.3428834], [-56.3146699, -23.3412427]]]}}, {"id": "925", "type": "Feature", "properties": {"osm_id": "6590352", "name": "Teniente Esteban Mart\u00ednez", "code": 1208, "source": "OSM via Geofabrik", "admin_level": 8, "layer": "localidades"}, "geometry": {"type": "Polygon", "coordinates": [[[-60.7844231, -23.7898758], [-60.6897539, -23.7322631], [-60.669805, -23.7020951], [-60.675205, -23.59219], [-60.601665, -23.611015], [-60.579145, -23.58258], [-60.580971, -23.574891], [-60.571328, -23.572293], [-60.371358, -23.55208], [-60.3734357, -23.609856], [-60.4070377, -23.7169519], [-60.372474, -23.7861599], [-60.2938872, -23.8116983], [-59.9455557, -23.8236291], [-59.9192403, -23.7761257], [-59.7178092, -23.804814], [-59.6748213, -23.7692548], [-59.6582063, -23.7759933], [-59.659176, -23.7821864], [-59.5461729, -23.784869], [-59.5451706, -23.7767346], [-59.5225468, -23.7779095], [-59.5297349, -23.7200055], [-59.4464872, -23.6832599], [-59.4333133, -23.6675018], [-59.4618477, -23.633046], [-59.4614547, -23.4556987], [-59.3758356, -23.4652933], [-59.2817077, -23.4641881], [-59.2578826, -23.454772], [-59.1751668, -23.4473603], [-59.1892337, -23.4889573], [-59.1420935, -23.5108348], [-59.1214692, -23.5051225], [-59.0777552, -23.5700712], [-59.2006131, -23.5941897], [-59.1215463, -23.7816182], [-59.1023156, -23.8998717], [-59.0838442, -23.9358591], [-59.0802792, -24.0627548], [-59.1529584, -24.0624352], [-59.1596224, -24.1104193], [-59.1842204, -24.1194583], [-59.1916634, -24.1317151], [-59.1877494, -24.1773515], [-59.3429385, -24.1760424], [-59.3408126, -24.2277156], [-59.3166973, -24.2433103], [-59.3175069, -24.2567521], [-59.3028538, -24.2549177], [-59.296992, -24.2730872], [-59.3035047, -24.2849437], [-59.2452605, -24.3156177], [-59.213934, -24.366023], [-59.2602611, -24.4271767], [-59.2853438, -24.4931464], [-59.3039848, -24.4875733], [-59.3156743, -24.4978738], [-59.3504293, -24.4830668], [-59.3731405, -24.4228067], [-59.4216263, -24.4087746], [-59.4255747, -24.396087], [-59.4571655, -24.3730557], [-59.4578951, -24.3579756], [-59.4713169, -24.3494672], [-59.4743574, -24.3313719], [-60.0391409, -24.0115716], [-60.0730972, -24.0110931], [-60.0906334, -24.0242993], [-60.1038299, -24.0197327], [-60.1339135, -24.0364304], [-60.1939092, -24.0447589], [-60.3088336, -24.0379792], [-60.3354191, -24.0215946], [-60.3735321, -24.0240014], [-60.3868165, -23.9955605], [-60.4430355, -23.9624718], [-60.4874216, -23.9507913], [-60.5136669, -23.9677931], [-60.5536348, -23.9654677], [-60.5590299, -23.954657], [-60.5804066, -23.9612291], [-60.5893962, -23.9585123], [-60.5795997, -23.9533245], [-60.5932327, -23.9432069], [-60.5949315, -23.9211577], [-60.5888724, -23.9161884], [-60.6045156, -23.9167448], [-60.6010048, -23.9099764], [-60.6132079, -23.9019781], [-60.6387079, -23.9088035], [-60.682659, -23.897704], [-60.692979, -23.9028713], [-60.720556, -23.875278], [-60.7603195, -23.872485], [-60.7815653, -23.8301543], [-60.7842706, -23.7900113], [-60.7844231, -23.7898758]]]}}, {"id": "936", "type": "Feature", "properties": {"osm_id": "11009338", "name": "Mayor Julio Ota\u00f1o", "code": 1208, "source": "OSM via Geofabrik", "admin_level": 8, "layer": "localidades"}, "geometry": {"type": "Polygon", "coordinates": [[[-54.9197486, -26.2018287], [-54.9086595, -26.1805219], [-54.8985583, -26.1996755], [-54.8934522, -26.1923993], [-54.871045, -26.1906327], [-54.8744399, -26.1741479], [-54.8567319, -26.1810322], [-54.8553694, -26.188667], [-54.8370821, -26.1804545], [-54.8401076, -26.1880316], [-54.8293841, -26.1954734], [-54.8360414, -26.2032277], [-54.8201252, -26.203348], [-54.8272491, -26.206669], [-54.8240144, -26.2119535], [-54.8083288, -26.207646], [-54.8154804, -26.1900647], [-54.8033077, -26.1932977], [-54.7822631, -26.2081418], [-54.7859699, -26.2184217], [-54.7785295, -26.2364672], [-54.7618729, -26.2349515], [-54.7628493, -26.2493813], [-54.7531244, -26.2405107], [-54.7441604, -26.2506243], [-54.7407862, -26.2346645], [-54.7240334, -26.2566306], [-54.7134874, -26.2359213], [-54.6992234, -26.2559339], [-54.7056431, -26.2292109], [-54.6928613, -26.228049], [-54.6752767, -26.243745], [-54.678919, -26.2735738], [-54.6488155, -26.3101849], [-54.6967002, -26.3777333], [-54.6991684, -26.4041128], [-54.7389755, -26.3702993], [-54.7498807, -26.3692849], [-54.9126721, -26.2215209], [-54.9171361, -26.21196], [-54.9029097, -26.2072819], [-54.9196834, -26.2021736], [-54.9197486, -26.2018287]]]}}, {"id": "942", "type": "Feature", "properties": {"osm_id": "6604961", "name": "Domingo Mart\u00ednez de Irala", "code": 1208, "source": "OSM via Geofabrik", "admin_level": 8, "layer": "localidades"}, "geometry": {"type": "Polygon", "coordinates": [[[-54.8131475, -25.8384115], [-54.7993432, -25.7681365], [-54.7902682, -25.7762634], [-54.7721406, -25.7721225], [-54.7440109, -25.7881159], [-54.7063677, -25.7714523], [-54.6869389, -25.7710842], [-54.6829812, -25.7631078], [-54.6754239, -25.771155], [-54.6807736, -25.7745031], [-54.6686378, -25.7804408], [-54.6594536, -25.7642272], [-54.6354194, -25.7908482], [-54.6251868, -25.7778318], [-54.587047, -25.8304285], [-54.6223063, -25.9142525], [-54.6210022, -25.9378493], [-54.6077907, -25.9578901], [-54.6138946, -25.9817265], [-54.6589487, -25.9793333], [-54.7438911, -25.9017583], [-54.8131475, -25.8384115]]]}}, {"id": "996", "type": "Feature", "properties": {"osm_id": "10706062", "name": "Karapa\u00ed", "code": 1208, "source": "OSM via Geofabrik", "admin_level": 8, "layer": "localidades"}, "geometry": {"type": "Polygon", "coordinates": [[[-56.1683677, -23.4561429], [-56.1542896, -23.4237679], [-56.1635944, -23.3258034], [-56.1511881, -23.3104189], [-56.1421985, -23.3190146], [-56.1304844, -23.3147463], [-56.1257647, -23.32754], [-56.1127254, -23.3253072], [-56.1087175, -23.3369367], [-56.0938613, -23.3329622], [-56.081603, -23.3158589], [-56.0665999, -23.3131288], [-56.069068, -23.3475122], [-56.0541357, -23.381894], [-56.0292893, -23.4022218], [-56.0307844, -23.3805991], [-56.0114274, -23.3816394], [-55.8991898, -23.3921789], [-55.8943001, -23.4127604], [-55.9169261, -23.4755764], [-55.9037206, -23.4996395], [-55.9333042, -23.5561624], [-55.9331695, -23.5754794], [-55.9253551, -23.5809524], [-55.9358882, -23.6073207], [-55.9328292, -23.6275381], [-55.9521207, -23.642612], [-55.9500344, -23.6528136], [-55.9796591, -23.6677562], [-56.0010568, -23.6232041], [-56.0489161, -23.5757252], [-56.0485214, -23.5906694], [-56.0608304, -23.6042284], [-56.1141352, -23.605986], [-56.1109846, -23.5920904], [-56.1368318, -23.56407], [-56.1412814, -23.5471663], [-56.1353313, -23.512008], [-56.1665131, -23.4701647], [-56.1683645, -23.4562603], [-56.1683677, -23.4561429]]]}}, {"id": "1003", "type": "Feature", "properties": {"osm_id": "6590351", "name": "Teniente 1\u00b0 Manuel Irala Fern\u00e1ndez", "code": 1208, "source": "OSM via Geofabrik", "admin_level": 8, "layer": "localidades"}, "geometry": {"type": "Polygon", "coordinates": [[[-60.4070377, -23.7169519], [-60.3734357, -23.609856], [-60.371358, -23.55208], [-60.202723, -23.532855], [-60.092734, -23.492821], [-60.076769, -23.458487], [-60.056926, -23.376234], [-59.978988, -23.172979], [-59.992281, -23.157465], [-59.958426, -23.067302], [-59.970735, -22.968755], [-59.975091, -22.818633], [-59.966371, -22.802297], [-59.944878, -22.796893], [-59.948822, -22.782389], [-59.937939, -22.77921], [-59.939777, -22.769478], [-59.843758, -22.634372], [-59.75177, -22.525404], [-59.747181, -22.466983], [-59.712167, -22.467009], [-59.711801, -22.427974], [-59.626237, -22.427976], [-59.639343, -22.368923], [-59.614392, -22.335895], [-59.336595, -22.170403], [-59.367745, -22.076228], [-59.241472, -22.13127], [-59.2851833, -22.1908544], [-59.2352727, -22.1999998], [-59.2364016, -22.1929538], [-59.2222654, -22.1850091], [-59.2028697, -22.1883386], [-59.192965, -22.2033794], [-59.1622572, -22.203324], [-59.1493842, -22.2157211], [-59.1260922, -22.2125794], [-59.128473, -22.2268805], [-59.1156474, -22.2278314], [-59.1081497, -22.2419162], [-59.094761, -22.2441964], [-59.0937432, -22.2618142], [-58.9858117, -22.4109556], [-59.0038296, -22.414422], [-59.0113172, -22.4261102], [-58.8520645, -22.6051852], [-58.8870529, -22.6011469], [-58.8985562, -22.6223361], [-58.937982, -22.6135673], [-58.9433116, -22.6047316], [-58.9695069, -22.6169169], [-59.0011274, -22.6202452], [-59.0061821, -22.6145208], [-59.0201487, -22.62845], [-59.0427077, -22.6256187], [-59.0542187, -22.6340218], [-59.0586134, -22.6681535], [-59.0839405, -22.6632375], [-59.1226603, -22.6948428], [-59.1166715, -22.702832], [-59.1211887, -22.7402306], [-59.1433856, -22.7502321], [-59.1548317, -22.7875312], [-59.1494937, -22.8780348], [-59.1375177, -22.925649], [-59.1557173, -22.9868394], [-59.1699979, -22.9868542], [-59.262477, -23.0743271], [-59.38713, -23.147936], [-59.4169456, -23.2990168], [-59.4081535, -23.3768748], [-59.3702739, -23.4111529], [-59.3431091, -23.4096882], [-59.3251318, -23.396012], [-59.3077165, -23.3977508], [-59.2556081, -23.4544866], [-59.2793296, -23.4639841], [-59.3376731, -23.4651359], [-59.4615061, -23.4557579], [-59.4618477, -23.633046], [-59.4333133, -23.6675018], [-59.4464872, -23.6832599], [-59.5297349, -23.7200055], [-59.5225468, -23.7779095], [-59.5451706, -23.7767346], [-59.5461729, -23.784869], [-59.659176, -23.7821864], [-59.6582063, -23.7759933], [-59.6748213, -23.7692548], [-59.7178092, -23.804814], [-59.9192403, -23.7761257], [-59.9455557, -23.8236291], [-60.2938872, -23.8116983], [-60.372474, -23.7861599], [-60.3889302, -23.7532178], [-60.4070377, -23.7169519]]]}}, {"id": "1013", "type": "Feature", "properties": {"osm_id": "6584435", "name": "Loma Plata", "code": 1208, "source": "OSM via Geofabrik", "admin_level": 8, "layer": "localidades"}, "geometry": {"type": "Polygon", "coordinates": [[[-59.9913877, -22.4668847], [-59.9912591, -22.3512445], [-59.7391631, -22.3491751], [-59.7401915, -22.0555371], [-59.412897, -22.05682], [-59.367745, -22.076228], [-59.336595, -22.170403], [-59.614392, -22.335895], [-59.639343, -22.368923], [-59.626237, -22.427976], [-59.711801, -22.427974], [-59.712167, -22.467009], [-59.747181, -22.466983], [-59.75177, -22.525404], [-59.86904, -22.672335], [-59.9161604, -22.6734591], [-59.9230533, -22.5895207], [-59.9578932, -22.5896215], [-59.9534676, -22.4668854], [-59.987249, -22.4668691], [-59.9913877, -22.4668847]]]}}, {"id": "1021", "type": "Feature", "properties": {"osm_id": "6590579", "name": "Pinasco", "code": 1208, "source": "OSM via Geofabrik", "admin_level": 8, "layer": "localidades"}, "geometry": {"type": "Polygon", "coordinates": [[[-59.2851833, -22.1908544], [-59.239296, -22.131614], [-59.201595, -22.147866], [-59.018355, -22.150072], [-58.9855604, -22.1599749], [-58.962615, -22.150356], [-58.843246, -22.156821], [-58.473562, -22.156234], [-58.396747, -22.178969], [-58.26688, -22.179487], [-58.237447, -22.198389], [-58.245549, -22.240463], [-58.202731, -22.282506], [-58.185565, -22.349438], [-57.8561603, -22.3976236], [-57.8659181, -22.4116091], [-57.8401512, -22.4434857], [-57.8448397, -22.4845822], [-57.8306584, -22.5123445], [-57.8281864, -22.5682743], [-57.7798215, -22.6230706], [-57.7733214, -22.6562877], [-57.7865835, -22.6641362], [-57.8436024, -22.6517525], [-57.9060328, -22.6585332], [-57.9357474, -22.6855378], [-57.9386699, -22.7138672], [-57.9244692, -22.7429764], [-57.8858562, -22.7602099], [-57.8770548, -22.777822], [-57.8838945, -22.7914345], [-57.8755769, -22.8017806], [-57.8102393, -22.8193161], [-57.7891643, -22.8777672], [-57.8210535, -22.9070008], [-57.8214402, -22.915392], [-57.7650355, -22.9751879], [-57.789007, -23.0281855], [-57.7388573, -23.0527955], [-57.7148247, -23.0936992], [-57.6644686, -23.0930117], [-57.6764927, -23.1150617], [-57.7119827, -23.1196175], [-57.719335, -23.1070866], [-57.74458, -23.1011261], [-57.7404414, -23.0948287], [-57.7548043, -23.0886511], [-57.746819, -23.0752295], [-57.7598077, -23.0731414], [-57.7804063, -23.110189], [-57.7924499, -23.1030589], [-57.7862017, -23.1136816], [-57.7913757, -23.1274716], [-57.8175564, -23.1320483], [-57.8254573, -23.1247179], [-57.8332185, -23.135202], [-57.8390373, -23.1467576], [-57.8272654, -23.155768], [-57.8397422, -23.1690331], [-57.8291919, -23.173225], [-57.8266036, -23.1842564], [-57.8329582, -23.1874165], [-57.825682, -23.1928563], [-57.8405772, -23.2121389], [-57.8548637, -23.2004975], [-57.8818837, -23.1962194], [-57.8857182, -23.208258], [-57.9067438, -23.2027409], [-57.8991669, -23.2111958], [-57.9088148, -23.2213778], [-57.9326721, -23.2172208], [-57.939781, -23.2257682], [-57.9347839, -23.2295611], [-57.954498, -23.2424021], [-57.9593449, -23.2356093], [-57.9696117, -23.2443921], [-57.9751999, -23.2263251], [-57.9948488, -23.2331281], [-57.9969682, -23.2421812], [-57.9853851, -23.2462982], [-57.9888478, -23.2532461], [-58.0095626, -23.2582721], [-58.0167252, -23.2516117], [-58.0251122, -23.2595081], [-58.0598021, -23.251151], [-58.0757735, -23.2646323], [-58.0913735, -23.2607989], [-58.1147068, -23.2916424], [-58.1485055, -23.29554], [-58.1543749, -23.3122257], [-58.1739279, -23.3242244], [-58.1693294, -23.3325259], [-58.1911948, -23.3370563], [-58.2160104, -23.3589525], [-58.2325794, -23.3371084], [-58.2762311, -23.3279091], [-58.3273543, -23.3588899], [-58.3610081, -23.3347446], [-58.3727828, -23.3456331], [-58.3844894, -23.3438263], [-58.3921516, -23.3549811], [-58.4015062, -23.3477653], [-58.4120152, -23.3501019], [-58.413959, -23.3606807], [-58.434317, -23.3575805], [-58.4390294, -23.3422338], [-58.4510148, -23.3440887], [-58.4746695, -23.3237314], [-58.4777499, -23.3317248], [-58.4839026, -23.3263653], [-58.4944678, -23.3327203], [-58.5144811, -23.3204101], [-58.513377, -23.3130279], [-58.5295351, -23.308807], [-58.5529354, -23.3128177], [-58.5508708, -23.3210325], [-58.5654984, -23.3243586], [-58.5768337, -23.3158355], [-58.5752413, -23.3075311], [-58.5962272, -23.3081448], [-58.596679, -23.3010546], [-58.6062752, -23.301117], [-58.6135834, -23.2750814], [-58.6196979, -23.2802942], [-58.6340275, -23.2642444], [-58.6269765, -23.2584067], [-58.6318929, -23.2453387], [-58.6518539, -23.2523623], [-58.6497081, -23.2461323], [-58.6610914, -23.2450282], [-58.685757, -23.2571578], [-58.6973691, -23.2494048], [-58.698181, -23.2604402], [-58.7219292, -23.2624411], [-58.7239463, -23.2494001], [-58.7285328, -23.2574634], [-58.7359465, -23.2542697], [-58.7316442, -23.2485721], [-58.7442399, -23.2506718], [-58.7364864, -23.2379005], [-58.7707114, -23.2455307], [-58.7762386, -23.2327742], [-58.7836933, -23.2365992], [-58.7798577, -23.2233289], [-58.7893117, -23.2299299], [-58.7873108, -23.2169696], [-58.8168342, -23.2270634], [-58.8204248, -23.2224758], [-58.814046, -23.2210191], [-58.824842, -23.2246695], [-58.8291473, -23.2080466], [-58.835966, -23.2180657], [-58.838543, -23.2115966], [-58.8611029, -23.222229], [-58.8682039, -23.2174532], [-58.8641166, -23.2290522], [-58.8732109, -23.23202], [-58.8827703, -23.2264299], [-58.8940678, -23.2309306], [-58.8958847, -23.2238712], [-58.8990264, -23.2323354], [-58.9034788, -23.2232945], [-58.9161174, -23.2372549], [-58.9206219, -23.222525], [-58.9268661, -23.2232546], [-58.9249365, -23.2329368], [-58.9350146, -23.2282979], [-58.9278424, -23.2116546], [-58.9455396, -23.210565], [-58.953892, -23.1920855], [-58.9781607, -23.1846248], [-58.9666593, -23.176207], [-58.974647, -23.1673546], [-58.9793049, -23.1779083], [-58.98794, -23.1707329], [-58.9863897, -23.1773313], [-58.9967913, -23.178579], [-59.0267516, -23.1715614], [-59.024756, -23.1881111], [-59.0406256, -23.1850735], [-59.054278, -23.1924257], [-59.0505336, -23.1972332], [-59.0643148, -23.2013306], [-59.0672331, -23.195759], [-59.0686638, -23.2029183], [-59.0814257, -23.200241], [-59.0752529, -23.1924898], [-59.0853954, -23.1914444], [-59.0875749, -23.2077057], [-59.0965657, -23.2045453], [-59.0946597, -23.2153226], [-59.1024006, -23.2176299], [-59.1177804, -23.2170531], [-59.1328238, -23.2050039], [-59.1481859, -23.2113144], [-59.1528921, -23.1947333], [-59.176179, -23.217921], [-59.1860372, -23.2181968], [-59.1903288, -23.2101164], [-59.2025422, -23.2151759], [-59.1963718, -23.1941807], [-59.2350251, -23.076751], [-59.2469839, -23.0624618], [-59.1699979, -22.9868542], [-59.1557173, -22.9868394], [-59.1375177, -22.925649], [-59.1494937, -22.8780348], [-59.1548317, -22.7875312], [-59.1433856, -22.7502321], [-59.1211887, -22.7402306], [-59.1166715, -22.702832], [-59.1226603, -22.6948428], [-59.0839405, -22.6632375], [-59.0586134, -22.6681535], [-59.0542187, -22.6340218], [-59.0427077, -22.6256187], [-59.0201487, -22.62845], [-59.0061821, -22.6145208], [-59.0011274, -22.6202452], [-58.9695069, -22.6169169], [-58.9433116, -22.6047316], [-58.937982, -22.6135673], [-58.8985562, -22.6223361], [-58.8870529, -22.6011469], [-58.8520645, -22.6051852], [-59.0113172, -22.4261102], [-59.0038296, -22.414422], [-58.9858117, -22.4109556], [-59.0937432, -22.2618142], [-59.094761, -22.2441964], [-59.1081497, -22.2419162], [-59.1156474, -22.2278314], [-59.128473, -22.2268805], [-59.1260922, -22.2125794], [-59.1493842, -22.2157211], [-59.1622572, -22.203324], [-59.192965, -22.2033794], [-59.2028697, -22.1883386], [-59.2211226, -22.1846434], [-59.2364016, -22.1929538], [-59.2352727, -22.1999998], [-59.2513332, -22.1970587], [-59.2851833, -22.1908544]]]}}, {"id": "1029", "type": "Feature", "properties": {"osm_id": "6604964", "name": "Los Cedrales", "code": 1208, "source": "OSM via Geofabrik", "admin_level": 8, "layer": "localidades"}, "geometry": {"type": "Polygon", "coordinates": [[[-54.8660841, -25.6908459], [-54.8590767, -25.6442467], [-54.844075, -25.628488], [-54.8479803, -25.6035476], [-54.856735, -25.6148092], [-54.8631509, -25.6106878], [-54.8611124, -25.5989421], [-54.8472722, -25.5872726], [-54.8369081, -25.5968328], [-54.8167165, -25.5783504], [-54.8088252, -25.6111312], [-54.7968896, -25.6069146], [-54.7919328, -25.5938139], [-54.7839935, -25.5995226], [-54.7750671, -25.5915883], [-54.7744019, -25.5995613], [-54.7549398, -25.5956717], [-54.7668703, -25.5883564], [-54.7615059, -25.5741504], [-54.7567208, -25.5863824], [-54.7303477, -25.5839906], [-54.7402209, -25.5977374], [-54.7293599, -25.6002611], [-54.7118834, -25.5761266], [-54.6452184, -25.6611258], [-54.6582234, -25.6757837], [-54.6577785, -25.6876501], [-54.6251868, -25.7778318], [-54.6352175, -25.7908966], [-54.6596535, -25.7641875], [-54.6686378, -25.7804408], [-54.6807736, -25.7745031], [-54.6754239, -25.771155], [-54.6829812, -25.7631078], [-54.6869389, -25.7710842], [-54.7063677, -25.7714523], [-54.7336106, -25.7885129], [-54.8332779, -25.7585772], [-54.8533192, -25.7396999], [-54.8571388, -25.6945689], [-54.8660235, -25.6909624], [-54.8660841, -25.6908459]]]}}, {"id": "1036", "type": "Feature", "properties": {"osm_id": "3966633", "name": "Santa Ana", "code": 1208, "source": "OSM via Geofabrik", "admin_level": 8, "layer": "localidades"}, "geometry": {"type": "Polygon", "coordinates": [[[-55.5956312, -27.3669315], [-55.5798881, -27.3567807], [-55.5682976, -27.3680779], [-55.5848809, -27.3821753], [-55.5901876, -27.3743232], [-55.5956312, -27.3669315]]]}}, {"id": "1056", "type": "Feature", "properties": {"osm_id": "6584434", "name": "Filadelfia", "code": 1208, "source": "OSM via Geofabrik", "admin_level": 8, "layer": "localidades"}, "geometry": {"type": "Polygon", "coordinates": [[[-60.580172, -21.8283788], [-60.5467999, -21.1052785], [-60.5363845, -20.4565462], [-59.9273, -20.632887], [-59.879513, -20.630417], [-59.886896, -20.791957], [-59.863118, -20.820841], [-59.83831, -20.8807], [-59.839607, -20.903143], [-59.817786, -20.936654], [-59.809842, -20.987461], [-59.768323, -21.037456], [-59.755849, -21.096831], [-59.75087, -21.182933], [-59.766985, -21.201298], [-59.715013, -21.345861], [-59.872402, -21.447163], [-59.947422, -21.926573], [-59.9523994, -22.0545342], [-59.7401915, -22.0555371], [-59.7391631, -22.3491751], [-59.9912591, -22.3512445], [-59.9913877, -22.4668847], [-59.9534676, -22.4668854], [-59.9531405, -22.5187171], [-60.0550259, -22.4673241], [-60.0932042, -22.4640514], [-60.4148176, -22.2215591], [-60.4094146, -22.0077738], [-60.5034827, -22.0090594], [-60.4931505, -21.8356597], [-60.5794291, -21.8284311], [-60.580172, -21.8283788]]]}}, {"id": "1058", "type": "Feature", "properties": {"osm_id": "6584436", "name": "Mariscal Estigarribia", "code": 1208, "source": "OSM via Geofabrik", "admin_level": 8, "layer": "localidades"}, "geometry": {"type": "Polygon", "coordinates": [[[-62.6406685, -22.2362478], [-62.2609194, -21.0586278], [-62.2663417, -20.5631556], [-61.9225361, -20.0892109], [-61.768661, -20.109639], [-61.71859, -20.096645], [-61.698262, -20.104244], [-61.620052, -20.170064], [-61.51439, -20.182631], [-60.5363845, -20.4565462], [-60.5467999, -21.1052785], [-60.580172, -21.8283788], [-60.4931505, -21.8356597], [-60.5034827, -22.0090594], [-60.4094146, -22.0077738], [-60.4148176, -22.2215591], [-60.0938176, -22.4636587], [-60.0550259, -22.4673241], [-59.9531405, -22.5187171], [-59.9578932, -22.5896215], [-59.9230533, -22.5895207], [-59.9161604, -22.6734591], [-59.86904, -22.672335], [-59.939777, -22.769478], [-59.937939, -22.77921], [-59.948822, -22.782389], [-59.944878, -22.796893], [-59.966371, -22.802297], [-59.975091, -22.818633], [-59.970735, -22.968755], [-59.958426, -23.067302], [-59.992281, -23.157465], [-59.978988, -23.172979], [-60.056926, -23.376234], [-60.076769, -23.458487], [-60.092735, -23.492822], [-60.202723, -23.532855], [-60.571328, -23.572293], [-60.580971, -23.574891], [-60.579145, -23.58258], [-60.601665, -23.611015], [-60.675205, -23.59219], [-60.669805, -23.7020951], [-60.6897539, -23.7322631], [-60.7844231, -23.7898758], [-60.7815653, -23.8301543], [-60.7603195, -23.872485], [-60.855, -23.8725], [-60.875278, -23.849722], [-60.921389, -23.823056], [-60.9898984, -23.8180803], [-60.9995846, -23.7914426], [-61.0158775, -23.77841], [-61.0123624, -23.7614679], [-61.0397555, -23.741004], [-61.0575441, -23.7070508], [-61.08056, -23.6908307], [-61.0856452, -23.6752417], [-61.0793673, -23.6712273], [-61.099693, -23.6555998], [-61.0892452, -23.6396291], [-61.0999424, -23.6283215], [-61.0882351, -23.6139282], [-61.149167, -23.586111], [-61.1825, -23.554722], [-61.224722, -23.555278], [-61.2553258, -23.5232239], [-61.2640414, -23.5272817], [-61.2626861, -23.5169414], [-61.2750429, -23.5120971], [-61.2828803, -23.4874554], [-61.2947268, -23.4986563], [-61.2961939, -23.4870181], [-61.3024978, -23.4900647], [-61.316997, -23.4697454], [-61.3463017, -23.4687869], [-61.3517016, -23.4479477], [-61.3749198, -23.4561574], [-61.385638, -23.4466333], [-61.3810714, -23.457805], [-61.387071, -23.4604529], [-61.4032709, -23.444724], [-61.4171698, -23.4483615], [-61.4451234, -23.4201264], [-61.4557298, -23.4256305], [-61.4580133, -23.4178819], [-61.4732972, -23.4269573], [-61.4851895, -23.4183558], [-61.4868901, -23.4237565], [-61.520278, -23.380556], [-61.5235973, -23.3673092], [-61.5093871, -23.3498812], [-61.560278, -23.340833], [-61.575556, -23.314167], [-61.603889, -23.291944], [-61.5989481, -23.2836346], [-61.6270285, -23.2776601], [-61.6702467, -23.285982], [-61.6831018, -23.2760249], [-61.6827307, -23.2595238], [-61.7002106, -23.255382], [-61.7143138, -23.2391172], [-61.7319397, -23.2417041], [-61.7386599, -23.2150677], [-61.7330712, -23.2086739], [-61.7492208, -23.1762307], [-61.7670939, -23.168683], [-61.7655598, -23.1581049], [-61.7788186, -23.1651064], [-61.8041368, -23.1566841], [-61.855278, -23.09], [-61.8901155, -23.0840797], [-61.8949231, -23.081261], [-61.8877204, -23.0791625], [-61.9139851, -23.0633065], [-61.9272992, -23.0709213], [-61.940833, -23.044167], [-61.9535919, -23.0469418], [-61.9556131, -23.0251243], [-61.9827175, -23.0229667], [-61.989466, -23.0028809], [-61.9970727, -23.010248], [-61.9924593, -22.9921555], [-62.0020723, -22.9947628], [-62.0059562, -22.9884221], [-61.995163, -22.9688251], [-62.0103121, -22.9764114], [-61.9959355, -22.9514778], [-62.0037675, -22.9392662], [-61.9995833, -22.9296029], [-62.0248604, -22.9278045], [-62.0215559, -22.9080011], [-62.0315981, -22.8995412], [-62.041297, -22.8684646], [-62.0570898, -22.8627705], [-62.0601797, -22.8484153], [-62.0720673, -22.8469125], [-62.0766592, -22.8269786], [-62.0887184, -22.8267412], [-62.0963574, -22.8051824], [-62.1081162, -22.8196608], [-62.1154118, -22.7949754], [-62.1395731, -22.7807318], [-62.135067, -22.770523], [-62.1474266, -22.7647455], [-62.1384144, -22.7616193], [-62.1580267, -22.7601155], [-62.1650177, -22.7447531], [-62.147299, -22.7484214], [-62.1771813, -22.7204733], [-62.1732031, -22.7105093], [-62.1818859, -22.7081974], [-62.1903091, -22.7197677], [-62.2067114, -22.7041761], [-62.1955212, -22.6903863], [-62.2048521, -22.6844144], [-62.1974127, -22.6613847], [-62.2171774, -22.660853], [-62.2052297, -22.6511739], [-62.2266637, -22.638405], [-62.2371222, -22.6470811], [-62.2349164, -22.61461], [-62.2534257, -22.6139979], [-62.2490312, -22.6028654], [-62.2609338, -22.6040797], [-62.255578, -22.5904977], [-62.2394482, -22.5916864], [-62.2506169, -22.5821034], [-62.2253291, -22.5602208], [-62.2255994, -22.5465314], [-62.2511741, -22.5356041], [-62.2545909, -22.5210931], [-62.2963199, -22.5191227], [-62.2842347, -22.5099631], [-62.2905647, -22.4727566], [-62.3008968, -22.4865877], [-62.3167455, -22.4868613], [-62.3270559, -22.4714138], [-62.3402088, -22.4800006], [-62.3403149, -22.4599689], [-62.3575938, -22.4632893], [-62.3617145, -22.4578524], [-62.3778455, -22.4823854], [-62.3908629, -22.4511323], [-62.4164829, -22.4468043], [-62.4212705, -22.4211461], [-62.453522, -22.4183327], [-62.4719718, -22.3754729], [-62.5098236, -22.380313], [-62.5283307, -22.3699232], [-62.5429283, -22.3744682], [-62.5365511, -22.357632], [-62.5702965, -22.3296626], [-62.5676642, -22.3151213], [-62.5893236, -22.3247346], [-62.6007487, -22.3181028], [-62.6056593, -22.3025016], [-62.6283851, -22.3055777], [-62.621023, -22.2601091], [-62.6404827, -22.236238], [-62.6406685, -22.2362478]]]}}, {"id": "1087", "type": "Feature", "properties": {"osm_id": "6585927", "name": "Carmelo Peralta", "code": 1208, "source": "OSM via Geofabrik", "admin_level": 8, "layer": "localidades"}, "geometry": {"type": "Polygon", "coordinates": [[[-58.7761711, -21.5044526], [-58.7647598, -21.5080734], [-58.7500563, -21.4891339], [-58.7198022, -21.4834052], [-58.7168657, -21.4661471], [-58.7017185, -21.4749266], [-58.7008609, -21.4453159], [-58.6566926, -21.4248394], [-58.638442, -21.3998844], [-58.6391198, -21.3899611], [-58.6136324, -21.4054994], [-58.5845873, -21.4013915], [-58.5789341, -21.3891079], [-58.557378, -21.3950722], [-58.4948791, -21.3851908], [-58.4930316, -21.3622741], [-58.4720247, -21.3600178], [-58.4686602, -21.3474463], [-58.4656147, -21.3571686], [-58.4469788, -21.3464317], [-58.4434239, -21.3572168], [-58.4389722, -21.3500117], [-58.4111524, -21.3466242], [-58.4082595, -21.3380823], [-58.401986, -21.3444916], [-58.3844142, -21.3380721], [-58.3767506, -21.3488545], [-58.3486715, -21.3451097], [-58.3541267, -21.3516109], [-58.3367452, -21.3533099], [-58.2761216, -21.3379128], [-58.2710324, -21.3517998], [-58.264691, -21.3512087], [-58.2709668, -21.3632787], [-58.2445395, -21.3820643], [-58.2243243, -21.3714683], [-58.2003205, -21.3749231], [-58.1755035, -21.351416], [-58.1547416, -21.3618532], [-58.1606233, -21.3672978], [-58.1514146, -21.3754556], [-58.1499589, -21.3627217], [-58.1396165, -21.3546345], [-58.1301171, -21.3588075], [-58.1174334, -21.3505167], [-58.0956571, -21.3588138], [-58.0864226, -21.382876], [-58.0381281, -21.3066636], [-57.9770015, -21.2999519], [-57.9214977, -21.278226], [-57.8995885, -21.3053414], [-57.8541327, -21.3169226], [-57.8608496, -21.3503407], [-57.9087989, -21.4042285], [-57.931779, -21.4797357], [-57.9675779, -21.5225494], [-57.9596986, -21.5631125], [-57.913865, -21.5902131], [-57.9428876, -21.6223824], [-57.9343646, -21.6503654], [-57.8832868, -21.6890284], [-57.9467031, -21.7426998], [-57.9404327, -21.7581545], [-57.9086576, -21.7735478], [-57.9324745, -21.8266967], [-57.9660279, -21.8504532], [-57.9164113, -21.8762877], [-57.9136647, -21.887279], [-57.9340924, -21.8888719], [-57.9486836, -21.9012956], [-57.9349507, -21.9227958], [-57.9644535, -21.982137], [-57.9658267, -22.0049956], [-58.0099417, -22.0434013], [-58.0946557, -22.0267834], [-58.1039528, -22.0431957], [-58.1580526, -22.0430571], [-58.1747388, -22.0203242], [-58.235071, -22.0328308], [-58.3337101, -21.9498902], [-58.3848986, -21.9509041], [-58.3847048, -21.8081802], [-58.5631443, -21.8070159], [-58.6592369, -21.9451523], [-58.6756555, -21.9486612], [-58.6858745, -21.8805874], [-58.6686884, -21.8761931], [-58.673889, -21.8498662], [-58.6838007, -21.8080695], [-58.7088753, -21.8078119], [-58.7081217, -21.6924423], [-58.7203161, -21.6900315], [-58.7201784, -21.5752257], [-58.756763, -21.5740032], [-58.758101, -21.5297067], [-58.7660987, -21.5185306], [-58.7761711, -21.5044526]]]}}, {"id": "1088", "type": "Feature", "properties": {"osm_id": "6585929", "name": "Puerto Casado", "code": 1208, "source": "OSM via Geofabrik", "admin_level": 8, "layer": "localidades"}, "geometry": {"type": "Polygon", "coordinates": [[[-59.9524469, -22.0526037], [-59.947422, -21.926573], [-59.872402, -21.447163], [-59.715013, -21.345861], [-59.7669785, -21.2013002], [-59.4973016, -21.1978826], [-59.4586441, -21.2993258], [-59.4385958, -21.2746212], [-59.3950381, -21.2668483], [-59.3590023, -21.2448395], [-59.324833, -21.2342181], [-59.2555559, -21.2304358], [-59.2365509, -21.2116712], [-59.2067965, -21.2115828], [-59.187223, -21.2025181], [-59.1289915, -21.2143887], [-59.1047922, -21.1965061], [-59.0889329, -21.2036992], [-59.0665742, -21.2344145], [-59.0338253, -21.211405], [-59.001644, -21.2013224], [-58.9875445, -21.2081799], [-58.9920125, -21.213465], [-58.9744896, -21.2171716], [-58.94511, -21.1980865], [-58.9392468, -21.2206468], [-58.920626, -21.220899], [-58.9203988, -21.2042743], [-58.9093823, -21.2022747], [-58.9030083, -21.1814784], [-58.8807547, -21.169143], [-58.8776006, -21.158762], [-58.8492183, -21.150791], [-58.8413898, -21.1610382], [-58.8266085, -21.1628911], [-58.7759335, -21.1299519], [-58.7521205, -21.1373834], [-58.7322174, -21.0987314], [-58.7242775, -21.1067185], [-58.7013758, -21.10771], [-58.6025367, -21.0906428], [-58.5547457, -21.116123], [-58.5502945, -21.1332226], [-58.525035, -21.1214044], [-58.5229797, -21.1094961], [-58.5148886, -21.1101453], [-58.4891009, -21.0840862], [-58.4716991, -21.0899102], [-58.4713041, -21.0836664], [-58.4561326, -21.0855251], [-58.4445713, -21.0982926], [-58.4331427, -21.096428], [-58.4245699, -21.1096007], [-58.4148815, -21.1105273], [-58.4160143, -21.1035221], [-58.3995587, -21.1106088], [-58.3957684, -21.0953258], [-58.3841048, -21.0886326], [-58.3391835, -21.0868806], [-58.3402352, -21.0805459], [-58.3319154, -21.0821439], [-58.3238852, -21.0714041], [-58.3183306, -21.0775652], [-58.3079353, -21.0727805], [-58.3045086, -21.0881242], [-58.2840852, -21.0869162], [-58.2851713, -21.0724625], [-58.2740614, -21.0744886], [-58.2736818, -21.0656393], [-58.2625959, -21.0656908], [-58.2555481, -21.0532256], [-58.2343236, -21.0575292], [-58.2272718, -21.0508631], [-58.2222298, -21.0597586], [-58.2085004, -21.0475941], [-58.2006379, -21.0555618], [-58.1869338, -21.0449786], [-58.1718663, -21.0672378], [-58.1544115, -21.0596195], [-58.1459157, -21.06562], [-58.1388487, -21.0533742], [-58.1330541, -21.0624782], [-58.0941393, -21.0586424], [-58.0712319, -21.0781978], [-58.0646968, -21.0722035], [-58.0319842, -21.0841043], [-58.0154876, -21.0680288], [-57.9915436, -21.060428], [-57.9391154, -21.0696447], [-57.9323276, -21.0882772], [-57.8463734, -21.0977667], [-57.8644318, -21.1374521], [-57.8478671, -21.1923745], [-57.8549051, -21.2309821], [-57.9438965, -21.2893443], [-58.0381281, -21.3066636], [-58.0864226, -21.382876], [-58.0956571, -21.3588138], [-58.1174334, -21.3505167], [-58.1301171, -21.3588075], [-58.1396165, -21.3546345], [-58.1499589, -21.3627217], [-58.1514146, -21.3754556], [-58.1606233, -21.3672978], [-58.1547416, -21.3618532], [-58.1755035, -21.351416], [-58.2003205, -21.3749231], [-58.2243243, -21.3714683], [-58.2445395, -21.3820643], [-58.2709668, -21.3632787], [-58.264691, -21.3512087], [-58.2710324, -21.3517998], [-58.2761216, -21.3379128], [-58.3367452, -21.3533099], [-58.3541267, -21.3516109], [-58.3486715, -21.3451097], [-58.3767506, -21.3488545], [-58.3844142, -21.3380721], [-58.401986, -21.3444916], [-58.4082595, -21.3380823], [-58.4111524, -21.3466242], [-58.4389722, -21.3500117], [-58.4434239, -21.3572168], [-58.4469788, -21.3464317], [-58.4656147, -21.3571686], [-58.4686602, -21.3474463], [-58.4720247, -21.3600178], [-58.4930316, -21.3622741], [-58.4948791, -21.3851908], [-58.557378, -21.3950722], [-58.5789341, -21.3891079], [-58.5845873, -21.4013915], [-58.6136324, -21.4054994], [-58.6391198, -21.3899611], [-58.638442, -21.3998844], [-58.6566926, -21.4248394], [-58.7008609, -21.4453159], [-58.7017185, -21.4749266], [-58.7168657, -21.4661471], [-58.7198022, -21.4834052], [-58.7500563, -21.4891339], [-58.7647598, -21.5080734], [-58.7761711, -21.5044526], [-58.758101, -21.5297067], [-58.756763, -21.5740032], [-58.7201784, -21.5752257], [-58.7203161, -21.6900315], [-58.7081217, -21.6924423], [-58.7088753, -21.8078119], [-58.6838007, -21.8080695], [-58.673889, -21.8498662], [-58.6686884, -21.8761931], [-58.6858745, -21.8805874], [-58.6756555, -21.9486612], [-58.6592369, -21.9451523], [-58.5631443, -21.8070159], [-58.3847048, -21.8081802], [-58.3848986, -21.9509041], [-58.3337101, -21.9498902], [-58.235071, -22.0328308], [-58.1747388, -22.0203242], [-58.1580526, -22.0430571], [-58.1039528, -22.0431957], [-58.0961693, -22.0271085], [-58.0641282, -22.028698], [-58.0160524, -22.0371786], [-57.9852781, -22.0613976], [-57.9937358, -22.1010731], [-57.9643386, -22.119351], [-57.9555036, -22.1344275], [-57.9754955, -22.21588], [-57.9601984, -22.2360056], [-57.954231, -22.2709939], [-57.9457697, -22.2796151], [-57.9045929, -22.2672747], [-57.8869912, -22.2694352], [-57.8784403, -22.3280413], [-57.8175065, -22.3777613], [-57.8290109, -22.3963735], [-57.8398256, -22.4001826], [-58.185565, -22.349438], [-58.202731, -22.282506], [-58.245549, -22.240463], [-58.237447, -22.198389], [-58.26688, -22.179487], [-58.396747, -22.178969], [-58.473562, -22.156234], [-58.843246, -22.156821], [-58.962615, -22.150356], [-58.9855604, -22.1599749], [-59.018355, -22.150072], [-59.201595, -22.147866], [-59.416363, -22.056525], [-59.9523994, -22.0545342], [-59.9524469, -22.0526037]]]}}, {"id": "1090", "type": "Feature", "properties": {"osm_id": "11009263", "name": "Trinidad", "code": 1208, "source": "OSM via Geofabrik", "admin_level": 8, "layer": "localidades"}, "geometry": {"type": "Polygon", "coordinates": [[[-55.8407057, -27.1058202], [-55.7983783, -27.0701233], [-55.7874876, -27.0796836], [-55.7710887, -27.0710491], [-55.7567744, -27.0839341], [-55.7488832, -27.0711565], [-55.7318929, -27.0725615], [-55.7215445, -27.1090549], [-55.699601, -27.1050003], [-55.6986515, -27.1137912], [-55.6833968, -27.1116868], [-55.6840808, -27.1033828], [-55.6996699, -27.102452], [-55.7002091, -27.0954917], [-55.6858271, -27.090981], [-55.6798081, -27.0990276], [-55.6745831, -27.0929244], [-55.620896, -27.138147], [-55.6269493, -27.1535449], [-55.6533092, -27.1627009], [-55.6746436, -27.1810889], [-55.6968829, -27.1836759], [-55.6914698, -27.1885827], [-55.7056685, -27.2015137], [-55.6993767, -27.206932], [-55.7133395, -27.219932], [-55.8406949, -27.105952], [-55.8407057, -27.1058202]]]}}, {"id": "1092", "type": "Feature", "properties": {"osm_id": "11009264", "name": "Jes\u00fas de Tavarang\u00fc\u00e9", "code": 1208, "source": "OSM via Geofabrik", "admin_level": 8, "layer": "localidades"}, "geometry": {"type": "Polygon", "coordinates": [[[-55.8791704, -27.0722193], [-55.8753082, -27.0566657], [-55.8559218, -27.0507589], [-55.8228873, -27.0114568], [-55.8119831, -27.0188135], [-55.7864512, -26.9920659], [-55.7669725, -27.0125661], [-55.7477045, -27.0107043], [-55.745405, -27.0235706], [-55.7357068, -27.0086649], [-55.7152104, -27.0132408], [-55.7128661, -27.0217761], [-55.7026847, -27.0234221], [-55.7031514, -27.0393129], [-55.6948629, -27.0433553], [-55.7054506, -27.0454456], [-55.6943264, -27.0485631], [-55.6986931, -27.0535317], [-55.6824067, -27.0480471], [-55.6767746, -27.0573441], [-55.7015577, -27.0662868], [-55.6994548, -27.0734042], [-55.6856774, -27.0769842], [-55.683832, -27.0667525], [-55.6757929, -27.0762056], [-55.6656837, -27.0742842], [-55.6710561, -27.0853068], [-55.6783195, -27.0799098], [-55.6834903, -27.0854692], [-55.673277, -27.0892518], [-55.6796552, -27.0989942], [-55.6858271, -27.090981], [-55.7001258, -27.0953767], [-55.6997692, -27.1023899], [-55.6891636, -27.099338], [-55.6830428, -27.1103307], [-55.6984871, -27.1137962], [-55.699601, -27.1050003], [-55.7235871, -27.1072816], [-55.7221444, -27.0891961], [-55.7317134, -27.0726005], [-55.7488832, -27.0711565], [-55.7567744, -27.0839341], [-55.7710887, -27.0710491], [-55.7874876, -27.0796836], [-55.7983783, -27.0701233], [-55.8406306, -27.1060953], [-55.8791235, -27.0723724], [-55.8791704, -27.0722193]]]}}, {"id": "1097", "type": "Feature", "properties": {"osm_id": "3762870", "name": "Obligado", "code": 1208, "source": "OSM via Geofabrik", "admin_level": 8, "layer": "localidades"}, "geometry": {"type": "Polygon", "coordinates": [[[-55.8685624, -26.825133], [-55.7616915, -26.7730639], [-55.5794873, -26.9468948], [-55.6116088, -26.9592365], [-55.6479356, -26.994814], [-55.5353606, -27.0958684], [-55.5633545, -27.1021889], [-55.5651915, -27.1255872], [-55.8597613, -26.8596882], [-55.8531734, -26.841408], [-55.8685196, -26.8252636], [-55.8685624, -26.825133]]]}}, {"id": "1098", "type": "Feature", "properties": {"osm_id": "11800375", "name": "Hohenau", "code": 1208, "source": "OSM via Geofabrik", "admin_level": 8, "layer": "localidades"}, "geometry": {"type": "Polygon", "coordinates": [[[-55.8885041, -26.880026], [-55.8589789, -26.8603735], [-55.5651915, -27.1255872], [-55.5623043, -27.1595168], [-55.5744905, -27.1674096], [-55.5968714, -27.1588964], [-55.6131366, -27.1663575], [-55.6213117, -27.1598511], [-55.6156013, -27.1519937], [-55.6211777, -27.1369433], [-55.6834887, -27.0867468], [-55.6783195, -27.0799098], [-55.6710561, -27.0853068], [-55.6658526, -27.0740729], [-55.6757929, -27.0762056], [-55.683832, -27.0667525], [-55.6856774, -27.0769842], [-55.6995728, -27.0732322], [-55.7015577, -27.0662868], [-55.6767746, -27.0573441], [-55.6824067, -27.0480471], [-55.6986931, -27.0535317], [-55.6943264, -27.0485631], [-55.7054506, -27.0454456], [-55.6948629, -27.0433553], [-55.7031514, -27.0393129], [-55.7026847, -27.0234221], [-55.7128661, -27.0217761], [-55.7152104, -27.0132408], [-55.7357068, -27.0086649], [-55.745405, -27.0235706], [-55.7477045, -27.0107043], [-55.7669725, -27.0125661], [-55.7864512, -26.9920659], [-55.8119831, -27.0188135], [-55.8228873, -27.0114568], [-55.7918166, -26.9680934], [-55.8884442, -26.8801626], [-55.8885041, -26.880026]]]}}, {"id": "1116", "type": "Feature", "properties": {"osm_id": "6601483", "name": "San Antonio", "code": 1208, "source": "OSM via Geofabrik", "admin_level": 8, "layer": "localidades"}, "geometry": {"type": "Polygon", "coordinates": [[[-57.5976322, -25.4006852], [-57.5723763, -25.3926708], [-57.5717407, -25.384761], [-57.5412031, -25.4103677], [-57.5344387, -25.4436987], [-57.5459836, -25.4554271], [-57.5950012, -25.4032572], [-57.5976322, -25.4006852]]]}}, {"id": "1209", "type": "Feature", "properties": {"osm_id": "3681127", "name": "Fernando de la Mora", "code": 1208, "source": "OSM via Geofabrik", "admin_level": 8, "layer": "localidades"}, "geometry": {"type": "Polygon", "coordinates": [[[-57.584953, -25.3394098], [-57.5602205, -25.3200676], [-57.5418698, -25.2917291], [-57.536064, -25.2957174], [-57.516485, -25.3198623], [-57.5280341, -25.324685], [-57.5275396, -25.3337757], [-57.5401341, -25.3324426], [-57.5518439, -25.3569481], [-57.5701709, -25.3557517], [-57.5843106, -25.3400868], [-57.584953, -25.3394098]]]}}, {"id": "1213", "type": "Feature", "properties": {"osm_id": "6604963", "name": "Juan Emilio O'Leary", "code": 1208, "source": "OSM via Geofabrik", "admin_level": 8, "layer": "localidades"}, "geometry": {"type": "Polygon", "coordinates": [[[-55.4261101, -25.55711], [-55.3779592, -25.361633], [-55.3512251, -25.3563589], [-55.3275495, -25.3356458], [-55.30686, -25.3494762], [-55.3504085, -25.5954288], [-55.3698384, -25.6073684], [-55.3732931, -25.6199646], [-55.395427, -25.6289644], [-55.4039453, -25.6134828], [-55.3992493, -25.604312], [-55.4152643, -25.5894973], [-55.4260653, -25.5575237], [-55.4261101, -25.55711]]]}}, {"id": "1215", "type": "Feature", "properties": {"osm_id": "6002474", "name": "Luque", "code": 1208, "source": "OSM via Geofabrik", "admin_level": 8, "layer": "localidades"}, "geometry": {"type": "Polygon", "coordinates": [[[-57.5428118, -25.273924], [-57.5153155, -25.2175115], [-57.5013359, -25.2041645], [-57.4738795, -25.2209296], [-57.4650925, -25.2190789], [-57.4487127, -25.212781], [-57.4359936, -25.1925007], [-57.4259773, -25.189464], [-57.4162394, -25.1973666], [-57.400584, -25.1799991], [-57.3959526, -25.1925537], [-57.3497465, -25.2266554], [-57.3929447, -25.2571612], [-57.4253142, -25.2586904], [-57.4474347, -25.2876437], [-57.4447518, -25.310138], [-57.4730712, -25.3246174], [-57.519494, -25.2963896], [-57.5418698, -25.2917291], [-57.542776, -25.2740124], [-57.5428118, -25.273924]]]}}, {"id": "1266", "type": "Feature", "properties": {"osm_id": "3680237", "name": "Villa Elisa", "code": 1208, "source": "OSM via Geofabrik", "admin_level": 8, "layer": "localidades"}, "geometry": {"type": "Polygon", "coordinates": [[[-57.614608, -25.3901007], [-57.584953, -25.3394098], [-57.5667966, -25.3609791], [-57.5723763, -25.3926708], [-57.5976322, -25.4006852], [-57.6130427, -25.3907709], [-57.614608, -25.3901007]]]}}, {"id": "1267", "type": "Feature", "properties": {"osm_id": "3678799", "name": "Lambar\u00e9", "code": 1208, "source": "OSM via Geofabrik", "admin_level": 8, "layer": "localidades"}, "geometry": {"type": "Polygon", "coordinates": [[[-57.6429976, -25.3811854], [-57.634035, -25.3380885], [-57.6157119, -25.3133957], [-57.5898015, -25.3351363], [-57.5861729, -25.3414365], [-57.614608, -25.3901007], [-57.6428104, -25.3814047], [-57.6429976, -25.3811854]]]}}, {"id": "1272", "type": "Feature", "properties": {"osm_id": "6601481", "name": "Juli\u00e1n Augusto Sald\u00edvar", "code": 1208, "source": "OSM via Geofabrik", "admin_level": 8, "layer": "localidades"}, "geometry": {"type": "Polygon", "coordinates": [[[-57.4717787, -25.4464146], [-57.4472826, -25.396112], [-57.423662, -25.4035672], [-57.4271133, -25.4123939], [-57.3991555, -25.4182925], [-57.4020661, -25.4461795], [-57.4284073, -25.4591737], [-57.4626704, -25.4563496], [-57.4593576, -25.4522221], [-57.4714389, -25.4467856], [-57.4717787, -25.4464146]]]}}, {"id": "1273", "type": "Feature", "properties": {"osm_id": "3710869", "name": "Capiat\u00e1", "code": 1208, "source": "OSM via Geofabrik", "admin_level": 8, "layer": "localidades"}, "geometry": {"type": "Polygon", "coordinates": [[[-57.5166968, -25.405146], [-57.481786, -25.4026715], [-57.483281, -25.3425297], [-57.461177, -25.316857], [-57.4424097, -25.3079288], [-57.4221647, -25.3450181], [-57.402528, -25.3578694], [-57.4058858, -25.3874711], [-57.398916, -25.4181125], [-57.4271133, -25.4123939], [-57.423662, -25.4035672], [-57.4472826, -25.396112], [-57.4652569, -25.4391348], [-57.5110825, -25.4241588], [-57.5153325, -25.4073492], [-57.5084732, -25.4071094], [-57.516534, -25.4051846], [-57.5166968, -25.405146]]]}}, {"id": "1285", "type": "Feature", "properties": {"osm_id": "6601487", "name": "\u00d1emby", "code": 1208, "source": "OSM via Geofabrik", "admin_level": 8, "layer": "localidades"}, "geometry": {"type": "Polygon", "coordinates": [[[-57.5720391, -25.3841811], [-57.5671242, -25.3611619], [-57.5402614, -25.3659316], [-57.5252398, -25.3725814], [-57.5232929, -25.3857756], [-57.5061574, -25.4022674], [-57.5166482, -25.4047422], [-57.5084732, -25.4071094], [-57.5153325, -25.4073492], [-57.5110825, -25.4241588], [-57.5344387, -25.4436987], [-57.5412031, -25.4103677], [-57.572037, -25.3843144], [-57.5720391, -25.3841811]]]}}, {"id": "1286", "type": "Feature", "properties": {"osm_id": "3720096", "name": "San Lorenzo", "code": 1208, "source": "OSM via Geofabrik", "admin_level": 8, "layer": "localidades"}, "geometry": {"type": "MultiPolygon", "coordinates": [[[[-57.5701709, -25.3557517], [-57.5518439, -25.3569481], [-57.5401341, -25.3324426], [-57.5275396, -25.3337757], [-57.5280341, -25.324685], [-57.516485, -25.3198623], [-57.5360158, -25.2957905], [-57.519494, -25.2963896], [-57.4748643, -25.3244841], [-57.4640029, -25.3202044], [-57.4875017, -25.355399], [-57.481786, -25.4026715], [-57.5061574, -25.4022674], [-57.5232929, -25.3857756], [-57.5252398, -25.3725814], [-57.5568637, -25.3679772], [-57.5687527, -25.3580986], [-57.5701709, -25.3557517]]], [[[-57.5259309, -25.2964385], [-57.5258967, -25.296441], [-57.5259309, -25.2964385]]]]}}]}