{
  "type": "FeatureCollection",
  "name": "paraguay_geodata_architect_export_asuncion",
  "version": 1,
  "scope": "bbox=(-57.7,-25.4,-57.45,-25.18)",
  "generated_at": "2026-08-03T16:44:28+00:00",
  "source_repo": "https://github.com/Ai-Whisperers/paraguay-geodata",
  "live_site": "https://geodata.paragu-ai.com/",
  "intended_for": "Architects, urban planners, terrain analysts. Open in QGIS / ArcGIS / AutoCAD Map 3D. Use 'Save As → DWG' for native CAD workflow.",
  "schema": {
    "layer_kind": "construction_zone | urban_zoning | flood_risk | climate_risk_depto | hillshade_priority",
    "geometry_types": "Polygon, MultiPolygon, Point",
    "crs": "EPSG:4326 (WGS84)"
  },
  "feature_counts": {
    "climate_risk_depto": 4,
    "construction_zone": 4,
    "flood_risk": 2,
    "hillshade_priority": 10,
    "urban_zoning": 29,
    "total": 49
  },
  "features": [
    {
      "type": "Feature",
      "properties": {
        "id": 1,
        "depto": "Asuncion",
        "risk_score": 0.165,
        "risk_level": "low",
        "forest_loss_pct_2020_2024": 0.5,
        "driver": "urban/agriculture",
        "annual_precip_mm": 1300,
        "spi_2024": -0.2,
        "drought_freq": 0.18,
        "is_valid_geometry": true,
        "layer_kind": "climate_risk_depto"
      },
      "geometry": {
        "type": "MultiPolygon",
        "coordinates": [
          [
            [
              [
                -57.57,
                -25.23
              ],
              [
                -57.55,
                -25.23
              ],
              [
                -57.52,
                -25.24
              ],
              [
                -57.52,
                -25.24
              ],
              [
                -57.53,
                -25.24
              ],
              [
                -57.53,
                -25.24
              ],
              [
                -57.53,
                -25.25
              ],
              [
                -57.53,
                -25.25
              ],
              [
                -57.53,
                -25.25
              ],
              [
                -57.53,
                -25.25
              ],
              [
                -57.53,
                -25.25
              ],
              [
                -57.53,
                -25.25
              ],
              [
                -57.53,
                -25.25
              ],
              [
                -57.53,
                -25.25
              ],
              [
                -57.53,
                -25.25
              ],
              [
                -57.53,
                -25.25
              ],
              [
                -57.53,
                -25.25
              ],
              [
                -57.54,
                -25.26
              ],
              [
                -57.54,
                -25.27
              ],
              [
                -57.54,
                -25.27
              ],
              [
                -57.54,
                -25.27
              ],
              [
                -57.54,
                -25.28
              ],
              [
                -57.54,
                -25.28
              ],
              [
                -57.54,
                -25.28
              ],
              [
                -57.54,
                -25.28
              ],
              [
                -57.54,
                -25.28
              ],
              [
                -57.54,
                -25.28
              ],
              [
                -57.54,
                -25.28
              ],
              [
                -57.54,
                -25.28
              ],
              [
                -57.54,
                -25.28
              ],
              [
                -57.54,
                -25.28
              ],
              [
                -57.54,
                -25.28
              ],
              [
                -57.54,
                -25.28
              ],
              [
                -57.54,
                -25.28
              ],
              [
                -57.54,
                -25.28
              ],
              [
                -57.54,
                -25.28
              ],
              [
                -57.54,
                -25.28
              ],
              [
                -57.54,
                -25.28
              ],
              [
                -57.54,
                -25.28
              ],
              [
                -57.54,
                -25.28
              ],
              [
                -57.54,
                -25.28
              ],
              [
                -57.54,
                -25.28
              ],
              [
                -57.54,
                -25.28
              ],
              [
                -57.54,
                -25.28
              ],
              [
                -57.54,
                -25.28
              ],
              [
                -57.54,
                -25.29
              ],
              [
                -57.54,
                -25.29
              ],
              [
                -57.54,
                -25.29
              ],
              [
                -57.54,
                -25.29
              ],
              [
                -57.54,
                -25.29
              ],
              [
                -57.54,
                -25.29
              ],
              [
                -57.54,
                -25.29
              ],
              [
                -57.54,
                -25.29
              ],
              [
                -57.54,
                -25.29
              ],
              [
                -57.54,
                -25.29
              ],
              [
                -57.54,
                -25.29
              ],
              [
                -57.54,
                -25.29
              ],
              [
                -57.54,
                -25.29
              ],
              [
                -57.54,
                -25.29
              ],
              [
                -57.54,
                -25.29
              ],
              [
                -57.54,
                -25.29
              ],
              [
                -57.54,
                -25.29
              ],
              [
                -57.54,
                -25.29
              ],
              [
                -57.54,
                -25.29
              ],
              [
                -57.54,
                -25.29
              ],
              [
                -57.54,
                -25.29
              ],
              [
                -57.54,
                -25.29
              ],
              [
                -57.54,
                -25.29
              ],
              [
                -57.54,
                -25.29
              ],
              [
                -57.54,
                -25.29
              ],
              [
                -57.54,
                -25.29
              ],
              [
                -57.54,
                -25.29
              ],
              [
                -57.54,
                -25.29
              ],
              [
                -57.54,
                -25.3
              ],
              [
                -57.54,
                -25.3
              ],
              [
                -57.54,
                -25.3
              ],
              [
                -57.54,
                -25.3
              ],
              [
                -57.54,
                -25.3
              ],
              [
                -57.55,
                -25.3
              ],
              [
                -57.55,
                -25.31
              ],
              [
                -57.59,
                -25.34
              ],
              [
                -57.59,
                -25.34
              ],
              [
                -57.6,
                -25.33
              ],
              [
                -57.61,
                -25.32
              ],
              [
                -57.62,
                -25.32
              ],
              [
                -57.63,
                -25.33
              ],
              [
                -57.63,
                -25.34
              ],
              [
                -57.64,
                -25.35
              ],
              [
                -57.64,
                -25.37
              ],
              [
                -57.65,
                -25.37
              ],
              [
                -57.66,
                -25.35
              ],
              [
                -57.67,
                -25.34
              ],
              [
                -57.67,
                -25.32
              ],
              [
                -57.67,
                -25.3
              ],
              [
                -57.67,
                -25.28
              ],
              [
                -57.65,
                -25.27
              ],
              [
                -57.62,
                -25.25
              ],
              [
                -57.61,
                -25.25
              ],
              [
                -57.6,
                -25.24
              ],
              [
                -57.58,
                -25.23
              ],
              [
                -57.57,
                -25.23
              ]
            ]
          ]
        ]
      }
    },
    {
      "type": "Feature",
      "properties": {
        "id": 4,
        "depto": "Cordillera",
        "risk_score": 0.175,
        "risk_level": "low",
        "forest_loss_pct_2020_2024": 0.5,
        "driver": "urban/agriculture",
        "annual_precip_mm": 1280,
        "spi_2024": -0.3,
        "drought_freq": 0.2,
        "is_valid_geometry": true,
        "layer_kind": "climate_risk_depto"
      },
      "geometry": {
        "type": "MultiPolygon",
        "coordinates": [
          [
            [
              [
                -56.78,
                -25.47
              ],
              [
                -56.84,
                -25.5
              ],
              [
                -56.85,
                -25.52
              ],
              [
                -56.72,
                -25.66
              ],
              [
                -56.73,
                -25.66
              ],
              [
                -56.74,
                -25.66
              ],
              [
                -56.75,
                -25.66
              ],
              [
                -56.76,
                -25.65
              ],
              [
                -56.77,
                -25.64
              ],
              [
                -56.78,
                -25.63
              ],
              [
                -56.79,
                -25.63
              ],
              [
                -56.9,
                -25.67
              ],
              [
                -56.92,
                -25.62
              ],
              [
                -56.91,
                -25.6
              ],
              [
                -56.91,
                -25.59
              ],
              [
                -56.92,
                -25.59
              ],
              [
                -56.94,
                -25.6
              ],
              [
                -56.95,
                -25.59
              ],
              [
                -56.98,
                -25.59
              ],
              [
                -56.98,
                -25.58
              ],
              [
                -56.97,
                -25.57
              ],
              [
                -56.98,
                -25.57
              ],
              [
                -57.0,
                -25.58
              ],
              [
                -57.02,
                -25.59
              ],
              [
                -57.05,
                -25.59
              ],
              [
                -57.07,
                -25.58
              ],
              [
                -57.09,
                -25.57
              ],
              [
                -57.13,
                -25.5
              ],
              [
                -57.24,
                -25.36
              ],
              [
                -57.26,
                -25.36
              ],
              [
                -57.27,
                -25.36
              ],
              [
                -57.28,
                -25.36
              ],
              [
                -57.33,
                -25.25
              ],
              [
                -57.33,
                -25.24
              ],
              [
                -57.34,
                -25.23
              ],
              [
                -57.34,
                -25.23
              ],
              [
                -57.35,
                -25.23
              ],
              [
                -57.35,
                -25.22
              ],
              [
                -57.36,
                -25.21
              ],
              [
                -57.37,
                -25.21
              ],
              [
                -57.38,
                -25.21
              ],
              [
                -57.38,
                -25.2
              ],
              [
                -57.38,
                -25.2
              ],
              [
                -57.39,
                -25.2
              ],
              [
                -57.39,
                -25.19
              ],
              [
                -57.39,
                -25.19
              ],
              [
                -57.4,
                -25.19
              ],
              [
                -57.4,
                -25.18
              ],
              [
                -57.4,
                -25.17
              ],
              [
                -57.4,
                -25.17
              ],
              [
                -57.41,
                -25.16
              ],
              [
                -57.41,
                -25.15
              ],
              [
                -57.42,
                -25.15
              ],
              [
                -57.43,
                -25.14
              ],
              [
                -57.43,
                -25.14
              ],
              [
                -57.43,
                -25.13
              ],
              [
                -57.44,
                -25.13
              ],
              [
                -57.44,
                -25.13
              ],
              [
                -57.44,
                -25.13
              ],
              [
                -57.45,
                -25.12
              ],
              [
                -57.48,
                -25.11
              ],
              [
                -57.37,
                -25.05
              ],
              [
                -57.26,
                -24.95
              ],
              [
                -57.22,
                -24.96
              ],
              [
                -57.2,
                -24.95
              ],
              [
                -57.17,
                -24.98
              ],
              [
                -57.12,
                -25.01
              ],
              [
                -57.07,
                -25.01
              ],
              [
                -57.04,
                -25.01
              ],
              [
                -57.05,
                -25.0
              ],
              [
                -57.05,
                -24.99
              ],
              [
                -57.05,
                -24.98
              ],
              [
                -57.03,
                -24.98
              ],
              [
                -57.03,
                -24.98
              ],
              [
                -57.02,
                -24.98
              ],
              [
                -57.01,
                -24.97
              ],
              [
                -57.02,
                -24.96
              ],
              [
                -57.01,
                -24.96
              ],
              [
                -57.0,
                -24.95
              ],
              [
                -57.0,
                -24.94
              ],
              [
                -57.0,
                -24.94
              ],
              [
                -57.0,
                -24.93
              ],
              [
                -56.99,
                -24.93
              ],
              [
                -56.99,
                -24.92
              ],
              [
                -56.99,
                -24.91
              ],
              [
                -56.98,
                -24.9
              ],
              [
                -56.98,
                -24.9
              ],
              [
                -56.99,
                -24.89
              ],
              [
                -56.99,
                -24.88
              ],
              [
                -56.98,
                -24.87
              ],
              [
                -56.96,
                -24.87
              ],
              [
                -56.78,
                -24.87
              ],
              [
                -56.73,
                -24.89
              ],
              [
                -56.71,
                -24.88
              ],
              [
                -56.7,
                -24.88
              ],
              [
                -56.62,
                -24.97
              ],
              [
                -56.61,
                -24.98
              ],
              [
                -56.59,
                -24.99
              ],
              [
                -56.58,
                -24.99
              ],
              [
                -56.56,
                -25.0
              ],
              [
                -56.65,
                -25.4
              ],
              [
                -56.78,
                -25.47
              ]
            ]
          ]
        ]
      }
    },
    {
      "type": "Feature",
      "properties": {
        "id": 12,
        "depto": "Central",
        "risk_score": 0.15,
        "risk_level": "low",
        "forest_loss_pct_2020_2024": 0.5,
        "driver": "urban/agriculture",
        "annual_precip_mm": 1340,
        "spi_2024": -0.2,
        "drought_freq": 0.15,
        "is_valid_geometry": true,
        "layer_kind": "climate_risk_depto"
      },
      "geometry": {
        "type": "MultiPolygon",
        "coordinates": [
          [
            [
              [
                -57.33,
                -25.25
              ],
              [
                -57.28,
                -25.36
              ],
              [
                -57.27,
                -25.36
              ],
              [
                -57.26,
                -25.36
              ],
              [
                -57.23,
                -25.37
              ],
              [
                -57.32,
                -25.52
              ],
              [
                -57.37,
                -25.62
              ],
              [
                -57.38,
                -25.64
              ],
              [
                -57.4,
                -25.63
              ],
              [
                -57.42,
                -25.65
              ],
              [
                -57.42,
                -25.69
              ],
              [
                -57.43,
                -25.7
              ],
              [
                -57.44,
                -25.71
              ],
              [
                -57.46,
                -25.78
              ],
              [
                -57.54,
                -25.95
              ],
              [
                -57.61,
                -25.87
              ],
              [
                -57.6,
                -25.87
              ],
              [
                -57.61,
                -25.87
              ],
              [
                -57.62,
                -25.88
              ],
              [
                -57.63,
                -25.88
              ],
              [
                -57.63,
                -25.87
              ],
              [
                -57.63,
                -25.87
              ],
              [
                -57.64,
                -25.86
              ],
              [
                -57.63,
                -25.86
              ],
              [
                -57.65,
                -25.86
              ],
              [
                -57.65,
                -25.86
              ],
              [
                -57.66,
                -25.86
              ],
              [
                -57.67,
                -25.86
              ],
              [
                -57.68,
                -25.86
              ],
              [
                -57.69,
                -25.86
              ],
              [
                -57.69,
                -25.86
              ],
              [
                -57.69,
                -25.85
              ],
              [
                -57.69,
                -25.85
              ],
              [
                -57.7,
                -25.85
              ],
              [
                -57.71,
                -25.85
              ],
              [
                -57.72,
                -25.85
              ],
              [
                -57.73,
                -25.85
              ],
              [
                -57.73,
                -25.83
              ],
              [
                -57.74,
                -25.84
              ],
              [
                -57.74,
                -25.84
              ],
              [
                -57.75,
                -25.83
              ],
              [
                -57.74,
                -25.83
              ],
              [
                -57.74,
                -25.82
              ],
              [
                -57.74,
                -25.82
              ],
              [
                -57.74,
                -25.81
              ],
              [
                -57.74,
                -25.8
              ],
              [
                -57.75,
                -25.8
              ],
              [
                -57.75,
                -25.79
              ],
              [
                -57.75,
                -25.79
              ],
              [
                -57.75,
                -25.79
              ],
              [
                -57.74,
                -25.78
              ],
              [
                -57.74,
                -25.77
              ],
              [
                -57.75,
                -25.77
              ],
              [
                -57.76,
                -25.77
              ],
              [
                -57.76,
                -25.78
              ],
              [
                -57.76,
                -25.78
              ],
              [
                -57.76,
                -25.79
              ],
              [
                -57.77,
                -25.8
              ],
              [
                -57.79,
                -25.81
              ],
              [
                -57.79,
                -25.83
              ],
              [
                -57.79,
                -25.76
              ],
              [
                -57.67,
                -25.66
              ],
              [
                -57.58,
                -25.52
              ],
              [
                -57.63,
                -25.35
              ],
              [
                -57.54,
                -25.3
              ],
              [
                -57.54,
                -25.29
              ],
              [
                -57.54,
                -25.29
              ],
              [
                -57.54,
                -25.28
              ],
              [
                -57.54,
                -25.28
              ],
              [
                -57.53,
                -25.25
              ],
              [
                -57.55,
                -25.23
              ],
              [
                -57.51,
                -25.1
              ],
              [
                -57.47,
                -25.12
              ],
              [
                -57.45,
                -25.13
              ],
              [
                -57.45,
                -25.13
              ],
              [
                -57.44,
                -25.13
              ],
              [
                -57.44,
                -25.13
              ],
              [
                -57.43,
                -25.13
              ],
              [
                -57.43,
                -25.14
              ],
              [
                -57.43,
                -25.14
              ],
              [
                -57.42,
                -25.15
              ],
              [
                -57.42,
                -25.15
              ],
              [
                -57.41,
                -25.16
              ],
              [
                -57.4,
                -25.17
              ],
              [
                -57.4,
                -25.17
              ],
              [
                -57.4,
                -25.18
              ],
              [
                -57.4,
                -25.18
              ],
              [
                -57.4,
                -25.19
              ],
              [
                -57.4,
                -25.19
              ],
              [
                -57.39,
                -25.2
              ],
              [
                -57.38,
                -25.2
              ],
              [
                -57.38,
                -25.2
              ],
              [
                -57.37,
                -25.2
              ],
              [
                -57.37,
                -25.21
              ],
              [
                -57.37,
                -25.21
              ],
              [
                -57.36,
                -25.22
              ],
              [
                -57.35,
                -25.22
              ],
              [
                -57.35,
                -25.23
              ],
              [
                -57.34,
                -25.23
              ],
              [
                -57.34,
                -25.24
              ],
              [
                -57.33,
                -25.24
              ],
              [
                -57.33,
                -25.25
              ]
            ]
          ]
        ]
      }
    },
    {
      "type": "Feature",
      "properties": {
        "id": 15,
        "depto": "Pdte. Hayes",
        "risk_score": 0.165,
        "risk_level": "low",
        "forest_loss_pct_2020_2024": 0.5,
        "driver": "urban/agriculture",
        "annual_precip_mm": 1300,
        "spi_2024": -0.2,
        "drought_freq": 0.18,
        "is_valid_geometry": true,
        "layer_kind": "climate_risk_depto"
      },
      "geometry": {
        "type": "MultiPolygon",
        "coordinates": [
          [
            [
              [
                -59.01,
                -22.15
              ],
              [
                -57.9,
                -22.66
              ],
              [
                -57.78,
                -23.04
              ],
              [
                -57.46,
                -23.41
              ],
              [
                -57.2,
                -24.24
              ],
              [
                -57.24,
                -24.94
              ],
              [
                -57.55,
                -25.19
              ],
              [
                -57.68,
                -25.35
              ],
              [
                -57.68,
                -25.33
              ],
              [
                -57.7,
                -25.32
              ],
              [
                -57.7,
                -25.31
              ],
              [
                -57.7,
                -25.29
              ],
              [
                -57.71,
                -25.28
              ],
              [
                -57.71,
                -25.27
              ],
              [
                -57.72,
                -25.27
              ],
              [
                -57.73,
                -25.25
              ],
              [
                -57.74,
                -25.24
              ],
              [
                -57.76,
                -25.22
              ],
              [
                -57.75,
                -25.2
              ],
              [
                -57.76,
                -25.18
              ],
              [
                -57.78,
                -25.15
              ],
              [
                -57.81,
                -25.15
              ],
              [
                -57.84,
                -25.12
              ],
              [
                -57.85,
                -25.1
              ],
              [
                -57.87,
                -25.08
              ],
              [
                -57.89,
                -25.08
              ],
              [
                -57.92,
                -25.08
              ],
              [
                -57.96,
                -25.07
              ],
              [
                -57.97,
                -25.08
              ],
              [
                -58.0,
                -25.07
              ],
              [
                -58.0,
                -25.05
              ],
              [
                -58.02,
                -25.04
              ],
              [
                -58.03,
                -25.04
              ],
              [
                -58.06,
                -25.04
              ],
              [
                -58.08,
                -25.04
              ],
              [
                -58.09,
                -25.01
              ],
              [
                -58.11,
                -25.01
              ],
              [
                -58.13,
                -25.01
              ],
              [
                -58.14,
                -24.99
              ],
              [
                -58.15,
                -24.98
              ],
              [
                -58.17,
                -24.97
              ],
              [
                -58.2,
                -24.95
              ],
              [
                -58.22,
                -24.94
              ],
              [
                -58.23,
                -24.93
              ],
              [
                -58.26,
                -24.94
              ],
              [
                -58.28,
                -24.95
              ],
              [
                -58.3,
                -24.97
              ],
              [
                -58.31,
                -24.98
              ],
              [
                -58.32,
                -24.99
              ],
              [
                -58.33,
                -25.0
              ],
              [
                -58.34,
                -25.0
              ],
              [
                -58.35,
                -24.98
              ],
              [
                -58.35,
                -24.97
              ],
              [
                -58.36,
                -24.96
              ],
              [
                -58.37,
                -24.96
              ],
              [
                -58.39,
                -24.95
              ],
              [
                -58.4,
                -24.94
              ],
              [
                -58.4,
                -24.93
              ],
              [
                -58.41,
                -24.92
              ],
              [
                -58.43,
                -24.92
              ],
              [
                -58.43,
                -24.91
              ],
              [
                -58.44,
                -24.88
              ],
              [
                -58.46,
                -24.87
              ],
              [
                -58.48,
                -24.86
              ],
              [
                -58.51,
                -24.85
              ],
              [
                -58.53,
                -24.84
              ],
              [
                -58.55,
                -24.83
              ],
              [
                -58.59,
                -24.82
              ],
              [
                -58.61,
                -24.83
              ],
              [
                -58.65,
                -24.83
              ],
              [
                -58.68,
                -24.82
              ],
              [
                -58.71,
                -24.81
              ],
              [
                -58.72,
                -24.78
              ],
              [
                -58.76,
                -24.78
              ],
              [
                -58.8,
                -24.77
              ],
              [
                -58.82,
                -24.76
              ],
              [
                -58.84,
                -24.74
              ],
              [
                -58.87,
                -24.73
              ],
              [
                -58.9,
                -24.71
              ],
              [
                -58.93,
                -24.69
              ],
              [
                -58.97,
                -24.67
              ],
              [
                -58.99,
                -24.66
              ],
              [
                -59.03,
                -24.66
              ],
              [
                -59.05,
                -24.64
              ],
              [
                -59.07,
                -24.63
              ],
              [
                -59.1,
                -24.62
              ],
              [
                -59.13,
                -24.62
              ],
              [
                -59.15,
                -24.6
              ],
              [
                -59.17,
                -24.58
              ],
              [
                -59.19,
                -24.56
              ],
              [
                -59.22,
                -24.55
              ],
              [
                -59.24,
                -24.55
              ],
              [
                -59.26,
                -24.52
              ],
              [
                -59.3,
                -24.51
              ],
              [
                -59.33,
                -24.49
              ],
              [
                -59.36,
                -24.46
              ],
              [
                -59.37,
                -24.43
              ],
              [
                -59.41,
                -24.41
              ],
              [
                -60.32,
                -24.04
              ],
              [
                -60.68,
                -23.9
              ],
              [
                -59.2,
                -22.15
              ],
              [
                -59.01,
                -22.15
              ]
            ]
          ]
        ]
      }
    },
    {
      "type": "Feature",
      "properties": {
        "layer_kind": "construction_zone",
        "zone_id": "asu-carmelitas-R3",
        "city": "Asunción",
        "category": "residential",
        "name": "Carmelitas - Residencial R3",
        "max_height_m": 25,
        "max_floors": 7,
        "max_lot_coverage_pct": 60,
        "max_construction_pct": 400,
        "setback_front_m": 3,
        "setback_side_m": 3,
        "setback_back_m": 3,
        "allowed_use": [
          "vivienda",
          "comercio",
          "oficina"
        ],
        "restricted_use": [
          "industrial"
        ],
        "ordinance_ref": "Ord. 246/94 art. 24 - Zona R3",
        "last_updated": "2024-01-15",
        "data_source": "Ord. 246/94 + Lucía handoff",
        "data_warning": "approximate bbox — real polygon from Catastro pending"
      },
      "geometry": {
        "type": "Polygon",
        "coordinates": [
          [
            [
              -57.575,
              -25.29
            ],
            [
              -57.535,
              -25.29
            ],
            [
              -57.535,
              -25.25
            ],
            [
              -57.575,
              -25.25
            ],
            [
              -57.575,
              -25.29
            ]
          ]
        ]
      }
    },
    {
      "type": "Feature",
      "properties": {
        "layer_kind": "construction_zone",
        "zone_id": "asu-centro-C1",
        "city": "Asunción",
        "category": "commercial",
        "name": "Centro - Comercial intensivo C1",
        "max_height_m": 30,
        "max_floors": 9,
        "max_lot_coverage_pct": 80,
        "max_construction_pct": 600,
        "setback_front_m": 0,
        "setback_side_m": 3,
        "setback_back_m": 3,
        "allowed_use": [
          "comercio",
          "oficina",
          "vivienda",
          "hotel",
          "gastronomía"
        ],
        "restricted_use": [
          "industrial",
          "taller mecánico",
          "depósito"
        ],
        "ordinance_ref": "Ord. 246/94 art. 17 - Zona C1 Centro",
        "last_updated": "2024-01-15",
        "data_source": "Ord. 246/94 + Lucía handoff",
        "data_warning": "approximate bbox — real polygon from Catastro pending"
      },
      "geometry": {
        "type": "Polygon",
        "coordinates": [
          [
            [
              -57.585,
              -25.29
            ],
            [
              -57.56,
              -25.29
            ],
            [
              -57.56,
              -25.265
            ],
            [
              -57.585,
              -25.265
            ],
            [
              -57.585,
              -25.29
            ]
          ]
        ]
      }
    },
    {
      "type": "Feature",
      "properties": {
        "layer_kind": "construction_zone",
        "zone_id": "asu-centro-R2",
        "city": "Asunción",
        "category": "residential",
        "name": "Centro - Residencial R2",
        "max_height_m": 15,
        "max_floors": 5,
        "max_lot_coverage_pct": 60,
        "max_construction_pct": 300,
        "setback_front_m": 3,
        "setback_side_m": 2,
        "setback_back_m": 2,
        "allowed_use": [
          "vivienda",
          "comercio menor",
          "oficina"
        ],
        "restricted_use": [
          "industrial",
          "gastronomía con extracción",
          "estacionamiento > 5 autos"
        ],
        "ordinance_ref": "Ord. 246/94 art. 22 - Zona R2",
        "last_updated": "2024-01-15",
        "data_source": "Ord. 246/94 + Lucía handoff",
        "data_warning": "approximate bbox — real polygon from Catastro pending"
      },
      "geometry": {
        "type": "Polygon",
        "coordinates": [
          [
            [
              -57.61,
              -25.305
            ],
            [
              -57.575,
              -25.305
            ],
            [
              -57.575,
              -25.275
            ],
            [
              -57.61,
              -25.275
            ],
            [
              -57.61,
              -25.305
            ]
          ]
        ]
      }
    },
    {
      "type": "Feature",
      "properties": {
        "layer_kind": "construction_zone",
        "zone_id": "asu-villa-morra-R3",
        "city": "Asunción",
        "category": "residential",
        "name": "Villa Morra - Residencial R3 (denso)",
        "max_height_m": 25,
        "max_floors": 7,
        "max_lot_coverage_pct": 60,
        "max_construction_pct": 400,
        "setback_front_m": 3,
        "setback_side_m": 3,
        "setback_back_m": 3,
        "allowed_use": [
          "vivienda",
          "comercio",
          "oficina",
          "hotel boutique"
        ],
        "restricted_use": [
          "industrial",
          "depósito",
          "taller"
        ],
        "ordinance_ref": "Ord. 246/94 art. 24 - Zona R3",
        "last_updated": "2024-01-15",
        "data_source": "Ord. 246/94 + Lucía handoff",
        "data_warning": "approximate bbox — real polygon from Catastro pending"
      },
      "geometry": {
        "type": "Polygon",
        "coordinates": [
          [
            [
              -57.605,
              -25.31
            ],
            [
              -57.56,
              -25.31
            ],
            [
              -57.56,
              -25.27
            ],
            [
              -57.605,
              -25.27
            ],
            [
              -57.605,
              -25.31
            ]
          ]
        ]
      }
    },
    {
      "type": "Feature",
      "properties": {
        "id": 1,
        "name": "Asunción costanera",
        "risk": "very_high",
        "freq": "2yr",
        "seasonal": false,
        "layer_kind": "flood_risk",
        "data_source": "Catastro WFS flood polygons"
      },
      "geometry": {
        "type": "Polygon",
        "coordinates": [
          [
            [
              -57.65,
              -25.32
            ],
            [
              -57.55,
              -25.32
            ],
            [
              -57.55,
              -25.25
            ],
            [
              -57.65,
              -25.25
            ],
            [
              -57.65,
              -25.32
            ]
          ]
        ]
      }
    },
    {
      "type": "Feature",
      "properties": {
        "id": 0,
        "name": "Río Paraguay floodplain",
        "risk": "high",
        "freq": "5yr",
        "seasonal": false,
        "layer_kind": "flood_risk",
        "data_source": "Catastro WFS flood polygons"
      },
      "geometry": {
        "type": "Polygon",
        "coordinates": [
          [
            [
              -58.5,
              -25.5
            ],
            [
              -57.0,
              -25.5
            ],
            [
              -57.0,
              -24.0
            ],
            [
              -58.5,
              -24.0
            ],
            [
              -58.5,
              -25.5
            ]
          ]
        ]
      }
    },
    {
      "type": "Feature",
      "properties": {
        "layer_kind": "hillshade_priority",
        "tile_id": "-57.475_-25.415",
        "anchor": null,
        "area_km2": 100.00000000000068,
        "utm_zone_hint": 21,
        "data_source": "Copernicus GLO-30 DEM",
        "status": "5m hillshade available"
      },
      "geometry": {
        "type": "Polygon",
        "coordinates": [
          [
            [
              -57.47523608923532,
              -25.41450784090292
            ],
            [
              -57.37581755248984,
              -25.41450784090292
            ],
            [
              -57.37581755248984,
              -25.32407066760721
            ],
            [
              -57.47523608923532,
              -25.32407066760721
            ],
            [
              -57.47523608923532,
              -25.41450784090292
            ]
          ]
        ]
      }
    },
    {
      "type": "Feature",
      "properties": {
        "layer_kind": "hillshade_priority",
        "tile_id": "-57.479_-25.324",
        "anchor": null,
        "area_km2": 99.9999999999993,
        "utm_zone_hint": 21,
        "data_source": "Copernicus GLO-30 DEM",
        "status": "5m hillshade available"
      },
      "geometry": {
        "type": "Polygon",
        "coordinates": [
          [
            [
              -57.47909610128368,
              -25.32407066760721
            ],
            [
              -57.379751795539136,
              -25.32407066760721
            ],
            [
              -57.379751795539136,
              -25.233633494311498
            ],
            [
              -57.47909610128368,
              -25.233633494311498
            ],
            [
              -57.47909610128368,
              -25.32407066760721
            ]
          ]
        ]
      }
    },
    {
      "type": "Feature",
      "properties": {
        "layer_kind": "hillshade_priority",
        "tile_id": "-57.483_-25.234",
        "anchor": null,
        "area_km2": 99.99999999999798,
        "utm_zone_hint": 21,
        "data_source": "Copernicus GLO-30 DEM",
        "status": "5m hillshade available"
      },
      "geometry": {
        "type": "Polygon",
        "coordinates": [
          [
            [
              -57.482937502145596,
              -25.233633494311498
            ],
            [
              -57.38366706949455,
              -25.233633494311498
            ],
            [
              -57.38366706949455,
              -25.143196321015786
            ],
            [
              -57.482937502145596,
              -25.143196321015786
            ],
            [
              -57.482937502145596,
              -25.233633494311498
            ]
          ]
        ]
      }
    },
    {
      "type": "Feature",
      "properties": {
        "layer_kind": "hillshade_priority",
        "tile_id": "-57.575_-25.415",
        "anchor": null,
        "area_km2": 100.00000000000068,
        "utm_zone_hint": 21,
        "data_source": "Copernicus GLO-30 DEM",
        "status": "5m hillshade available"
      },
      "geometry": {
        "type": "Polygon",
        "coordinates": [
          [
            [
              -57.57465462598079,
              -25.41450784090292
            ],
            [
              -57.47523608923532,
              -25.41450784090292
            ],
            [
              -57.47523608923532,
              -25.32407066760721
            ],
            [
              -57.57465462598079,
              -25.32407066760721
            ],
            [
              -57.57465462598079,
              -25.41450784090292
            ]
          ]
        ]
      }
    },
    {
      "type": "Feature",
      "properties": {
        "layer_kind": "hillshade_priority",
        "tile_id": "-57.578_-25.324",
        "anchor": null,
        "area_km2": 99.9999999999993,
        "utm_zone_hint": 21,
        "data_source": "Copernicus GLO-30 DEM",
        "status": "5m hillshade available"
      },
      "geometry": {
        "type": "Polygon",
        "coordinates": [
          [
            [
              -57.578440407028225,
              -25.32407066760721
            ],
            [
              -57.47909610128368,
              -25.32407066760721
            ],
            [
              -57.47909610128368,
              -25.233633494311498
            ],
            [
              -57.578440407028225,
              -25.233633494311498
            ],
            [
              -57.578440407028225,
              -25.32407066760721
            ]
          ]
        ]
      }
    },
    {
      "type": "Feature",
      "properties": {
        "layer_kind": "hillshade_priority",
        "tile_id": "-57.582_-25.234",
        "anchor": null,
        "area_km2": 99.99999999999798,
        "utm_zone_hint": 21,
        "data_source": "Copernicus GLO-30 DEM",
        "status": "5m hillshade available"
      },
      "geometry": {
        "type": "Polygon",
        "coordinates": [
          [
            [
              -57.58220793479664,
              -25.233633494311498
            ],
            [
              -57.482937502145596,
              -25.233633494311498
            ],
            [
              -57.482937502145596,
              -25.143196321015786
            ],
            [
              -57.58220793479664,
              -25.143196321015786
            ],
            [
              -57.58220793479664,
              -25.233633494311498
            ]
          ]
        ]
      }
    },
    {
      "type": "Feature",
      "properties": {
        "layer_kind": "hillshade_priority",
        "tile_id": "-57.674_-25.415",
        "anchor": null,
        "area_km2": 100.00000000000068,
        "utm_zone_hint": 21,
        "data_source": "Copernicus GLO-30 DEM",
        "status": "5m hillshade available"
      },
      "geometry": {
        "type": "Polygon",
        "coordinates": [
          [
            [
              -57.674073162726266,
              -25.41450784090292
            ],
            [
              -57.57465462598079,
              -25.41450784090292
            ],
            [
              -57.57465462598079,
              -25.32407066760721
            ],
            [
              -57.674073162726266,
              -25.32407066760721
            ],
            [
              -57.674073162726266,
              -25.41450784090292
            ]
          ]
        ]
      }
    },
    {
      "type": "Feature",
      "properties": {
        "layer_kind": "hillshade_priority",
        "tile_id": "-57.678_-25.324",
        "anchor": null,
        "area_km2": 99.9999999999993,
        "utm_zone_hint": 21,
        "data_source": "Copernicus GLO-30 DEM",
        "status": "5m hillshade available"
      },
      "geometry": {
        "type": "Polygon",
        "coordinates": [
          [
            [
              -57.67778471277277,
              -25.32407066760721
            ],
            [
              -57.578440407028225,
              -25.32407066760721
            ],
            [
              -57.578440407028225,
              -25.233633494311498
            ],
            [
              -57.67778471277277,
              -25.233633494311498
            ],
            [
              -57.67778471277277,
              -25.32407066760721
            ]
          ]
        ]
      }
    },
    {
      "type": "Feature",
      "properties": {
        "layer_kind": "hillshade_priority",
        "tile_id": "-57.681_-25.234",
        "anchor": null,
        "area_km2": 99.99999999999798,
        "utm_zone_hint": 21,
        "data_source": "Copernicus GLO-30 DEM",
        "status": "5m hillshade available"
      },
      "geometry": {
        "type": "Polygon",
        "coordinates": [
          [
            [
              -57.68147836744769,
              -25.233633494311498
            ],
            [
              -57.58220793479664,
              -25.233633494311498
            ],
            [
              -57.58220793479664,
              -25.143196321015786
            ],
            [
              -57.68147836744769,
              -25.143196321015786
            ],
            [
              -57.68147836744769,
              -25.233633494311498
            ]
          ]
        ]
      }
    },
    {
      "type": "Feature",
      "properties": {
        "layer_kind": "hillshade_priority",
        "tile_id": "-57.777_-25.324",
        "anchor": null,
        "area_km2": 99.9999999999993,
        "utm_zone_hint": 21,
        "data_source": "Copernicus GLO-30 DEM",
        "status": "5m hillshade available"
      },
      "geometry": {
        "type": "Polygon",
        "coordinates": [
          [
            [
              -57.777129018517314,
              -25.32407066760721
            ],
            [
              -57.67778471277277,
              -25.32407066760721
            ],
            [
              -57.67778471277277,
              -25.233633494311498
            ],
            [
              -57.777129018517314,
              -25.233633494311498
            ],
            [
              -57.777129018517314,
              -25.32407066760721
            ]
          ]
        ]
      }
    },
    {
      "type": "Feature",
      "properties": {
        "id": 208,
        "dpto": "A",
        "dist": 0,
        "distrito": "ASUNCION",
        "situacion": "COMPUESTO",
        "area": 0,
        "estado": "En Proceso",
        "layer_kind": "urban_zoning",
        "data_source": "Catastro (paraguay.gov.py)"
      },
      "geometry": {
        "type": "MultiPolygon",
        "coordinates": [
          [
            [
              [
                -57.552,
                -25.308
              ],
              [
                -57.553,
                -25.309
              ],
              [
                -57.554,
                -25.309
              ],
              [
                -57.556,
                -25.314
              ],
              [
                -57.559,
                -25.318
              ],
              [
                -57.561,
                -25.32
              ],
              [
                -57.567,
                -25.325
              ],
              [
                -57.579,
                -25.334
              ],
              [
                -57.585,
                -25.339
              ],
              [
                -57.586,
                -25.341
              ],
              [
                -57.588,
                -25.34
              ],
              [
                -57.589,
                -25.338
              ],
              [
                -57.59,
                -25.339
              ],
              [
                -57.592,
                -25.337
              ],
              [
                -57.591,
                -25.337
              ],
              [
                -57.592,
                -25.336
              ],
              [
                -57.592,
                -25.334
              ],
              [
                -57.594,
                -25.332
              ],
              [
                -57.595,
                -25.333
              ],
              [
                -57.596,
                -25.331
              ],
              [
                -57.598,
                -25.329
              ],
              [
                -57.603,
                -25.326
              ],
              [
                -57.605,
                -25.323
              ],
              [
                -57.608,
                -25.321
              ],
              [
                -57.608,
                -25.32
              ],
              [
                -57.608,
                -25.318
              ],
              [
                -57.611,
                -25.317
              ],
              [
                -57.611,
                -25.316
              ],
              [
                -57.613,
                -25.315
              ],
              [
                -57.612,
                -25.314
              ],
              [
                -57.614,
                -25.312
              ],
              [
                -57.616,
                -25.314
              ],
              [
                -57.618,
                -25.317
              ],
              [
                -57.62,
                -25.319
              ],
              [
                -57.619,
                -25.319
              ],
              [
                -57.621,
                -25.322
              ],
              [
                -57.623,
                -25.326
              ],
              [
                -57.622,
                -25.327
              ],
              [
                -57.623,
                -25.328
              ],
              [
                -57.624,
                -25.33
              ],
              [
                -57.626,
                -25.331
              ],
              [
                -57.628,
                -25.333
              ],
              [
                -57.629,
                -25.335
              ],
              [
                -57.631,
                -25.335
              ],
              [
                -57.631,
                -25.338
              ],
              [
                -57.632,
                -25.337
              ],
              [
                -57.633,
                -25.339
              ],
              [
                -57.633,
                -25.339
              ],
              [
                -57.633,
                -25.34
              ],
              [
                -57.634,
                -25.341
              ],
              [
                -57.635,
                -25.342
              ],
              [
                -57.635,
                -25.345
              ],
              [
                -57.636,
                -25.349
              ],
              [
                -57.635,
                -25.349
              ],
              [
                -57.636,
                -25.352
              ],
              [
                -57.636,
                -25.354
              ],
              [
                -57.637,
                -25.355
              ],
              [
                -57.637,
                -25.36
              ],
              [
                -57.637,
                -25.364
              ],
              [
                -57.639,
                -25.366
              ],
              [
                -57.644,
                -25.365
              ],
              [
                -57.648,
                -25.365
              ],
              [
                -57.65,
                -25.367
              ],
              [
                -57.648,
                -25.361
              ],
              [
                -57.648,
                -25.357
              ],
              [
                -57.646,
                -25.351
              ],
              [
                -57.649,
                -25.347
              ],
              [
                -57.655,
                -25.342
              ],
              [
                -57.661,
                -25.339
              ],
              [
                -57.667,
                -25.335
              ],
              [
                -57.67,
                -25.328
              ],
              [
                -57.672,
                -25.322
              ],
              [
                -57.673,
                -25.309
              ],
              [
                -57.673,
                -25.304
              ],
              [
                -57.672,
                -25.297
              ],
              [
                -57.673,
                -25.292
              ],
              [
                -57.673,
                -25.288
              ],
              [
                -57.671,
                -25.284
              ],
              [
                -57.669,
                -25.28
              ],
              [
                -57.662,
                -25.276
              ],
              [
                -57.654,
                -25.271
              ],
              [
                -57.646,
                -25.266
              ],
              [
                -57.639,
                -25.261
              ],
              [
                -57.635,
                -25.258
              ],
              [
                -57.625,
                -25.253
              ],
              [
                -57.619,
                -25.25
              ],
              [
                -57.609,
                -25.249
              ],
              [
                -57.601,
                -25.245
              ],
              [
                -57.594,
                -25.241
              ],
              [
                -57.587,
                -25.234
              ],
              [
                -57.582,
                -25.23
              ],
              [
                -57.578,
                -25.227
              ],
              [
                -57.575,
                -25.224
              ],
              [
                -57.566,
                -25.227
              ],
              [
                -57.562,
                -25.228
              ],
              [
                -57.559,
                -25.228
              ],
              [
                -57.553,
                -25.232
              ],
              [
                -57.549,
                -25.233
              ],
              [
                -57.545,
                -25.235
              ],
              [
                -57.542,
                -25.236
              ],
              [
                -57.54,
                -25.237
              ],
              [
                -57.539,
                -25.236
              ],
              [
                -57.534,
                -25.239
              ],
              [
                -57.53,
                -25.241
              ],
              [
                -57.525,
                -25.244
              ],
              [
                -57.528,
                -25.245
              ],
              [
                -57.531,
                -25.248
              ],
              [
                -57.532,
                -25.249
              ],
              [
                -57.533,
                -25.25
              ],
              [
                -57.534,
                -25.251
              ],
              [
                -57.534,
                -25.253
              ],
              [
                -57.533,
                -25.254
              ],
              [
                -57.534,
                -25.255
              ],
              [
                -57.534,
                -25.257
              ],
              [
                -57.535,
                -25.258
              ],
              [
                -57.536,
                -25.258
              ],
              [
                -57.536,
                -25.259
              ],
              [
                -57.537,
                -25.261
              ],
              [
                -57.539,
                -25.262
              ],
              [
                -57.541,
                -25.263
              ],
              [
                -57.543,
                -25.264
              ],
              [
                -57.545,
                -25.265
              ],
              [
                -57.545,
                -25.266
              ],
              [
                -57.544,
                -25.268
              ],
              [
                -57.544,
                -25.27
              ],
              [
                -57.543,
                -25.272
              ],
              [
                -57.543,
                -25.274
              ],
              [
                -57.543,
                -25.276
              ],
              [
                -57.542,
                -25.277
              ],
              [
                -57.542,
                -25.279
              ],
              [
                -57.542,
                -25.28
              ],
              [
                -57.541,
                -25.281
              ],
              [
                -57.541,
                -25.285
              ],
              [
                -57.541,
                -25.287
              ],
              [
                -57.542,
                -25.288
              ],
              [
                -57.542,
                -25.291
              ],
              [
                -57.544,
                -25.293
              ],
              [
                -57.543,
                -25.296
              ],
              [
                -57.545,
                -25.298
              ],
              [
                -57.55,
                -25.305
              ],
              [
                -57.552,
                -25.308
              ]
            ]
          ]
        ]
      }
    },
    {
      "type": "Feature",
      "properties": {
        "id": 152,
        "dpto": "L",
        "dist": 2,
        "distrito": "Capiata",
        "situacion": "Ordenanzas N�29/2008 y 05/2011",
        "area": 0,
        "estado": "Aprobado",
        "layer_kind": "urban_zoning",
        "data_source": "Catastro (paraguay.gov.py)"
      },
      "geometry": {
        "type": "MultiPolygon",
        "coordinates": [
          [
            [
              [
                -57.433,
                -25.35
              ],
              [
                -57.434,
                -25.351
              ],
              [
                -57.435,
                -25.351
              ],
              [
                -57.435,
                -25.351
              ],
              [
                -57.436,
                -25.352
              ],
              [
                -57.434,
                -25.354
              ],
              [
                -57.435,
                -25.356
              ],
              [
                -57.435,
                -25.357
              ],
              [
                -57.436,
                -25.359
              ],
              [
                -57.437,
                -25.36
              ],
              [
                -57.437,
                -25.362
              ],
              [
                -57.438,
                -25.363
              ],
              [
                -57.438,
                -25.365
              ],
              [
                -57.442,
                -25.364
              ],
              [
                -57.444,
                -25.364
              ],
              [
                -57.447,
                -25.363
              ],
              [
                -57.447,
                -25.363
              ],
              [
                -57.459,
                -25.381
              ],
              [
                -57.452,
                -25.386
              ],
              [
                -57.451,
                -25.385
              ],
              [
                -57.451,
                -25.384
              ],
              [
                -57.45,
                -25.384
              ],
              [
                -57.449,
                -25.384
              ],
              [
                -57.449,
                -25.384
              ],
              [
                -57.449,
                -25.384
              ],
              [
                -57.449,
                -25.385
              ],
              [
                -57.449,
                -25.386
              ],
              [
                -57.449,
                -25.386
              ],
              [
                -57.449,
                -25.387
              ],
              [
                -57.453,
                -25.387
              ],
              [
                -57.454,
                -25.389
              ],
              [
                -57.454,
                -25.389
              ],
              [
                -57.458,
                -25.393
              ],
              [
                -57.459,
                -25.395
              ],
              [
                -57.453,
                -25.396
              ],
              [
                -57.453,
                -25.397
              ],
              [
                -57.454,
                -25.398
              ],
              [
                -57.46,
                -25.397
              ],
              [
                -57.46,
                -25.398
              ],
              [
                -57.46,
                -25.399
              ],
              [
                -57.455,
                -25.4
              ],
              [
                -57.455,
                -25.401
              ],
              [
                -57.462,
                -25.4
              ],
              [
                -57.463,
                -25.401
              ],
              [
                -57.454,
                -25.403
              ],
              [
                -57.455,
                -25.404
              ],
              [
                -57.462,
                -25.402
              ],
              [
                -57.464,
                -25.402
              ],
              [
                -57.464,
                -25.402
              ],
              [
                -57.462,
                -25.406
              ],
              [
                -57.464,
                -25.405
              ],
              [
                -57.464,
                -25.406
              ],
              [
                -57.466,
                -25.405
              ],
              [
                -57.468,
                -25.404
              ],
              [
                -57.468,
                -25.403
              ],
              [
                -57.471,
                -25.402
              ],
              [
                -57.472,
                -25.4
              ],
              [
                -57.472,
                -25.399
              ],
              [
                -57.474,
                -25.398
              ],
              [
                -57.475,
                -25.399
              ],
              [
                -57.476,
                -25.4
              ],
              [
                -57.477,
                -25.399
              ],
              [
                -57.483,
                -25.399
              ],
              [
                -57.483,
                -25.398
              ],
              [
                -57.485,
                -25.395
              ],
              [
                -57.485,
                -25.393
              ],
              [
                -57.485,
                -25.39
              ],
              [
                -57.484,
                -25.387
              ],
              [
                -57.483,
                -25.384
              ],
              [
                -57.483,
                -25.382
              ],
              [
                -57.484,
                -25.379
              ],
              [
                -57.484,
                -25.377
              ],
              [
                -57.483,
                -25.374
              ],
              [
                -57.483,
                -25.373
              ],
              [
                -57.483,
                -25.373
              ],
              [
                -57.484,
                -25.37
              ],
              [
                -57.484,
                -25.369
              ],
              [
                -57.485,
                -25.366
              ],
              [
                -57.484,
                -25.363
              ],
              [
                -57.486,
                -25.36
              ],
              [
                -57.486,
                -25.359
              ],
              [
                -57.486,
                -25.359
              ],
              [
                -57.487,
                -25.357
              ],
              [
                -57.487,
                -25.352
              ],
              [
                -57.485,
                -25.35
              ],
              [
                -57.483,
                -25.348
              ],
              [
                -57.481,
                -25.346
              ],
              [
                -57.481,
                -25.347
              ],
              [
                -57.479,
                -25.348
              ],
              [
                -57.479,
                -25.348
              ],
              [
                -57.479,
                -25.348
              ],
              [
                -57.479,
                -25.349
              ],
              [
                -57.478,
                -25.349
              ],
              [
                -57.478,
                -25.349
              ],
              [
                -57.478,
                -25.349
              ],
              [
                -57.478,
                -25.349
              ],
              [
                -57.477,
                -25.349
              ],
              [
                -57.477,
                -25.349
              ],
              [
                -57.476,
                -25.348
              ],
              [
                -57.476,
                -25.348
              ],
              [
                -57.475,
                -25.347
              ],
              [
                -57.476,
                -25.346
              ],
              [
                -57.475,
                -25.345
              ],
              [
                -57.476,
                -25.344
              ],
              [
                -57.473,
                -25.339
              ],
              [
                -57.472,
                -25.339
              ],
              [
                -57.471,
                -25.336
              ],
              [
                -57.461,
                -25.34
              ],
              [
                -57.461,
                -25.338
              ],
              [
                -57.461,
                -25.336
              ],
              [
                -57.46,
                -25.331
              ],
              [
                -57.46,
                -25.329
              ],
              [
                -57.459,
                -25.327
              ],
              [
                -57.459,
                -25.325
              ],
              [
                -57.458,
                -25.324
              ],
              [
                -57.457,
                -25.323
              ],
              [
                -57.457,
                -25.323
              ],
              [
                -57.447,
                -25.327
              ],
              [
                -57.447,
                -25.33
              ],
              [
                -57.448,
                -25.33
              ],
              [
                -57.447,
                -25.333
              ],
              [
                -57.447,
                -25.334
              ],
              [
                -57.447,
                -25.334
              ],
              [
                -57.446,
                -25.335
              ],
              [
                -57.446,
                -25.336
              ],
              [
                -57.445,
                -25.337
              ],
              [
                -57.445,
                -25.338
              ],
              [
                -57.444,
                -25.34
              ],
              [
                -57.442,
                -25.341
              ],
              [
                -57.44,
                -25.339
              ],
              [
                -57.44,
                -25.34
              ],
              [
                -57.438,
                -25.341
              ],
              [
                -57.436,
                -25.344
              ],
              [
                -57.433,
                -25.348
              ],
              [
                -57.432,
                -25.349
              ],
              [
                -57.433,
                -25.349
              ],
              [
                -57.433,
                -25.35
              ]
            ]
          ]
        ]
      }
    },
    {
      "type": "Feature",
      "properties": {
        "id": 196,
        "dpto": "L",
        "dist": 8,
        "distrito": "LUQUE",
        "situacion": "DECRETO 26966/1981",
        "area": 0,
        "estado": "Pendiente",
        "layer_kind": "urban_zoning",
        "data_source": "Catastro (paraguay.gov.py)"
      },
      "geometry": {
        "type": "MultiPolygon",
        "coordinates": [
          [
            [
              [
                -57.485,
                -25.267
              ],
              [
                -57.487,
                -25.273
              ],
              [
                -57.499,
                -25.27
              ],
              [
                -57.497,
                -25.265
              ],
              [
                -57.496,
                -25.265
              ],
              [
                -57.496,
                -25.264
              ],
              [
                -57.485,
                -25.267
              ]
            ]
          ]
        ]
      }
    },
    {
      "type": "Feature",
      "properties": {
        "id": 209,
        "dpto": "L",
        "dist": 3,
        "distrito": "FERNANDO DE LA MORA",
        "situacion": "DECRETO 24886/1972",
        "area": 0,
        "estado": "Pendiente",
        "layer_kind": "urban_zoning",
        "data_source": "Catastro (paraguay.gov.py)"
      },
      "geometry": {
        "type": "MultiPolygon",
        "coordinates": [
          [
            [
              [
                -57.556,
                -25.314
              ],
              [
                -57.554,
                -25.309
              ],
              [
                -57.553,
                -25.309
              ],
              [
                -57.553,
                -25.309
              ],
              [
                -57.552,
                -25.308
              ],
              [
                -57.55,
                -25.305
              ],
              [
                -57.549,
                -25.304
              ],
              [
                -57.548,
                -25.302
              ],
              [
                -57.545,
                -25.298
              ],
              [
                -57.543,
                -25.296
              ],
              [
                -57.544,
                -25.293
              ],
              [
                -57.542,
                -25.291
              ],
              [
                -57.538,
                -25.294
              ],
              [
                -57.538,
                -25.295
              ],
              [
                -57.536,
                -25.296
              ],
              [
                -57.535,
                -25.299
              ],
              [
                -57.533,
                -25.302
              ],
              [
                -57.533,
                -25.302
              ],
              [
                -57.532,
                -25.304
              ],
              [
                -57.531,
                -25.305
              ],
              [
                -57.529,
                -25.307
              ],
              [
                -57.528,
                -25.308
              ],
              [
                -57.527,
                -25.31
              ],
              [
                -57.526,
                -25.311
              ],
              [
                -57.522,
                -25.316
              ],
              [
                -57.52,
                -25.317
              ],
              [
                -57.518,
                -25.319
              ],
              [
                -57.518,
                -25.319
              ],
              [
                -57.519,
                -25.32
              ],
              [
                -57.519,
                -25.32
              ],
              [
                -57.521,
                -25.321
              ],
              [
                -57.522,
                -25.322
              ],
              [
                -57.522,
                -25.322
              ],
              [
                -57.523,
                -25.321
              ],
              [
                -57.524,
                -25.321
              ],
              [
                -57.525,
                -25.322
              ],
              [
                -57.526,
                -25.323
              ],
              [
                -57.528,
                -25.325
              ],
              [
                -57.528,
                -25.325
              ],
              [
                -57.529,
                -25.325
              ],
              [
                -57.529,
                -25.325
              ],
              [
                -57.529,
                -25.325
              ],
              [
                -57.529,
                -25.325
              ],
              [
                -57.527,
                -25.325
              ],
              [
                -57.527,
                -25.326
              ],
              [
                -57.527,
                -25.327
              ],
              [
                -57.527,
                -25.329
              ],
              [
                -57.527,
                -25.329
              ],
              [
                -57.528,
                -25.333
              ],
              [
                -57.528,
                -25.334
              ],
              [
                -57.528,
                -25.334
              ],
              [
                -57.529,
                -25.334
              ],
              [
                -57.529,
                -25.334
              ],
              [
                -57.53,
                -25.334
              ],
              [
                -57.532,
                -25.333
              ],
              [
                -57.533,
                -25.333
              ],
              [
                -57.534,
                -25.333
              ],
              [
                -57.535,
                -25.335
              ],
              [
                -57.535,
                -25.334
              ],
              [
                -57.538,
                -25.334
              ],
              [
                -57.539,
                -25.333
              ],
              [
                -57.54,
                -25.332
              ],
              [
                -57.54,
                -25.332
              ],
              [
                -57.541,
                -25.334
              ],
              [
                -57.543,
                -25.337
              ],
              [
                -57.544,
                -25.339
              ],
              [
                -57.545,
                -25.339
              ],
              [
                -57.546,
                -25.341
              ],
              [
                -57.548,
                -25.346
              ],
              [
                -57.549,
                -25.346
              ],
              [
                -57.55,
                -25.349
              ],
              [
                -57.551,
                -25.35
              ],
              [
                -57.551,
                -25.353
              ],
              [
                -57.552,
                -25.356
              ],
              [
                -57.552,
                -25.356
              ],
              [
                -57.552,
                -25.357
              ],
              [
                -57.556,
                -25.357
              ],
              [
                -57.557,
                -25.356
              ],
              [
                -57.558,
                -25.356
              ],
              [
                -57.558,
                -25.356
              ],
              [
                -57.559,
                -25.356
              ],
              [
                -57.56,
                -25.357
              ],
              [
                -57.56,
                -25.357
              ],
              [
                -57.562,
                -25.357
              ],
              [
                -57.563,
                -25.357
              ],
              [
                -57.566,
                -25.356
              ],
              [
                -57.566,
                -25.356
              ],
              [
                -57.569,
                -25.356
              ],
              [
                -57.57,
                -25.355
              ],
              [
                -57.57,
                -25.355
              ],
              [
                -57.571,
                -25.353
              ],
              [
                -57.571,
                -25.353
              ],
              [
                -57.573,
                -25.35
              ],
              [
                -57.574,
                -25.349
              ],
              [
                -57.576,
                -25.348
              ],
              [
                -57.578,
                -25.346
              ],
              [
                -57.581,
                -25.344
              ],
              [
                -57.583,
                -25.341
              ],
              [
                -57.585,
                -25.339
              ],
              [
                -57.583,
                -25.337
              ],
              [
                -57.579,
                -25.334
              ],
              [
                -57.567,
                -25.325
              ],
              [
                -57.563,
                -25.322
              ],
              [
                -57.561,
                -25.32
              ],
              [
                -57.559,
                -25.318
              ],
              [
                -57.556,
                -25.314
              ]
            ]
          ]
        ]
      }
    },
    {
      "type": "Feature",
      "properties": {
        "id": 210,
        "dpto": "L",
        "dist": 19,
        "distrito": "LAMBARE",
        "situacion": "DECRETO NUM 18180/1966",
        "area": 0,
        "estado": "Pendiente",
        "layer_kind": "urban_zoning",
        "data_source": "Catastro (paraguay.gov.py)"
      },
      "geometry": {
        "type": "MultiPolygon",
        "coordinates": [
          [
            [
              [
                -57.65,
                -25.367
              ],
              [
                -57.648,
                -25.365
              ],
              [
                -57.644,
                -25.365
              ],
              [
                -57.639,
                -25.366
              ],
              [
                -57.637,
                -25.364
              ],
              [
                -57.637,
                -25.36
              ],
              [
                -57.637,
                -25.355
              ],
              [
                -57.636,
                -25.354
              ],
              [
                -57.636,
                -25.352
              ],
              [
                -57.635,
                -25.349
              ],
              [
                -57.636,
                -25.349
              ],
              [
                -57.636,
                -25.347
              ],
              [
                -57.635,
                -25.345
              ],
              [
                -57.635,
                -25.342
              ],
              [
                -57.634,
                -25.341
              ],
              [
                -57.633,
                -25.34
              ],
              [
                -57.633,
                -25.339
              ],
              [
                -57.633,
                -25.339
              ],
              [
                -57.632,
                -25.337
              ],
              [
                -57.631,
                -25.338
              ],
              [
                -57.631,
                -25.335
              ],
              [
                -57.629,
                -25.335
              ],
              [
                -57.628,
                -25.333
              ],
              [
                -57.626,
                -25.331
              ],
              [
                -57.624,
                -25.33
              ],
              [
                -57.623,
                -25.328
              ],
              [
                -57.622,
                -25.327
              ],
              [
                -57.623,
                -25.326
              ],
              [
                -57.621,
                -25.322
              ],
              [
                -57.619,
                -25.319
              ],
              [
                -57.62,
                -25.319
              ],
              [
                -57.618,
                -25.317
              ],
              [
                -57.618,
                -25.317
              ],
              [
                -57.616,
                -25.314
              ],
              [
                -57.614,
                -25.312
              ],
              [
                -57.612,
                -25.314
              ],
              [
                -57.613,
                -25.315
              ],
              [
                -57.613,
                -25.315
              ],
              [
                -57.611,
                -25.316
              ],
              [
                -57.611,
                -25.317
              ],
              [
                -57.608,
                -25.318
              ],
              [
                -57.608,
                -25.32
              ],
              [
                -57.608,
                -25.321
              ],
              [
                -57.605,
                -25.323
              ],
              [
                -57.603,
                -25.326
              ],
              [
                -57.601,
                -25.327
              ],
              [
                -57.598,
                -25.329
              ],
              [
                -57.596,
                -25.331
              ],
              [
                -57.595,
                -25.333
              ],
              [
                -57.594,
                -25.332
              ],
              [
                -57.592,
                -25.334
              ],
              [
                -57.592,
                -25.336
              ],
              [
                -57.591,
                -25.337
              ],
              [
                -57.592,
                -25.337
              ],
              [
                -57.59,
                -25.339
              ],
              [
                -57.589,
                -25.338
              ],
              [
                -57.588,
                -25.34
              ],
              [
                -57.586,
                -25.341
              ],
              [
                -57.587,
                -25.343
              ],
              [
                -57.59,
                -25.347
              ],
              [
                -57.593,
                -25.352
              ],
              [
                -57.596,
                -25.357
              ],
              [
                -57.597,
                -25.359
              ],
              [
                -57.599,
                -25.362
              ],
              [
                -57.601,
                -25.366
              ],
              [
                -57.602,
                -25.369
              ],
              [
                -57.604,
                -25.371
              ],
              [
                -57.605,
                -25.373
              ],
              [
                -57.606,
                -25.375
              ],
              [
                -57.608,
                -25.377
              ],
              [
                -57.608,
                -25.379
              ],
              [
                -57.608,
                -25.379
              ],
              [
                -57.608,
                -25.382
              ],
              [
                -57.609,
                -25.384
              ],
              [
                -57.61,
                -25.384
              ],
              [
                -57.61,
                -25.385
              ],
              [
                -57.612,
                -25.386
              ],
              [
                -57.613,
                -25.387
              ],
              [
                -57.619,
                -25.386
              ],
              [
                -57.625,
                -25.383
              ],
              [
                -57.633,
                -25.378
              ],
              [
                -57.634,
                -25.378
              ],
              [
                -57.638,
                -25.376
              ],
              [
                -57.64,
                -25.375
              ],
              [
                -57.645,
                -25.373
              ],
              [
                -57.649,
                -25.369
              ],
              [
                -57.65,
                -25.367
              ]
            ]
          ]
        ]
      }
    },
    {
      "type": "Feature",
      "properties": {
        "id": 211,
        "dpto": "L",
        "dist": 14,
        "distrito": "VILLA ELISA",
        "situacion": "DECRETO 4916/1984",
        "area": 0,
        "estado": "Pendiente",
        "layer_kind": "urban_zoning",
        "data_source": "Catastro (paraguay.gov.py)"
      },
      "geometry": {
        "type": "MultiPolygon",
        "coordinates": [
          [
            [
              [
                -57.57,
                -25.355
              ],
              [
                -57.569,
                -25.358
              ],
              [
                -57.567,
                -25.361
              ],
              [
                -57.567,
                -25.361
              ],
              [
                -57.568,
                -25.362
              ],
              [
                -57.568,
                -25.363
              ],
              [
                -57.569,
                -25.365
              ],
              [
                -57.57,
                -25.367
              ],
              [
                -57.569,
                -25.369
              ],
              [
                -57.569,
                -25.372
              ],
              [
                -57.568,
                -25.373
              ],
              [
                -57.568,
                -25.373
              ],
              [
                -57.568,
                -25.375
              ],
              [
                -57.568,
                -25.376
              ],
              [
                -57.569,
                -25.376
              ],
              [
                -57.569,
                -25.378
              ],
              [
                -57.568,
                -25.379
              ],
              [
                -57.57,
                -25.38
              ],
              [
                -57.57,
                -25.381
              ],
              [
                -57.572,
                -25.383
              ],
              [
                -57.573,
                -25.387
              ],
              [
                -57.574,
                -25.387
              ],
              [
                -57.596,
                -25.397
              ],
              [
                -57.6,
                -25.399
              ],
              [
                -57.607,
                -25.395
              ],
              [
                -57.608,
                -25.394
              ],
              [
                -57.609,
                -25.393
              ],
              [
                -57.619,
                -25.386
              ],
              [
                -57.613,
                -25.387
              ],
              [
                -57.612,
                -25.386
              ],
              [
                -57.61,
                -25.385
              ],
              [
                -57.61,
                -25.384
              ],
              [
                -57.609,
                -25.384
              ],
              [
                -57.608,
                -25.382
              ],
              [
                -57.608,
                -25.379
              ],
              [
                -57.608,
                -25.379
              ],
              [
                -57.608,
                -25.377
              ],
              [
                -57.606,
                -25.375
              ],
              [
                -57.605,
                -25.373
              ],
              [
                -57.605,
                -25.372
              ],
              [
                -57.604,
                -25.371
              ],
              [
                -57.602,
                -25.369
              ],
              [
                -57.601,
                -25.366
              ],
              [
                -57.6,
                -25.364
              ],
              [
                -57.6,
                -25.364
              ],
              [
                -57.599,
                -25.362
              ],
              [
                -57.597,
                -25.359
              ],
              [
                -57.596,
                -25.357
              ],
              [
                -57.593,
                -25.352
              ],
              [
                -57.59,
                -25.347
              ],
              [
                -57.59,
                -25.347
              ],
              [
                -57.587,
                -25.343
              ],
              [
                -57.586,
                -25.341
              ],
              [
                -57.585,
                -25.339
              ],
              [
                -57.583,
                -25.341
              ],
              [
                -57.581,
                -25.344
              ],
              [
                -57.578,
                -25.346
              ],
              [
                -57.577,
                -25.347
              ],
              [
                -57.576,
                -25.348
              ],
              [
                -57.574,
                -25.349
              ],
              [
                -57.573,
                -25.35
              ],
              [
                -57.571,
                -25.353
              ],
              [
                -57.571,
                -25.353
              ],
              [
                -57.57,
                -25.355
              ],
              [
                -57.57,
                -25.355
              ],
              [
                -57.57,
                -25.355
              ]
            ]
          ]
        ]
      }
    },
    {
      "type": "Feature",
      "properties": {
        "id": 212,
        "dpto": "L",
        "dist": 12,
        "distrito": "SAN ANTONIO",
        "situacion": null,
        "area": 0,
        "estado": "Pendiente",
        "layer_kind": "urban_zoning",
        "data_source": "Catastro (paraguay.gov.py)"
      },
      "geometry": {
        "type": "MultiPolygon",
        "coordinates": [
          [
            [
              [
                -57.572,
                -25.383
              ],
              [
                -57.562,
                -25.394
              ],
              [
                -57.561,
                -25.393
              ],
              [
                -57.559,
                -25.393
              ],
              [
                -57.554,
                -25.401
              ],
              [
                -57.545,
                -25.413
              ],
              [
                -57.541,
                -25.41
              ],
              [
                -57.54,
                -25.414
              ],
              [
                -57.539,
                -25.418
              ],
              [
                -57.538,
                -25.424
              ],
              [
                -57.537,
                -25.429
              ],
              [
                -57.537,
                -25.43
              ],
              [
                -57.536,
                -25.438
              ],
              [
                -57.535,
                -25.445
              ],
              [
                -57.535,
                -25.445
              ],
              [
                -57.536,
                -25.445
              ],
              [
                -57.536,
                -25.445
              ],
              [
                -57.536,
                -25.445
              ],
              [
                -57.536,
                -25.445
              ],
              [
                -57.536,
                -25.445
              ],
              [
                -57.536,
                -25.445
              ],
              [
                -57.536,
                -25.446
              ],
              [
                -57.536,
                -25.446
              ],
              [
                -57.536,
                -25.446
              ],
              [
                -57.536,
                -25.446
              ],
              [
                -57.536,
                -25.446
              ],
              [
                -57.536,
                -25.446
              ],
              [
                -57.536,
                -25.447
              ],
              [
                -57.537,
                -25.447
              ],
              [
                -57.537,
                -25.447
              ],
              [
                -57.537,
                -25.447
              ],
              [
                -57.537,
                -25.447
              ],
              [
                -57.538,
                -25.448
              ],
              [
                -57.538,
                -25.448
              ],
              [
                -57.538,
                -25.448
              ],
              [
                -57.538,
                -25.448
              ],
              [
                -57.538,
                -25.448
              ],
              [
                -57.538,
                -25.448
              ],
              [
                -57.538,
                -25.448
              ],
              [
                -57.538,
                -25.448
              ],
              [
                -57.539,
                -25.448
              ],
              [
                -57.539,
                -25.448
              ],
              [
                -57.539,
                -25.448
              ],
              [
                -57.539,
                -25.448
              ],
              [
                -57.539,
                -25.449
              ],
              [
                -57.539,
                -25.449
              ],
              [
                -57.539,
                -25.449
              ],
              [
                -57.54,
                -25.449
              ],
              [
                -57.54,
                -25.449
              ],
              [
                -57.54,
                -25.449
              ],
              [
                -57.54,
                -25.449
              ],
              [
                -57.541,
                -25.449
              ],
              [
                -57.541,
                -25.449
              ],
              [
                -57.541,
                -25.449
              ],
              [
                -57.541,
                -25.449
              ],
              [
                -57.541,
                -25.45
              ],
              [
                -57.542,
                -25.45
              ],
              [
                -57.542,
                -25.45
              ],
              [
                -57.542,
                -25.45
              ],
              [
                -57.542,
                -25.45
              ],
              [
                -57.542,
                -25.45
              ],
              [
                -57.542,
                -25.45
              ],
              [
                -57.542,
                -25.45
              ],
              [
                -57.542,
                -25.45
              ],
              [
                -57.542,
                -25.451
              ],
              [
                -57.542,
                -25.451
              ],
              [
                -57.542,
                -25.451
              ],
              [
                -57.542,
                -25.451
              ],
              [
                -57.542,
                -25.451
              ],
              [
                -57.542,
                -25.451
              ],
              [
                -57.542,
                -25.452
              ],
              [
                -57.542,
                -25.452
              ],
              [
                -57.542,
                -25.452
              ],
              [
                -57.542,
                -25.452
              ],
              [
                -57.542,
                -25.452
              ],
              [
                -57.542,
                -25.452
              ],
              [
                -57.542,
                -25.452
              ],
              [
                -57.543,
                -25.452
              ],
              [
                -57.543,
                -25.453
              ],
              [
                -57.543,
                -25.453
              ],
              [
                -57.543,
                -25.453
              ],
              [
                -57.543,
                -25.453
              ],
              [
                -57.543,
                -25.453
              ],
              [
                -57.543,
                -25.453
              ],
              [
                -57.543,
                -25.453
              ],
              [
                -57.543,
                -25.453
              ],
              [
                -57.543,
                -25.453
              ],
              [
                -57.543,
                -25.454
              ],
              [
                -57.543,
                -25.454
              ],
              [
                -57.544,
                -25.454
              ],
              [
                -57.544,
                -25.454
              ],
              [
                -57.544,
                -25.454
              ],
              [
                -57.544,
                -25.454
              ],
              [
                -57.544,
                -25.454
              ],
              [
                -57.544,
                -25.454
              ],
              [
                -57.544,
                -25.454
              ],
              [
                -57.544,
                -25.454
              ],
              [
                -57.544,
                -25.454
              ],
              [
                -57.544,
                -25.454
              ],
              [
                -57.544,
                -25.454
              ],
              [
                -57.544,
                -25.454
              ],
              [
                -57.544,
                -25.455
              ],
              [
                -57.544,
                -25.455
              ],
              [
                -57.544,
                -25.455
              ],
              [
                -57.544,
                -25.455
              ],
              [
                -57.544,
                -25.455
              ],
              [
                -57.544,
                -25.455
              ],
              [
                -57.544,
                -25.455
              ],
              [
                -57.544,
                -25.455
              ],
              [
                -57.545,
                -25.455
              ],
              [
                -57.545,
                -25.456
              ],
              [
                -57.545,
                -25.456
              ],
              [
                -57.545,
                -25.456
              ],
              [
                -57.545,
                -25.456
              ],
              [
                -57.545,
                -25.455
              ],
              [
                -57.545,
                -25.455
              ],
              [
                -57.546,
                -25.455
              ],
              [
                -57.546,
                -25.455
              ],
              [
                -57.546,
                -25.455
              ],
              [
                -57.546,
                -25.455
              ],
              [
                -57.546,
                -25.455
              ],
              [
                -57.546,
                -25.455
              ],
              [
                -57.546,
                -25.455
              ],
              [
                -57.546,
                -25.455
              ],
              [
                -57.546,
                -25.454
              ],
              [
                -57.546,
                -25.454
              ],
              [
                -57.546,
                -25.454
              ],
              [
                -57.546,
                -25.454
              ],
              [
                -57.547,
                -25.454
              ],
              [
                -57.547,
                -25.454
              ],
              [
                -57.56,
                -25.461
              ],
              [
                -57.565,
                -25.45
              ],
              [
                -57.565,
                -25.447
              ],
              [
                -57.566,
                -25.441
              ],
              [
                -57.568,
                -25.435
              ],
              [
                -57.574,
                -25.425
              ],
              [
                -57.579,
                -25.42
              ],
              [
                -57.58,
                -25.419
              ],
              [
                -57.589,
                -25.41
              ],
              [
                -57.597,
                -25.401
              ],
              [
                -57.6,
                -25.399
              ],
              [
                -57.596,
                -25.397
              ],
              [
                -57.574,
                -25.387
              ],
              [
                -57.573,
                -25.387
              ],
              [
                -57.572,
                -25.383
              ]
            ]
          ]
        ]
      }
    },
    {
      "type": "Feature",
      "properties": {
        "id": 231,
        "dpto": "L",
        "dist": 13,
        "distrito": "SAN LORENZO",
        "situacion": "DEC N 21006/1980 Y LEY 5244/14",
        "area": 0,
        "estado": "Pendiente",
        "layer_kind": "urban_zoning",
        "data_source": "Catastro (paraguay.gov.py)"
      },
      "geometry": {
        "type": "MultiPolygon",
        "coordinates": [
          [
            [
              [
                -57.531,
                -25.297
              ],
              [
                -57.531,
                -25.297
              ],
              [
                -57.53,
                -25.297
              ],
              [
                -57.53,
                -25.297
              ],
              [
                -57.53,
                -25.297
              ],
              [
                -57.53,
                -25.297
              ],
              [
                -57.53,
                -25.297
              ],
              [
                -57.53,
                -25.297
              ],
              [
                -57.529,
                -25.297
              ],
              [
                -57.529,
                -25.297
              ],
              [
                -57.529,
                -25.297
              ],
              [
                -57.528,
                -25.297
              ],
              [
                -57.528,
                -25.297
              ],
              [
                -57.527,
                -25.298
              ],
              [
                -57.527,
                -25.298
              ],
              [
                -57.527,
                -25.299
              ],
              [
                -57.526,
                -25.3
              ],
              [
                -57.526,
                -25.3
              ],
              [
                -57.525,
                -25.301
              ],
              [
                -57.525,
                -25.301
              ],
              [
                -57.525,
                -25.301
              ],
              [
                -57.525,
                -25.3
              ],
              [
                -57.525,
                -25.3
              ],
              [
                -57.524,
                -25.301
              ],
              [
                -57.524,
                -25.301
              ],
              [
                -57.524,
                -25.301
              ],
              [
                -57.524,
                -25.301
              ],
              [
                -57.524,
                -25.301
              ],
              [
                -57.524,
                -25.301
              ],
              [
                -57.524,
                -25.301
              ],
              [
                -57.524,
                -25.302
              ],
              [
                -57.523,
                -25.302
              ],
              [
                -57.523,
                -25.302
              ],
              [
                -57.522,
                -25.303
              ],
              [
                -57.522,
                -25.303
              ],
              [
                -57.522,
                -25.303
              ],
              [
                -57.522,
                -25.303
              ],
              [
                -57.522,
                -25.303
              ],
              [
                -57.522,
                -25.303
              ],
              [
                -57.521,
                -25.302
              ],
              [
                -57.521,
                -25.302
              ],
              [
                -57.521,
                -25.302
              ],
              [
                -57.521,
                -25.302
              ],
              [
                -57.521,
                -25.302
              ],
              [
                -57.52,
                -25.302
              ],
              [
                -57.52,
                -25.302
              ],
              [
                -57.52,
                -25.302
              ],
              [
                -57.52,
                -25.302
              ],
              [
                -57.519,
                -25.302
              ],
              [
                -57.519,
                -25.302
              ],
              [
                -57.518,
                -25.303
              ],
              [
                -57.518,
                -25.303
              ],
              [
                -57.518,
                -25.303
              ],
              [
                -57.518,
                -25.303
              ],
              [
                -57.518,
                -25.303
              ],
              [
                -57.517,
                -25.303
              ],
              [
                -57.517,
                -25.304
              ],
              [
                -57.517,
                -25.304
              ],
              [
                -57.517,
                -25.304
              ],
              [
                -57.516,
                -25.304
              ],
              [
                -57.516,
                -25.304
              ],
              [
                -57.516,
                -25.304
              ],
              [
                -57.516,
                -25.304
              ],
              [
                -57.516,
                -25.304
              ],
              [
                -57.516,
                -25.304
              ],
              [
                -57.516,
                -25.304
              ],
              [
                -57.516,
                -25.303
              ],
              [
                -57.516,
                -25.303
              ],
              [
                -57.515,
                -25.303
              ],
              [
                -57.515,
                -25.303
              ],
              [
                -57.515,
                -25.303
              ],
              [
                -57.515,
                -25.302
              ],
              [
                -57.515,
                -25.302
              ],
              [
                -57.515,
                -25.302
              ],
              [
                -57.515,
                -25.302
              ],
              [
                -57.514,
                -25.302
              ],
              [
                -57.514,
                -25.302
              ],
              [
                -57.514,
                -25.302
              ],
              [
                -57.514,
                -25.302
              ],
              [
                -57.514,
                -25.302
              ],
              [
                -57.513,
                -25.302
              ],
              [
                -57.513,
                -25.302
              ],
              [
                -57.513,
                -25.302
              ],
              [
                -57.513,
                -25.302
              ],
              [
                -57.513,
                -25.302
              ],
              [
                -57.513,
                -25.302
              ],
              [
                -57.512,
                -25.302
              ],
              [
                -57.512,
                -25.302
              ],
              [
                -57.512,
                -25.302
              ],
              [
                -57.512,
                -25.302
              ],
              [
                -57.511,
                -25.302
              ],
              [
                -57.511,
                -25.302
              ],
              [
                -57.511,
                -25.302
              ],
              [
                -57.511,
                -25.302
              ],
              [
                -57.511,
                -25.303
              ],
              [
                -57.511,
                -25.303
              ],
              [
                -57.511,
                -25.303
              ],
              [
                -57.511,
                -25.304
              ],
              [
                -57.51,
                -25.305
              ],
              [
                -57.51,
                -25.305
              ],
              [
                -57.509,
                -25.306
              ],
              [
                -57.508,
                -25.306
              ],
              [
                -57.508,
                -25.307
              ],
              [
                -57.507,
                -25.307
              ],
              [
                -57.505,
                -25.308
              ],
              [
                -57.505,
                -25.308
              ],
              [
                -57.505,
                -25.308
              ],
              [
                -57.505,
                -25.308
              ],
              [
                -57.505,
                -25.308
              ],
              [
                -57.505,
                -25.308
              ],
              [
                -57.505,
                -25.308
              ],
              [
                -57.505,
                -25.308
              ],
              [
                -57.505,
                -25.308
              ],
              [
                -57.505,
                -25.308
              ],
              [
                -57.505,
                -25.308
              ],
              [
                -57.505,
                -25.308
              ],
              [
                -57.505,
                -25.308
              ],
              [
                -57.505,
                -25.308
              ],
              [
                -57.505,
                -25.308
              ],
              [
                -57.505,
                -25.308
              ],
              [
                -57.505,
                -25.308
              ],
              [
                -57.505,
                -25.308
              ],
              [
                -57.505,
                -25.308
              ],
              [
                -57.505,
                -25.308
              ],
              [
                -57.505,
                -25.308
              ],
              [
                -57.505,
                -25.308
              ],
              [
                -57.505,
                -25.308
              ],
              [
                -57.505,
                -25.308
              ],
              [
                -57.505,
                -25.308
              ],
              [
                -57.505,
                -25.308
              ],
              [
                -57.505,
                -25.308
              ],
              [
                -57.505,
                -25.308
              ],
              [
                -57.505,
                -25.308
              ],
              [
                -57.505,
                -25.308
              ],
              [
                -57.505,
                -25.308
              ],
              [
                -57.505,
                -25.308
              ],
              [
                -57.505,
                -25.308
              ],
              [
                -57.505,
                -25.308
              ],
              [
                -57.505,
                -25.308
              ],
              [
                -57.504,
                -25.308
              ],
              [
                -57.504,
                -25.309
              ],
              [
                -57.504,
                -25.309
              ],
              [
                -57.504,
                -25.309
              ],
              [
                -57.504,
                -25.309
              ],
              [
                -57.504,
                -25.309
              ],
              [
                -57.504,
                -25.309
              ],
              [
                -57.504,
                -25.309
              ],
              [
                -57.504,
                -25.309
              ],
              [
                -57.504,
                -25.309
              ],
              [
                -57.504,
                -25.309
              ],
              [
                -57.504,
                -25.309
              ],
              [
                -57.504,
                -25.309
              ],
              [
                -57.504,
                -25.309
              ],
              [
                -57.504,
                -25.309
              ],
              [
                -57.504,
                -25.309
              ],
              [
                -57.504,
                -25.309
              ],
              [
                -57.504,
                -25.309
              ],
              [
                -57.504,
                -25.309
              ],
              [
                -57.504,
                -25.309
              ],
              [
                -57.504,
                -25.309
              ],
              [
                -57.503,
                -25.309
              ],
              [
                -57.503,
                -25.309
              ],
              [
                -57.503,
                -25.309
              ],
              [
                -57.503,
                -25.309
              ],
              [
                -57.503,
                -25.309
              ],
              [
                -57.503,
                -25.309
              ],
              [
                -57.503,
                -25.309
              ],
              [
                -57.503,
                -25.309
              ],
              [
                -57.503,
                -25.309
              ],
              [
                -57.503,
                -25.309
              ],
              [
                -57.503,
                -25.309
              ],
              [
                -57.503,
                -25.309
              ],
              [
                -57.503,
                -25.309
              ],
              [
                -57.503,
                -25.309
              ],
              [
                -57.503,
                -25.309
              ],
              [
                -57.503,
                -25.309
              ],
              [
                -57.503,
                -25.309
              ],
              [
                -57.503,
                -25.309
              ],
              [
                -57.503,
                -25.309
              ],
              [
                -57.503,
                -25.309
              ],
              [
                -57.503,
                -25.309
              ],
              [
                -57.502,
                -25.309
              ],
              [
                -57.502,
                -25.309
              ],
              [
                -57.502,
                -25.31
              ],
              [
                -57.502,
                -25.31
              ],
              [
                -57.502,
                -25.31
              ],
              [
                -57.502,
                -25.31
              ],
              [
                -57.502,
                -25.31
              ],
              [
                -57.502,
                -25.31
              ],
              [
                -57.502,
                -25.31
              ],
              [
                -57.502,
                -25.31
              ],
              [
                -57.502,
                -25.31
              ],
              [
                -57.502,
                -25.31
              ],
              [
                -57.502,
                -25.31
              ],
              [
                -57.502,
                -25.31
              ],
              [
                -57.502,
                -25.31
              ],
              [
                -57.502,
                -25.31
              ],
              [
                -57.502,
                -25.31
              ],
              [
                -57.502,
                -25.31
              ],
              [
                -57.502,
                -25.31
              ],
              [
                -57.502,
                -25.31
              ],
              [
                -57.502,
                -25.31
              ],
              [
                -57.502,
                -25.31
              ],
              [
                -57.502,
                -25.31
              ],
              [
                -57.502,
                -25.31
              ],
              [
                -57.502,
                -25.31
              ],
              [
                -57.502,
                -25.31
              ],
              [
                -57.502,
                -25.31
              ],
              [
                -57.502,
                -25.31
              ],
              [
                -57.502,
                -25.31
              ],
              [
                -57.502,
                -25.31
              ],
              [
                -57.502,
                -25.31
              ],
              [
                -57.502,
                -25.31
              ],
              [
                -57.501,
                -25.31
              ],
              [
                -57.501,
                -25.31
              ],
              [
                -57.501,
                -25.31
              ],
              [
                -57.501,
                -25.31
              ],
              [
                -57.501,
                -25.31
              ],
              [
                -57.501,
                -25.31
              ],
              [
                -57.501,
                -25.31
              ],
              [
                -57.501,
                -25.31
              ],
              [
                -57.501,
                -25.31
              ],
              [
                -57.501,
                -25.31
              ],
              [
                -57.501,
                -25.31
              ],
              [
                -57.501,
                -25.31
              ],
              [
                -57.501,
                -25.31
              ],
              [
                -57.501,
                -25.31
              ],
              [
                -57.501,
                -25.31
              ],
              [
                -57.501,
                -25.31
              ],
              [
                -57.501,
                -25.31
              ],
              [
                -57.501,
                -25.31
              ],
              [
                -57.501,
                -25.31
              ],
              [
                -57.501,
                -25.31
              ],
              [
                -57.501,
                -25.31
              ],
              [
                -57.501,
                -25.31
              ],
              [
                -57.501,
                -25.31
              ],
              [
                -57.501,
                -25.31
              ],
              [
                -57.501,
                -25.31
              ],
              [
                -57.501,
                -25.31
              ],
              [
                -57.5,
                -25.311
              ],
              [
                -57.5,
                -25.311
              ],
              [
                -57.5,
                -25.311
              ],
              [
                -57.5,
                -25.311
              ],
              [
                -57.5,
                -25.311
              ],
              [
                -57.5,
                -25.311
              ],
              [
                -57.5,
                -25.311
              ],
              [
                -57.5,
                -25.311
              ],
              [
                -57.5,
                -25.311
              ],
              [
                -57.5,
                -25.311
              ],
              [
                -57.5,
                -25.311
              ],
              [
                -57.5,
                -25.311
              ],
              [
                -57.5,
                -25.311
              ],
              [
                -57.5,
                -25.311
              ],
              [
                -57.5,
                -25.311
              ],
              [
                -57.5,
                -25.311
              ],
              [
                -57.5,
                -25.311
              ],
              [
                -57.5,
                -25.311
              ],
              [
                -57.5,
                -25.311
              ],
              [
                -57.5,
                -25.311
              ],
              [
                -57.5,
                -25.311
              ],
              [
                -57.5,
                -25.311
              ],
              [
                -57.5,
                -25.311
              ],
              [
                -57.5,
                -25.311
              ],
              [
                -57.5,
                -25.311
              ],
              [
                -57.5,
                -25.311
              ],
              [
                -57.499,
                -25.311
              ],
              [
                -57.499,
                -25.311
              ],
              [
                -57.499,
                -25.311
              ],
              [
                -57.499,
                -25.311
              ],
              [
                -57.499,
                -25.311
              ],
              [
                -57.499,
                -25.311
              ],
              [
                -57.499,
                -25.311
              ],
              [
                -57.499,
                -25.311
              ],
              [
                -57.499,
                -25.311
              ],
              [
                -57.499,
                -25.311
              ],
              [
                -57.499,
                -25.311
              ],
              [
                -57.499,
                -25.311
              ],
              [
                -57.499,
                -25.311
              ],
              [
                -57.499,
                -25.311
              ],
              [
                -57.499,
                -25.311
              ],
              [
                -57.499,
                -25.311
              ],
              [
                -57.499,
                -25.311
              ],
              [
                -57.499,
                -25.311
              ],
              [
                -57.499,
                -25.311
              ],
              [
                -57.499,
                -25.311
              ],
              [
                -57.499,
                -25.311
              ],
              [
                -57.499,
                -25.311
              ],
              [
                -57.499,
                -25.311
              ],
              [
                -57.499,
                -25.311
              ],
              [
                -57.499,
                -25.311
              ],
              [
                -57.498,
                -25.311
              ],
              [
                -57.498,
                -25.311
              ],
              [
                -57.498,
                -25.311
              ],
              [
                -57.498,
                -25.311
              ],
              [
                -57.498,
                -25.311
              ],
              [
                -57.498,
                -25.311
              ],
              [
                -57.498,
                -25.311
              ],
              [
                -57.498,
                -25.311
              ],
              [
                -57.498,
                -25.311
              ],
              [
                -57.498,
                -25.311
              ],
              [
                -57.498,
                -25.311
              ],
              [
                -57.498,
                -25.311
              ],
              [
                -57.498,
                -25.311
              ],
              [
                -57.498,
                -25.311
              ],
              [
                -57.498,
                -25.311
              ],
              [
                -57.498,
                -25.311
              ],
              [
                -57.498,
                -25.311
              ],
              [
                -57.498,
                -25.311
              ],
              [
                -57.498,
                -25.311
              ],
              [
                -57.498,
                -25.311
              ],
              [
                -57.498,
                -25.311
              ],
              [
                -57.498,
                -25.311
              ],
              [
                -57.498,
                -25.311
              ],
              [
                -57.498,
                -25.311
              ],
              [
                -57.498,
                -25.311
              ],
              [
                -57.497,
                -25.311
              ],
              [
                -57.497,
                -25.311
              ],
              [
                -57.497,
                -25.311
              ],
              [
                -57.497,
                -25.311
              ],
              [
                -57.497,
                -25.311
              ],
              [
                -57.497,
                -25.311
              ],
              [
                -57.497,
                -25.311
              ],
              [
                -57.497,
                -25.311
              ],
              [
                -57.497,
                -25.311
              ],
              [
                -57.497,
                -25.311
              ],
              [
                -57.497,
                -25.311
              ],
              [
                -57.497,
                -25.311
              ],
              [
                -57.497,
                -25.311
              ],
              [
                -57.497,
                -25.311
              ],
              [
                -57.497,
                -25.311
              ],
              [
                -57.497,
                -25.311
              ],
              [
                -57.497,
                -25.311
              ],
              [
                -57.497,
                -25.311
              ],
              [
                -57.497,
                -25.311
              ],
              [
                -57.497,
                -25.311
              ],
              [
                -57.497,
                -25.311
              ],
              [
                -57.497,
                -25.311
              ],
              [
                -57.497,
                -25.311
              ],
              [
                -57.497,
                -25.311
              ],
              [
                -57.497,
                -25.311
              ],
              [
                -57.497,
                -25.311
              ],
              [
                -57.497,
                -25.311
              ],
              [
                -57.497,
                -25.311
              ],
              [
                -57.496,
                -25.311
              ],
              [
                -57.496,
                -25.311
              ],
              [
                -57.496,
                -25.311
              ],
              [
                -57.496,
                -25.311
              ],
              [
                -57.496,
                -25.311
              ],
              [
                -57.496,
                -25.311
              ],
              [
                -57.496,
                -25.311
              ],
              [
                -57.496,
                -25.311
              ],
              [
                -57.496,
                -25.311
              ],
              [
                -57.496,
                -25.311
              ],
              [
                -57.496,
                -25.311
              ],
              [
                -57.496,
                -25.311
              ],
              [
                -57.496,
                -25.311
              ],
              [
                -57.496,
                -25.311
              ],
              [
                -57.496,
                -25.311
              ],
              [
                -57.496,
                -25.311
              ],
              [
                -57.496,
                -25.311
              ],
              [
                -57.496,
                -25.311
              ],
              [
                -57.496,
                -25.311
              ],
              [
                -57.496,
                -25.312
              ],
              [
                -57.496,
                -25.312
              ],
              [
                -57.496,
                -25.312
              ],
              [
                -57.496,
                -25.312
              ],
              [
                -57.496,
                -25.312
              ],
              [
                -57.496,
                -25.312
              ],
              [
                -57.496,
                -25.312
              ],
              [
                -57.496,
                -25.312
              ],
              [
                -57.496,
                -25.312
              ],
              [
                -57.496,
                -25.312
              ],
              [
                -57.496,
                -25.312
              ],
              [
                -57.496,
                -25.312
              ],
              [
                -57.496,
                -25.312
              ],
              [
                -57.496,
                -25.312
              ],
              [
                -57.495,
                -25.312
              ],
              [
                -57.495,
                -25.312
              ],
              [
                -57.495,
                -25.312
              ],
              [
                -57.495,
                -25.312
              ],
              [
                -57.495,
                -25.312
              ],
              [
                -57.495,
                -25.312
              ],
              [
                -57.495,
                -25.312
              ],
              [
                -57.495,
                -25.312
              ],
              [
                -57.495,
                -25.312
              ],
              [
                -57.495,
                -25.312
              ],
              [
                -57.495,
                -25.312
              ],
              [
                -57.495,
                -25.312
              ],
              [
                -57.495,
                -25.312
              ],
              [
                -57.495,
                -25.312
              ],
              [
                -57.495,
                -25.312
              ],
              [
                -57.495,
                -25.312
              ],
              [
                -57.495,
                -25.312
              ],
              [
                -57.495,
                -25.312
              ],
              [
                -57.495,
                -25.312
              ],
              [
                -57.495,
                -25.312
              ],
              [
                -57.495,
                -25.312
              ],
              [
                -57.495,
                -25.312
              ],
              [
                -57.495,
                -25.312
              ],
              [
                -57.495,
                -25.312
              ],
              [
                -57.495,
                -25.312
              ],
              [
                -57.495,
                -25.312
              ],
              [
                -57.495,
                -25.312
              ],
              [
                -57.495,
                -25.312
              ],
              [
                -57.495,
                -25.312
              ],
              [
                -57.495,
                -25.312
              ],
              [
                -57.495,
                -25.312
              ],
              [
                -57.495,
                -25.312
              ],
              [
                -57.495,
                -25.312
              ],
              [
                -57.495,
                -25.312
              ],
              [
                -57.494,
                -25.312
              ],
              [
                -57.494,
                -25.312
              ],
              [
                -57.494,
                -25.312
              ],
              [
                -57.494,
                -25.312
              ],
              [
                -57.494,
                -25.312
              ],
              [
                -57.494,
                -25.312
              ],
              [
                -57.494,
                -25.312
              ],
              [
                -57.494,
                -25.312
              ],
              [
                -57.494,
                -25.312
              ],
              [
                -57.494,
                -25.312
              ],
              [
                -57.494,
                -25.312
              ],
              [
                -57.494,
                -25.312
              ],
              [
                -57.494,
                -25.312
              ],
              [
                -57.494,
                -25.312
              ],
              [
                -57.494,
                -25.312
              ],
              [
                -57.494,
                -25.312
              ],
              [
                -57.494,
                -25.312
              ],
              [
                -57.494,
                -25.312
              ],
              [
                -57.494,
                -25.312
              ],
              [
                -57.494,
                -25.312
              ],
              [
                -57.494,
                -25.312
              ],
              [
                -57.494,
                -25.312
              ],
              [
                -57.494,
                -25.312
              ],
              [
                -57.494,
                -25.312
              ],
              [
                -57.494,
                -25.312
              ],
              [
                -57.494,
                -25.312
              ],
              [
                -57.494,
                -25.312
              ],
              [
                -57.494,
                -25.312
              ],
              [
                -57.494,
                -25.312
              ],
              [
                -57.494,
                -25.312
              ],
              [
                -57.494,
                -25.312
              ],
              [
                -57.494,
                -25.312
              ],
              [
                -57.494,
                -25.312
              ],
              [
                -57.494,
                -25.312
              ],
              [
                -57.494,
                -25.312
              ],
              [
                -57.494,
                -25.312
              ],
              [
                -57.494,
                -25.312
              ],
              [
                -57.494,
                -25.312
              ],
              [
                -57.494,
                -25.312
              ],
              [
                -57.494,
                -25.312
              ],
              [
                -57.494,
                -25.312
              ],
              [
                -57.494,
                -25.312
              ],
              [
                -57.494,
                -25.313
              ],
              [
                -57.494,
                -25.313
              ],
              [
                -57.494,
                -25.313
              ],
              [
                -57.494,
                -25.313
              ],
              [
                -57.494,
                -25.313
              ],
              [
                -57.494,
                -25.313
              ],
              [
                -57.494,
                -25.313
              ],
              [
                -57.493,
                -25.313
              ],
              [
                -57.493,
                -25.313
              ],
              [
                -57.493,
                -25.313
              ],
              [
                -57.493,
                -25.313
              ],
              [
                -57.493,
                -25.313
              ],
              [
                -57.493,
                -25.313
              ],
              [
                -57.493,
                -25.313
              ],
              [
                -57.493,
                -25.313
              ],
              [
                -57.493,
                -25.313
              ],
              [
                -57.493,
                -25.313
              ],
              [
                -57.493,
                -25.313
              ],
              [
                -57.493,
                -25.313
              ],
              [
                -57.493,
                -25.313
              ],
              [
                -57.493,
                -25.313
              ],
              [
                -57.493,
                -25.313
              ],
              [
                -57.493,
                -25.313
              ],
              [
                -57.493,
                -25.313
              ],
              [
                -57.493,
                -25.313
              ],
              [
                -57.493,
                -25.313
              ],
              [
                -57.493,
                -25.313
              ],
              [
                -57.493,
                -25.313
              ],
              [
                -57.493,
                -25.313
              ],
              [
                -57.493,
                -25.313
              ],
              [
                -57.493,
                -25.314
              ],
              [
                -57.493,
                -25.314
              ],
              [
                -57.493,
                -25.314
              ],
              [
                -57.493,
                -25.314
              ],
              [
                -57.493,
                -25.314
              ],
              [
                -57.493,
                -25.314
              ],
              [
                -57.493,
                -25.314
              ],
              [
                -57.493,
                -25.314
              ],
              [
                -57.493,
                -25.314
              ],
              [
                -57.493,
                -25.314
              ],
              [
                -57.493,
                -25.314
              ],
              [
                -57.493,
                -25.314
              ],
              [
                -57.493,
                -25.314
              ],
              [
                -57.493,
                -25.314
              ],
              [
                -57.493,
                -25.314
              ],
              [
                -57.493,
                -25.314
              ],
              [
                -57.493,
                -25.314
              ],
              [
                -57.493,
                -25.314
              ],
              [
                -57.493,
                -25.314
              ],
              [
                -57.493,
                -25.314
              ],
              [
                -57.493,
                -25.314
              ],
              [
                -57.493,
                -25.314
              ],
              [
                -57.493,
                -25.314
              ],
              [
                -57.493,
                -25.314
              ],
              [
                -57.493,
                -25.314
              ],
              [
                -57.493,
                -25.314
              ],
              [
                -57.493,
                -25.314
              ],
              [
                -57.493,
                -25.314
              ],
              [
                -57.493,
                -25.314
              ],
              [
                -57.493,
                -25.314
              ],
              [
                -57.493,
                -25.314
              ],
              [
                -57.493,
                -25.314
              ],
              [
                -57.493,
                -25.314
              ],
              [
                -57.493,
                -25.314
              ],
              [
                -57.493,
                -25.314
              ],
              [
                -57.493,
                -25.314
              ],
              [
                -57.493,
                -25.314
              ],
              [
                -57.493,
                -25.314
              ],
              [
                -57.493,
                -25.314
              ],
              [
                -57.493,
                -25.314
              ],
              [
                -57.493,
                -25.314
              ],
              [
                -57.493,
                -25.314
              ],
              [
                -57.493,
                -25.314
              ],
              [
                -57.493,
                -25.314
              ],
              [
                -57.493,
                -25.314
              ],
              [
                -57.493,
                -25.314
              ],
              [
                -57.493,
                -25.314
              ],
              [
                -57.493,
                -25.314
              ],
              [
                -57.493,
                -25.314
              ],
              [
                -57.493,
                -25.314
              ],
              [
                -57.493,
                -25.314
              ],
              [
                -57.493,
                -25.314
              ],
              [
                -57.493,
                -25.314
              ],
              [
                -57.493,
                -25.314
              ],
              [
                -57.493,
                -25.314
              ],
              [
                -57.493,
                -25.314
              ],
              [
                -57.493,
                -25.314
              ],
              [
                -57.493,
                -25.315
              ],
              [
                -57.493,
                -25.315
              ],
              [
                -57.493,
                -25.315
              ],
              [
                -57.493,
                -25.315
              ],
              [
                -57.493,
                -25.315
              ],
              [
                -57.493,
                -25.315
              ],
              [
                -57.493,
                -25.315
              ],
              [
                -57.493,
                -25.315
              ],
              [
                -57.493,
                -25.315
              ],
              [
                -57.493,
                -25.315
              ],
              [
                -57.493,
                -25.315
              ],
              [
                -57.493,
                -25.315
              ],
              [
                -57.493,
                -25.315
              ],
              [
                -57.493,
                -25.315
              ],
              [
                -57.493,
                -25.315
              ],
              [
                -57.493,
                -25.315
              ],
              [
                -57.493,
                -25.315
              ],
              [
                -57.493,
                -25.315
              ],
              [
                -57.493,
                -25.315
              ],
              [
                -57.492,
                -25.315
              ],
              [
                -57.492,
                -25.315
              ],
              [
                -57.492,
                -25.315
              ],
              [
                -57.492,
                -25.315
              ],
              [
                -57.492,
                -25.315
              ],
              [
                -57.492,
                -25.315
              ],
              [
                -57.492,
                -25.315
              ],
              [
                -57.492,
                -25.315
              ],
              [
                -57.492,
                -25.315
              ],
              [
                -57.492,
                -25.315
              ],
              [
                -57.492,
                -25.315
              ],
              [
                -57.492,
                -25.315
              ],
              [
                -57.492,
                -25.315
              ],
              [
                -57.492,
                -25.315
              ],
              [
                -57.492,
                -25.315
              ],
              [
                -57.492,
                -25.315
              ],
              [
                -57.492,
                -25.315
              ],
              [
                -57.492,
                -25.315
              ],
              [
                -57.492,
                -25.315
              ],
              [
                -57.492,
                -25.315
              ],
              [
                -57.492,
                -25.315
              ],
              [
                -57.492,
                -25.315
              ],
              [
                -57.492,
                -25.315
              ],
              [
                -57.492,
                -25.315
              ],
              [
                -57.492,
                -25.316
              ],
              [
                -57.492,
                -25.316
              ],
              [
                -57.492,
                -25.316
              ],
              [
                -57.492,
                -25.316
              ],
              [
                -57.492,
                -25.316
              ],
              [
                -57.492,
                -25.316
              ],
              [
                -57.492,
                -25.316
              ],
              [
                -57.492,
                -25.316
              ],
              [
                -57.492,
                -25.316
              ],
              [
                -57.492,
                -25.316
              ],
              [
                -57.492,
                -25.316
              ],
              [
                -57.492,
                -25.316
              ],
              [
                -57.492,
                -25.316
              ],
              [
                -57.492,
                -25.316
              ],
              [
                -57.492,
                -25.316
              ],
              [
                -57.492,
                -25.316
              ],
              [
                -57.492,
                -25.316
              ],
              [
                -57.492,
                -25.316
              ],
              [
                -57.492,
                -25.316
              ],
              [
                -57.492,
                -25.316
              ],
              [
                -57.492,
                -25.316
              ],
              [
                -57.492,
                -25.316
              ],
              [
                -57.492,
                -25.316
              ],
              [
                -57.492,
                -25.316
              ],
              [
                -57.492,
                -25.316
              ],
              [
                -57.492,
                -25.316
              ],
              [
                -57.491,
                -25.316
              ],
              [
                -57.491,
                -25.316
              ],
              [
                -57.491,
                -25.316
              ],
              [
                -57.491,
                -25.316
              ],
              [
                -57.491,
                -25.316
              ],
              [
                -57.491,
                -25.316
              ],
              [
                -57.491,
                -25.316
              ],
              [
                -57.491,
                -25.316
              ],
              [
                -57.491,
                -25.316
              ],
              [
                -57.491,
                -25.316
              ],
              [
                -57.491,
                -25.316
              ],
              [
                -57.491,
                -25.316
              ],
              [
                -57.491,
                -25.316
              ],
              [
                -57.491,
                -25.316
              ],
              [
                -57.491,
                -25.316
              ],
              [
                -57.491,
                -25.316
              ],
              [
                -57.491,
                -25.316
              ],
              [
                -57.491,
                -25.316
              ],
              [
                -57.491,
                -25.316
              ],
              [
                -57.491,
                -25.316
              ],
              [
                -57.491,
                -25.316
              ],
              [
                -57.491,
                -25.316
              ],
              [
                -57.491,
                -25.316
              ],
              [
                -57.491,
                -25.316
              ],
              [
                -57.491,
                -25.316
              ],
              [
                -57.491,
                -25.316
              ],
              [
                -57.491,
                -25.316
              ],
              [
                -57.491,
                -25.316
              ],
              [
                -57.491,
                -25.316
              ],
              [
                -57.491,
                -25.316
              ],
              [
                -57.491,
                -25.316
              ],
              [
                -57.491,
                -25.316
              ],
              [
                -57.491,
                -25.316
              ],
              [
                -57.491,
                -25.316
              ],
              [
                -57.491,
                -25.316
              ],
              [
                -57.491,
                -25.316
              ],
              [
                -57.491,
                -25.316
              ],
              [
                -57.491,
                -25.316
              ],
              [
                -57.491,
                -25.316
              ],
              [
                -57.491,
                -25.316
              ],
              [
                -57.491,
                -25.316
              ],
              [
                -57.491,
                -25.316
              ],
              [
                -57.491,
                -25.316
              ],
              [
                -57.491,
                -25.316
              ],
              [
                -57.491,
                -25.316
              ],
              [
                -57.49,
                -25.316
              ],
              [
                -57.49,
                -25.316
              ],
              [
                -57.49,
                -25.316
              ],
              [
                -57.49,
                -25.316
              ],
              [
                -57.49,
                -25.316
              ],
              [
                -57.49,
                -25.316
              ],
              [
                -57.49,
                -25.316
              ],
              [
                -57.49,
                -25.316
              ],
              [
                -57.49,
                -25.316
              ],
              [
                -57.49,
                -25.316
              ],
              [
                -57.49,
                -25.316
              ],
              [
                -57.49,
                -25.316
              ],
              [
                -57.49,
                -25.316
              ],
              [
                -57.49,
                -25.316
              ],
              [
                -57.49,
                -25.316
              ],
              [
                -57.49,
                -25.316
              ],
              [
                -57.49,
                -25.316
              ],
              [
                -57.49,
                -25.316
              ],
              [
                -57.49,
                -25.316
              ],
              [
                -57.49,
                -25.316
              ],
              [
                -57.49,
                -25.316
              ],
              [
                -57.49,
                -25.316
              ],
              [
                -57.49,
                -25.316
              ],
              [
                -57.49,
                -25.316
              ],
              [
                -57.49,
                -25.316
              ],
              [
                -57.49,
                -25.316
              ],
              [
                -57.49,
                -25.316
              ],
              [
                -57.49,
                -25.316
              ],
              [
                -57.49,
                -25.316
              ],
              [
                -57.49,
                -25.316
              ],
              [
                -57.49,
                -25.316
              ],
              [
                -57.49,
                -25.316
              ],
              [
                -57.49,
                -25.316
              ],
              [
                -57.49,
                -25.316
              ],
              [
                -57.49,
                -25.316
              ],
              [
                -57.49,
                -25.316
              ],
              [
                -57.49,
                -25.316
              ],
              [
                -57.49,
                -25.316
              ],
              [
                -57.49,
                -25.316
              ],
              [
                -57.49,
                -25.316
              ],
              [
                -57.49,
                -25.316
              ],
              [
                -57.49,
                -25.316
              ],
              [
                -57.49,
                -25.316
              ],
              [
                -57.49,
                -25.316
              ],
              [
                -57.49,
                -25.316
              ],
              [
                -57.49,
                -25.316
              ],
              [
                -57.49,
                -25.316
              ],
              [
                -57.49,
                -25.316
              ],
              [
                -57.49,
                -25.316
              ],
              [
                -57.49,
                -25.316
              ],
              [
                -57.49,
                -25.316
              ],
              [
                -57.49,
                -25.316
              ],
              [
                -57.49,
                -25.316
              ],
              [
                -57.49,
                -25.316
              ],
              [
                -57.49,
                -25.316
              ],
              [
                -57.49,
                -25.316
              ],
              [
                -57.49,
                -25.316
              ],
              [
                -57.49,
                -25.316
              ],
              [
                -57.49,
                -25.316
              ],
              [
                -57.49,
                -25.316
              ],
              [
                -57.49,
                -25.316
              ],
              [
                -57.489,
                -25.316
              ],
              [
                -57.489,
                -25.316
              ],
              [
                -57.489,
                -25.316
              ],
              [
                -57.489,
                -25.316
              ],
              [
                -57.489,
                -25.316
              ],
              [
                -57.489,
                -25.316
              ],
              [
                -57.489,
                -25.316
              ],
              [
                -57.489,
                -25.316
              ],
              [
                -57.489,
                -25.316
              ],
              [
                -57.489,
                -25.316
              ],
              [
                -57.489,
                -25.316
              ],
              [
                -57.489,
                -25.316
              ],
              [
                -57.489,
                -25.316
              ],
              [
                -57.489,
                -25.316
              ],
              [
                -57.489,
                -25.316
              ],
              [
                -57.489,
                -25.316
              ],
              [
                -57.489,
                -25.316
              ],
              [
                -57.489,
                -25.316
              ],
              [
                -57.489,
                -25.316
              ],
              [
                -57.489,
                -25.316
              ],
              [
                -57.489,
                -25.316
              ],
              [
                -57.489,
                -25.316
              ],
              [
                -57.489,
                -25.316
              ],
              [
                -57.489,
                -25.316
              ],
              [
                -57.489,
                -25.316
              ],
              [
                -57.489,
                -25.316
              ],
              [
                -57.489,
                -25.316
              ],
              [
                -57.489,
                -25.316
              ],
              [
                -57.489,
                -25.316
              ],
              [
                -57.489,
                -25.316
              ],
              [
                -57.489,
                -25.316
              ],
              [
                -57.489,
                -25.316
              ],
              [
                -57.489,
                -25.316
              ],
              [
                -57.489,
                -25.316
              ],
              [
                -57.489,
                -25.316
              ],
              [
                -57.489,
                -25.316
              ],
              [
                -57.489,
                -25.316
              ],
              [
                -57.489,
                -25.316
              ],
              [
                -57.489,
                -25.316
              ],
              [
                -57.489,
                -25.316
              ],
              [
                -57.489,
                -25.316
              ],
              [
                -57.489,
                -25.316
              ],
              [
                -57.489,
                -25.316
              ],
              [
                -57.488,
                -25.316
              ],
              [
                -57.488,
                -25.316
              ],
              [
                -57.488,
                -25.316
              ],
              [
                -57.488,
                -25.316
              ],
              [
                -57.488,
                -25.317
              ],
              [
                -57.488,
                -25.317
              ],
              [
                -57.488,
                -25.317
              ],
              [
                -57.488,
                -25.317
              ],
              [
                -57.488,
                -25.317
              ],
              [
                -57.488,
                -25.317
              ],
              [
                -57.488,
                -25.317
              ],
              [
                -57.488,
                -25.317
              ],
              [
                -57.488,
                -25.317
              ],
              [
                -57.487,
                -25.317
              ],
              [
                -57.487,
                -25.317
              ],
              [
                -57.487,
                -25.317
              ],
              [
                -57.487,
                -25.317
              ],
              [
                -57.487,
                -25.317
              ],
              [
                -57.487,
                -25.317
              ],
              [
                -57.487,
                -25.317
              ],
              [
                -57.487,
                -25.317
              ],
              [
                -57.486,
                -25.317
              ],
              [
                -57.486,
                -25.317
              ],
              [
                -57.486,
                -25.317
              ],
              [
                -57.486,
                -25.317
              ],
              [
                -57.486,
                -25.317
              ],
              [
                -57.486,
                -25.317
              ],
              [
                -57.486,
                -25.317
              ],
              [
                -57.486,
                -25.317
              ],
              [
                -57.486,
                -25.318
              ],
              [
                -57.486,
                -25.318
              ],
              [
                -57.486,
                -25.318
              ],
              [
                -57.486,
                -25.318
              ],
              [
                -57.486,
                -25.318
              ],
              [
                -57.486,
                -25.318
              ],
              [
                -57.486,
                -25.318
              ],
              [
                -57.486,
                -25.318
              ],
              [
                -57.486,
                -25.317
              ],
              [
                -57.486,
                -25.317
              ],
              [
                -57.486,
                -25.317
              ],
              [
                -57.486,
                -25.317
              ],
              [
                -57.486,
                -25.317
              ],
              [
                -57.486,
                -25.317
              ],
              [
                -57.486,
                -25.317
              ],
              [
                -57.486,
                -25.317
              ],
              [
                -57.486,
                -25.317
              ],
              [
                -57.485,
                -25.317
              ],
              [
                -57.485,
                -25.317
              ],
              [
                -57.485,
                -25.317
              ],
              [
                -57.485,
                -25.317
              ],
              [
                -57.485,
                -25.317
              ],
              [
                -57.485,
                -25.317
              ],
              [
                -57.485,
                -25.317
              ],
              [
                -57.485,
                -25.317
              ],
              [
                -57.484,
                -25.317
              ],
              [
                -57.484,
                -25.318
              ],
              [
                -57.484,
                -25.318
              ],
              [
                -57.484,
                -25.318
              ],
              [
                -57.484,
                -25.318
              ],
              [
                -57.484,
                -25.318
              ],
              [
                -57.484,
                -25.318
              ],
              [
                -57.484,
                -25.318
              ],
              [
                -57.484,
                -25.318
              ],
              [
                -57.484,
                -25.318
              ],
              [
                -57.484,
                -25.318
              ],
              [
                -57.484,
                -25.318
              ],
              [
                -57.484,
                -25.318
              ],
              [
                -57.484,
                -25.318
              ],
              [
                -57.483,
                -25.318
              ],
              [
                -57.483,
                -25.318
              ],
              [
                -57.483,
                -25.318
              ],
              [
                -57.483,
                -25.318
              ],
              [
                -57.483,
                -25.318
              ],
              [
                -57.483,
                -25.318
              ],
              [
                -57.483,
                -25.318
              ],
              [
                -57.483,
                -25.318
              ],
              [
                -57.483,
                -25.318
              ],
              [
                -57.482,
                -25.318
              ],
              [
                -57.482,
                -25.318
              ],
              [
                -57.482,
                -25.318
              ],
              [
                -57.482,
                -25.318
              ],
              [
                -57.482,
                -25.318
              ],
              [
                -57.482,
                -25.318
              ],
              [
                -57.481,
                -25.318
              ],
              [
                -57.481,
                -25.318
              ],
              [
                -57.481,
                -25.318
              ],
              [
                -57.481,
                -25.318
              ],
              [
                -57.481,
                -25.318
              ],
              [
                -57.481,
                -25.318
              ],
              [
                -57.481,
                -25.318
              ],
              [
                -57.481,
                -25.318
              ],
              [
                -57.481,
                -25.319
              ],
              [
                -57.481,
                -25.319
              ],
              [
                -57.481,
                -25.319
              ],
              [
                -57.481,
                -25.319
              ],
              [
                -57.481,
                -25.319
              ],
              [
                -57.481,
                -25.319
              ],
              [
                -57.481,
                -25.319
              ],
              [
                -57.481,
                -25.319
              ],
              [
                -57.481,
                -25.319
              ],
              [
                -57.481,
                -25.32
              ],
              [
                -57.481,
                -25.32
              ],
              [
                -57.481,
                -25.32
              ],
              [
                -57.48,
                -25.32
              ],
              [
                -57.48,
                -25.32
              ],
              [
                -57.48,
                -25.32
              ],
              [
                -57.48,
                -25.32
              ],
              [
                -57.48,
                -25.32
              ],
              [
                -57.48,
                -25.32
              ],
              [
                -57.48,
                -25.32
              ],
              [
                -57.48,
                -25.32
              ],
              [
                -57.48,
                -25.321
              ],
              [
                -57.479,
                -25.321
              ],
              [
                -57.479,
                -25.321
              ],
              [
                -57.479,
                -25.321
              ],
              [
                -57.479,
                -25.321
              ],
              [
                -57.479,
                -25.321
              ],
              [
                -57.479,
                -25.322
              ],
              [
                -57.478,
                -25.322
              ],
              [
                -57.478,
                -25.322
              ],
              [
                -57.478,
                -25.322
              ],
              [
                -57.478,
                -25.322
              ],
              [
                -57.478,
                -25.322
              ],
              [
                -57.478,
                -25.323
              ],
              [
                -57.478,
                -25.323
              ],
              [
                -57.478,
                -25.323
              ],
              [
                -57.478,
                -25.323
              ],
              [
                -57.478,
                -25.323
              ],
              [
                -57.478,
                -25.323
              ],
              [
                -57.478,
                -25.323
              ],
              [
                -57.477,
                -25.323
              ],
              [
                -57.477,
                -25.323
              ],
              [
                -57.477,
                -25.323
              ],
              [
                -57.477,
                -25.323
              ],
              [
                -57.477,
                -25.323
              ],
              [
                -57.477,
                -25.323
              ],
              [
                -57.477,
                -25.323
              ],
              [
                -57.477,
                -25.323
              ],
              [
                -57.477,
                -25.323
              ],
              [
                -57.477,
                -25.323
              ],
              [
                -57.477,
                -25.323
              ],
              [
                -57.477,
                -25.323
              ],
              [
                -57.477,
                -25.323
              ],
              [
                -57.477,
                -25.323
              ],
              [
                -57.476,
                -25.323
              ],
              [
                -57.476,
                -25.323
              ],
              [
                -57.476,
                -25.323
              ],
              [
                -57.476,
                -25.324
              ],
              [
                -57.476,
                -25.324
              ],
              [
                -57.476,
                -25.324
              ],
              [
                -57.476,
                -25.324
              ],
              [
                -57.476,
                -25.324
              ],
              [
                -57.476,
                -25.324
              ],
              [
                -57.476,
                -25.324
              ],
              [
                -57.476,
                -25.324
              ],
              [
                -57.476,
                -25.324
              ],
              [
                -57.475,
                -25.324
              ],
              [
                -57.475,
                -25.324
              ],
              [
                -57.475,
                -25.324
              ],
              [
                -57.475,
                -25.324
              ],
              [
                -57.475,
                -25.324
              ],
              [
                -57.475,
                -25.324
              ],
              [
                -57.475,
                -25.324
              ],
              [
                -57.475,
                -25.324
              ],
              [
                -57.475,
                -25.324
              ],
              [
                -57.475,
                -25.325
              ],
              [
                -57.475,
                -25.325
              ],
              [
                -57.475,
                -25.325
              ],
              [
                -57.475,
                -25.325
              ],
              [
                -57.475,
                -25.325
              ],
              [
                -57.475,
                -25.325
              ],
              [
                -57.474,
                -25.325
              ],
              [
                -57.474,
                -25.325
              ],
              [
                -57.474,
                -25.325
              ],
              [
                -57.474,
                -25.325
              ],
              [
                -57.474,
                -25.325
              ],
              [
                -57.473,
                -25.325
              ],
              [
                -57.473,
                -25.325
              ],
              [
                -57.473,
                -25.325
              ],
              [
                -57.473,
                -25.325
              ],
              [
                -57.473,
                -25.325
              ],
              [
                -57.473,
                -25.325
              ],
              [
                -57.473,
                -25.325
              ],
              [
                -57.473,
                -25.325
              ],
              [
                -57.473,
                -25.325
              ],
              [
                -57.473,
                -25.324
              ],
              [
                -57.473,
                -25.324
              ],
              [
                -57.472,
                -25.324
              ],
              [
                -57.472,
                -25.324
              ],
              [
                -57.472,
                -25.324
              ],
              [
                -57.472,
                -25.324
              ],
              [
                -57.472,
                -25.324
              ],
              [
                -57.472,
                -25.324
              ],
              [
                -57.472,
                -25.324
              ],
              [
                -57.472,
                -25.324
              ],
              [
                -57.471,
                -25.324
              ],
              [
                -57.471,
                -25.324
              ],
              [
                -57.471,
                -25.324
              ],
              [
                -57.471,
                -25.324
              ],
              [
                -57.471,
                -25.324
              ],
              [
                -57.471,
                -25.324
              ],
              [
                -57.471,
                -25.324
              ],
              [
                -57.471,
                -25.324
              ],
              [
                -57.471,
                -25.324
              ],
              [
                -57.471,
                -25.324
              ],
              [
                -57.471,
                -25.324
              ],
              [
                -57.471,
                -25.324
              ],
              [
                -57.471,
                -25.324
              ],
              [
                -57.471,
                -25.324
              ],
              [
                -57.471,
                -25.324
              ],
              [
                -57.471,
                -25.324
              ],
              [
                -57.47,
                -25.324
              ],
              [
                -57.47,
                -25.324
              ],
              [
                -57.47,
                -25.324
              ],
              [
                -57.47,
                -25.324
              ],
              [
                -57.47,
                -25.324
              ],
              [
                -57.47,
                -25.324
              ],
              [
                -57.47,
                -25.324
              ],
              [
                -57.47,
                -25.324
              ],
              [
                -57.47,
                -25.324
              ],
              [
                -57.47,
                -25.323
              ],
              [
                -57.47,
                -25.323
              ],
              [
                -57.47,
                -25.323
              ],
              [
                -57.469,
                -25.323
              ],
              [
                -57.469,
                -25.323
              ],
              [
                -57.469,
                -25.323
              ],
              [
                -57.469,
                -25.323
              ],
              [
                -57.469,
                -25.323
              ],
              [
                -57.469,
                -25.323
              ],
              [
                -57.469,
                -25.323
              ],
              [
                -57.469,
                -25.322
              ],
              [
                -57.469,
                -25.322
              ],
              [
                -57.469,
                -25.322
              ],
              [
                -57.469,
                -25.322
              ],
              [
                -57.469,
                -25.322
              ],
              [
                -57.469,
                -25.322
              ],
              [
                -57.468,
                -25.322
              ],
              [
                -57.468,
                -25.322
              ],
              [
                -57.468,
                -25.322
              ],
              [
                -57.468,
                -25.322
              ],
              [
                -57.468,
                -25.322
              ],
              [
                -57.468,
                -25.322
              ],
              [
                -57.468,
                -25.321
              ],
              [
                -57.468,
                -25.321
              ],
              [
                -57.468,
                -25.321
              ],
              [
                -57.468,
                -25.321
              ],
              [
                -57.468,
                -25.321
              ],
              [
                -57.468,
                -25.321
              ],
              [
                -57.468,
                -25.321
              ],
              [
                -57.468,
                -25.32
              ],
              [
                -57.468,
                -25.32
              ],
              [
                -57.468,
                -25.32
              ],
              [
                -57.468,
                -25.32
              ],
              [
                -57.468,
                -25.32
              ],
              [
                -57.467,
                -25.32
              ],
              [
                -57.467,
                -25.32
              ],
              [
                -57.467,
                -25.32
              ],
              [
                -57.467,
                -25.32
              ],
              [
                -57.467,
                -25.32
              ],
              [
                -57.467,
                -25.321
              ],
              [
                -57.467,
                -25.321
              ],
              [
                -57.467,
                -25.321
              ],
              [
                -57.467,
                -25.321
              ],
              [
                -57.467,
                -25.321
              ],
              [
                -57.467,
                -25.32
              ],
              [
                -57.467,
                -25.32
              ],
              [
                -57.467,
                -25.32
              ],
              [
                -57.467,
                -25.32
              ],
              [
                -57.467,
                -25.32
              ],
              [
                -57.467,
                -25.32
              ],
              [
                -57.467,
                -25.32
              ],
              [
                -57.467,
                -25.32
              ],
              [
                -57.466,
                -25.32
              ],
              [
                -57.466,
                -25.32
              ],
              [
                -57.466,
                -25.32
              ],
              [
                -57.466,
                -25.32
              ],
              [
                -57.466,
                -25.32
              ],
              [
                -57.466,
                -25.32
              ],
              [
                -57.466,
                -25.32
              ],
              [
                -57.466,
                -25.32
              ],
              [
                -57.466,
                -25.32
              ],
              [
                -57.465,
                -25.32
              ],
              [
                -57.465,
                -25.32
              ],
              [
                -57.465,
                -25.32
              ],
              [
                -57.465,
                -25.32
              ],
              [
                -57.465,
                -25.32
              ],
              [
                -57.465,
                -25.32
              ],
              [
                -57.465,
                -25.32
              ],
              [
                -57.465,
                -25.32
              ],
              [
                -57.465,
                -25.32
              ],
              [
                -57.465,
                -25.32
              ],
              [
                -57.465,
                -25.32
              ],
              [
                -57.465,
                -25.32
              ],
              [
                -57.464,
                -25.32
              ],
              [
                -57.464,
                -25.32
              ],
              [
                -57.464,
                -25.32
              ],
              [
                -57.464,
                -25.32
              ],
              [
                -57.464,
                -25.32
              ],
              [
                -57.464,
                -25.32
              ],
              [
                -57.464,
                -25.32
              ],
              [
                -57.464,
                -25.32
              ],
              [
                -57.464,
                -25.321
              ],
              [
                -57.464,
                -25.321
              ],
              [
                -57.464,
                -25.321
              ],
              [
                -57.464,
                -25.321
              ],
              [
                -57.464,
                -25.321
              ],
              [
                -57.464,
                -25.321
              ],
              [
                -57.464,
                -25.321
              ],
              [
                -57.464,
                -25.321
              ],
              [
                -57.464,
                -25.321
              ],
              [
                -57.464,
                -25.321
              ],
              [
                -57.464,
                -25.321
              ],
              [
                -57.464,
                -25.322
              ],
              [
                -57.464,
                -25.322
              ],
              [
                -57.464,
                -25.322
              ],
              [
                -57.464,
                -25.322
              ],
              [
                -57.465,
                -25.322
              ],
              [
                -57.465,
                -25.322
              ],
              [
                -57.465,
                -25.322
              ],
              [
                -57.465,
                -25.322
              ],
              [
                -57.465,
                -25.322
              ],
              [
                -57.465,
                -25.322
              ],
              [
                -57.465,
                -25.322
              ],
              [
                -57.465,
                -25.322
              ],
              [
                -57.465,
                -25.322
              ],
              [
                -57.465,
                -25.322
              ],
              [
                -57.465,
                -25.323
              ],
              [
                -57.465,
                -25.323
              ],
              [
                -57.465,
                -25.323
              ],
              [
                -57.465,
                -25.323
              ],
              [
                -57.465,
                -25.323
              ],
              [
                -57.465,
                -25.323
              ],
              [
                -57.465,
                -25.323
              ],
              [
                -57.465,
                -25.323
              ],
              [
                -57.465,
                -25.323
              ],
              [
                -57.465,
                -25.324
              ],
              [
                -57.465,
                -25.324
              ],
              [
                -57.465,
                -25.324
              ],
              [
                -57.465,
                -25.324
              ],
              [
                -57.465,
                -25.324
              ],
              [
                -57.465,
                -25.324
              ],
              [
                -57.465,
                -25.324
              ],
              [
                -57.465,
                -25.324
              ],
              [
                -57.466,
                -25.324
              ],
              [
                -57.466,
                -25.324
              ],
              [
                -57.466,
                -25.325
              ],
              [
                -57.466,
                -25.325
              ],
              [
                -57.466,
                -25.325
              ],
              [
                -57.466,
                -25.325
              ],
              [
                -57.466,
                -25.325
              ],
              [
                -57.466,
                -25.326
              ],
              [
                -57.466,
                -25.326
              ],
              [
                -57.466,
                -25.326
              ],
              [
                -57.466,
                -25.326
              ],
              [
                -57.467,
                -25.326
              ],
              [
                -57.467,
                -25.326
              ],
              [
                -57.467,
                -25.326
              ],
              [
                -57.467,
                -25.326
              ],
              [
                -57.467,
                -25.326
              ],
              [
                -57.467,
                -25.326
              ],
              [
                -57.467,
                -25.326
              ],
              [
                -57.468,
                -25.326
              ],
              [
                -57.468,
                -25.326
              ],
              [
                -57.468,
                -25.326
              ],
              [
                -57.468,
                -25.326
              ],
              [
                -57.468,
                -25.327
              ],
              [
                -57.468,
                -25.327
              ],
              [
                -57.469,
                -25.327
              ],
              [
                -57.469,
                -25.327
              ],
              [
                -57.469,
                -25.327
              ],
              [
                -57.469,
                -25.327
              ],
              [
                -57.469,
                -25.327
              ],
              [
                -57.47,
                -25.327
              ],
              [
                -57.47,
                -25.327
              ],
              [
                -57.47,
                -25.327
              ],
              [
                -57.47,
                -25.327
              ],
              [
                -57.47,
                -25.328
              ],
              [
                -57.47,
                -25.328
              ],
              [
                -57.47,
                -25.328
              ],
              [
                -57.47,
                -25.328
              ],
              [
                -57.47,
                -25.328
              ],
              [
                -57.47,
                -25.328
              ],
              [
                -57.47,
                -25.328
              ],
              [
                -57.47,
                -25.328
              ],
              [
                -57.47,
                -25.328
              ],
              [
                -57.47,
                -25.328
              ],
              [
                -57.47,
                -25.328
              ],
              [
                -57.47,
                -25.328
              ],
              [
                -57.47,
                -25.328
              ],
              [
                -57.47,
                -25.328
              ],
              [
                -57.47,
                -25.328
              ],
              [
                -57.47,
                -25.328
              ],
              [
                -57.47,
                -25.328
              ],
              [
                -57.47,
                -25.329
              ],
              [
                -57.47,
                -25.329
              ],
              [
                -57.47,
                -25.329
              ],
              [
                -57.47,
                -25.329
              ],
              [
                -57.47,
                -25.329
              ],
              [
                -57.47,
                -25.329
              ],
              [
                -57.47,
                -25.329
              ],
              [
                -57.47,
                -25.329
              ],
              [
                -57.471,
                -25.329
              ],
              [
                -57.471,
                -25.329
              ],
              [
                -57.471,
                -25.329
              ],
              [
                -57.471,
                -25.329
              ],
              [
                -57.471,
                -25.329
              ],
              [
                -57.471,
                -25.33
              ],
              [
                -57.471,
                -25.33
              ],
              [
                -57.471,
                -25.33
              ],
              [
                -57.471,
                -25.33
              ],
              [
                -57.471,
                -25.33
              ],
              [
                -57.471,
                -25.33
              ],
              [
                -57.471,
                -25.33
              ],
              [
                -57.471,
                -25.33
              ],
              [
                -57.471,
                -25.33
              ],
              [
                -57.471,
                -25.33
              ],
              [
                -57.471,
                -25.33
              ],
              [
                -57.471,
                -25.33
              ],
              [
                -57.471,
                -25.33
              ],
              [
                -57.472,
                -25.331
              ],
              [
                -57.472,
                -25.331
              ],
              [
                -57.472,
                -25.331
              ],
              [
                -57.472,
                -25.331
              ],
              [
                -57.472,
                -25.331
              ],
              [
                -57.472,
                -25.331
              ],
              [
                -57.472,
                -25.331
              ],
              [
                -57.472,
                -25.331
              ],
              [
                -57.472,
                -25.331
              ],
              [
                -57.472,
                -25.331
              ],
              [
                -57.472,
                -25.331
              ],
              [
                -57.472,
                -25.331
              ],
              [
                -57.472,
                -25.331
              ],
              [
                -57.472,
                -25.331
              ],
              [
                -57.472,
                -25.331
              ],
              [
                -57.473,
                -25.331
              ],
              [
                -57.473,
                -25.331
              ],
              [
                -57.473,
                -25.331
              ],
              [
                -57.473,
                -25.331
              ],
              [
                -57.473,
                -25.331
              ],
              [
                -57.473,
                -25.331
              ],
              [
                -57.473,
                -25.331
              ],
              [
                -57.473,
                -25.331
              ],
              [
                -57.473,
                -25.331
              ],
              [
                -57.473,
                -25.331
              ],
              [
                -57.473,
                -25.331
              ],
              [
                -57.473,
                -25.331
              ],
              [
                -57.474,
                -25.331
              ],
              [
                -57.473,
                -25.331
              ],
              [
                -57.473,
                -25.332
              ],
              [
                -57.473,
                -25.332
              ],
              [
                -57.473,
                -25.332
              ],
              [
                -57.473,
                -25.332
              ],
              [
                -57.474,
                -25.332
              ],
              [
                -57.474,
                -25.332
              ],
              [
                -57.474,
                -25.332
              ],
              [
                -57.474,
                -25.332
              ],
              [
                -57.474,
                -25.332
              ],
              [
                -57.474,
                -25.332
              ],
              [
                -57.474,
                -25.332
              ],
              [
                -57.474,
                -25.332
              ],
              [
                -57.474,
                -25.332
              ],
              [
                -57.474,
                -25.332
              ],
              [
                -57.474,
                -25.332
              ],
              [
                -57.474,
                -25.333
              ],
              [
                -57.474,
                -25.333
              ],
              [
                -57.474,
                -25.333
              ],
              [
                -57.474,
                -25.333
              ],
              [
                -57.474,
                -25.333
              ],
              [
                -57.475,
                -25.333
              ],
              [
                -57.475,
                -25.333
              ],
              [
                -57.475,
                -25.333
              ],
              [
                -57.475,
                -25.333
              ],
              [
                -57.475,
                -25.333
              ],
              [
                -57.475,
                -25.333
              ],
              [
                -57.475,
                -25.333
              ],
              [
                -57.475,
                -25.333
              ],
              [
                -57.475,
                -25.333
              ],
              [
                -57.475,
                -25.333
              ],
              [
                -57.475,
                -25.333
              ],
              [
                -57.475,
                -25.333
              ],
              [
                -57.475,
                -25.333
              ],
              [
                -57.476,
                -25.333
              ],
              [
                -57.476,
                -25.333
              ],
              [
                -57.476,
                -25.333
              ],
              [
                -57.476,
                -25.333
              ],
              [
                -57.476,
                -25.333
              ],
              [
                -57.476,
                -25.333
              ],
              [
                -57.476,
                -25.333
              ],
              [
                -57.476,
                -25.333
              ],
              [
                -57.476,
                -25.333
              ],
              [
                -57.477,
                -25.334
              ],
              [
                -57.477,
                -25.334
              ],
              [
                -57.477,
                -25.334
              ],
              [
                -57.477,
                -25.334
              ],
              [
                -57.477,
                -25.334
              ],
              [
                -57.477,
                -25.334
              ],
              [
                -57.477,
                -25.334
              ],
              [
                -57.477,
                -25.334
              ],
              [
                -57.477,
                -25.334
              ],
              [
                -57.477,
                -25.334
              ],
              [
                -57.477,
                -25.334
              ],
              [
                -57.477,
                -25.334
              ],
              [
                -57.477,
                -25.334
              ],
              [
                -57.477,
                -25.334
              ],
              [
                -57.477,
                -25.334
              ],
              [
                -57.477,
                -25.334
              ],
              [
                -57.477,
                -25.334
              ],
              [
                -57.477,
                -25.334
              ],
              [
                -57.477,
                -25.334
              ],
              [
                -57.477,
                -25.334
              ],
              [
                -57.477,
                -25.334
              ],
              [
                -57.477,
                -25.334
              ],
              [
                -57.477,
                -25.335
              ],
              [
                -57.477,
                -25.335
              ],
              [
                -57.477,
                -25.335
              ],
              [
                -57.477,
                -25.335
              ],
              [
                -57.477,
                -25.335
              ],
              [
                -57.477,
                -25.335
              ],
              [
                -57.477,
                -25.335
              ],
              [
                -57.477,
                -25.335
              ],
              [
                -57.477,
                -25.335
              ],
              [
                -57.477,
                -25.335
              ],
              [
                -57.477,
                -25.335
              ],
              [
                -57.477,
                -25.335
              ],
              [
                -57.477,
                -25.335
              ],
              [
                -57.477,
                -25.335
              ],
              [
                -57.477,
                -25.335
              ],
              [
                -57.477,
                -25.335
              ],
              [
                -57.477,
                -25.335
              ],
              [
                -57.477,
                -25.335
              ],
              [
                -57.477,
                -25.335
              ],
              [
                -57.477,
                -25.335
              ],
              [
                -57.477,
                -25.335
              ],
              [
                -57.477,
                -25.335
              ],
              [
                -57.477,
                -25.335
              ],
              [
                -57.477,
                -25.335
              ],
              [
                -57.477,
                -25.335
              ],
              [
                -57.477,
                -25.335
              ],
              [
                -57.477,
                -25.335
              ],
              [
                -57.477,
                -25.336
              ],
              [
                -57.477,
                -25.336
              ],
              [
                -57.477,
                -25.336
              ],
              [
                -57.477,
                -25.336
              ],
              [
                -57.477,
                -25.336
              ],
              [
                -57.477,
                -25.336
              ],
              [
                -57.477,
                -25.336
              ],
              [
                -57.477,
                -25.336
              ],
              [
                -57.477,
                -25.336
              ],
              [
                -57.477,
                -25.336
              ],
              [
                -57.477,
                -25.336
              ],
              [
                -57.477,
                -25.336
              ],
              [
                -57.477,
                -25.336
              ],
              [
                -57.477,
                -25.336
              ],
              [
                -57.477,
                -25.336
              ],
              [
                -57.477,
                -25.336
              ],
              [
                -57.477,
                -25.336
              ],
              [
                -57.477,
                -25.336
              ],
              [
                -57.477,
                -25.336
              ],
              [
                -57.478,
                -25.336
              ],
              [
                -57.478,
                -25.336
              ],
              [
                -57.478,
                -25.336
              ],
              [
                -57.478,
                -25.336
              ],
              [
                -57.478,
                -25.337
              ],
              [
                -57.478,
                -25.337
              ],
              [
                -57.478,
                -25.337
              ],
              [
                -57.478,
                -25.337
              ],
              [
                -57.478,
                -25.337
              ],
              [
                -57.478,
                -25.337
              ],
              [
                -57.478,
                -25.337
              ],
              [
                -57.478,
                -25.337
              ],
              [
                -57.478,
                -25.337
              ],
              [
                -57.478,
                -25.337
              ],
              [
                -57.478,
                -25.337
              ],
              [
                -57.478,
                -25.337
              ],
              [
                -57.478,
                -25.337
              ],
              [
                -57.478,
                -25.337
              ],
              [
                -57.478,
                -25.337
              ],
              [
                -57.478,
                -25.337
              ],
              [
                -57.478,
                -25.337
              ],
              [
                -57.478,
                -25.337
              ],
              [
                -57.478,
                -25.337
              ],
              [
                -57.478,
                -25.337
              ],
              [
                -57.478,
                -25.337
              ],
              [
                -57.478,
                -25.337
              ],
              [
                -57.478,
                -25.337
              ],
              [
                -57.478,
                -25.337
              ],
              [
                -57.478,
                -25.337
              ],
              [
                -57.478,
                -25.337
              ],
              [
                -57.478,
                -25.337
              ],
              [
                -57.478,
                -25.338
              ],
              [
                -57.478,
                -25.338
              ],
              [
                -57.478,
                -25.338
              ],
              [
                -57.478,
                -25.338
              ],
              [
                -57.478,
                -25.338
              ],
              [
                -57.478,
                -25.338
              ],
              [
                -57.478,
                -25.338
              ],
              [
                -57.478,
                -25.338
              ],
              [
                -57.478,
                -25.338
              ],
              [
                -57.478,
                -25.338
              ],
              [
                -57.478,
                -25.338
              ],
              [
                -57.478,
                -25.338
              ],
              [
                -57.478,
                -25.338
              ],
              [
                -57.478,
                -25.338
              ],
              [
                -57.479,
                -25.338
              ],
              [
                -57.479,
                -25.338
              ],
              [
                -57.479,
                -25.339
              ],
              [
                -57.479,
                -25.339
              ],
              [
                -57.479,
                -25.339
              ],
              [
                -57.479,
                -25.339
              ],
              [
                -57.479,
                -25.339
              ],
              [
                -57.479,
                -25.339
              ],
              [
                -57.479,
                -25.339
              ],
              [
                -57.479,
                -25.339
              ],
              [
                -57.479,
                -25.339
              ],
              [
                -57.48,
                -25.339
              ],
              [
                -57.48,
                -25.339
              ],
              [
                -57.48,
                -25.339
              ],
              [
                -57.48,
                -25.339
              ],
              [
                -57.48,
                -25.339
              ],
              [
                -57.48,
                -25.339
              ],
              [
                -57.48,
                -25.339
              ],
              [
                -57.48,
                -25.339
              ],
              [
                -57.48,
                -25.339
              ],
              [
                -57.48,
                -25.339
              ],
              [
                -57.48,
                -25.339
              ],
              [
                -57.48,
                -25.339
              ],
              [
                -57.48,
                -25.339
              ],
              [
                -57.48,
                -25.339
              ],
              [
                -57.48,
                -25.339
              ],
              [
                -57.48,
                -25.339
              ],
              [
                -57.48,
                -25.339
              ],
              [
                -57.48,
                -25.339
              ],
              [
                -57.48,
                -25.34
              ],
              [
                -57.48,
                -25.34
              ],
              [
                -57.48,
                -25.34
              ],
              [
                -57.48,
                -25.34
              ],
              [
                -57.48,
                -25.34
              ],
              [
                -57.48,
                -25.34
              ],
              [
                -57.48,
                -25.34
              ],
              [
                -57.48,
                -25.34
              ],
              [
                -57.48,
                -25.34
              ],
              [
                -57.48,
                -25.34
              ],
              [
                -57.48,
                -25.34
              ],
              [
                -57.48,
                -25.34
              ],
              [
                -57.48,
                -25.34
              ],
              [
                -57.481,
                -25.34
              ],
              [
                -57.481,
                -25.34
              ],
              [
                -57.481,
                -25.34
              ],
              [
                -57.481,
                -25.34
              ],
              [
                -57.481,
                -25.34
              ],
              [
                -57.481,
                -25.34
              ],
              [
                -57.481,
                -25.34
              ],
              [
                -57.481,
                -25.34
              ],
              [
                -57.481,
                -25.34
              ],
              [
                -57.481,
                -25.34
              ],
              [
                -57.481,
                -25.34
              ],
              [
                -57.481,
                -25.34
              ],
              [
                -57.481,
                -25.34
              ],
              [
                -57.481,
                -25.34
              ],
              [
                -57.481,
                -25.34
              ],
              [
                -57.481,
                -25.34
              ],
              [
                -57.481,
                -25.34
              ],
              [
                -57.481,
                -25.34
              ],
              [
                -57.482,
                -25.341
              ],
              [
                -57.482,
                -25.341
              ],
              [
                -57.482,
                -25.341
              ],
              [
                -57.482,
                -25.341
              ],
              [
                -57.482,
                -25.341
              ],
              [
                -57.482,
                -25.341
              ],
              [
                -57.482,
                -25.341
              ],
              [
                -57.482,
                -25.341
              ],
              [
                -57.482,
                -25.341
              ],
              [
                -57.482,
                -25.341
              ],
              [
                -57.482,
                -25.341
              ],
              [
                -57.482,
                -25.341
              ],
              [
                -57.482,
                -25.341
              ],
              [
                -57.482,
                -25.341
              ],
              [
                -57.482,
                -25.341
              ],
              [
                -57.482,
                -25.341
              ],
              [
                -57.483,
                -25.342
              ],
              [
                -57.483,
                -25.342
              ],
              [
                -57.483,
                -25.342
              ],
              [
                -57.483,
                -25.342
              ],
              [
                -57.483,
                -25.342
              ],
              [
                -57.483,
                -25.342
              ],
              [
                -57.483,
                -25.342
              ],
              [
                -57.483,
                -25.342
              ],
              [
                -57.483,
                -25.342
              ],
              [
                -57.483,
                -25.342
              ],
              [
                -57.483,
                -25.342
              ],
              [
                -57.483,
                -25.342
              ],
              [
                -57.483,
                -25.342
              ],
              [
                -57.483,
                -25.342
              ],
              [
                -57.483,
                -25.342
              ],
              [
                -57.483,
                -25.343
              ],
              [
                -57.483,
                -25.343
              ],
              [
                -57.483,
                -25.343
              ],
              [
                -57.483,
                -25.343
              ],
              [
                -57.483,
                -25.343
              ],
              [
                -57.483,
                -25.343
              ],
              [
                -57.483,
                -25.343
              ],
              [
                -57.483,
                -25.343
              ],
              [
                -57.483,
                -25.343
              ],
              [
                -57.483,
                -25.344
              ],
              [
                -57.483,
                -25.344
              ],
              [
                -57.483,
                -25.344
              ],
              [
                -57.483,
                -25.344
              ],
              [
                -57.483,
                -25.344
              ],
              [
                -57.483,
                -25.344
              ],
              [
                -57.484,
                -25.344
              ],
              [
                -57.484,
                -25.344
              ],
              [
                -57.484,
                -25.345
              ],
              [
                -57.484,
                -25.345
              ],
              [
                -57.484,
                -25.345
              ],
              [
                -57.484,
                -25.345
              ],
              [
                -57.484,
                -25.345
              ],
              [
                -57.484,
                -25.345
              ],
              [
                -57.483,
                -25.345
              ],
              [
                -57.483,
                -25.345
              ],
              [
                -57.483,
                -25.346
              ],
              [
                -57.483,
                -25.346
              ],
              [
                -57.483,
                -25.346
              ],
              [
                -57.483,
                -25.346
              ],
              [
                -57.483,
                -25.346
              ],
              [
                -57.483,
                -25.346
              ],
              [
                -57.483,
                -25.346
              ],
              [
                -57.482,
                -25.346
              ],
              [
                -57.482,
                -25.346
              ],
              [
                -57.482,
                -25.346
              ],
              [
                -57.482,
                -25.346
              ],
              [
                -57.482,
                -25.346
              ],
              [
                -57.482,
                -25.346
              ],
              [
                -57.481,
                -25.346
              ],
              [
                -57.481,
                -25.346
              ],
              [
                -57.481,
                -25.346
              ],
              [
                -57.481,
                -25.346
              ],
              [
                -57.481,
                -25.346
              ],
              [
                -57.481,
                -25.346
              ],
              [
                -57.481,
                -25.346
              ],
              [
                -57.481,
                -25.347
              ],
              [
                -57.481,
                -25.347
              ],
              [
                -57.481,
                -25.347
              ],
              [
                -57.481,
                -25.347
              ],
              [
                -57.481,
                -25.347
              ],
              [
                -57.481,
                -25.347
              ],
              [
                -57.482,
                -25.347
              ],
              [
                -57.482,
                -25.347
              ],
              [
                -57.482,
                -25.347
              ],
              [
                -57.482,
                -25.347
              ],
              [
                -57.482,
                -25.348
              ],
              [
                -57.482,
                -25.348
              ],
              [
                -57.482,
                -25.348
              ],
              [
                -57.482,
                -25.348
              ],
              [
                -57.482,
                -25.348
              ],
              [
                -57.482,
                -25.348
              ],
              [
                -57.482,
                -25.348
              ],
              [
                -57.482,
                -25.348
              ],
              [
                -57.482,
                -25.348
              ],
              [
                -57.482,
                -25.348
              ],
              [
                -57.483,
                -25.348
              ],
              [
                -57.483,
                -25.348
              ],
              [
                -57.483,
                -25.348
              ],
              [
                -57.483,
                -25.348
              ],
              [
                -57.483,
                -25.348
              ],
              [
                -57.483,
                -25.348
              ],
              [
                -57.483,
                -25.348
              ],
              [
                -57.483,
                -25.348
              ],
              [
                -57.483,
                -25.349
              ],
              [
                -57.483,
                -25.349
              ],
              [
                -57.484,
                -25.349
              ],
              [
                -57.484,
                -25.349
              ],
              [
                -57.484,
                -25.349
              ],
              [
                -57.484,
                -25.349
              ],
              [
                -57.484,
                -25.349
              ],
              [
                -57.484,
                -25.349
              ],
              [
                -57.484,
                -25.349
              ],
              [
                -57.484,
                -25.349
              ],
              [
                -57.484,
                -25.349
              ],
              [
                -57.484,
                -25.349
              ],
              [
                -57.485,
                -25.349
              ],
              [
                -57.485,
                -25.349
              ],
              [
                -57.485,
                -25.349
              ],
              [
                -57.485,
                -25.35
              ],
              [
                -57.485,
                -25.35
              ],
              [
                -57.485,
                -25.35
              ],
              [
                -57.485,
                -25.35
              ],
              [
                -57.485,
                -25.35
              ],
              [
                -57.485,
                -25.35
              ],
              [
                -57.485,
                -25.35
              ],
              [
                -57.485,
                -25.35
              ],
              [
                -57.485,
                -25.35
              ],
              [
                -57.485,
                -25.35
              ],
              [
                -57.485,
                -25.35
              ],
              [
                -57.485,
                -25.35
              ],
              [
                -57.485,
                -25.35
              ],
              [
                -57.485,
                -25.35
              ],
              [
                -57.485,
                -25.35
              ],
              [
                -57.485,
                -25.35
              ],
              [
                -57.485,
                -25.35
              ],
              [
                -57.485,
                -25.351
              ],
              [
                -57.486,
                -25.351
              ],
              [
                -57.486,
                -25.351
              ],
              [
                -57.486,
                -25.351
              ],
              [
                -57.486,
                -25.351
              ],
              [
                -57.486,
                -25.351
              ],
              [
                -57.486,
                -25.351
              ],
              [
                -57.486,
                -25.351
              ],
              [
                -57.486,
                -25.351
              ],
              [
                -57.486,
                -25.351
              ],
              [
                -57.486,
                -25.351
              ],
              [
                -57.486,
                -25.351
              ],
              [
                -57.486,
                -25.351
              ],
              [
                -57.486,
                -25.351
              ],
              [
                -57.486,
                -25.351
              ],
              [
                -57.486,
                -25.352
              ],
              [
                -57.486,
                -25.352
              ],
              [
                -57.486,
                -25.352
              ],
              [
                -57.486,
                -25.352
              ],
              [
                -57.487,
                -25.352
              ],
              [
                -57.487,
                -25.352
              ],
              [
                -57.487,
                -25.352
              ],
              [
                -57.487,
                -25.352
              ],
              [
                -57.487,
                -25.352
              ],
              [
                -57.487,
                -25.352
              ],
              [
                -57.487,
                -25.352
              ],
              [
                -57.487,
                -25.353
              ],
              [
                -57.487,
                -25.353
              ],
              [
                -57.487,
                -25.353
              ],
              [
                -57.487,
                -25.353
              ],
              [
                -57.487,
                -25.353
              ],
              [
                -57.487,
                -25.353
              ],
              [
                -57.487,
                -25.353
              ],
              [
                -57.487,
                -25.353
              ],
              [
                -57.487,
                -25.353
              ],
              [
                -57.487,
                -25.353
              ],
              [
                -57.487,
                -25.353
              ],
              [
                -57.487,
                -25.353
              ],
              [
                -57.487,
                -25.353
              ],
              [
                -57.487,
                -25.353
              ],
              [
                -57.487,
                -25.353
              ],
              [
                -57.487,
                -25.354
              ],
              [
                -57.487,
                -25.354
              ],
              [
                -57.487,
                -25.354
              ],
              [
                -57.487,
                -25.354
              ],
              [
                -57.487,
                -25.354
              ],
              [
                -57.487,
                -25.354
              ],
              [
                -57.487,
                -25.354
              ],
              [
                -57.487,
                -25.354
              ],
              [
                -57.487,
                -25.354
              ],
              [
                -57.487,
                -25.354
              ],
              [
                -57.487,
                -25.354
              ],
              [
                -57.487,
                -25.354
              ],
              [
                -57.487,
                -25.354
              ],
              [
                -57.487,
                -25.354
              ],
              [
                -57.487,
                -25.354
              ],
              [
                -57.487,
                -25.354
              ],
              [
                -57.487,
                -25.354
              ],
              [
                -57.487,
                -25.354
              ],
              [
                -57.487,
                -25.354
              ],
              [
                -57.487,
                -25.355
              ],
              [
                -57.487,
                -25.355
              ],
              [
                -57.487,
                -25.355
              ],
              [
                -57.487,
                -25.355
              ],
              [
                -57.487,
                -25.355
              ],
              [
                -57.487,
                -25.355
              ],
              [
                -57.487,
                -25.355
              ],
              [
                -57.487,
                -25.355
              ],
              [
                -57.487,
                -25.355
              ],
              [
                -57.487,
                -25.355
              ],
              [
                -57.487,
                -25.355
              ],
              [
                -57.487,
                -25.355
              ],
              [
                -57.488,
                -25.355
              ],
              [
                -57.488,
                -25.355
              ],
              [
                -57.487,
                -25.356
              ],
              [
                -57.487,
                -25.356
              ],
              [
                -57.487,
                -25.356
              ],
              [
                -57.487,
                -25.356
              ],
              [
                -57.487,
                -25.356
              ],
              [
                -57.487,
                -25.356
              ],
              [
                -57.487,
                -25.356
              ],
              [
                -57.487,
                -25.356
              ],
              [
                -57.487,
                -25.356
              ],
              [
                -57.487,
                -25.356
              ],
              [
                -57.487,
                -25.356
              ],
              [
                -57.487,
                -25.356
              ],
              [
                -57.487,
                -25.356
              ],
              [
                -57.487,
                -25.356
              ],
              [
                -57.487,
                -25.356
              ],
              [
                -57.487,
                -25.356
              ],
              [
                -57.487,
                -25.356
              ],
              [
                -57.487,
                -25.356
              ],
              [
                -57.487,
                -25.356
              ],
              [
                -57.487,
                -25.357
              ],
              [
                -57.487,
                -25.357
              ],
              [
                -57.487,
                -25.357
              ],
              [
                -57.487,
                -25.357
              ],
              [
                -57.487,
                -25.357
              ],
              [
                -57.487,
                -25.357
              ],
              [
                -57.487,
                -25.357
              ],
              [
                -57.487,
                -25.357
              ],
              [
                -57.487,
                -25.357
              ],
              [
                -57.487,
                -25.357
              ],
              [
                -57.487,
                -25.357
              ],
              [
                -57.487,
                -25.357
              ],
              [
                -57.487,
                -25.357
              ],
              [
                -57.487,
                -25.358
              ],
              [
                -57.487,
                -25.358
              ],
              [
                -57.487,
                -25.358
              ],
              [
                -57.486,
                -25.358
              ],
              [
                -57.486,
                -25.359
              ],
              [
                -57.486,
                -25.359
              ],
              [
                -57.486,
                -25.359
              ],
              [
                -57.486,
                -25.359
              ],
              [
                -57.486,
                -25.359
              ],
              [
                -57.486,
                -25.359
              ],
              [
                -57.486,
                -25.359
              ],
              [
                -57.486,
                -25.359
              ],
              [
                -57.486,
                -25.36
              ],
              [
                -57.486,
                -25.36
              ],
              [
                -57.486,
                -25.36
              ],
              [
                -57.486,
                -25.36
              ],
              [
                -57.486,
                -25.36
              ],
              [
                -57.486,
                -25.361
              ],
              [
                -57.485,
                -25.362
              ],
              [
                -57.485,
                -25.363
              ],
              [
                -57.484,
                -25.363
              ],
              [
                -57.484,
                -25.363
              ],
              [
                -57.484,
                -25.363
              ],
              [
                -57.484,
                -25.364
              ],
              [
                -57.485,
                -25.364
              ],
              [
                -57.485,
                -25.364
              ],
              [
                -57.485,
                -25.365
              ],
              [
                -57.485,
                -25.366
              ],
              [
                -57.485,
                -25.366
              ],
              [
                -57.485,
                -25.366
              ],
              [
                -57.485,
                -25.367
              ],
              [
                -57.485,
                -25.367
              ],
              [
                -57.485,
                -25.367
              ],
              [
                -57.485,
                -25.367
              ],
              [
                -57.485,
                -25.367
              ],
              [
                -57.485,
                -25.367
              ],
              [
                -57.485,
                -25.367
              ],
              [
                -57.485,
                -25.368
              ],
              [
                -57.485,
                -25.368
              ],
              [
                -57.485,
                -25.368
              ],
              [
                -57.484,
                -25.369
              ],
              [
                -57.484,
                -25.369
              ],
              [
                -57.484,
                -25.369
              ],
              [
                -57.484,
                -25.369
              ],
              [
                -57.484,
                -25.369
              ],
              [
                -57.484,
                -25.369
              ],
              [
                -57.484,
                -25.37
              ],
              [
                -57.484,
                -25.37
              ],
              [
                -57.484,
                -25.37
              ],
              [
                -57.484,
                -25.37
              ],
              [
                -57.484,
                -25.37
              ],
              [
                -57.484,
                -25.37
              ],
              [
                -57.484,
                -25.37
              ],
              [
                -57.484,
                -25.37
              ],
              [
                -57.484,
                -25.37
              ],
              [
                -57.484,
                -25.371
              ],
              [
                -57.483,
                -25.372
              ],
              [
                -57.483,
                -25.373
              ],
              [
                -57.483,
                -25.373
              ],
              [
                -57.483,
                -25.374
              ],
              [
                -57.483,
                -25.375
              ],
              [
                -57.483,
                -25.375
              ],
              [
                -57.483,
                -25.375
              ],
              [
                -57.483,
                -25.375
              ],
              [
                -57.483,
                -25.375
              ],
              [
                -57.484,
                -25.376
              ],
              [
                -57.484,
                -25.377
              ],
              [
                -57.484,
                -25.377
              ],
              [
                -57.484,
                -25.378
              ],
              [
                -57.484,
                -25.38
              ],
              [
                -57.483,
                -25.381
              ],
              [
                -57.483,
                -25.382
              ],
              [
                -57.483,
                -25.382
              ],
              [
                -57.483,
                -25.383
              ],
              [
                -57.484,
                -25.385
              ],
              [
                -57.484,
                -25.387
              ],
              [
                -57.485,
                -25.389
              ],
              [
                -57.485,
                -25.389
              ],
              [
                -57.485,
                -25.389
              ],
              [
                -57.485,
                -25.39
              ],
              [
                -57.485,
                -25.39
              ],
              [
                -57.485,
                -25.391
              ],
              [
                -57.485,
                -25.392
              ],
              [
                -57.485,
                -25.393
              ],
              [
                -57.485,
                -25.394
              ],
              [
                -57.485,
                -25.395
              ],
              [
                -57.484,
                -25.395
              ],
              [
                -57.484,
                -25.396
              ],
              [
                -57.483,
                -25.397
              ],
              [
                -57.483,
                -25.397
              ],
              [
                -57.483,
                -25.398
              ],
              [
                -57.483,
                -25.398
              ],
              [
                -57.483,
                -25.398
              ],
              [
                -57.483,
                -25.399
              ],
              [
                -57.483,
                -25.4
              ],
              [
                -57.483,
                -25.4
              ],
              [
                -57.483,
                -25.401
              ],
              [
                -57.482,
                -25.402
              ],
              [
                -57.482,
                -25.403
              ],
              [
                -57.482,
                -25.403
              ],
              [
                -57.483,
                -25.403
              ],
              [
                -57.484,
                -25.402
              ],
              [
                -57.484,
                -25.402
              ],
              [
                -57.485,
                -25.402
              ],
              [
                -57.484,
                -25.402
              ],
              [
                -57.485,
                -25.402
              ],
              [
                -57.485,
                -25.402
              ],
              [
                -57.485,
                -25.402
              ],
              [
                -57.486,
                -25.402
              ],
              [
                -57.489,
                -25.401
              ],
              [
                -57.498,
                -25.4
              ],
              [
                -57.498,
                -25.4
              ],
              [
                -57.498,
                -25.4
              ],
              [
                -57.498,
                -25.4
              ],
              [
                -57.498,
                -25.4
              ],
              [
                -57.499,
                -25.402
              ],
              [
                -57.5,
                -25.402
              ],
              [
                -57.501,
                -25.401
              ],
              [
                -57.503,
                -25.401
              ],
              [
                -57.503,
                -25.401
              ],
              [
                -57.503,
                -25.401
              ],
              [
                -57.504,
                -25.402
              ],
              [
                -57.504,
                -25.402
              ],
              [
                -57.504,
                -25.402
              ],
              [
                -57.504,
                -25.402
              ],
              [
                -57.504,
                -25.402
              ],
              [
                -57.504,
                -25.402
              ],
              [
                -57.504,
                -25.402
              ],
              [
                -57.504,
                -25.401
              ],
              [
                -57.504,
                -25.401
              ],
              [
                -57.504,
                -25.401
              ],
              [
                -57.504,
                -25.401
              ],
              [
                -57.505,
                -25.402
              ],
              [
                -57.505,
                -25.402
              ],
              [
                -57.505,
                -25.402
              ],
              [
                -57.505,
                -25.402
              ],
              [
                -57.505,
                -25.402
              ],
              [
                -57.506,
                -25.403
              ],
              [
                -57.506,
                -25.403
              ],
              [
                -57.506,
                -25.403
              ],
              [
                -57.506,
                -25.403
              ],
              [
                -57.507,
                -25.403
              ],
              [
                -57.507,
                -25.403
              ],
              [
                -57.508,
                -25.402
              ],
              [
                -57.508,
                -25.402
              ],
              [
                -57.508,
                -25.402
              ],
              [
                -57.509,
                -25.401
              ],
              [
                -57.509,
                -25.401
              ],
              [
                -57.51,
                -25.399
              ],
              [
                -57.512,
                -25.397
              ],
              [
                -57.512,
                -25.397
              ],
              [
                -57.513,
                -25.396
              ],
              [
                -57.514,
                -25.395
              ],
              [
                -57.514,
                -25.395
              ],
              [
                -57.514,
                -25.395
              ],
              [
                -57.514,
                -25.394
              ],
              [
                -57.514,
                -25.394
              ],
              [
                -57.514,
                -25.394
              ],
              [
                -57.514,
                -25.394
              ],
              [
                -57.514,
                -25.394
              ],
              [
                -57.515,
                -25.392
              ],
              [
                -57.516,
                -25.389
              ],
              [
                -57.517,
                -25.389
              ],
              [
                -57.517,
                -25.39
              ],
              [
                -57.517,
                -25.39
              ],
              [
                -57.517,
                -25.388
              ],
              [
                -57.518,
                -25.388
              ],
              [
                -57.518,
                -25.389
              ],
              [
                -57.519,
                -25.389
              ],
              [
                -57.519,
                -25.389
              ],
              [
                -57.519,
                -25.389
              ],
              [
                -57.519,
                -25.388
              ],
              [
                -57.519,
                -25.387
              ],
              [
                -57.52,
                -25.387
              ],
              [
                -57.52,
                -25.387
              ],
              [
                -57.519,
                -25.387
              ],
              [
                -57.519,
                -25.386
              ],
              [
                -57.52,
                -25.386
              ],
              [
                -57.52,
                -25.385
              ],
              [
                -57.521,
                -25.387
              ],
              [
                -57.523,
                -25.386
              ],
              [
                -57.522,
                -25.384
              ],
              [
                -57.521,
                -25.382
              ],
              [
                -57.52,
                -25.38
              ],
              [
                -57.52,
                -25.38
              ],
              [
                -57.52,
                -25.379
              ],
              [
                -57.52,
                -25.378
              ],
              [
                -57.519,
                -25.378
              ],
              [
                -57.519,
                -25.378
              ],
              [
                -57.519,
                -25.378
              ],
              [
                -57.519,
                -25.377
              ],
              [
                -57.518,
                -25.376
              ],
              [
                -57.519,
                -25.376
              ],
              [
                -57.519,
                -25.376
              ],
              [
                -57.52,
                -25.376
              ],
              [
                -57.52,
                -25.376
              ],
              [
                -57.52,
                -25.376
              ],
              [
                -57.52,
                -25.376
              ],
              [
                -57.52,
                -25.376
              ],
              [
                -57.52,
                -25.376
              ],
              [
                -57.52,
                -25.376
              ],
              [
                -57.52,
                -25.376
              ],
              [
                -57.52,
                -25.376
              ],
              [
                -57.521,
                -25.377
              ],
              [
                -57.521,
                -25.377
              ],
              [
                -57.521,
                -25.377
              ],
              [
                -57.521,
                -25.377
              ],
              [
                -57.522,
                -25.378
              ],
              [
                -57.522,
                -25.378
              ],
              [
                -57.523,
                -25.378
              ],
              [
                -57.523,
                -25.378
              ],
              [
                -57.524,
                -25.377
              ],
              [
                -57.525,
                -25.378
              ],
              [
                -57.525,
                -25.378
              ],
              [
                -57.525,
                -25.378
              ],
              [
                -57.525,
                -25.379
              ],
              [
                -57.526,
                -25.38
              ],
              [
                -57.526,
                -25.379
              ],
              [
                -57.526,
                -25.379
              ],
              [
                -57.527,
                -25.379
              ],
              [
                -57.527,
                -25.379
              ],
              [
                -57.527,
                -25.38
              ],
              [
                -57.528,
                -25.38
              ],
              [
                -57.528,
                -25.38
              ],
              [
                -57.528,
                -25.38
              ],
              [
                -57.528,
                -25.381
              ],
              [
                -57.528,
                -25.381
              ],
              [
                -57.528,
                -25.381
              ],
              [
                -57.529,
                -25.383
              ],
              [
                -57.529,
                -25.383
              ],
              [
                -57.53,
                -25.383
              ],
              [
                -57.531,
                -25.383
              ],
              [
                -57.532,
                -25.382
              ],
              [
                -57.532,
                -25.382
              ],
              [
                -57.532,
                -25.382
              ],
              [
                -57.532,
                -25.381
              ],
              [
                -57.531,
                -25.381
              ],
              [
                -57.531,
                -25.381
              ],
              [
                -57.531,
                -25.38
              ],
              [
                -57.53,
                -25.378
              ],
              [
                -57.53,
                -25.378
              ],
              [
                -57.529,
                -25.377
              ],
              [
                -57.529,
                -25.376
              ],
              [
                -57.529,
                -25.376
              ],
              [
                -57.529,
                -25.375
              ],
              [
                -57.528,
                -25.375
              ],
              [
                -57.528,
                -25.374
              ],
              [
                -57.528,
                -25.374
              ],
              [
                -57.527,
                -25.372
              ],
              [
                -57.528,
                -25.372
              ],
              [
                -57.528,
                -25.372
              ],
              [
                -57.529,
                -25.372
              ],
              [
                -57.529,
                -25.372
              ],
              [
                -57.53,
                -25.371
              ],
              [
                -57.53,
                -25.371
              ],
              [
                -57.532,
                -25.371
              ],
              [
                -57.532,
                -25.371
              ],
              [
                -57.532,
                -25.371
              ],
              [
                -57.532,
                -25.371
              ],
              [
                -57.532,
                -25.371
              ],
              [
                -57.532,
                -25.37
              ],
              [
                -57.532,
                -25.37
              ],
              [
                -57.534,
                -25.369
              ],
              [
                -57.534,
                -25.369
              ],
              [
                -57.535,
                -25.369
              ],
              [
                -57.535,
                -25.369
              ],
              [
                -57.535,
                -25.369
              ],
              [
                -57.536,
                -25.369
              ],
              [
                -57.536,
                -25.369
              ],
              [
                -57.537,
                -25.368
              ],
              [
                -57.537,
                -25.368
              ],
              [
                -57.538,
                -25.368
              ],
              [
                -57.539,
                -25.368
              ],
              [
                -57.541,
                -25.367
              ],
              [
                -57.541,
                -25.367
              ],
              [
                -57.54,
                -25.367
              ],
              [
                -57.54,
                -25.366
              ],
              [
                -57.54,
                -25.366
              ],
              [
                -57.541,
                -25.366
              ],
              [
                -57.542,
                -25.366
              ],
              [
                -57.542,
                -25.366
              ],
              [
                -57.543,
                -25.366
              ],
              [
                -57.543,
                -25.366
              ],
              [
                -57.543,
                -25.366
              ],
              [
                -57.544,
                -25.366
              ],
              [
                -57.544,
                -25.366
              ],
              [
                -57.544,
                -25.366
              ],
              [
                -57.544,
                -25.366
              ],
              [
                -57.545,
                -25.365
              ],
              [
                -57.545,
                -25.365
              ],
              [
                -57.545,
                -25.365
              ],
              [
                -57.545,
                -25.365
              ],
              [
                -57.545,
                -25.365
              ],
              [
                -57.546,
                -25.365
              ],
              [
                -57.547,
                -25.365
              ],
              [
                -57.547,
                -25.365
              ],
              [
                -57.548,
                -25.366
              ],
              [
                -57.548,
                -25.366
              ],
              [
                -57.548,
                -25.366
              ],
              [
                -57.548,
                -25.366
              ],
              [
                -57.549,
                -25.366
              ],
              [
                -57.55,
                -25.366
              ],
              [
                -57.55,
                -25.366
              ],
              [
                -57.55,
                -25.365
              ],
              [
                -57.551,
                -25.366
              ],
              [
                -57.551,
                -25.364
              ],
              [
                -57.552,
                -25.364
              ],
              [
                -57.552,
                -25.364
              ],
              [
                -57.553,
                -25.364
              ],
              [
                -57.553,
                -25.364
              ],
              [
                -57.553,
                -25.365
              ],
              [
                -57.553,
                -25.366
              ],
              [
                -57.553,
                -25.367
              ],
              [
                -57.553,
                -25.367
              ],
              [
                -57.553,
                -25.367
              ],
              [
                -57.553,
                -25.367
              ],
              [
                -57.554,
                -25.367
              ],
              [
                -57.554,
                -25.368
              ],
              [
                -57.555,
                -25.368
              ],
              [
                -57.556,
                -25.368
              ],
              [
                -57.556,
                -25.368
              ],
              [
                -57.557,
                -25.368
              ],
              [
                -57.557,
                -25.367
              ],
              [
                -57.557,
                -25.367
              ],
              [
                -57.557,
                -25.367
              ],
              [
                -57.557,
                -25.368
              ],
              [
                -57.559,
                -25.367
              ],
              [
                -57.56,
                -25.367
              ],
              [
                -57.561,
                -25.366
              ],
              [
                -57.562,
                -25.366
              ],
              [
                -57.563,
                -25.365
              ],
              [
                -57.563,
                -25.365
              ],
              [
                -57.563,
                -25.366
              ],
              [
                -57.565,
                -25.364
              ],
              [
                -57.566,
                -25.362
              ],
              [
                -57.568,
                -25.36
              ],
              [
                -57.569,
                -25.357
              ],
              [
                -57.57,
                -25.356
              ],
              [
                -57.57,
                -25.356
              ],
              [
                -57.57,
                -25.355
              ],
              [
                -57.57,
                -25.356
              ],
              [
                -57.569,
                -25.356
              ],
              [
                -57.568,
                -25.356
              ],
              [
                -57.567,
                -25.356
              ],
              [
                -57.567,
                -25.356
              ],
              [
                -57.566,
                -25.356
              ],
              [
                -57.565,
                -25.356
              ],
              [
                -57.563,
                -25.357
              ],
              [
                -57.563,
                -25.357
              ],
              [
                -57.562,
                -25.357
              ],
              [
                -57.562,
                -25.357
              ],
              [
                -57.562,
                -25.357
              ],
              [
                -57.561,
                -25.357
              ],
              [
                -57.56,
                -25.357
              ],
              [
                -57.56,
                -25.357
              ],
              [
                -57.56,
                -25.357
              ],
              [
                -57.559,
                -25.356
              ],
              [
                -57.559,
                -25.356
              ],
              [
                -57.558,
                -25.356
              ],
              [
                -57.558,
                -25.356
              ],
              [
                -57.557,
                -25.356
              ],
              [
                -57.557,
                -25.356
              ],
              [
                -57.557,
                -25.356
              ],
              [
                -57.556,
                -25.357
              ],
              [
                -57.556,
                -25.357
              ],
              [
                -57.555,
                -25.357
              ],
              [
                -57.554,
                -25.357
              ],
              [
                -57.552,
                -25.357
              ],
              [
                -57.552,
                -25.357
              ],
              [
                -57.552,
                -25.357
              ],
              [
                -57.552,
                -25.357
              ],
              [
                -57.552,
                -25.356
              ],
              [
                -57.552,
                -25.355
              ],
              [
                -57.551,
                -25.353
              ],
              [
                -57.551,
                -25.352
              ],
              [
                -57.551,
                -25.35
              ],
              [
                -57.551,
                -25.35
              ],
              [
                -57.55,
                -25.349
              ],
              [
                -57.55,
                -25.347
              ],
              [
                -57.548,
                -25.346
              ],
              [
                -57.547,
                -25.343
              ],
              [
                -57.546,
                -25.341
              ],
              [
                -57.545,
                -25.339
              ],
              [
                -57.544,
                -25.338
              ],
              [
                -57.542,
                -25.336
              ],
              [
                -57.541,
                -25.334
              ],
              [
                -57.54,
                -25.332
              ],
              [
                -57.54,
                -25.332
              ],
              [
                -57.539,
                -25.333
              ],
              [
                -57.539,
                -25.333
              ],
              [
                -57.538,
                -25.333
              ],
              [
                -57.538,
                -25.334
              ],
              [
                -57.536,
                -25.334
              ],
              [
                -57.536,
                -25.334
              ],
              [
                -57.535,
                -25.335
              ],
              [
                -57.535,
                -25.335
              ],
              [
                -57.535,
                -25.334
              ],
              [
                -57.534,
                -25.334
              ],
              [
                -57.534,
                -25.333
              ],
              [
                -57.534,
                -25.333
              ],
              [
                -57.533,
                -25.333
              ],
              [
                -57.532,
                -25.333
              ],
              [
                -57.53,
                -25.334
              ],
              [
                -57.53,
                -25.334
              ],
              [
                -57.529,
                -25.334
              ],
              [
                -57.529,
                -25.334
              ],
              [
                -57.528,
                -25.334
              ],
              [
                -57.528,
                -25.334
              ],
              [
                -57.528,
                -25.333
              ],
              [
                -57.528,
                -25.332
              ],
              [
                -57.527,
                -25.331
              ],
              [
                -57.527,
                -25.33
              ],
              [
                -57.527,
                -25.328
              ],
              [
                -57.527,
                -25.326
              ],
              [
                -57.527,
                -25.325
              ],
              [
                -57.528,
                -25.325
              ],
              [
                -57.528,
                -25.325
              ],
              [
                -57.528,
                -25.325
              ],
              [
                -57.528,
                -25.325
              ],
              [
                -57.528,
                -25.325
              ],
              [
                -57.528,
                -25.325
              ],
              [
                -57.528,
                -25.324
              ],
              [
                -57.527,
                -25.324
              ],
              [
                -57.527,
                -25.324
              ],
              [
                -57.527,
                -25.324
              ],
              [
                -57.527,
                -25.324
              ],
              [
                -57.526,
                -25.323
              ],
              [
                -57.526,
                -25.323
              ],
              [
                -57.526,
                -25.323
              ],
              [
                -57.526,
                -25.323
              ],
              [
                -57.526,
                -25.323
              ],
              [
                -57.525,
                -25.322
              ],
              [
                -57.525,
                -25.322
              ],
              [
                -57.525,
                -25.322
              ],
              [
                -57.525,
                -25.322
              ],
              [
                -57.525,
                -25.322
              ],
              [
                -57.524,
                -25.322
              ],
              [
                -57.524,
                -25.322
              ],
              [
                -57.524,
                -25.321
              ],
              [
                -57.524,
                -25.321
              ],
              [
                -57.524,
                -25.321
              ],
              [
                -57.523,
                -25.321
              ],
              [
                -57.523,
                -25.321
              ],
              [
                -57.523,
                -25.322
              ],
              [
                -57.522,
                -25.323
              ],
              [
                -57.522,
                -25.323
              ],
              [
                -57.522,
                -25.324
              ],
              [
                -57.521,
                -25.323
              ],
              [
                -57.521,
                -25.323
              ],
              [
                -57.521,
                -25.323
              ],
              [
                -57.521,
                -25.323
              ],
              [
                -57.521,
                -25.323
              ],
              [
                -57.52,
                -25.322
              ],
              [
                -57.52,
                -25.322
              ],
              [
                -57.519,
                -25.322
              ],
              [
                -57.519,
                -25.322
              ],
              [
                -57.52,
                -25.321
              ],
              [
                -57.52,
                -25.321
              ],
              [
                -57.519,
                -25.32
              ],
              [
                -57.519,
                -25.32
              ],
              [
                -57.519,
                -25.32
              ],
              [
                -57.519,
                -25.32
              ],
              [
                -57.518,
                -25.319
              ],
              [
                -57.518,
                -25.319
              ],
              [
                -57.518,
                -25.319
              ],
              [
                -57.519,
                -25.318
              ],
              [
                -57.52,
                -25.317
              ],
              [
                -57.52,
                -25.317
              ],
              [
                -57.52,
                -25.317
              ],
              [
                -57.521,
                -25.317
              ],
              [
                -57.521,
                -25.316
              ],
              [
                -57.522,
                -25.316
              ],
              [
                -57.523,
                -25.315
              ],
              [
                -57.523,
                -25.314
              ],
              [
                -57.524,
                -25.313
              ],
              [
                -57.525,
                -25.312
              ],
              [
                -57.526,
                -25.311
              ],
              [
                -57.527,
                -25.31
              ],
              [
                -57.527,
                -25.309
              ],
              [
                -57.528,
                -25.308
              ],
              [
                -57.528,
                -25.308
              ],
              [
                -57.529,
                -25.307
              ],
              [
                -57.529,
                -25.306
              ],
              [
                -57.53,
                -25.306
              ],
              [
                -57.53,
                -25.305
              ],
              [
                -57.531,
                -25.304
              ],
              [
                -57.532,
                -25.304
              ],
              [
                -57.532,
                -25.304
              ],
              [
                -57.533,
                -25.303
              ],
              [
                -57.533,
                -25.303
              ],
              [
                -57.533,
                -25.303
              ],
              [
                -57.534,
                -25.302
              ],
              [
                -57.534,
                -25.301
              ],
              [
                -57.534,
                -25.3
              ],
              [
                -57.534,
                -25.299
              ],
              [
                -57.534,
                -25.299
              ],
              [
                -57.534,
                -25.299
              ],
              [
                -57.535,
                -25.297
              ],
              [
                -57.536,
                -25.296
              ],
              [
                -57.535,
                -25.297
              ],
              [
                -57.533,
                -25.297
              ],
              [
                -57.532,
                -25.298
              ],
              [
                -57.532,
                -25.298
              ],
              [
                -57.531,
                -25.297
              ],
              [
                -57.531,
                -25.297
              ],
              [
                -57.531,
                -25.297
              ]
            ]
          ]
        ]
      }
    },
    {
      "type": "Feature",
      "properties": {
        "id": 278,
        "dpto": "L",
        "dist": 2,
        "distrito": "CAPIATA",
        "situacion": "ORDENANZA 32/2018 (19/12/18)",
        "area": 0,
        "estado": "Aprobado",
        "layer_kind": "urban_zoning",
        "data_source": "Catastro (paraguay.gov.py)"
      },
      "geometry": {
        "type": "MultiPolygon",
        "coordinates": [
          [
            [
              [
                -57.482,
                -25.403
              ],
              [
                -57.482,
                -25.403
              ],
              [
                -57.481,
                -25.404
              ],
              [
                -57.481,
                -25.405
              ],
              [
                -57.482,
                -25.406
              ],
              [
                -57.482,
                -25.409
              ],
              [
                -57.483,
                -25.409
              ],
              [
                -57.483,
                -25.409
              ],
              [
                -57.487,
                -25.409
              ],
              [
                -57.486,
                -25.408
              ],
              [
                -57.492,
                -25.407
              ],
              [
                -57.495,
                -25.406
              ],
              [
                -57.501,
                -25.405
              ],
              [
                -57.504,
                -25.405
              ],
              [
                -57.504,
                -25.404
              ],
              [
                -57.505,
                -25.404
              ],
              [
                -57.505,
                -25.404
              ],
              [
                -57.506,
                -25.403
              ],
              [
                -57.505,
                -25.401
              ],
              [
                -57.504,
                -25.402
              ],
              [
                -57.503,
                -25.401
              ],
              [
                -57.499,
                -25.402
              ],
              [
                -57.498,
                -25.4
              ],
              [
                -57.485,
                -25.402
              ],
              [
                -57.485,
                -25.402
              ],
              [
                -57.485,
                -25.402
              ],
              [
                -57.483,
                -25.403
              ],
              [
                -57.482,
                -25.403
              ]
            ]
          ]
        ]
      }
    },
    {
      "type": "Feature",
      "properties": {
        "id": 331,
        "dpto": "L",
        "dist": 9,
        "distrito": "MARIANO ROQUE ALONSO",
        "situacion": "ORDENANZA N 02/2015 (22/04/15)",
        "area": 0,
        "estado": "Aprobado",
        "layer_kind": "urban_zoning",
        "data_source": "Catastro (paraguay.gov.py)"
      },
      "geometry": {
        "type": "MultiPolygon",
        "coordinates": [
          [
            [
              [
                -57.576,
                -25.224
              ],
              [
                -57.559,
                -25.197
              ],
              [
                -57.546,
                -25.184
              ],
              [
                -57.537,
                -25.18
              ],
              [
                -57.531,
                -25.175
              ],
              [
                -57.529,
                -25.17
              ],
              [
                -57.531,
                -25.163
              ],
              [
                -57.529,
                -25.16
              ],
              [
                -57.522,
                -25.157
              ],
              [
                -57.516,
                -25.153
              ],
              [
                -57.514,
                -25.154
              ],
              [
                -57.513,
                -25.155
              ],
              [
                -57.511,
                -25.155
              ],
              [
                -57.509,
                -25.155
              ],
              [
                -57.508,
                -25.156
              ],
              [
                -57.508,
                -25.156
              ],
              [
                -57.507,
                -25.157
              ],
              [
                -57.506,
                -25.157
              ],
              [
                -57.506,
                -25.158
              ],
              [
                -57.506,
                -25.159
              ],
              [
                -57.507,
                -25.159
              ],
              [
                -57.507,
                -25.159
              ],
              [
                -57.508,
                -25.159
              ],
              [
                -57.509,
                -25.16
              ],
              [
                -57.508,
                -25.16
              ],
              [
                -57.508,
                -25.16
              ],
              [
                -57.507,
                -25.16
              ],
              [
                -57.506,
                -25.16
              ],
              [
                -57.506,
                -25.161
              ],
              [
                -57.506,
                -25.162
              ],
              [
                -57.506,
                -25.162
              ],
              [
                -57.505,
                -25.162
              ],
              [
                -57.505,
                -25.161
              ],
              [
                -57.504,
                -25.161
              ],
              [
                -57.503,
                -25.161
              ],
              [
                -57.503,
                -25.162
              ],
              [
                -57.502,
                -25.161
              ],
              [
                -57.502,
                -25.161
              ],
              [
                -57.501,
                -25.161
              ],
              [
                -57.501,
                -25.162
              ],
              [
                -57.501,
                -25.163
              ],
              [
                -57.501,
                -25.163
              ],
              [
                -57.501,
                -25.163
              ],
              [
                -57.502,
                -25.163
              ],
              [
                -57.502,
                -25.164
              ],
              [
                -57.503,
                -25.164
              ],
              [
                -57.503,
                -25.165
              ],
              [
                -57.502,
                -25.165
              ],
              [
                -57.502,
                -25.165
              ],
              [
                -57.501,
                -25.166
              ],
              [
                -57.501,
                -25.166
              ],
              [
                -57.501,
                -25.167
              ],
              [
                -57.502,
                -25.168
              ],
              [
                -57.502,
                -25.168
              ],
              [
                -57.503,
                -25.167
              ],
              [
                -57.503,
                -25.167
              ],
              [
                -57.504,
                -25.167
              ],
              [
                -57.505,
                -25.167
              ],
              [
                -57.505,
                -25.168
              ],
              [
                -57.505,
                -25.17
              ],
              [
                -57.504,
                -25.17
              ],
              [
                -57.503,
                -25.171
              ],
              [
                -57.504,
                -25.172
              ],
              [
                -57.504,
                -25.174
              ],
              [
                -57.504,
                -25.175
              ],
              [
                -57.504,
                -25.177
              ],
              [
                -57.505,
                -25.178
              ],
              [
                -57.505,
                -25.18
              ],
              [
                -57.505,
                -25.181
              ],
              [
                -57.506,
                -25.181
              ],
              [
                -57.506,
                -25.182
              ],
              [
                -57.506,
                -25.183
              ],
              [
                -57.505,
                -25.184
              ],
              [
                -57.505,
                -25.185
              ],
              [
                -57.505,
                -25.186
              ],
              [
                -57.504,
                -25.186
              ],
              [
                -57.504,
                -25.187
              ],
              [
                -57.503,
                -25.187
              ],
              [
                -57.502,
                -25.186
              ],
              [
                -57.501,
                -25.186
              ],
              [
                -57.501,
                -25.187
              ],
              [
                -57.501,
                -25.188
              ],
              [
                -57.501,
                -25.189
              ],
              [
                -57.501,
                -25.189
              ],
              [
                -57.502,
                -25.19
              ],
              [
                -57.501,
                -25.191
              ],
              [
                -57.5,
                -25.192
              ],
              [
                -57.5,
                -25.194
              ],
              [
                -57.5,
                -25.194
              ],
              [
                -57.5,
                -25.195
              ],
              [
                -57.5,
                -25.196
              ],
              [
                -57.5,
                -25.197
              ],
              [
                -57.5,
                -25.198
              ],
              [
                -57.5,
                -25.198
              ],
              [
                -57.5,
                -25.204
              ],
              [
                -57.501,
                -25.204
              ],
              [
                -57.501,
                -25.204
              ],
              [
                -57.501,
                -25.205
              ],
              [
                -57.502,
                -25.206
              ],
              [
                -57.502,
                -25.206
              ],
              [
                -57.502,
                -25.206
              ],
              [
                -57.502,
                -25.207
              ],
              [
                -57.503,
                -25.207
              ],
              [
                -57.503,
                -25.208
              ],
              [
                -57.503,
                -25.208
              ],
              [
                -57.502,
                -25.208
              ],
              [
                -57.502,
                -25.209
              ],
              [
                -57.502,
                -25.209
              ],
              [
                -57.502,
                -25.21
              ],
              [
                -57.503,
                -25.211
              ],
              [
                -57.504,
                -25.211
              ],
              [
                -57.504,
                -25.212
              ],
              [
                -57.505,
                -25.212
              ],
              [
                -57.505,
                -25.211
              ],
              [
                -57.506,
                -25.211
              ],
              [
                -57.506,
                -25.21
              ],
              [
                -57.507,
                -25.21
              ],
              [
                -57.508,
                -25.21
              ],
              [
                -57.508,
                -25.211
              ],
              [
                -57.509,
                -25.211
              ],
              [
                -57.509,
                -25.212
              ],
              [
                -57.51,
                -25.212
              ],
              [
                -57.509,
                -25.213
              ],
              [
                -57.509,
                -25.213
              ],
              [
                -57.509,
                -25.213
              ],
              [
                -57.509,
                -25.214
              ],
              [
                -57.51,
                -25.214
              ],
              [
                -57.511,
                -25.215
              ],
              [
                -57.511,
                -25.215
              ],
              [
                -57.512,
                -25.215
              ],
              [
                -57.512,
                -25.216
              ],
              [
                -57.512,
                -25.216
              ],
              [
                -57.513,
                -25.217
              ],
              [
                -57.513,
                -25.217
              ],
              [
                -57.514,
                -25.217
              ],
              [
                -57.515,
                -25.218
              ],
              [
                -57.515,
                -25.218
              ],
              [
                -57.515,
                -25.218
              ],
              [
                -57.515,
                -25.219
              ],
              [
                -57.516,
                -25.22
              ],
              [
                -57.515,
                -25.22
              ],
              [
                -57.515,
                -25.221
              ],
              [
                -57.516,
                -25.222
              ],
              [
                -57.516,
                -25.222
              ],
              [
                -57.517,
                -25.224
              ],
              [
                -57.517,
                -25.224
              ],
              [
                -57.517,
                -25.227
              ],
              [
                -57.517,
                -25.227
              ],
              [
                -57.517,
                -25.228
              ],
              [
                -57.518,
                -25.228
              ],
              [
                -57.519,
                -25.229
              ],
              [
                -57.52,
                -25.23
              ],
              [
                -57.52,
                -25.23
              ],
              [
                -57.52,
                -25.23
              ],
              [
                -57.521,
                -25.231
              ],
              [
                -57.521,
                -25.231
              ],
              [
                -57.521,
                -25.231
              ],
              [
                -57.521,
                -25.232
              ],
              [
                -57.522,
                -25.232
              ],
              [
                -57.522,
                -25.232
              ],
              [
                -57.522,
                -25.233
              ],
              [
                -57.521,
                -25.233
              ],
              [
                -57.521,
                -25.234
              ],
              [
                -57.521,
                -25.235
              ],
              [
                -57.522,
                -25.235
              ],
              [
                -57.522,
                -25.236
              ],
              [
                -57.522,
                -25.236
              ],
              [
                -57.522,
                -25.237
              ],
              [
                -57.523,
                -25.237
              ],
              [
                -57.523,
                -25.237
              ],
              [
                -57.523,
                -25.238
              ],
              [
                -57.523,
                -25.239
              ],
              [
                -57.524,
                -25.24
              ],
              [
                -57.524,
                -25.241
              ],
              [
                -57.524,
                -25.241
              ],
              [
                -57.525,
                -25.242
              ],
              [
                -57.525,
                -25.243
              ],
              [
                -57.525,
                -25.243
              ],
              [
                -57.527,
                -25.242
              ],
              [
                -57.528,
                -25.241
              ],
              [
                -57.529,
                -25.242
              ],
              [
                -57.529,
                -25.242
              ],
              [
                -57.531,
                -25.241
              ],
              [
                -57.532,
                -25.241
              ],
              [
                -57.536,
                -25.239
              ],
              [
                -57.54,
                -25.236
              ],
              [
                -57.54,
                -25.236
              ],
              [
                -57.54,
                -25.236
              ],
              [
                -57.551,
                -25.233
              ],
              [
                -57.559,
                -25.228
              ],
              [
                -57.561,
                -25.228
              ],
              [
                -57.564,
                -25.228
              ],
              [
                -57.564,
                -25.227
              ],
              [
                -57.568,
                -25.227
              ],
              [
                -57.568,
                -25.226
              ],
              [
                -57.569,
                -25.226
              ],
              [
                -57.57,
                -25.226
              ],
              [
                -57.572,
                -25.226
              ],
              [
                -57.576,
                -25.224
              ]
            ]
          ]
        ]
      }
    },
    {
      "type": "Feature",
      "properties": {
        "id": 350,
        "dpto": "L",
        "dist": 10,
        "distrito": "�EMBY",
        "situacion": "ORDENANZA 01/18 (6/01/18)",
        "area": 0,
        "estado": "Aprobado",
        "layer_kind": "urban_zoning",
        "data_source": "Catastro (paraguay.gov.py)"
      },
      "geometry": {
        "type": "MultiPolygon",
        "coordinates": [
          [
            [
              [
                -57.572,
                -25.385
              ],
              [
                -57.572,
                -25.384
              ],
              [
                -57.572,
                -25.384
              ],
              [
                -57.571,
                -25.384
              ],
              [
                -57.571,
                -25.383
              ],
              [
                -57.571,
                -25.383
              ],
              [
                -57.57,
                -25.382
              ],
              [
                -57.57,
                -25.382
              ],
              [
                -57.57,
                -25.382
              ],
              [
                -57.57,
                -25.382
              ],
              [
                -57.57,
                -25.381
              ],
              [
                -57.569,
                -25.381
              ],
              [
                -57.569,
                -25.381
              ],
              [
                -57.569,
                -25.38
              ],
              [
                -57.569,
                -25.38
              ],
              [
                -57.569,
                -25.379
              ],
              [
                -57.568,
                -25.379
              ],
              [
                -57.568,
                -25.379
              ],
              [
                -57.568,
                -25.379
              ],
              [
                -57.568,
                -25.378
              ],
              [
                -57.568,
                -25.378
              ],
              [
                -57.568,
                -25.378
              ],
              [
                -57.568,
                -25.377
              ],
              [
                -57.568,
                -25.377
              ],
              [
                -57.568,
                -25.377
              ],
              [
                -57.568,
                -25.377
              ],
              [
                -57.567,
                -25.376
              ],
              [
                -57.567,
                -25.376
              ],
              [
                -57.567,
                -25.375
              ],
              [
                -57.567,
                -25.375
              ],
              [
                -57.567,
                -25.374
              ],
              [
                -57.567,
                -25.374
              ],
              [
                -57.567,
                -25.373
              ],
              [
                -57.567,
                -25.373
              ],
              [
                -57.568,
                -25.373
              ],
              [
                -57.568,
                -25.373
              ],
              [
                -57.568,
                -25.373
              ],
              [
                -57.568,
                -25.372
              ],
              [
                -57.568,
                -25.372
              ],
              [
                -57.568,
                -25.371
              ],
              [
                -57.569,
                -25.37
              ],
              [
                -57.569,
                -25.37
              ],
              [
                -57.569,
                -25.369
              ],
              [
                -57.569,
                -25.369
              ],
              [
                -57.568,
                -25.369
              ],
              [
                -57.569,
                -25.368
              ],
              [
                -57.569,
                -25.368
              ],
              [
                -57.569,
                -25.367
              ],
              [
                -57.569,
                -25.367
              ],
              [
                -57.569,
                -25.367
              ],
              [
                -57.569,
                -25.367
              ],
              [
                -57.569,
                -25.366
              ],
              [
                -57.569,
                -25.365
              ],
              [
                -57.569,
                -25.365
              ],
              [
                -57.568,
                -25.365
              ],
              [
                -57.568,
                -25.364
              ],
              [
                -57.568,
                -25.364
              ],
              [
                -57.568,
                -25.364
              ],
              [
                -57.567,
                -25.363
              ],
              [
                -57.567,
                -25.363
              ],
              [
                -57.567,
                -25.363
              ],
              [
                -57.567,
                -25.363
              ],
              [
                -57.567,
                -25.361
              ],
              [
                -57.567,
                -25.361
              ],
              [
                -57.567,
                -25.361
              ],
              [
                -57.565,
                -25.363
              ],
              [
                -57.557,
                -25.367
              ],
              [
                -57.557,
                -25.368
              ],
              [
                -57.556,
                -25.368
              ],
              [
                -57.556,
                -25.368
              ],
              [
                -57.553,
                -25.367
              ],
              [
                -57.553,
                -25.364
              ],
              [
                -57.552,
                -25.364
              ],
              [
                -57.552,
                -25.364
              ],
              [
                -57.551,
                -25.364
              ],
              [
                -57.551,
                -25.366
              ],
              [
                -57.55,
                -25.365
              ],
              [
                -57.55,
                -25.366
              ],
              [
                -57.548,
                -25.366
              ],
              [
                -57.545,
                -25.365
              ],
              [
                -57.544,
                -25.366
              ],
              [
                -57.54,
                -25.366
              ],
              [
                -57.54,
                -25.366
              ],
              [
                -57.541,
                -25.367
              ],
              [
                -57.539,
                -25.368
              ],
              [
                -57.539,
                -25.368
              ],
              [
                -57.532,
                -25.37
              ],
              [
                -57.532,
                -25.371
              ],
              [
                -57.529,
                -25.372
              ],
              [
                -57.528,
                -25.372
              ],
              [
                -57.529,
                -25.375
              ],
              [
                -57.528,
                -25.375
              ],
              [
                -57.532,
                -25.382
              ],
              [
                -57.529,
                -25.383
              ],
              [
                -57.527,
                -25.379
              ],
              [
                -57.526,
                -25.379
              ],
              [
                -57.524,
                -25.377
              ],
              [
                -57.521,
                -25.378
              ],
              [
                -57.52,
                -25.376
              ],
              [
                -57.518,
                -25.377
              ],
              [
                -57.518,
                -25.377
              ],
              [
                -57.523,
                -25.386
              ],
              [
                -57.521,
                -25.387
              ],
              [
                -57.521,
                -25.387
              ],
              [
                -57.52,
                -25.385
              ],
              [
                -57.519,
                -25.386
              ],
              [
                -57.52,
                -25.387
              ],
              [
                -57.519,
                -25.387
              ],
              [
                -57.519,
                -25.388
              ],
              [
                -57.519,
                -25.389
              ],
              [
                -57.518,
                -25.389
              ],
              [
                -57.518,
                -25.388
              ],
              [
                -57.517,
                -25.388
              ],
              [
                -57.517,
                -25.39
              ],
              [
                -57.516,
                -25.389
              ],
              [
                -57.514,
                -25.394
              ],
              [
                -57.514,
                -25.395
              ],
              [
                -57.507,
                -25.403
              ],
              [
                -57.511,
                -25.402
              ],
              [
                -57.516,
                -25.402
              ],
              [
                -57.517,
                -25.405
              ],
              [
                -57.517,
                -25.406
              ],
              [
                -57.517,
                -25.407
              ],
              [
                -57.516,
                -25.407
              ],
              [
                -57.512,
                -25.424
              ],
              [
                -57.512,
                -25.424
              ],
              [
                -57.514,
                -25.426
              ],
              [
                -57.515,
                -25.427
              ],
              [
                -57.516,
                -25.427
              ],
              [
                -57.516,
                -25.427
              ],
              [
                -57.516,
                -25.428
              ],
              [
                -57.517,
                -25.428
              ],
              [
                -57.517,
                -25.428
              ],
              [
                -57.517,
                -25.429
              ],
              [
                -57.518,
                -25.429
              ],
              [
                -57.518,
                -25.43
              ],
              [
                -57.518,
                -25.43
              ],
              [
                -57.518,
                -25.43
              ],
              [
                -57.519,
                -25.43
              ],
              [
                -57.519,
                -25.43
              ],
              [
                -57.519,
                -25.431
              ],
              [
                -57.52,
                -25.431
              ],
              [
                -57.52,
                -25.431
              ],
              [
                -57.52,
                -25.431
              ],
              [
                -57.52,
                -25.432
              ],
              [
                -57.521,
                -25.432
              ],
              [
                -57.521,
                -25.432
              ],
              [
                -57.521,
                -25.432
              ],
              [
                -57.521,
                -25.433
              ],
              [
                -57.521,
                -25.433
              ],
              [
                -57.522,
                -25.433
              ],
              [
                -57.522,
                -25.433
              ],
              [
                -57.522,
                -25.433
              ],
              [
                -57.523,
                -25.434
              ],
              [
                -57.523,
                -25.434
              ],
              [
                -57.523,
                -25.434
              ],
              [
                -57.523,
                -25.434
              ],
              [
                -57.524,
                -25.434
              ],
              [
                -57.524,
                -25.434
              ],
              [
                -57.524,
                -25.435
              ],
              [
                -57.524,
                -25.435
              ],
              [
                -57.525,
                -25.435
              ],
              [
                -57.525,
                -25.435
              ],
              [
                -57.525,
                -25.435
              ],
              [
                -57.525,
                -25.435
              ],
              [
                -57.525,
                -25.435
              ],
              [
                -57.526,
                -25.436
              ],
              [
                -57.526,
                -25.436
              ],
              [
                -57.526,
                -25.436
              ],
              [
                -57.526,
                -25.436
              ],
              [
                -57.526,
                -25.436
              ],
              [
                -57.526,
                -25.436
              ],
              [
                -57.526,
                -25.436
              ],
              [
                -57.527,
                -25.436
              ],
              [
                -57.527,
                -25.437
              ],
              [
                -57.527,
                -25.437
              ],
              [
                -57.527,
                -25.438
              ],
              [
                -57.527,
                -25.438
              ],
              [
                -57.527,
                -25.438
              ],
              [
                -57.527,
                -25.438
              ],
              [
                -57.528,
                -25.439
              ],
              [
                -57.528,
                -25.439
              ],
              [
                -57.528,
                -25.439
              ],
              [
                -57.528,
                -25.439
              ],
              [
                -57.528,
                -25.439
              ],
              [
                -57.528,
                -25.439
              ],
              [
                -57.528,
                -25.439
              ],
              [
                -57.528,
                -25.439
              ],
              [
                -57.529,
                -25.44
              ],
              [
                -57.529,
                -25.44
              ],
              [
                -57.529,
                -25.44
              ],
              [
                -57.529,
                -25.44
              ],
              [
                -57.529,
                -25.441
              ],
              [
                -57.53,
                -25.441
              ],
              [
                -57.53,
                -25.441
              ],
              [
                -57.53,
                -25.441
              ],
              [
                -57.53,
                -25.441
              ],
              [
                -57.531,
                -25.442
              ],
              [
                -57.531,
                -25.442
              ],
              [
                -57.531,
                -25.442
              ],
              [
                -57.531,
                -25.442
              ],
              [
                -57.531,
                -25.443
              ],
              [
                -57.532,
                -25.443
              ],
              [
                -57.531,
                -25.443
              ],
              [
                -57.532,
                -25.443
              ],
              [
                -57.532,
                -25.443
              ],
              [
                -57.532,
                -25.443
              ],
              [
                -57.533,
                -25.443
              ],
              [
                -57.533,
                -25.444
              ],
              [
                -57.533,
                -25.444
              ],
              [
                -57.533,
                -25.444
              ],
              [
                -57.534,
                -25.444
              ],
              [
                -57.534,
                -25.444
              ],
              [
                -57.534,
                -25.444
              ],
              [
                -57.534,
                -25.444
              ],
              [
                -57.535,
                -25.444
              ],
              [
                -57.535,
                -25.444
              ],
              [
                -57.535,
                -25.444
              ],
              [
                -57.535,
                -25.444
              ],
              [
                -57.535,
                -25.444
              ],
              [
                -57.535,
                -25.444
              ],
              [
                -57.535,
                -25.444
              ],
              [
                -57.535,
                -25.445
              ],
              [
                -57.536,
                -25.442
              ],
              [
                -57.536,
                -25.438
              ],
              [
                -57.537,
                -25.43
              ],
              [
                -57.538,
                -25.427
              ],
              [
                -57.539,
                -25.421
              ],
              [
                -57.539,
                -25.419
              ],
              [
                -57.541,
                -25.412
              ],
              [
                -57.541,
                -25.41
              ],
              [
                -57.542,
                -25.411
              ],
              [
                -57.543,
                -25.412
              ],
              [
                -57.544,
                -25.413
              ],
              [
                -57.545,
                -25.412
              ],
              [
                -57.545,
                -25.412
              ],
              [
                -57.546,
                -25.412
              ],
              [
                -57.546,
                -25.412
              ],
              [
                -57.547,
                -25.411
              ],
              [
                -57.547,
                -25.41
              ],
              [
                -57.548,
                -25.41
              ],
              [
                -57.55,
                -25.408
              ],
              [
                -57.55,
                -25.408
              ],
              [
                -57.551,
                -25.407
              ],
              [
                -57.551,
                -25.407
              ],
              [
                -57.555,
                -25.401
              ],
              [
                -57.557,
                -25.397
              ],
              [
                -57.559,
                -25.394
              ],
              [
                -57.561,
                -25.393
              ],
              [
                -57.561,
                -25.394
              ],
              [
                -57.562,
                -25.393
              ],
              [
                -57.563,
                -25.394
              ],
              [
                -57.564,
                -25.394
              ],
              [
                -57.564,
                -25.394
              ],
              [
                -57.566,
                -25.391
              ],
              [
                -57.568,
                -25.389
              ],
              [
                -57.571,
                -25.386
              ],
              [
                -57.572,
                -25.385
              ]
            ]
          ]
        ]
      }
    },
    {
      "type": "Feature",
      "properties": {
        "id": 353,
        "dpto": "L",
        "dist": 8,
        "distrito": "LUQUE",
        "situacion": "DECRETO 26966/1981",
        "area": 0,
        "estado": "Pendiente",
        "layer_kind": "urban_zoning",
        "data_source": "Catastro (paraguay.gov.py)"
      },
      "geometry": {
        "type": "MultiPolygon",
        "coordinates": [
          [
            [
              [
                -57.4,
                -25.18
              ],
              [
                -57.4,
                -25.18
              ],
              [
                -57.4,
                -25.18
              ],
              [
                -57.4,
                -25.18
              ],
              [
                -57.4,
                -25.18
              ],
              [
                -57.4,
                -25.18
              ],
              [
                -57.4,
                -25.181
              ],
              [
                -57.4,
                -25.181
              ],
              [
                -57.4,
                -25.181
              ],
              [
                -57.4,
                -25.181
              ],
              [
                -57.4,
                -25.181
              ],
              [
                -57.4,
                -25.181
              ],
              [
                -57.401,
                -25.182
              ],
              [
                -57.401,
                -25.182
              ],
              [
                -57.401,
                -25.182
              ],
              [
                -57.401,
                -25.182
              ],
              [
                -57.401,
                -25.182
              ],
              [
                -57.401,
                -25.182
              ],
              [
                -57.401,
                -25.182
              ],
              [
                -57.401,
                -25.183
              ],
              [
                -57.401,
                -25.183
              ],
              [
                -57.401,
                -25.183
              ],
              [
                -57.401,
                -25.183
              ],
              [
                -57.401,
                -25.183
              ],
              [
                -57.401,
                -25.183
              ],
              [
                -57.401,
                -25.183
              ],
              [
                -57.401,
                -25.183
              ],
              [
                -57.401,
                -25.183
              ],
              [
                -57.401,
                -25.183
              ],
              [
                -57.401,
                -25.183
              ],
              [
                -57.401,
                -25.183
              ],
              [
                -57.401,
                -25.183
              ],
              [
                -57.401,
                -25.183
              ],
              [
                -57.401,
                -25.183
              ],
              [
                -57.401,
                -25.183
              ],
              [
                -57.401,
                -25.183
              ],
              [
                -57.401,
                -25.183
              ],
              [
                -57.401,
                -25.184
              ],
              [
                -57.401,
                -25.184
              ],
              [
                -57.401,
                -25.184
              ],
              [
                -57.401,
                -25.184
              ],
              [
                -57.401,
                -25.184
              ],
              [
                -57.401,
                -25.184
              ],
              [
                -57.401,
                -25.184
              ],
              [
                -57.401,
                -25.184
              ],
              [
                -57.401,
                -25.185
              ],
              [
                -57.401,
                -25.185
              ],
              [
                -57.401,
                -25.185
              ],
              [
                -57.401,
                -25.185
              ],
              [
                -57.401,
                -25.186
              ],
              [
                -57.401,
                -25.186
              ],
              [
                -57.401,
                -25.186
              ],
              [
                -57.401,
                -25.186
              ],
              [
                -57.401,
                -25.186
              ],
              [
                -57.401,
                -25.186
              ],
              [
                -57.4,
                -25.186
              ],
              [
                -57.4,
                -25.186
              ],
              [
                -57.4,
                -25.187
              ],
              [
                -57.4,
                -25.187
              ],
              [
                -57.4,
                -25.187
              ],
              [
                -57.4,
                -25.187
              ],
              [
                -57.399,
                -25.187
              ],
              [
                -57.399,
                -25.187
              ],
              [
                -57.399,
                -25.187
              ],
              [
                -57.399,
                -25.187
              ],
              [
                -57.399,
                -25.187
              ],
              [
                -57.399,
                -25.187
              ],
              [
                -57.399,
                -25.187
              ],
              [
                -57.399,
                -25.187
              ],
              [
                -57.399,
                -25.187
              ],
              [
                -57.399,
                -25.187
              ],
              [
                -57.399,
                -25.186
              ],
              [
                -57.399,
                -25.186
              ],
              [
                -57.399,
                -25.186
              ],
              [
                -57.399,
                -25.186
              ],
              [
                -57.399,
                -25.186
              ],
              [
                -57.399,
                -25.186
              ],
              [
                -57.399,
                -25.185
              ],
              [
                -57.399,
                -25.185
              ],
              [
                -57.399,
                -25.185
              ],
              [
                -57.399,
                -25.185
              ],
              [
                -57.399,
                -25.185
              ],
              [
                -57.399,
                -25.185
              ],
              [
                -57.398,
                -25.185
              ],
              [
                -57.398,
                -25.185
              ],
              [
                -57.398,
                -25.185
              ],
              [
                -57.398,
                -25.185
              ],
              [
                -57.397,
                -25.185
              ],
              [
                -57.397,
                -25.185
              ],
              [
                -57.397,
                -25.185
              ],
              [
                -57.397,
                -25.185
              ],
              [
                -57.396,
                -25.185
              ],
              [
                -57.396,
                -25.186
              ],
              [
                -57.396,
                -25.186
              ],
              [
                -57.396,
                -25.186
              ],
              [
                -57.395,
                -25.185
              ],
              [
                -57.395,
                -25.185
              ],
              [
                -57.395,
                -25.185
              ],
              [
                -57.395,
                -25.186
              ],
              [
                -57.395,
                -25.186
              ],
              [
                -57.395,
                -25.186
              ],
              [
                -57.395,
                -25.186
              ],
              [
                -57.395,
                -25.186
              ],
              [
                -57.395,
                -25.186
              ],
              [
                -57.395,
                -25.186
              ],
              [
                -57.395,
                -25.186
              ],
              [
                -57.395,
                -25.186
              ],
              [
                -57.395,
                -25.186
              ],
              [
                -57.396,
                -25.186
              ],
              [
                -57.396,
                -25.186
              ],
              [
                -57.396,
                -25.186
              ],
              [
                -57.396,
                -25.187
              ],
              [
                -57.396,
                -25.187
              ],
              [
                -57.396,
                -25.187
              ],
              [
                -57.396,
                -25.187
              ],
              [
                -57.396,
                -25.187
              ],
              [
                -57.396,
                -25.187
              ],
              [
                -57.396,
                -25.187
              ],
              [
                -57.396,
                -25.187
              ],
              [
                -57.396,
                -25.187
              ],
              [
                -57.396,
                -25.187
              ],
              [
                -57.395,
                -25.187
              ],
              [
                -57.395,
                -25.187
              ],
              [
                -57.395,
                -25.187
              ],
              [
                -57.395,
                -25.187
              ],
              [
                -57.395,
                -25.187
              ],
              [
                -57.395,
                -25.187
              ],
              [
                -57.395,
                -25.187
              ],
              [
                -57.395,
                -25.187
              ],
              [
                -57.395,
                -25.188
              ],
              [
                -57.395,
                -25.188
              ],
              [
                -57.395,
                -25.188
              ],
              [
                -57.395,
                -25.188
              ],
              [
                -57.395,
                -25.188
              ],
              [
                -57.395,
                -25.188
              ],
              [
                -57.395,
                -25.188
              ],
              [
                -57.394,
                -25.188
              ],
              [
                -57.394,
                -25.188
              ],
              [
                -57.394,
                -25.189
              ],
              [
                -57.394,
                -25.189
              ],
              [
                -57.394,
                -25.189
              ],
              [
                -57.394,
                -25.189
              ],
              [
                -57.394,
                -25.189
              ],
              [
                -57.394,
                -25.189
              ],
              [
                -57.394,
                -25.189
              ],
              [
                -57.394,
                -25.189
              ],
              [
                -57.395,
                -25.189
              ],
              [
                -57.395,
                -25.189
              ],
              [
                -57.395,
                -25.189
              ],
              [
                -57.395,
                -25.189
              ],
              [
                -57.395,
                -25.188
              ],
              [
                -57.395,
                -25.188
              ],
              [
                -57.395,
                -25.188
              ],
              [
                -57.395,
                -25.188
              ],
              [
                -57.395,
                -25.188
              ],
              [
                -57.395,
                -25.188
              ],
              [
                -57.395,
                -25.188
              ],
              [
                -57.395,
                -25.188
              ],
              [
                -57.395,
                -25.188
              ],
              [
                -57.395,
                -25.188
              ],
              [
                -57.395,
                -25.189
              ],
              [
                -57.395,
                -25.189
              ],
              [
                -57.396,
                -25.189
              ],
              [
                -57.396,
                -25.189
              ],
              [
                -57.396,
                -25.19
              ],
              [
                -57.396,
                -25.19
              ],
              [
                -57.396,
                -25.191
              ],
              [
                -57.396,
                -25.191
              ],
              [
                -57.396,
                -25.192
              ],
              [
                -57.396,
                -25.192
              ],
              [
                -57.396,
                -25.192
              ],
              [
                -57.396,
                -25.192
              ],
              [
                -57.396,
                -25.192
              ],
              [
                -57.396,
                -25.192
              ],
              [
                -57.396,
                -25.192
              ],
              [
                -57.396,
                -25.193
              ],
              [
                -57.395,
                -25.193
              ],
              [
                -57.395,
                -25.193
              ],
              [
                -57.395,
                -25.193
              ],
              [
                -57.395,
                -25.193
              ],
              [
                -57.395,
                -25.193
              ],
              [
                -57.395,
                -25.193
              ],
              [
                -57.394,
                -25.194
              ],
              [
                -57.394,
                -25.194
              ],
              [
                -57.394,
                -25.194
              ],
              [
                -57.394,
                -25.194
              ],
              [
                -57.394,
                -25.193
              ],
              [
                -57.394,
                -25.193
              ],
              [
                -57.394,
                -25.193
              ],
              [
                -57.394,
                -25.193
              ],
              [
                -57.394,
                -25.193
              ],
              [
                -57.394,
                -25.193
              ],
              [
                -57.394,
                -25.193
              ],
              [
                -57.394,
                -25.193
              ],
              [
                -57.394,
                -25.193
              ],
              [
                -57.394,
                -25.193
              ],
              [
                -57.394,
                -25.192
              ],
              [
                -57.394,
                -25.192
              ],
              [
                -57.394,
                -25.192
              ],
              [
                -57.394,
                -25.192
              ],
              [
                -57.395,
                -25.192
              ],
              [
                -57.395,
                -25.192
              ],
              [
                -57.395,
                -25.192
              ],
              [
                -57.395,
                -25.192
              ],
              [
                -57.395,
                -25.191
              ],
              [
                -57.394,
                -25.191
              ],
              [
                -57.394,
                -25.191
              ],
              [
                -57.394,
                -25.191
              ],
              [
                -57.394,
                -25.191
              ],
              [
                -57.394,
                -25.191
              ],
              [
                -57.394,
                -25.191
              ],
              [
                -57.394,
                -25.191
              ],
              [
                -57.394,
                -25.191
              ],
              [
                -57.394,
                -25.191
              ],
              [
                -57.394,
                -25.191
              ],
              [
                -57.394,
                -25.19
              ],
              [
                -57.393,
                -25.19
              ],
              [
                -57.393,
                -25.19
              ],
              [
                -57.393,
                -25.19
              ],
              [
                -57.393,
                -25.19
              ],
              [
                -57.393,
                -25.19
              ],
              [
                -57.393,
                -25.191
              ],
              [
                -57.393,
                -25.191
              ],
              [
                -57.393,
                -25.191
              ],
              [
                -57.393,
                -25.191
              ],
              [
                -57.393,
                -25.191
              ],
              [
                -57.393,
                -25.192
              ],
              [
                -57.393,
                -25.192
              ],
              [
                -57.393,
                -25.192
              ],
              [
                -57.393,
                -25.192
              ],
              [
                -57.393,
                -25.193
              ],
              [
                -57.393,
                -25.193
              ],
              [
                -57.393,
                -25.193
              ],
              [
                -57.393,
                -25.194
              ],
              [
                -57.393,
                -25.194
              ],
              [
                -57.393,
                -25.194
              ],
              [
                -57.393,
                -25.195
              ],
              [
                -57.393,
                -25.195
              ],
              [
                -57.393,
                -25.195
              ],
              [
                -57.393,
                -25.195
              ],
              [
                -57.393,
                -25.195
              ],
              [
                -57.393,
                -25.195
              ],
              [
                -57.393,
                -25.195
              ],
              [
                -57.393,
                -25.195
              ],
              [
                -57.392,
                -25.195
              ],
              [
                -57.392,
                -25.195
              ],
              [
                -57.392,
                -25.195
              ],
              [
                -57.392,
                -25.195
              ],
              [
                -57.392,
                -25.195
              ],
              [
                -57.392,
                -25.195
              ],
              [
                -57.392,
                -25.195
              ],
              [
                -57.392,
                -25.194
              ],
              [
                -57.392,
                -25.194
              ],
              [
                -57.392,
                -25.194
              ],
              [
                -57.392,
                -25.194
              ],
              [
                -57.392,
                -25.194
              ],
              [
                -57.392,
                -25.194
              ],
              [
                -57.392,
                -25.194
              ],
              [
                -57.392,
                -25.194
              ],
              [
                -57.392,
                -25.194
              ],
              [
                -57.392,
                -25.194
              ],
              [
                -57.392,
                -25.194
              ],
              [
                -57.392,
                -25.194
              ],
              [
                -57.392,
                -25.194
              ],
              [
                -57.392,
                -25.194
              ],
              [
                -57.392,
                -25.194
              ],
              [
                -57.392,
                -25.195
              ],
              [
                -57.392,
                -25.195
              ],
              [
                -57.392,
                -25.195
              ],
              [
                -57.392,
                -25.195
              ],
              [
                -57.392,
                -25.195
              ],
              [
                -57.392,
                -25.195
              ],
              [
                -57.392,
                -25.195
              ],
              [
                -57.391,
                -25.195
              ],
              [
                -57.391,
                -25.195
              ],
              [
                -57.391,
                -25.196
              ],
              [
                -57.391,
                -25.196
              ],
              [
                -57.391,
                -25.196
              ],
              [
                -57.39,
                -25.195
              ],
              [
                -57.39,
                -25.195
              ],
              [
                -57.39,
                -25.195
              ],
              [
                -57.39,
                -25.195
              ],
              [
                -57.39,
                -25.195
              ],
              [
                -57.39,
                -25.195
              ],
              [
                -57.39,
                -25.195
              ],
              [
                -57.39,
                -25.195
              ],
              [
                -57.39,
                -25.195
              ],
              [
                -57.39,
                -25.195
              ],
              [
                -57.39,
                -25.195
              ],
              [
                -57.39,
                -25.195
              ],
              [
                -57.39,
                -25.195
              ],
              [
                -57.39,
                -25.195
              ],
              [
                -57.389,
                -25.195
              ],
              [
                -57.389,
                -25.195
              ],
              [
                -57.389,
                -25.195
              ],
              [
                -57.389,
                -25.196
              ],
              [
                -57.389,
                -25.196
              ],
              [
                -57.389,
                -25.196
              ],
              [
                -57.389,
                -25.196
              ],
              [
                -57.389,
                -25.196
              ],
              [
                -57.389,
                -25.196
              ],
              [
                -57.389,
                -25.196
              ],
              [
                -57.389,
                -25.196
              ],
              [
                -57.389,
                -25.196
              ],
              [
                -57.388,
                -25.196
              ],
              [
                -57.388,
                -25.196
              ],
              [
                -57.388,
                -25.196
              ],
              [
                -57.388,
                -25.196
              ],
              [
                -57.388,
                -25.196
              ],
              [
                -57.388,
                -25.196
              ],
              [
                -57.388,
                -25.196
              ],
              [
                -57.388,
                -25.196
              ],
              [
                -57.388,
                -25.197
              ],
              [
                -57.388,
                -25.197
              ],
              [
                -57.388,
                -25.197
              ],
              [
                -57.388,
                -25.197
              ],
              [
                -57.388,
                -25.197
              ],
              [
                -57.388,
                -25.198
              ],
              [
                -57.387,
                -25.198
              ],
              [
                -57.387,
                -25.198
              ],
              [
                -57.387,
                -25.198
              ],
              [
                -57.387,
                -25.198
              ],
              [
                -57.387,
                -25.198
              ],
              [
                -57.387,
                -25.198
              ],
              [
                -57.388,
                -25.198
              ],
              [
                -57.388,
                -25.198
              ],
              [
                -57.388,
                -25.198
              ],
              [
                -57.388,
                -25.198
              ],
              [
                -57.388,
                -25.198
              ],
              [
                -57.388,
                -25.198
              ],
              [
                -57.388,
                -25.198
              ],
              [
                -57.388,
                -25.198
              ],
              [
                -57.388,
                -25.198
              ],
              [
                -57.388,
                -25.199
              ],
              [
                -57.388,
                -25.199
              ],
              [
                -57.388,
                -25.199
              ],
              [
                -57.388,
                -25.199
              ],
              [
                -57.388,
                -25.199
              ],
              [
                -57.388,
                -25.199
              ],
              [
                -57.388,
                -25.199
              ],
              [
                -57.388,
                -25.199
              ],
              [
                -57.388,
                -25.199
              ],
              [
                -57.387,
                -25.199
              ],
              [
                -57.387,
                -25.199
              ],
              [
                -57.387,
                -25.199
              ],
              [
                -57.387,
                -25.199
              ],
              [
                -57.387,
                -25.199
              ],
              [
                -57.387,
                -25.199
              ],
              [
                -57.387,
                -25.2
              ],
              [
                -57.387,
                -25.2
              ],
              [
                -57.387,
                -25.2
              ],
              [
                -57.387,
                -25.2
              ],
              [
                -57.387,
                -25.2
              ],
              [
                -57.387,
                -25.2
              ],
              [
                -57.387,
                -25.2
              ],
              [
                -57.387,
                -25.201
              ],
              [
                -57.387,
                -25.201
              ],
              [
                -57.387,
                -25.201
              ],
              [
                -57.387,
                -25.201
              ],
              [
                -57.387,
                -25.201
              ],
              [
                -57.387,
                -25.201
              ],
              [
                -57.387,
                -25.201
              ],
              [
                -57.386,
                -25.201
              ],
              [
                -57.386,
                -25.201
              ],
              [
                -57.386,
                -25.201
              ],
              [
                -57.386,
                -25.201
              ],
              [
                -57.386,
                -25.201
              ],
              [
                -57.386,
                -25.2
              ],
              [
                -57.386,
                -25.2
              ],
              [
                -57.386,
                -25.2
              ],
              [
                -57.386,
                -25.2
              ],
              [
                -57.386,
                -25.2
              ],
              [
                -57.386,
                -25.2
              ],
              [
                -57.386,
                -25.199
              ],
              [
                -57.385,
                -25.199
              ],
              [
                -57.385,
                -25.199
              ],
              [
                -57.385,
                -25.199
              ],
              [
                -57.385,
                -25.199
              ],
              [
                -57.385,
                -25.199
              ],
              [
                -57.385,
                -25.199
              ],
              [
                -57.385,
                -25.199
              ],
              [
                -57.385,
                -25.199
              ],
              [
                -57.385,
                -25.199
              ],
              [
                -57.385,
                -25.199
              ],
              [
                -57.384,
                -25.199
              ],
              [
                -57.384,
                -25.199
              ],
              [
                -57.384,
                -25.199
              ],
              [
                -57.384,
                -25.199
              ],
              [
                -57.384,
                -25.199
              ],
              [
                -57.384,
                -25.199
              ],
              [
                -57.384,
                -25.199
              ],
              [
                -57.384,
                -25.199
              ],
              [
                -57.384,
                -25.199
              ],
              [
                -57.384,
                -25.199
              ],
              [
                -57.384,
                -25.199
              ],
              [
                -57.384,
                -25.199
              ],
              [
                -57.384,
                -25.199
              ],
              [
                -57.385,
                -25.199
              ],
              [
                -57.385,
                -25.199
              ],
              [
                -57.385,
                -25.198
              ],
              [
                -57.385,
                -25.198
              ],
              [
                -57.385,
                -25.198
              ],
              [
                -57.385,
                -25.198
              ],
              [
                -57.385,
                -25.198
              ],
              [
                -57.384,
                -25.198
              ],
              [
                -57.384,
                -25.198
              ],
              [
                -57.384,
                -25.198
              ],
              [
                -57.384,
                -25.198
              ],
              [
                -57.384,
                -25.198
              ],
              [
                -57.384,
                -25.198
              ],
              [
                -57.384,
                -25.198
              ],
              [
                -57.383,
                -25.198
              ],
              [
                -57.383,
                -25.198
              ],
              [
                -57.383,
                -25.198
              ],
              [
                -57.383,
                -25.198
              ],
              [
                -57.383,
                -25.198
              ],
              [
                -57.383,
                -25.198
              ],
              [
                -57.382,
                -25.199
              ],
              [
                -57.382,
                -25.199
              ],
              [
                -57.382,
                -25.199
              ],
              [
                -57.382,
                -25.199
              ],
              [
                -57.382,
                -25.199
              ],
              [
                -57.382,
                -25.199
              ],
              [
                -57.382,
                -25.199
              ],
              [
                -57.382,
                -25.2
              ],
              [
                -57.382,
                -25.2
              ],
              [
                -57.382,
                -25.2
              ],
              [
                -57.382,
                -25.2
              ],
              [
                -57.383,
                -25.2
              ],
              [
                -57.383,
                -25.2
              ],
              [
                -57.383,
                -25.2
              ],
              [
                -57.383,
                -25.2
              ],
              [
                -57.384,
                -25.199
              ],
              [
                -57.384,
                -25.199
              ],
              [
                -57.384,
                -25.199
              ],
              [
                -57.384,
                -25.199
              ],
              [
                -57.384,
                -25.2
              ],
              [
                -57.384,
                -25.2
              ],
              [
                -57.384,
                -25.2
              ],
              [
                -57.384,
                -25.2
              ],
              [
                -57.384,
                -25.2
              ],
              [
                -57.384,
                -25.2
              ],
              [
                -57.384,
                -25.2
              ],
              [
                -57.384,
                -25.201
              ],
              [
                -57.384,
                -25.201
              ],
              [
                -57.384,
                -25.201
              ],
              [
                -57.384,
                -25.201
              ],
              [
                -57.383,
                -25.201
              ],
              [
                -57.383,
                -25.201
              ],
              [
                -57.383,
                -25.202
              ],
              [
                -57.383,
                -25.202
              ],
              [
                -57.383,
                -25.202
              ],
              [
                -57.383,
                -25.202
              ],
              [
                -57.383,
                -25.202
              ],
              [
                -57.383,
                -25.202
              ],
              [
                -57.383,
                -25.202
              ],
              [
                -57.383,
                -25.202
              ],
              [
                -57.383,
                -25.202
              ],
              [
                -57.383,
                -25.202
              ],
              [
                -57.383,
                -25.202
              ],
              [
                -57.383,
                -25.202
              ],
              [
                -57.383,
                -25.202
              ],
              [
                -57.383,
                -25.202
              ],
              [
                -57.383,
                -25.202
              ],
              [
                -57.383,
                -25.202
              ],
              [
                -57.382,
                -25.202
              ],
              [
                -57.382,
                -25.201
              ],
              [
                -57.382,
                -25.201
              ],
              [
                -57.382,
                -25.201
              ],
              [
                -57.382,
                -25.201
              ],
              [
                -57.382,
                -25.201
              ],
              [
                -57.382,
                -25.201
              ],
              [
                -57.382,
                -25.201
              ],
              [
                -57.382,
                -25.201
              ],
              [
                -57.381,
                -25.201
              ],
              [
                -57.381,
                -25.201
              ],
              [
                -57.381,
                -25.201
              ],
              [
                -57.381,
                -25.201
              ],
              [
                -57.38,
                -25.201
              ],
              [
                -57.38,
                -25.201
              ],
              [
                -57.38,
                -25.201
              ],
              [
                -57.38,
                -25.201
              ],
              [
                -57.38,
                -25.201
              ],
              [
                -57.379,
                -25.201
              ],
              [
                -57.379,
                -25.201
              ],
              [
                -57.379,
                -25.201
              ],
              [
                -57.379,
                -25.201
              ],
              [
                -57.379,
                -25.201
              ],
              [
                -57.379,
                -25.201
              ],
              [
                -57.379,
                -25.201
              ],
              [
                -57.379,
                -25.201
              ],
              [
                -57.379,
                -25.201
              ],
              [
                -57.379,
                -25.201
              ],
              [
                -57.379,
                -25.201
              ],
              [
                -57.379,
                -25.201
              ],
              [
                -57.379,
                -25.201
              ],
              [
                -57.379,
                -25.202
              ],
              [
                -57.379,
                -25.202
              ],
              [
                -57.379,
                -25.202
              ],
              [
                -57.379,
                -25.202
              ],
              [
                -57.378,
                -25.202
              ],
              [
                -57.378,
                -25.202
              ],
              [
                -57.378,
                -25.202
              ],
              [
                -57.378,
                -25.202
              ],
              [
                -57.378,
                -25.202
              ],
              [
                -57.377,
                -25.202
              ],
              [
                -57.377,
                -25.202
              ],
              [
                -57.377,
                -25.202
              ],
              [
                -57.377,
                -25.203
              ],
              [
                -57.377,
                -25.203
              ],
              [
                -57.377,
                -25.203
              ],
              [
                -57.377,
                -25.203
              ],
              [
                -57.377,
                -25.203
              ],
              [
                -57.377,
                -25.203
              ],
              [
                -57.377,
                -25.203
              ],
              [
                -57.377,
                -25.203
              ],
              [
                -57.377,
                -25.203
              ],
              [
                -57.377,
                -25.203
              ],
              [
                -57.377,
                -25.203
              ],
              [
                -57.377,
                -25.202
              ],
              [
                -57.377,
                -25.202
              ],
              [
                -57.377,
                -25.202
              ],
              [
                -57.377,
                -25.202
              ],
              [
                -57.376,
                -25.202
              ],
              [
                -57.376,
                -25.202
              ],
              [
                -57.376,
                -25.202
              ],
              [
                -57.376,
                -25.202
              ],
              [
                -57.376,
                -25.202
              ],
              [
                -57.376,
                -25.202
              ],
              [
                -57.376,
                -25.202
              ],
              [
                -57.376,
                -25.202
              ],
              [
                -57.375,
                -25.202
              ],
              [
                -57.375,
                -25.202
              ],
              [
                -57.375,
                -25.202
              ],
              [
                -57.375,
                -25.202
              ],
              [
                -57.375,
                -25.202
              ],
              [
                -57.375,
                -25.202
              ],
              [
                -57.375,
                -25.202
              ],
              [
                -57.375,
                -25.202
              ],
              [
                -57.375,
                -25.202
              ],
              [
                -57.375,
                -25.203
              ],
              [
                -57.375,
                -25.203
              ],
              [
                -57.375,
                -25.203
              ],
              [
                -57.375,
                -25.203
              ],
              [
                -57.375,
                -25.203
              ],
              [
                -57.375,
                -25.203
              ],
              [
                -57.375,
                -25.203
              ],
              [
                -57.375,
                -25.203
              ],
              [
                -57.374,
                -25.203
              ],
              [
                -57.374,
                -25.203
              ],
              [
                -57.374,
                -25.203
              ],
              [
                -57.374,
                -25.203
              ],
              [
                -57.374,
                -25.203
              ],
              [
                -57.374,
                -25.203
              ],
              [
                -57.374,
                -25.203
              ],
              [
                -57.374,
                -25.203
              ],
              [
                -57.374,
                -25.203
              ],
              [
                -57.374,
                -25.204
              ],
              [
                -57.374,
                -25.204
              ],
              [
                -57.374,
                -25.204
              ],
              [
                -57.374,
                -25.204
              ],
              [
                -57.374,
                -25.204
              ],
              [
                -57.374,
                -25.204
              ],
              [
                -57.374,
                -25.204
              ],
              [
                -57.374,
                -25.204
              ],
              [
                -57.374,
                -25.204
              ],
              [
                -57.374,
                -25.204
              ],
              [
                -57.374,
                -25.204
              ],
              [
                -57.374,
                -25.204
              ],
              [
                -57.374,
                -25.204
              ],
              [
                -57.375,
                -25.204
              ],
              [
                -57.375,
                -25.204
              ],
              [
                -57.375,
                -25.204
              ],
              [
                -57.375,
                -25.204
              ],
              [
                -57.375,
                -25.205
              ],
              [
                -57.375,
                -25.205
              ],
              [
                -57.375,
                -25.205
              ],
              [
                -57.375,
                -25.205
              ],
              [
                -57.375,
                -25.205
              ],
              [
                -57.375,
                -25.205
              ],
              [
                -57.375,
                -25.205
              ],
              [
                -57.375,
                -25.206
              ],
              [
                -57.375,
                -25.206
              ],
              [
                -57.375,
                -25.206
              ],
              [
                -57.375,
                -25.206
              ],
              [
                -57.375,
                -25.206
              ],
              [
                -57.375,
                -25.206
              ],
              [
                -57.375,
                -25.206
              ],
              [
                -57.375,
                -25.206
              ],
              [
                -57.375,
                -25.206
              ],
              [
                -57.375,
                -25.206
              ],
              [
                -57.375,
                -25.206
              ],
              [
                -57.375,
                -25.206
              ],
              [
                -57.374,
                -25.206
              ],
              [
                -57.374,
                -25.206
              ],
              [
                -57.374,
                -25.206
              ],
              [
                -57.374,
                -25.206
              ],
              [
                -57.374,
                -25.206
              ],
              [
                -57.374,
                -25.207
              ],
              [
                -57.374,
                -25.207
              ],
              [
                -57.374,
                -25.207
              ],
              [
                -57.374,
                -25.207
              ],
              [
                -57.374,
                -25.207
              ],
              [
                -57.374,
                -25.207
              ],
              [
                -57.373,
                -25.207
              ],
              [
                -57.374,
                -25.207
              ],
              [
                -57.374,
                -25.208
              ],
              [
                -57.374,
                -25.208
              ],
              [
                -57.374,
                -25.208
              ],
              [
                -57.374,
                -25.208
              ],
              [
                -57.374,
                -25.209
              ],
              [
                -57.374,
                -25.209
              ],
              [
                -57.374,
                -25.209
              ],
              [
                -57.374,
                -25.209
              ],
              [
                -57.374,
                -25.209
              ],
              [
                -57.374,
                -25.209
              ],
              [
                -57.373,
                -25.209
              ],
              [
                -57.373,
                -25.209
              ],
              [
                -57.373,
                -25.209
              ],
              [
                -57.373,
                -25.209
              ],
              [
                -57.373,
                -25.209
              ],
              [
                -57.373,
                -25.209
              ],
              [
                -57.373,
                -25.209
              ],
              [
                -57.372,
                -25.209
              ],
              [
                -57.372,
                -25.209
              ],
              [
                -57.372,
                -25.209
              ],
              [
                -57.372,
                -25.209
              ],
              [
                -57.372,
                -25.209
              ],
              [
                -57.372,
                -25.209
              ],
              [
                -57.372,
                -25.209
              ],
              [
                -57.372,
                -25.209
              ],
              [
                -57.372,
                -25.209
              ],
              [
                -57.372,
                -25.208
              ],
              [
                -57.372,
                -25.208
              ],
              [
                -57.371,
                -25.208
              ],
              [
                -57.371,
                -25.208
              ],
              [
                -57.371,
                -25.208
              ],
              [
                -57.371,
                -25.208
              ],
              [
                -57.371,
                -25.208
              ],
              [
                -57.371,
                -25.208
              ],
              [
                -57.371,
                -25.208
              ],
              [
                -57.371,
                -25.208
              ],
              [
                -57.371,
                -25.208
              ],
              [
                -57.371,
                -25.209
              ],
              [
                -57.371,
                -25.209
              ],
              [
                -57.371,
                -25.209
              ],
              [
                -57.371,
                -25.209
              ],
              [
                -57.371,
                -25.209
              ],
              [
                -57.371,
                -25.209
              ],
              [
                -57.371,
                -25.209
              ],
              [
                -57.371,
                -25.209
              ],
              [
                -57.371,
                -25.209
              ],
              [
                -57.371,
                -25.209
              ],
              [
                -57.37,
                -25.21
              ],
              [
                -57.37,
                -25.21
              ],
              [
                -57.37,
                -25.21
              ],
              [
                -57.37,
                -25.21
              ],
              [
                -57.37,
                -25.21
              ],
              [
                -57.37,
                -25.21
              ],
              [
                -57.37,
                -25.21
              ],
              [
                -57.37,
                -25.21
              ],
              [
                -57.37,
                -25.21
              ],
              [
                -57.37,
                -25.211
              ],
              [
                -57.37,
                -25.211
              ],
              [
                -57.37,
                -25.211
              ],
              [
                -57.37,
                -25.211
              ],
              [
                -57.369,
                -25.211
              ],
              [
                -57.369,
                -25.211
              ],
              [
                -57.369,
                -25.211
              ],
              [
                -57.369,
                -25.211
              ],
              [
                -57.369,
                -25.211
              ],
              [
                -57.369,
                -25.211
              ],
              [
                -57.369,
                -25.212
              ],
              [
                -57.369,
                -25.212
              ],
              [
                -57.369,
                -25.212
              ],
              [
                -57.369,
                -25.212
              ],
              [
                -57.369,
                -25.212
              ],
              [
                -57.369,
                -25.212
              ],
              [
                -57.368,
                -25.212
              ],
              [
                -57.368,
                -25.212
              ],
              [
                -57.368,
                -25.212
              ],
              [
                -57.368,
                -25.212
              ],
              [
                -57.368,
                -25.212
              ],
              [
                -57.368,
                -25.212
              ],
              [
                -57.368,
                -25.212
              ],
              [
                -57.368,
                -25.212
              ],
              [
                -57.368,
                -25.212
              ],
              [
                -57.368,
                -25.211
              ],
              [
                -57.368,
                -25.211
              ],
              [
                -57.368,
                -25.211
              ],
              [
                -57.368,
                -25.211
              ],
              [
                -57.368,
                -25.211
              ],
              [
                -57.368,
                -25.211
              ],
              [
                -57.368,
                -25.211
              ],
              [
                -57.367,
                -25.211
              ],
              [
                -57.367,
                -25.211
              ],
              [
                -57.367,
                -25.211
              ],
              [
                -57.367,
                -25.211
              ],
              [
                -57.367,
                -25.211
              ],
              [
                -57.367,
                -25.211
              ],
              [
                -57.367,
                -25.211
              ],
              [
                -57.367,
                -25.211
              ],
              [
                -57.367,
                -25.211
              ],
              [
                -57.367,
                -25.211
              ],
              [
                -57.367,
                -25.211
              ],
              [
                -57.367,
                -25.211
              ],
              [
                -57.367,
                -25.211
              ],
              [
                -57.367,
                -25.211
              ],
              [
                -57.366,
                -25.211
              ],
              [
                -57.366,
                -25.211
              ],
              [
                -57.366,
                -25.211
              ],
              [
                -57.366,
                -25.211
              ],
              [
                -57.366,
                -25.212
              ],
              [
                -57.366,
                -25.212
              ],
              [
                -57.366,
                -25.212
              ],
              [
                -57.366,
                -25.212
              ],
              [
                -57.366,
                -25.212
              ],
              [
                -57.366,
                -25.212
              ],
              [
                -57.366,
                -25.212
              ],
              [
                -57.366,
                -25.212
              ],
              [
                -57.366,
                -25.212
              ],
              [
                -57.366,
                -25.212
              ],
              [
                -57.366,
                -25.213
              ],
              [
                -57.366,
                -25.213
              ],
              [
                -57.366,
                -25.213
              ],
              [
                -57.366,
                -25.213
              ],
              [
                -57.366,
                -25.213
              ],
              [
                -57.366,
                -25.213
              ],
              [
                -57.366,
                -25.213
              ],
              [
                -57.366,
                -25.213
              ],
              [
                -57.366,
                -25.213
              ],
              [
                -57.366,
                -25.213
              ],
              [
                -57.366,
                -25.214
              ],
              [
                -57.366,
                -25.214
              ],
              [
                -57.366,
                -25.214
              ],
              [
                -57.366,
                -25.214
              ],
              [
                -57.366,
                -25.214
              ],
              [
                -57.366,
                -25.214
              ],
              [
                -57.366,
                -25.214
              ],
              [
                -57.366,
                -25.214
              ],
              [
                -57.366,
                -25.214
              ],
              [
                -57.366,
                -25.214
              ],
              [
                -57.366,
                -25.214
              ],
              [
                -57.366,
                -25.214
              ],
              [
                -57.365,
                -25.215
              ],
              [
                -57.365,
                -25.215
              ],
              [
                -57.365,
                -25.215
              ],
              [
                -57.365,
                -25.215
              ],
              [
                -57.365,
                -25.215
              ],
              [
                -57.365,
                -25.215
              ],
              [
                -57.365,
                -25.215
              ],
              [
                -57.365,
                -25.215
              ],
              [
                -57.365,
                -25.215
              ],
              [
                -57.365,
                -25.215
              ],
              [
                -57.365,
                -25.215
              ],
              [
                -57.365,
                -25.215
              ],
              [
                -57.364,
                -25.215
              ],
              [
                -57.364,
                -25.215
              ],
              [
                -57.364,
                -25.215
              ],
              [
                -57.364,
                -25.215
              ],
              [
                -57.364,
                -25.215
              ],
              [
                -57.364,
                -25.215
              ],
              [
                -57.364,
                -25.215
              ],
              [
                -57.364,
                -25.215
              ],
              [
                -57.364,
                -25.215
              ],
              [
                -57.364,
                -25.215
              ],
              [
                -57.364,
                -25.215
              ],
              [
                -57.364,
                -25.216
              ],
              [
                -57.364,
                -25.216
              ],
              [
                -57.363,
                -25.216
              ],
              [
                -57.363,
                -25.216
              ],
              [
                -57.363,
                -25.216
              ],
              [
                -57.363,
                -25.217
              ],
              [
                -57.363,
                -25.217
              ],
              [
                -57.363,
                -25.217
              ],
              [
                -57.363,
                -25.217
              ],
              [
                -57.363,
                -25.217
              ],
              [
                -57.362,
                -25.217
              ],
              [
                -57.362,
                -25.217
              ],
              [
                -57.362,
                -25.217
              ],
              [
                -57.362,
                -25.217
              ],
              [
                -57.362,
                -25.217
              ],
              [
                -57.362,
                -25.217
              ],
              [
                -57.362,
                -25.217
              ],
              [
                -57.362,
                -25.217
              ],
              [
                -57.362,
                -25.217
              ],
              [
                -57.362,
                -25.217
              ],
              [
                -57.361,
                -25.217
              ],
              [
                -57.361,
                -25.217
              ],
              [
                -57.361,
                -25.217
              ],
              [
                -57.361,
                -25.217
              ],
              [
                -57.361,
                -25.217
              ],
              [
                -57.361,
                -25.217
              ],
              [
                -57.361,
                -25.217
              ],
              [
                -57.361,
                -25.217
              ],
              [
                -57.361,
                -25.218
              ],
              [
                -57.361,
                -25.218
              ],
              [
                -57.361,
                -25.218
              ],
              [
                -57.361,
                -25.218
              ],
              [
                -57.361,
                -25.218
              ],
              [
                -57.361,
                -25.218
              ],
              [
                -57.36,
                -25.218
              ],
              [
                -57.36,
                -25.218
              ],
              [
                -57.36,
                -25.218
              ],
              [
                -57.36,
                -25.218
              ],
              [
                -57.36,
                -25.218
              ],
              [
                -57.36,
                -25.218
              ],
              [
                -57.36,
                -25.218
              ],
              [
                -57.36,
                -25.218
              ],
              [
                -57.36,
                -25.218
              ],
              [
                -57.36,
                -25.218
              ],
              [
                -57.36,
                -25.218
              ],
              [
                -57.36,
                -25.218
              ],
              [
                -57.36,
                -25.218
              ],
              [
                -57.36,
                -25.218
              ],
              [
                -57.36,
                -25.218
              ],
              [
                -57.36,
                -25.218
              ],
              [
                -57.36,
                -25.218
              ],
              [
                -57.36,
                -25.218
              ],
              [
                -57.36,
                -25.218
              ],
              [
                -57.359,
                -25.218
              ],
              [
                -57.359,
                -25.218
              ],
              [
                -57.359,
                -25.218
              ],
              [
                -57.359,
                -25.218
              ],
              [
                -57.358,
                -25.218
              ],
              [
                -57.358,
                -25.218
              ],
              [
                -57.358,
                -25.218
              ],
              [
                -57.358,
                -25.218
              ],
              [
                -57.358,
                -25.218
              ],
              [
                -57.358,
                -25.218
              ],
              [
                -57.358,
                -25.218
              ],
              [
                -57.358,
                -25.218
              ],
              [
                -57.357,
                -25.219
              ],
              [
                -57.357,
                -25.219
              ],
              [
                -57.357,
                -25.219
              ],
              [
                -57.357,
                -25.219
              ],
              [
                -57.357,
                -25.219
              ],
              [
                -57.357,
                -25.219
              ],
              [
                -57.357,
                -25.219
              ],
              [
                -57.357,
                -25.22
              ],
              [
                -57.357,
                -25.22
              ],
              [
                -57.357,
                -25.22
              ],
              [
                -57.356,
                -25.22
              ],
              [
                -57.356,
                -25.22
              ],
              [
                -57.356,
                -25.22
              ],
              [
                -57.356,
                -25.22
              ],
              [
                -57.356,
                -25.22
              ],
              [
                -57.356,
                -25.22
              ],
              [
                -57.356,
                -25.22
              ],
              [
                -57.356,
                -25.22
              ],
              [
                -57.356,
                -25.22
              ],
              [
                -57.356,
                -25.22
              ],
              [
                -57.355,
                -25.22
              ],
              [
                -57.355,
                -25.22
              ],
              [
                -57.355,
                -25.22
              ],
              [
                -57.355,
                -25.22
              ],
              [
                -57.355,
                -25.22
              ],
              [
                -57.355,
                -25.22
              ],
              [
                -57.355,
                -25.221
              ],
              [
                -57.355,
                -25.221
              ],
              [
                -57.355,
                -25.221
              ],
              [
                -57.355,
                -25.221
              ],
              [
                -57.355,
                -25.221
              ],
              [
                -57.355,
                -25.222
              ],
              [
                -57.355,
                -25.222
              ],
              [
                -57.355,
                -25.222
              ],
              [
                -57.355,
                -25.222
              ],
              [
                -57.355,
                -25.222
              ],
              [
                -57.355,
                -25.222
              ],
              [
                -57.354,
                -25.222
              ],
              [
                -57.354,
                -25.222
              ],
              [
                -57.354,
                -25.222
              ],
              [
                -57.354,
                -25.222
              ],
              [
                -57.354,
                -25.222
              ],
              [
                -57.354,
                -25.222
              ],
              [
                -57.353,
                -25.222
              ],
              [
                -57.353,
                -25.222
              ],
              [
                -57.353,
                -25.222
              ],
              [
                -57.352,
                -25.222
              ],
              [
                -57.352,
                -25.222
              ],
              [
                -57.352,
                -25.222
              ],
              [
                -57.352,
                -25.222
              ],
              [
                -57.352,
                -25.223
              ],
              [
                -57.352,
                -25.223
              ],
              [
                -57.352,
                -25.223
              ],
              [
                -57.352,
                -25.223
              ],
              [
                -57.352,
                -25.223
              ],
              [
                -57.352,
                -25.223
              ],
              [
                -57.352,
                -25.223
              ],
              [
                -57.352,
                -25.223
              ],
              [
                -57.352,
                -25.223
              ],
              [
                -57.352,
                -25.223
              ],
              [
                -57.352,
                -25.223
              ],
              [
                -57.352,
                -25.223
              ],
              [
                -57.351,
                -25.223
              ],
              [
                -57.351,
                -25.224
              ],
              [
                -57.351,
                -25.224
              ],
              [
                -57.351,
                -25.224
              ],
              [
                -57.351,
                -25.224
              ],
              [
                -57.351,
                -25.224
              ],
              [
                -57.351,
                -25.224
              ],
              [
                -57.351,
                -25.224
              ],
              [
                -57.352,
                -25.224
              ],
              [
                -57.352,
                -25.224
              ],
              [
                -57.352,
                -25.224
              ],
              [
                -57.352,
                -25.224
              ],
              [
                -57.352,
                -25.224
              ],
              [
                -57.351,
                -25.224
              ],
              [
                -57.351,
                -25.224
              ],
              [
                -57.351,
                -25.224
              ],
              [
                -57.351,
                -25.224
              ],
              [
                -57.351,
                -25.225
              ],
              [
                -57.351,
                -25.225
              ],
              [
                -57.351,
                -25.225
              ],
              [
                -57.351,
                -25.225
              ],
              [
                -57.351,
                -25.225
              ],
              [
                -57.351,
                -25.225
              ],
              [
                -57.351,
                -25.225
              ],
              [
                -57.351,
                -25.225
              ],
              [
                -57.351,
                -25.225
              ],
              [
                -57.351,
                -25.225
              ],
              [
                -57.351,
                -25.225
              ],
              [
                -57.351,
                -25.225
              ],
              [
                -57.351,
                -25.225
              ],
              [
                -57.351,
                -25.225
              ],
              [
                -57.351,
                -25.225
              ],
              [
                -57.351,
                -25.225
              ],
              [
                -57.351,
                -25.225
              ],
              [
                -57.351,
                -25.225
              ],
              [
                -57.351,
                -25.225
              ],
              [
                -57.35,
                -25.226
              ],
              [
                -57.35,
                -25.226
              ],
              [
                -57.35,
                -25.226
              ],
              [
                -57.35,
                -25.226
              ],
              [
                -57.35,
                -25.226
              ],
              [
                -57.35,
                -25.226
              ],
              [
                -57.35,
                -25.227
              ],
              [
                -57.35,
                -25.227
              ],
              [
                -57.35,
                -25.227
              ],
              [
                -57.35,
                -25.227
              ],
              [
                -57.35,
                -25.227
              ],
              [
                -57.35,
                -25.227
              ],
              [
                -57.35,
                -25.227
              ],
              [
                -57.35,
                -25.227
              ],
              [
                -57.35,
                -25.227
              ],
              [
                -57.35,
                -25.227
              ],
              [
                -57.35,
                -25.227
              ],
              [
                -57.35,
                -25.227
              ],
              [
                -57.35,
                -25.228
              ],
              [
                -57.349,
                -25.228
              ],
              [
                -57.349,
                -25.228
              ],
              [
                -57.349,
                -25.228
              ],
              [
                -57.349,
                -25.228
              ],
              [
                -57.349,
                -25.228
              ],
              [
                -57.349,
                -25.228
              ],
              [
                -57.349,
                -25.228
              ],
              [
                -57.349,
                -25.228
              ],
              [
                -57.349,
                -25.228
              ],
              [
                -57.349,
                -25.228
              ],
              [
                -57.349,
                -25.228
              ],
              [
                -57.349,
                -25.228
              ],
              [
                -57.349,
                -25.228
              ],
              [
                -57.349,
                -25.228
              ],
              [
                -57.349,
                -25.228
              ],
              [
                -57.349,
                -25.228
              ],
              [
                -57.348,
                -25.228
              ],
              [
                -57.348,
                -25.228
              ],
              [
                -57.348,
                -25.228
              ],
              [
                -57.348,
                -25.228
              ],
              [
                -57.348,
                -25.228
              ],
              [
                -57.348,
                -25.228
              ],
              [
                -57.348,
                -25.228
              ],
              [
                -57.348,
                -25.228
              ],
              [
                -57.348,
                -25.228
              ],
              [
                -57.348,
                -25.229
              ],
              [
                -57.348,
                -25.229
              ],
              [
                -57.348,
                -25.229
              ],
              [
                -57.348,
                -25.229
              ],
              [
                -57.348,
                -25.229
              ],
              [
                -57.348,
                -25.229
              ],
              [
                -57.348,
                -25.229
              ],
              [
                -57.348,
                -25.229
              ],
              [
                -57.348,
                -25.229
              ],
              [
                -57.393,
                -25.256
              ],
              [
                -57.396,
                -25.256
              ],
              [
                -57.399,
                -25.255
              ],
              [
                -57.403,
                -25.256
              ],
              [
                -57.407,
                -25.258
              ],
              [
                -57.411,
                -25.259
              ],
              [
                -57.416,
                -25.259
              ],
              [
                -57.42,
                -25.259
              ],
              [
                -57.423,
                -25.261
              ],
              [
                -57.426,
                -25.261
              ],
              [
                -57.427,
                -25.262
              ],
              [
                -57.427,
                -25.264
              ],
              [
                -57.428,
                -25.265
              ],
              [
                -57.429,
                -25.268
              ],
              [
                -57.43,
                -25.269
              ],
              [
                -57.434,
                -25.271
              ],
              [
                -57.435,
                -25.273
              ],
              [
                -57.435,
                -25.275
              ],
              [
                -57.437,
                -25.278
              ],
              [
                -57.439,
                -25.279
              ],
              [
                -57.441,
                -25.279
              ],
              [
                -57.444,
                -25.279
              ],
              [
                -57.446,
                -25.28
              ],
              [
                -57.448,
                -25.281
              ],
              [
                -57.447,
                -25.282
              ],
              [
                -57.446,
                -25.283
              ],
              [
                -57.447,
                -25.284
              ],
              [
                -57.447,
                -25.286
              ],
              [
                -57.448,
                -25.287
              ],
              [
                -57.447,
                -25.288
              ],
              [
                -57.447,
                -25.29
              ],
              [
                -57.447,
                -25.291
              ],
              [
                -57.447,
                -25.291
              ],
              [
                -57.447,
                -25.291
              ],
              [
                -57.446,
                -25.291
              ],
              [
                -57.446,
                -25.291
              ],
              [
                -57.446,
                -25.291
              ],
              [
                -57.446,
                -25.291
              ],
              [
                -57.446,
                -25.291
              ],
              [
                -57.446,
                -25.291
              ],
              [
                -57.447,
                -25.291
              ],
              [
                -57.447,
                -25.291
              ],
              [
                -57.447,
                -25.291
              ],
              [
                -57.447,
                -25.292
              ],
              [
                -57.447,
                -25.292
              ],
              [
                -57.447,
                -25.292
              ],
              [
                -57.446,
                -25.292
              ],
              [
                -57.446,
                -25.292
              ],
              [
                -57.446,
                -25.292
              ],
              [
                -57.446,
                -25.292
              ],
              [
                -57.446,
                -25.292
              ],
              [
                -57.446,
                -25.292
              ],
              [
                -57.446,
                -25.292
              ],
              [
                -57.446,
                -25.292
              ],
              [
                -57.446,
                -25.293
              ],
              [
                -57.446,
                -25.293
              ],
              [
                -57.446,
                -25.293
              ],
              [
                -57.446,
                -25.293
              ],
              [
                -57.446,
                -25.293
              ],
              [
                -57.446,
                -25.293
              ],
              [
                -57.446,
                -25.293
              ],
              [
                -57.446,
                -25.293
              ],
              [
                -57.446,
                -25.293
              ],
              [
                -57.446,
                -25.293
              ],
              [
                -57.446,
                -25.293
              ],
              [
                -57.446,
                -25.293
              ],
              [
                -57.446,
                -25.293
              ],
              [
                -57.446,
                -25.293
              ],
              [
                -57.446,
                -25.293
              ],
              [
                -57.446,
                -25.293
              ],
              [
                -57.446,
                -25.293
              ],
              [
                -57.447,
                -25.293
              ],
              [
                -57.447,
                -25.293
              ],
              [
                -57.447,
                -25.293
              ],
              [
                -57.447,
                -25.293
              ],
              [
                -57.447,
                -25.293
              ],
              [
                -57.447,
                -25.294
              ],
              [
                -57.447,
                -25.294
              ],
              [
                -57.447,
                -25.294
              ],
              [
                -57.447,
                -25.294
              ],
              [
                -57.447,
                -25.294
              ],
              [
                -57.447,
                -25.294
              ],
              [
                -57.447,
                -25.294
              ],
              [
                -57.447,
                -25.294
              ],
              [
                -57.447,
                -25.294
              ],
              [
                -57.447,
                -25.294
              ],
              [
                -57.447,
                -25.294
              ],
              [
                -57.447,
                -25.294
              ],
              [
                -57.447,
                -25.294
              ],
              [
                -57.447,
                -25.294
              ],
              [
                -57.447,
                -25.294
              ],
              [
                -57.447,
                -25.294
              ],
              [
                -57.447,
                -25.294
              ],
              [
                -57.447,
                -25.294
              ],
              [
                -57.447,
                -25.294
              ],
              [
                -57.448,
                -25.294
              ],
              [
                -57.448,
                -25.295
              ],
              [
                -57.447,
                -25.295
              ],
              [
                -57.447,
                -25.295
              ],
              [
                -57.447,
                -25.295
              ],
              [
                -57.447,
                -25.295
              ],
              [
                -57.447,
                -25.295
              ],
              [
                -57.447,
                -25.295
              ],
              [
                -57.447,
                -25.295
              ],
              [
                -57.448,
                -25.297
              ],
              [
                -57.447,
                -25.298
              ],
              [
                -57.447,
                -25.3
              ],
              [
                -57.445,
                -25.301
              ],
              [
                -57.447,
                -25.302
              ],
              [
                -57.447,
                -25.302
              ],
              [
                -57.447,
                -25.304
              ],
              [
                -57.447,
                -25.304
              ],
              [
                -57.449,
                -25.306
              ],
              [
                -57.449,
                -25.308
              ],
              [
                -57.448,
                -25.309
              ],
              [
                -57.449,
                -25.31
              ],
              [
                -57.45,
                -25.311
              ],
              [
                -57.451,
                -25.311
              ],
              [
                -57.453,
                -25.311
              ],
              [
                -57.453,
                -25.312
              ],
              [
                -57.453,
                -25.312
              ],
              [
                -57.453,
                -25.312
              ],
              [
                -57.453,
                -25.312
              ],
              [
                -57.453,
                -25.312
              ],
              [
                -57.453,
                -25.312
              ],
              [
                -57.453,
                -25.313
              ],
              [
                -57.453,
                -25.313
              ],
              [
                -57.454,
                -25.313
              ],
              [
                -57.454,
                -25.313
              ],
              [
                -57.454,
                -25.313
              ],
              [
                -57.454,
                -25.313
              ],
              [
                -57.454,
                -25.313
              ],
              [
                -57.454,
                -25.314
              ],
              [
                -57.454,
                -25.314
              ],
              [
                -57.454,
                -25.314
              ],
              [
                -57.454,
                -25.314
              ],
              [
                -57.454,
                -25.314
              ],
              [
                -57.454,
                -25.314
              ],
              [
                -57.454,
                -25.314
              ],
              [
                -57.454,
                -25.315
              ],
              [
                -57.454,
                -25.315
              ],
              [
                -57.454,
                -25.315
              ],
              [
                -57.455,
                -25.315
              ],
              [
                -57.455,
                -25.315
              ],
              [
                -57.455,
                -25.315
              ],
              [
                -57.455,
                -25.315
              ],
              [
                -57.455,
                -25.315
              ],
              [
                -57.455,
                -25.316
              ],
              [
                -57.455,
                -25.316
              ],
              [
                -57.455,
                -25.316
              ],
              [
                -57.455,
                -25.316
              ],
              [
                -57.455,
                -25.316
              ],
              [
                -57.455,
                -25.316
              ],
              [
                -57.456,
                -25.316
              ],
              [
                -57.456,
                -25.316
              ],
              [
                -57.456,
                -25.316
              ],
              [
                -57.456,
                -25.317
              ],
              [
                -57.456,
                -25.317
              ],
              [
                -57.456,
                -25.317
              ],
              [
                -57.456,
                -25.317
              ],
              [
                -57.456,
                -25.317
              ],
              [
                -57.457,
                -25.317
              ],
              [
                -57.457,
                -25.317
              ],
              [
                -57.457,
                -25.317
              ],
              [
                -57.457,
                -25.317
              ],
              [
                -57.457,
                -25.317
              ],
              [
                -57.457,
                -25.317
              ],
              [
                -57.457,
                -25.317
              ],
              [
                -57.457,
                -25.317
              ],
              [
                -57.458,
                -25.317
              ],
              [
                -57.458,
                -25.317
              ],
              [
                -57.458,
                -25.317
              ],
              [
                -57.458,
                -25.317
              ],
              [
                -57.458,
                -25.317
              ],
              [
                -57.458,
                -25.317
              ],
              [
                -57.459,
                -25.317
              ],
              [
                -57.459,
                -25.317
              ],
              [
                -57.459,
                -25.317
              ],
              [
                -57.459,
                -25.317
              ],
              [
                -57.46,
                -25.317
              ],
              [
                -57.46,
                -25.317
              ],
              [
                -57.46,
                -25.317
              ],
              [
                -57.46,
                -25.317
              ],
              [
                -57.46,
                -25.317
              ],
              [
                -57.46,
                -25.317
              ],
              [
                -57.46,
                -25.317
              ],
              [
                -57.46,
                -25.317
              ],
              [
                -57.461,
                -25.317
              ],
              [
                -57.461,
                -25.317
              ],
              [
                -57.461,
                -25.317
              ],
              [
                -57.461,
                -25.317
              ],
              [
                -57.461,
                -25.317
              ],
              [
                -57.461,
                -25.318
              ],
              [
                -57.461,
                -25.318
              ],
              [
                -57.462,
                -25.318
              ],
              [
                -57.462,
                -25.318
              ],
              [
                -57.462,
                -25.319
              ],
              [
                -57.462,
                -25.319
              ],
              [
                -57.462,
                -25.319
              ],
              [
                -57.462,
                -25.319
              ],
              [
                -57.462,
                -25.319
              ],
              [
                -57.462,
                -25.319
              ],
              [
                -57.462,
                -25.319
              ],
              [
                -57.462,
                -25.319
              ],
              [
                -57.463,
                -25.319
              ],
              [
                -57.463,
                -25.319
              ],
              [
                -57.463,
                -25.319
              ],
              [
                -57.463,
                -25.319
              ],
              [
                -57.463,
                -25.319
              ],
              [
                -57.463,
                -25.319
              ],
              [
                -57.463,
                -25.319
              ],
              [
                -57.463,
                -25.319
              ],
              [
                -57.463,
                -25.319
              ],
              [
                -57.463,
                -25.319
              ],
              [
                -57.463,
                -25.319
              ],
              [
                -57.463,
                -25.319
              ],
              [
                -57.464,
                -25.319
              ],
              [
                -57.464,
                -25.319
              ],
              [
                -57.464,
                -25.319
              ],
              [
                -57.464,
                -25.32
              ],
              [
                -57.464,
                -25.32
              ],
              [
                -57.464,
                -25.32
              ],
              [
                -57.464,
                -25.32
              ],
              [
                -57.464,
                -25.32
              ],
              [
                -57.464,
                -25.32
              ],
              [
                -57.464,
                -25.32
              ],
              [
                -57.464,
                -25.32
              ],
              [
                -57.464,
                -25.32
              ],
              [
                -57.464,
                -25.32
              ],
              [
                -57.464,
                -25.32
              ],
              [
                -57.464,
                -25.32
              ],
              [
                -57.464,
                -25.32
              ],
              [
                -57.464,
                -25.32
              ],
              [
                -57.465,
                -25.32
              ],
              [
                -57.465,
                -25.32
              ],
              [
                -57.465,
                -25.32
              ],
              [
                -57.465,
                -25.32
              ],
              [
                -57.465,
                -25.32
              ],
              [
                -57.465,
                -25.32
              ],
              [
                -57.465,
                -25.32
              ],
              [
                -57.465,
                -25.32
              ],
              [
                -57.465,
                -25.32
              ],
              [
                -57.465,
                -25.32
              ],
              [
                -57.465,
                -25.32
              ],
              [
                -57.465,
                -25.32
              ],
              [
                -57.466,
                -25.32
              ],
              [
                -57.466,
                -25.32
              ],
              [
                -57.466,
                -25.32
              ],
              [
                -57.466,
                -25.32
              ],
              [
                -57.466,
                -25.32
              ],
              [
                -57.466,
                -25.32
              ],
              [
                -57.466,
                -25.32
              ],
              [
                -57.466,
                -25.32
              ],
              [
                -57.466,
                -25.32
              ],
              [
                -57.467,
                -25.32
              ],
              [
                -57.467,
                -25.32
              ],
              [
                -57.467,
                -25.32
              ],
              [
                -57.467,
                -25.32
              ],
              [
                -57.467,
                -25.32
              ],
              [
                -57.467,
                -25.32
              ],
              [
                -57.467,
                -25.32
              ],
              [
                -57.467,
                -25.32
              ],
              [
                -57.467,
                -25.321
              ],
              [
                -57.467,
                -25.321
              ],
              [
                -57.467,
                -25.321
              ],
              [
                -57.467,
                -25.321
              ],
              [
                -57.467,
                -25.321
              ],
              [
                -57.467,
                -25.32
              ],
              [
                -57.467,
                -25.32
              ],
              [
                -57.467,
                -25.32
              ],
              [
                -57.467,
                -25.32
              ],
              [
                -57.467,
                -25.32
              ],
              [
                -57.468,
                -25.32
              ],
              [
                -57.468,
                -25.32
              ],
              [
                -57.468,
                -25.32
              ],
              [
                -57.468,
                -25.32
              ],
              [
                -57.468,
                -25.32
              ],
              [
                -57.468,
                -25.321
              ],
              [
                -57.468,
                -25.321
              ],
              [
                -57.468,
                -25.321
              ],
              [
                -57.468,
                -25.321
              ],
              [
                -57.468,
                -25.321
              ],
              [
                -57.468,
                -25.321
              ],
              [
                -57.468,
                -25.321
              ],
              [
                -57.468,
                -25.322
              ],
              [
                -57.468,
                -25.322
              ],
              [
                -57.468,
                -25.322
              ],
              [
                -57.468,
                -25.322
              ],
              [
                -57.468,
                -25.322
              ],
              [
                -57.468,
                -25.322
              ],
              [
                -57.469,
                -25.322
              ],
              [
                -57.469,
                -25.322
              ],
              [
                -57.469,
                -25.322
              ],
              [
                -57.469,
                -25.322
              ],
              [
                -57.469,
                -25.322
              ],
              [
                -57.469,
                -25.322
              ],
              [
                -57.469,
                -25.323
              ],
              [
                -57.469,
                -25.323
              ],
              [
                -57.469,
                -25.323
              ],
              [
                -57.469,
                -25.323
              ],
              [
                -57.469,
                -25.323
              ],
              [
                -57.469,
                -25.323
              ],
              [
                -57.469,
                -25.323
              ],
              [
                -57.47,
                -25.323
              ],
              [
                -57.47,
                -25.323
              ],
              [
                -57.47,
                -25.323
              ],
              [
                -57.47,
                -25.324
              ],
              [
                -57.47,
                -25.324
              ],
              [
                -57.47,
                -25.324
              ],
              [
                -57.47,
                -25.324
              ],
              [
                -57.47,
                -25.324
              ],
              [
                -57.47,
                -25.324
              ],
              [
                -57.47,
                -25.324
              ],
              [
                -57.47,
                -25.324
              ],
              [
                -57.47,
                -25.324
              ],
              [
                -57.471,
                -25.324
              ],
              [
                -57.471,
                -25.324
              ],
              [
                -57.471,
                -25.324
              ],
              [
                -57.471,
                -25.324
              ],
              [
                -57.471,
                -25.324
              ],
              [
                -57.471,
                -25.324
              ],
              [
                -57.471,
                -25.324
              ],
              [
                -57.471,
                -25.324
              ],
              [
                -57.471,
                -25.324
              ],
              [
                -57.471,
                -25.324
              ],
              [
                -57.471,
                -25.324
              ],
              [
                -57.471,
                -25.324
              ],
              [
                -57.471,
                -25.324
              ],
              [
                -57.471,
                -25.324
              ],
              [
                -57.471,
                -25.324
              ],
              [
                -57.471,
                -25.324
              ],
              [
                -57.472,
                -25.324
              ],
              [
                -57.472,
                -25.324
              ],
              [
                -57.472,
                -25.324
              ],
              [
                -57.472,
                -25.324
              ],
              [
                -57.472,
                -25.324
              ],
              [
                -57.472,
                -25.324
              ],
              [
                -57.472,
                -25.324
              ],
              [
                -57.472,
                -25.324
              ],
              [
                -57.473,
                -25.324
              ],
              [
                -57.473,
                -25.324
              ],
              [
                -57.473,
                -25.325
              ],
              [
                -57.473,
                -25.325
              ],
              [
                -57.473,
                -25.325
              ],
              [
                -57.473,
                -25.325
              ],
              [
                -57.473,
                -25.325
              ],
              [
                -57.473,
                -25.325
              ],
              [
                -57.473,
                -25.325
              ],
              [
                -57.473,
                -25.325
              ],
              [
                -57.473,
                -25.325
              ],
              [
                -57.474,
                -25.325
              ],
              [
                -57.474,
                -25.325
              ],
              [
                -57.474,
                -25.325
              ],
              [
                -57.474,
                -25.325
              ],
              [
                -57.474,
                -25.325
              ],
              [
                -57.475,
                -25.325
              ],
              [
                -57.475,
                -25.325
              ],
              [
                -57.475,
                -25.325
              ],
              [
                -57.475,
                -25.325
              ],
              [
                -57.475,
                -25.325
              ],
              [
                -57.475,
                -25.325
              ],
              [
                -57.475,
                -25.324
              ],
              [
                -57.475,
                -25.324
              ],
              [
                -57.475,
                -25.324
              ],
              [
                -57.475,
                -25.324
              ],
              [
                -57.475,
                -25.324
              ],
              [
                -57.475,
                -25.324
              ],
              [
                -57.475,
                -25.324
              ],
              [
                -57.475,
                -25.324
              ],
              [
                -57.475,
                -25.324
              ],
              [
                -57.476,
                -25.324
              ],
              [
                -57.476,
                -25.324
              ],
              [
                -57.476,
                -25.324
              ],
              [
                -57.476,
                -25.324
              ],
              [
                -57.476,
                -25.324
              ],
              [
                -57.476,
                -25.324
              ],
              [
                -57.476,
                -25.324
              ],
              [
                -57.476,
                -25.324
              ],
              [
                -57.476,
                -25.324
              ],
              [
                -57.476,
                -25.323
              ],
              [
                -57.476,
                -25.323
              ],
              [
                -57.476,
                -25.323
              ],
              [
                -57.477,
                -25.323
              ],
              [
                -57.477,
                -25.323
              ],
              [
                -57.477,
                -25.323
              ],
              [
                -57.477,
                -25.323
              ],
              [
                -57.477,
                -25.323
              ],
              [
                -57.477,
                -25.323
              ],
              [
                -57.477,
                -25.323
              ],
              [
                -57.477,
                -25.323
              ],
              [
                -57.477,
                -25.323
              ],
              [
                -57.477,
                -25.323
              ],
              [
                -57.477,
                -25.323
              ],
              [
                -57.477,
                -25.323
              ],
              [
                -57.477,
                -25.323
              ],
              [
                -57.477,
                -25.323
              ],
              [
                -57.478,
                -25.323
              ],
              [
                -57.478,
                -25.323
              ],
              [
                -57.478,
                -25.323
              ],
              [
                -57.478,
                -25.323
              ],
              [
                -57.478,
                -25.323
              ],
              [
                -57.478,
                -25.323
              ],
              [
                -57.478,
                -25.323
              ],
              [
                -57.478,
                -25.322
              ],
              [
                -57.478,
                -25.322
              ],
              [
                -57.478,
                -25.322
              ],
              [
                -57.478,
                -25.322
              ],
              [
                -57.478,
                -25.322
              ],
              [
                -57.479,
                -25.322
              ],
              [
                -57.479,
                -25.321
              ],
              [
                -57.479,
                -25.321
              ],
              [
                -57.479,
                -25.321
              ],
              [
                -57.479,
                -25.321
              ],
              [
                -57.479,
                -25.321
              ],
              [
                -57.48,
                -25.321
              ],
              [
                -57.48,
                -25.32
              ],
              [
                -57.48,
                -25.32
              ],
              [
                -57.48,
                -25.32
              ],
              [
                -57.48,
                -25.32
              ],
              [
                -57.48,
                -25.32
              ],
              [
                -57.48,
                -25.32
              ],
              [
                -57.48,
                -25.32
              ],
              [
                -57.48,
                -25.32
              ],
              [
                -57.481,
                -25.32
              ],
              [
                -57.481,
                -25.32
              ],
              [
                -57.481,
                -25.32
              ],
              [
                -57.481,
                -25.319
              ],
              [
                -57.481,
                -25.319
              ],
              [
                -57.481,
                -25.319
              ],
              [
                -57.481,
                -25.319
              ],
              [
                -57.481,
                -25.319
              ],
              [
                -57.481,
                -25.319
              ],
              [
                -57.481,
                -25.319
              ],
              [
                -57.481,
                -25.319
              ],
              [
                -57.481,
                -25.319
              ],
              [
                -57.481,
                -25.318
              ],
              [
                -57.481,
                -25.318
              ],
              [
                -57.481,
                -25.318
              ],
              [
                -57.481,
                -25.318
              ],
              [
                -57.481,
                -25.318
              ],
              [
                -57.481,
                -25.318
              ],
              [
                -57.481,
                -25.318
              ],
              [
                -57.481,
                -25.318
              ],
              [
                -57.482,
                -25.318
              ],
              [
                -57.482,
                -25.318
              ],
              [
                -57.482,
                -25.318
              ],
              [
                -57.482,
                -25.318
              ],
              [
                -57.482,
                -25.318
              ],
              [
                -57.482,
                -25.318
              ],
              [
                -57.483,
                -25.318
              ],
              [
                -57.483,
                -25.318
              ],
              [
                -57.483,
                -25.318
              ],
              [
                -57.483,
                -25.318
              ],
              [
                -57.483,
                -25.318
              ],
              [
                -57.483,
                -25.318
              ],
              [
                -57.483,
                -25.318
              ],
              [
                -57.483,
                -25.318
              ],
              [
                -57.483,
                -25.318
              ],
              [
                -57.484,
                -25.318
              ],
              [
                -57.484,
                -25.318
              ],
              [
                -57.484,
                -25.318
              ],
              [
                -57.484,
                -25.318
              ],
              [
                -57.484,
                -25.318
              ],
              [
                -57.484,
                -25.318
              ],
              [
                -57.484,
                -25.318
              ],
              [
                -57.484,
                -25.318
              ],
              [
                -57.484,
                -25.318
              ],
              [
                -57.484,
                -25.318
              ],
              [
                -57.484,
                -25.318
              ],
              [
                -57.484,
                -25.318
              ],
              [
                -57.484,
                -25.318
              ],
              [
                -57.484,
                -25.317
              ],
              [
                -57.485,
                -25.317
              ],
              [
                -57.485,
                -25.317
              ],
              [
                -57.485,
                -25.317
              ],
              [
                -57.485,
                -25.317
              ],
              [
                -57.485,
                -25.317
              ],
              [
                -57.485,
                -25.317
              ],
              [
                -57.485,
                -25.317
              ],
              [
                -57.485,
                -25.317
              ],
              [
                -57.486,
                -25.317
              ],
              [
                -57.486,
                -25.317
              ],
              [
                -57.486,
                -25.317
              ],
              [
                -57.486,
                -25.317
              ],
              [
                -57.486,
                -25.317
              ],
              [
                -57.486,
                -25.317
              ],
              [
                -57.486,
                -25.317
              ],
              [
                -57.486,
                -25.317
              ],
              [
                -57.486,
                -25.317
              ],
              [
                -57.486,
                -25.318
              ],
              [
                -57.486,
                -25.318
              ],
              [
                -57.486,
                -25.318
              ],
              [
                -57.486,
                -25.318
              ],
              [
                -57.486,
                -25.318
              ],
              [
                -57.486,
                -25.318
              ],
              [
                -57.486,
                -25.318
              ],
              [
                -57.486,
                -25.318
              ],
              [
                -57.486,
                -25.317
              ],
              [
                -57.486,
                -25.317
              ],
              [
                -57.486,
                -25.317
              ],
              [
                -57.486,
                -25.317
              ],
              [
                -57.486,
                -25.317
              ],
              [
                -57.486,
                -25.317
              ],
              [
                -57.486,
                -25.317
              ],
              [
                -57.486,
                -25.317
              ],
              [
                -57.487,
                -25.317
              ],
              [
                -57.487,
                -25.317
              ],
              [
                -57.487,
                -25.317
              ],
              [
                -57.487,
                -25.317
              ],
              [
                -57.487,
                -25.317
              ],
              [
                -57.487,
                -25.317
              ],
              [
                -57.487,
                -25.317
              ],
              [
                -57.487,
                -25.317
              ],
              [
                -57.488,
                -25.317
              ],
              [
                -57.488,
                -25.317
              ],
              [
                -57.488,
                -25.317
              ],
              [
                -57.488,
                -25.317
              ],
              [
                -57.488,
                -25.317
              ],
              [
                -57.488,
                -25.317
              ],
              [
                -57.488,
                -25.317
              ],
              [
                -57.488,
                -25.317
              ],
              [
                -57.488,
                -25.317
              ],
              [
                -57.488,
                -25.316
              ],
              [
                -57.488,
                -25.316
              ],
              [
                -57.488,
                -25.316
              ],
              [
                -57.488,
                -25.316
              ],
              [
                -57.489,
                -25.316
              ],
              [
                -57.489,
                -25.316
              ],
              [
                -57.489,
                -25.316
              ],
              [
                -57.489,
                -25.316
              ],
              [
                -57.489,
                -25.316
              ],
              [
                -57.489,
                -25.316
              ],
              [
                -57.489,
                -25.316
              ],
              [
                -57.489,
                -25.316
              ],
              [
                -57.489,
                -25.316
              ],
              [
                -57.489,
                -25.316
              ],
              [
                -57.489,
                -25.316
              ],
              [
                -57.489,
                -25.316
              ],
              [
                -57.489,
                -25.316
              ],
              [
                -57.489,
                -25.316
              ],
              [
                -57.489,
                -25.316
              ],
              [
                -57.489,
                -25.316
              ],
              [
                -57.489,
                -25.316
              ],
              [
                -57.489,
                -25.316
              ],
              [
                -57.489,
                -25.316
              ],
              [
                -57.489,
                -25.316
              ],
              [
                -57.489,
                -25.316
              ],
              [
                -57.489,
                -25.316
              ],
              [
                -57.489,
                -25.316
              ],
              [
                -57.489,
                -25.316
              ],
              [
                -57.489,
                -25.316
              ],
              [
                -57.489,
                -25.316
              ],
              [
                -57.489,
                -25.316
              ],
              [
                -57.489,
                -25.316
              ],
              [
                -57.489,
                -25.316
              ],
              [
                -57.489,
                -25.316
              ],
              [
                -57.489,
                -25.316
              ],
              [
                -57.489,
                -25.316
              ],
              [
                -57.489,
                -25.316
              ],
              [
                -57.489,
                -25.316
              ],
              [
                -57.489,
                -25.316
              ],
              [
                -57.489,
                -25.316
              ],
              [
                -57.489,
                -25.316
              ],
              [
                -57.489,
                -25.316
              ],
              [
                -57.489,
                -25.316
              ],
              [
                -57.489,
                -25.316
              ],
              [
                -57.489,
                -25.316
              ],
              [
                -57.489,
                -25.316
              ],
              [
                -57.489,
                -25.316
              ],
              [
                -57.49,
                -25.316
              ],
              [
                -57.49,
                -25.316
              ],
              [
                -57.49,
                -25.316
              ],
              [
                -57.49,
                -25.316
              ],
              [
                -57.49,
                -25.316
              ],
              [
                -57.49,
                -25.316
              ],
              [
                -57.49,
                -25.316
              ],
              [
                -57.49,
                -25.316
              ],
              [
                -57.49,
                -25.316
              ],
              [
                -57.49,
                -25.316
              ],
              [
                -57.49,
                -25.316
              ],
              [
                -57.49,
                -25.316
              ],
              [
                -57.49,
                -25.316
              ],
              [
                -57.49,
                -25.316
              ],
              [
                -57.49,
                -25.316
              ],
              [
                -57.49,
                -25.316
              ],
              [
                -57.49,
                -25.316
              ],
              [
                -57.49,
                -25.316
              ],
              [
                -57.49,
                -25.316
              ],
              [
                -57.49,
                -25.316
              ],
              [
                -57.49,
                -25.316
              ],
              [
                -57.49,
                -25.316
              ],
              [
                -57.49,
                -25.316
              ],
              [
                -57.49,
                -25.316
              ],
              [
                -57.49,
                -25.316
              ],
              [
                -57.49,
                -25.316
              ],
              [
                -57.49,
                -25.316
              ],
              [
                -57.49,
                -25.316
              ],
              [
                -57.49,
                -25.316
              ],
              [
                -57.49,
                -25.316
              ],
              [
                -57.49,
                -25.316
              ],
              [
                -57.49,
                -25.316
              ],
              [
                -57.49,
                -25.316
              ],
              [
                -57.49,
                -25.316
              ],
              [
                -57.49,
                -25.316
              ],
              [
                -57.49,
                -25.316
              ],
              [
                -57.49,
                -25.316
              ],
              [
                -57.49,
                -25.316
              ],
              [
                -57.49,
                -25.316
              ],
              [
                -57.49,
                -25.316
              ],
              [
                -57.49,
                -25.316
              ],
              [
                -57.49,
                -25.316
              ],
              [
                -57.49,
                -25.316
              ],
              [
                -57.49,
                -25.316
              ],
              [
                -57.49,
                -25.316
              ],
              [
                -57.49,
                -25.316
              ],
              [
                -57.49,
                -25.316
              ],
              [
                -57.49,
                -25.316
              ],
              [
                -57.49,
                -25.316
              ],
              [
                -57.49,
                -25.316
              ],
              [
                -57.49,
                -25.316
              ],
              [
                -57.49,
                -25.316
              ],
              [
                -57.49,
                -25.316
              ],
              [
                -57.49,
                -25.316
              ],
              [
                -57.49,
                -25.316
              ],
              [
                -57.49,
                -25.316
              ],
              [
                -57.49,
                -25.316
              ],
              [
                -57.49,
                -25.316
              ],
              [
                -57.49,
                -25.316
              ],
              [
                -57.49,
                -25.316
              ],
              [
                -57.49,
                -25.316
              ],
              [
                -57.491,
                -25.316
              ],
              [
                -57.491,
                -25.316
              ],
              [
                -57.491,
                -25.316
              ],
              [
                -57.491,
                -25.316
              ],
              [
                -57.491,
                -25.316
              ],
              [
                -57.491,
                -25.316
              ],
              [
                -57.491,
                -25.316
              ],
              [
                -57.491,
                -25.316
              ],
              [
                -57.491,
                -25.316
              ],
              [
                -57.491,
                -25.316
              ],
              [
                -57.491,
                -25.316
              ],
              [
                -57.491,
                -25.316
              ],
              [
                -57.491,
                -25.316
              ],
              [
                -57.491,
                -25.316
              ],
              [
                -57.491,
                -25.316
              ],
              [
                -57.491,
                -25.316
              ],
              [
                -57.491,
                -25.316
              ],
              [
                -57.491,
                -25.316
              ],
              [
                -57.491,
                -25.316
              ],
              [
                -57.491,
                -25.316
              ],
              [
                -57.491,
                -25.316
              ],
              [
                -57.491,
                -25.316
              ],
              [
                -57.491,
                -25.316
              ],
              [
                -57.491,
                -25.316
              ],
              [
                -57.491,
                -25.316
              ],
              [
                -57.491,
                -25.316
              ],
              [
                -57.491,
                -25.316
              ],
              [
                -57.491,
                -25.316
              ],
              [
                -57.491,
                -25.316
              ],
              [
                -57.491,
                -25.316
              ],
              [
                -57.491,
                -25.316
              ],
              [
                -57.491,
                -25.316
              ],
              [
                -57.491,
                -25.316
              ],
              [
                -57.491,
                -25.316
              ],
              [
                -57.491,
                -25.316
              ],
              [
                -57.491,
                -25.316
              ],
              [
                -57.491,
                -25.316
              ],
              [
                -57.491,
                -25.316
              ],
              [
                -57.491,
                -25.316
              ],
              [
                -57.491,
                -25.316
              ],
              [
                -57.491,
                -25.316
              ],
              [
                -57.491,
                -25.316
              ],
              [
                -57.491,
                -25.316
              ],
              [
                -57.491,
                -25.316
              ],
              [
                -57.491,
                -25.316
              ],
              [
                -57.492,
                -25.316
              ],
              [
                -57.492,
                -25.316
              ],
              [
                -57.492,
                -25.316
              ],
              [
                -57.492,
                -25.316
              ],
              [
                -57.492,
                -25.316
              ],
              [
                -57.492,
                -25.316
              ],
              [
                -57.492,
                -25.316
              ],
              [
                -57.492,
                -25.316
              ],
              [
                -57.492,
                -25.316
              ],
              [
                -57.492,
                -25.316
              ],
              [
                -57.492,
                -25.316
              ],
              [
                -57.492,
                -25.316
              ],
              [
                -57.492,
                -25.316
              ],
              [
                -57.492,
                -25.316
              ],
              [
                -57.492,
                -25.316
              ],
              [
                -57.492,
                -25.316
              ],
              [
                -57.492,
                -25.316
              ],
              [
                -57.492,
                -25.316
              ],
              [
                -57.492,
                -25.316
              ],
              [
                -57.492,
                -25.316
              ],
              [
                -57.492,
                -25.316
              ],
              [
                -57.492,
                -25.316
              ],
              [
                -57.492,
                -25.316
              ],
              [
                -57.492,
                -25.316
              ],
              [
                -57.492,
                -25.316
              ],
              [
                -57.492,
                -25.316
              ],
              [
                -57.492,
                -25.315
              ],
              [
                -57.492,
                -25.315
              ],
              [
                -57.492,
                -25.315
              ],
              [
                -57.492,
                -25.315
              ],
              [
                -57.492,
                -25.315
              ],
              [
                -57.492,
                -25.315
              ],
              [
                -57.492,
                -25.315
              ],
              [
                -57.492,
                -25.315
              ],
              [
                -57.492,
                -25.315
              ],
              [
                -57.492,
                -25.315
              ],
              [
                -57.492,
                -25.315
              ],
              [
                -57.492,
                -25.315
              ],
              [
                -57.492,
                -25.315
              ],
              [
                -57.492,
                -25.315
              ],
              [
                -57.492,
                -25.315
              ],
              [
                -57.492,
                -25.315
              ],
              [
                -57.492,
                -25.315
              ],
              [
                -57.492,
                -25.315
              ],
              [
                -57.492,
                -25.315
              ],
              [
                -57.492,
                -25.315
              ],
              [
                -57.492,
                -25.315
              ],
              [
                -57.492,
                -25.315
              ],
              [
                -57.492,
                -25.315
              ],
              [
                -57.492,
                -25.315
              ],
              [
                -57.493,
                -25.315
              ],
              [
                -57.493,
                -25.315
              ],
              [
                -57.493,
                -25.315
              ],
              [
                -57.493,
                -25.315
              ],
              [
                -57.493,
                -25.315
              ],
              [
                -57.493,
                -25.315
              ],
              [
                -57.493,
                -25.315
              ],
              [
                -57.493,
                -25.315
              ],
              [
                -57.493,
                -25.315
              ],
              [
                -57.493,
                -25.315
              ],
              [
                -57.493,
                -25.315
              ],
              [
                -57.493,
                -25.315
              ],
              [
                -57.493,
                -25.315
              ],
              [
                -57.493,
                -25.315
              ],
              [
                -57.493,
                -25.315
              ],
              [
                -57.493,
                -25.315
              ],
              [
                -57.493,
                -25.315
              ],
              [
                -57.493,
                -25.315
              ],
              [
                -57.493,
                -25.315
              ],
              [
                -57.493,
                -25.314
              ],
              [
                -57.493,
                -25.314
              ],
              [
                -57.493,
                -25.314
              ],
              [
                -57.493,
                -25.314
              ],
              [
                -57.493,
                -25.314
              ],
              [
                -57.493,
                -25.314
              ],
              [
                -57.493,
                -25.314
              ],
              [
                -57.493,
                -25.314
              ],
              [
                -57.493,
                -25.314
              ],
              [
                -57.493,
                -25.314
              ],
              [
                -57.493,
                -25.314
              ],
              [
                -57.493,
                -25.314
              ],
              [
                -57.493,
                -25.314
              ],
              [
                -57.493,
                -25.314
              ],
              [
                -57.493,
                -25.314
              ],
              [
                -57.493,
                -25.314
              ],
              [
                -57.493,
                -25.314
              ],
              [
                -57.493,
                -25.314
              ],
              [
                -57.493,
                -25.314
              ],
              [
                -57.493,
                -25.314
              ],
              [
                -57.493,
                -25.314
              ],
              [
                -57.493,
                -25.314
              ],
              [
                -57.493,
                -25.314
              ],
              [
                -57.493,
                -25.314
              ],
              [
                -57.493,
                -25.314
              ],
              [
                -57.493,
                -25.314
              ],
              [
                -57.493,
                -25.314
              ],
              [
                -57.493,
                -25.314
              ],
              [
                -57.493,
                -25.314
              ],
              [
                -57.493,
                -25.314
              ],
              [
                -57.493,
                -25.314
              ],
              [
                -57.493,
                -25.314
              ],
              [
                -57.493,
                -25.314
              ],
              [
                -57.493,
                -25.314
              ],
              [
                -57.493,
                -25.314
              ],
              [
                -57.493,
                -25.314
              ],
              [
                -57.493,
                -25.314
              ],
              [
                -57.493,
                -25.314
              ],
              [
                -57.493,
                -25.314
              ],
              [
                -57.493,
                -25.314
              ],
              [
                -57.493,
                -25.314
              ],
              [
                -57.493,
                -25.314
              ],
              [
                -57.493,
                -25.314
              ],
              [
                -57.493,
                -25.314
              ],
              [
                -57.493,
                -25.314
              ],
              [
                -57.493,
                -25.314
              ],
              [
                -57.493,
                -25.314
              ],
              [
                -57.493,
                -25.314
              ],
              [
                -57.493,
                -25.314
              ],
              [
                -57.493,
                -25.314
              ],
              [
                -57.493,
                -25.314
              ],
              [
                -57.493,
                -25.314
              ],
              [
                -57.493,
                -25.314
              ],
              [
                -57.493,
                -25.314
              ],
              [
                -57.493,
                -25.314
              ],
              [
                -57.493,
                -25.314
              ],
              [
                -57.493,
                -25.314
              ],
              [
                -57.493,
                -25.313
              ],
              [
                -57.493,
                -25.313
              ],
              [
                -57.493,
                -25.313
              ],
              [
                -57.493,
                -25.313
              ],
              [
                -57.493,
                -25.313
              ],
              [
                -57.493,
                -25.313
              ],
              [
                -57.493,
                -25.313
              ],
              [
                -57.493,
                -25.313
              ],
              [
                -57.493,
                -25.313
              ],
              [
                -57.493,
                -25.313
              ],
              [
                -57.493,
                -25.313
              ],
              [
                -57.493,
                -25.313
              ],
              [
                -57.493,
                -25.313
              ],
              [
                -57.493,
                -25.313
              ],
              [
                -57.493,
                -25.313
              ],
              [
                -57.493,
                -25.313
              ],
              [
                -57.493,
                -25.313
              ],
              [
                -57.493,
                -25.313
              ],
              [
                -57.493,
                -25.313
              ],
              [
                -57.493,
                -25.313
              ],
              [
                -57.493,
                -25.313
              ],
              [
                -57.493,
                -25.313
              ],
              [
                -57.493,
                -25.313
              ],
              [
                -57.494,
                -25.313
              ],
              [
                -57.494,
                -25.313
              ],
              [
                -57.494,
                -25.313
              ],
              [
                -57.494,
                -25.313
              ],
              [
                -57.494,
                -25.313
              ],
              [
                -57.494,
                -25.313
              ],
              [
                -57.494,
                -25.313
              ],
              [
                -57.494,
                -25.312
              ],
              [
                -57.494,
                -25.312
              ],
              [
                -57.494,
                -25.312
              ],
              [
                -57.494,
                -25.312
              ],
              [
                -57.494,
                -25.312
              ],
              [
                -57.494,
                -25.312
              ],
              [
                -57.494,
                -25.312
              ],
              [
                -57.494,
                -25.312
              ],
              [
                -57.494,
                -25.312
              ],
              [
                -57.494,
                -25.312
              ],
              [
                -57.494,
                -25.312
              ],
              [
                -57.494,
                -25.312
              ],
              [
                -57.494,
                -25.312
              ],
              [
                -57.494,
                -25.312
              ],
              [
                -57.494,
                -25.312
              ],
              [
                -57.494,
                -25.312
              ],
              [
                -57.494,
                -25.312
              ],
              [
                -57.494,
                -25.312
              ],
              [
                -57.494,
                -25.312
              ],
              [
                -57.494,
                -25.312
              ],
              [
                -57.494,
                -25.312
              ],
              [
                -57.494,
                -25.312
              ],
              [
                -57.494,
                -25.312
              ],
              [
                -57.494,
                -25.312
              ],
              [
                -57.494,
                -25.312
              ],
              [
                -57.494,
                -25.312
              ],
              [
                -57.494,
                -25.312
              ],
              [
                -57.494,
                -25.312
              ],
              [
                -57.494,
                -25.312
              ],
              [
                -57.494,
                -25.312
              ],
              [
                -57.494,
                -25.312
              ],
              [
                -57.494,
                -25.312
              ],
              [
                -57.494,
                -25.312
              ],
              [
                -57.494,
                -25.312
              ],
              [
                -57.494,
                -25.312
              ],
              [
                -57.494,
                -25.312
              ],
              [
                -57.494,
                -25.312
              ],
              [
                -57.494,
                -25.312
              ],
              [
                -57.494,
                -25.312
              ],
              [
                -57.494,
                -25.312
              ],
              [
                -57.494,
                -25.312
              ],
              [
                -57.494,
                -25.312
              ],
              [
                -57.495,
                -25.312
              ],
              [
                -57.495,
                -25.312
              ],
              [
                -57.495,
                -25.312
              ],
              [
                -57.495,
                -25.312
              ],
              [
                -57.495,
                -25.312
              ],
              [
                -57.495,
                -25.312
              ],
              [
                -57.495,
                -25.312
              ],
              [
                -57.495,
                -25.312
              ],
              [
                -57.495,
                -25.312
              ],
              [
                -57.495,
                -25.312
              ],
              [
                -57.495,
                -25.312
              ],
              [
                -57.495,
                -25.312
              ],
              [
                -57.495,
                -25.312
              ],
              [
                -57.495,
                -25.312
              ],
              [
                -57.495,
                -25.312
              ],
              [
                -57.495,
                -25.312
              ],
              [
                -57.495,
                -25.312
              ],
              [
                -57.495,
                -25.312
              ],
              [
                -57.495,
                -25.312
              ],
              [
                -57.495,
                -25.312
              ],
              [
                -57.495,
                -25.312
              ],
              [
                -57.495,
                -25.312
              ],
              [
                -57.495,
                -25.312
              ],
              [
                -57.495,
                -25.312
              ],
              [
                -57.495,
                -25.312
              ],
              [
                -57.495,
                -25.312
              ],
              [
                -57.495,
                -25.312
              ],
              [
                -57.495,
                -25.312
              ],
              [
                -57.495,
                -25.312
              ],
              [
                -57.495,
                -25.312
              ],
              [
                -57.495,
                -25.312
              ],
              [
                -57.495,
                -25.312
              ],
              [
                -57.495,
                -25.312
              ],
              [
                -57.495,
                -25.312
              ],
              [
                -57.496,
                -25.312
              ],
              [
                -57.496,
                -25.312
              ],
              [
                -57.496,
                -25.312
              ],
              [
                -57.496,
                -25.312
              ],
              [
                -57.496,
                -25.312
              ],
              [
                -57.496,
                -25.312
              ],
              [
                -57.496,
                -25.312
              ],
              [
                -57.496,
                -25.312
              ],
              [
                -57.496,
                -25.312
              ],
              [
                -57.496,
                -25.312
              ],
              [
                -57.496,
                -25.312
              ],
              [
                -57.496,
                -25.312
              ],
              [
                -57.496,
                -25.312
              ],
              [
                -57.496,
                -25.312
              ],
              [
                -57.496,
                -25.311
              ],
              [
                -57.496,
                -25.311
              ],
              [
                -57.496,
                -25.311
              ],
              [
                -57.496,
                -25.311
              ],
              [
                -57.496,
                -25.311
              ],
              [
                -57.496,
                -25.311
              ],
              [
                -57.496,
                -25.311
              ],
              [
                -57.496,
                -25.311
              ],
              [
                -57.496,
                -25.311
              ],
              [
                -57.496,
                -25.311
              ],
              [
                -57.496,
                -25.311
              ],
              [
                -57.496,
                -25.311
              ],
              [
                -57.496,
                -25.311
              ],
              [
                -57.496,
                -25.311
              ],
              [
                -57.496,
                -25.311
              ],
              [
                -57.496,
                -25.311
              ],
              [
                -57.496,
                -25.311
              ],
              [
                -57.496,
                -25.311
              ],
              [
                -57.496,
                -25.311
              ],
              [
                -57.497,
                -25.311
              ],
              [
                -57.497,
                -25.311
              ],
              [
                -57.497,
                -25.311
              ],
              [
                -57.497,
                -25.311
              ],
              [
                -57.497,
                -25.311
              ],
              [
                -57.497,
                -25.311
              ],
              [
                -57.497,
                -25.311
              ],
              [
                -57.497,
                -25.311
              ],
              [
                -57.497,
                -25.311
              ],
              [
                -57.497,
                -25.311
              ],
              [
                -57.497,
                -25.311
              ],
              [
                -57.497,
                -25.311
              ],
              [
                -57.497,
                -25.311
              ],
              [
                -57.497,
                -25.311
              ],
              [
                -57.497,
                -25.311
              ],
              [
                -57.497,
                -25.311
              ],
              [
                -57.497,
                -25.311
              ],
              [
                -57.497,
                -25.311
              ],
              [
                -57.497,
                -25.311
              ],
              [
                -57.497,
                -25.311
              ],
              [
                -57.497,
                -25.311
              ],
              [
                -57.497,
                -25.311
              ],
              [
                -57.497,
                -25.311
              ],
              [
                -57.497,
                -25.311
              ],
              [
                -57.497,
                -25.311
              ],
              [
                -57.497,
                -25.311
              ],
              [
                -57.497,
                -25.311
              ],
              [
                -57.497,
                -25.311
              ],
              [
                -57.498,
                -25.311
              ],
              [
                -57.498,
                -25.311
              ],
              [
                -57.498,
                -25.311
              ],
              [
                -57.498,
                -25.311
              ],
              [
                -57.498,
                -25.311
              ],
              [
                -57.498,
                -25.311
              ],
              [
                -57.498,
                -25.311
              ],
              [
                -57.498,
                -25.311
              ],
              [
                -57.498,
                -25.311
              ],
              [
                -57.498,
                -25.311
              ],
              [
                -57.498,
                -25.311
              ],
              [
                -57.498,
                -25.311
              ],
              [
                -57.498,
                -25.311
              ],
              [
                -57.498,
                -25.311
              ],
              [
                -57.498,
                -25.311
              ],
              [
                -57.498,
                -25.311
              ],
              [
                -57.498,
                -25.311
              ],
              [
                -57.498,
                -25.311
              ],
              [
                -57.498,
                -25.311
              ],
              [
                -57.498,
                -25.311
              ],
              [
                -57.498,
                -25.311
              ],
              [
                -57.498,
                -25.311
              ],
              [
                -57.498,
                -25.311
              ],
              [
                -57.498,
                -25.311
              ],
              [
                -57.498,
                -25.311
              ],
              [
                -57.499,
                -25.311
              ],
              [
                -57.499,
                -25.311
              ],
              [
                -57.499,
                -25.311
              ],
              [
                -57.499,
                -25.311
              ],
              [
                -57.499,
                -25.311
              ],
              [
                -57.499,
                -25.311
              ],
              [
                -57.499,
                -25.311
              ],
              [
                -57.499,
                -25.311
              ],
              [
                -57.499,
                -25.311
              ],
              [
                -57.499,
                -25.311
              ],
              [
                -57.499,
                -25.311
              ],
              [
                -57.499,
                -25.311
              ],
              [
                -57.499,
                -25.311
              ],
              [
                -57.499,
                -25.311
              ],
              [
                -57.499,
                -25.311
              ],
              [
                -57.499,
                -25.311
              ],
              [
                -57.499,
                -25.311
              ],
              [
                -57.499,
                -25.311
              ],
              [
                -57.499,
                -25.311
              ],
              [
                -57.499,
                -25.311
              ],
              [
                -57.499,
                -25.311
              ],
              [
                -57.499,
                -25.311
              ],
              [
                -57.499,
                -25.311
              ],
              [
                -57.499,
                -25.311
              ],
              [
                -57.499,
                -25.311
              ],
              [
                -57.5,
                -25.311
              ],
              [
                -57.5,
                -25.311
              ],
              [
                -57.5,
                -25.311
              ],
              [
                -57.5,
                -25.311
              ],
              [
                -57.5,
                -25.311
              ],
              [
                -57.5,
                -25.311
              ],
              [
                -57.5,
                -25.311
              ],
              [
                -57.5,
                -25.311
              ],
              [
                -57.5,
                -25.311
              ],
              [
                -57.5,
                -25.311
              ],
              [
                -57.5,
                -25.311
              ],
              [
                -57.5,
                -25.311
              ],
              [
                -57.5,
                -25.311
              ],
              [
                -57.5,
                -25.311
              ],
              [
                -57.5,
                -25.311
              ],
              [
                -57.5,
                -25.311
              ],
              [
                -57.5,
                -25.311
              ],
              [
                -57.5,
                -25.311
              ],
              [
                -57.5,
                -25.311
              ],
              [
                -57.5,
                -25.311
              ],
              [
                -57.5,
                -25.311
              ],
              [
                -57.5,
                -25.311
              ],
              [
                -57.5,
                -25.311
              ],
              [
                -57.5,
                -25.311
              ],
              [
                -57.5,
                -25.311
              ],
              [
                -57.5,
                -25.311
              ],
              [
                -57.501,
                -25.31
              ],
              [
                -57.501,
                -25.31
              ],
              [
                -57.501,
                -25.31
              ],
              [
                -57.501,
                -25.31
              ],
              [
                -57.501,
                -25.31
              ],
              [
                -57.501,
                -25.31
              ],
              [
                -57.501,
                -25.31
              ],
              [
                -57.501,
                -25.31
              ],
              [
                -57.501,
                -25.31
              ],
              [
                -57.501,
                -25.31
              ],
              [
                -57.501,
                -25.31
              ],
              [
                -57.501,
                -25.31
              ],
              [
                -57.501,
                -25.31
              ],
              [
                -57.501,
                -25.31
              ],
              [
                -57.501,
                -25.31
              ],
              [
                -57.501,
                -25.31
              ],
              [
                -57.501,
                -25.31
              ],
              [
                -57.501,
                -25.31
              ],
              [
                -57.501,
                -25.31
              ],
              [
                -57.501,
                -25.31
              ],
              [
                -57.501,
                -25.31
              ],
              [
                -57.501,
                -25.31
              ],
              [
                -57.501,
                -25.31
              ],
              [
                -57.501,
                -25.31
              ],
              [
                -57.501,
                -25.31
              ],
              [
                -57.501,
                -25.31
              ],
              [
                -57.502,
                -25.31
              ],
              [
                -57.502,
                -25.31
              ],
              [
                -57.502,
                -25.31
              ],
              [
                -57.502,
                -25.31
              ],
              [
                -57.502,
                -25.31
              ],
              [
                -57.502,
                -25.31
              ],
              [
                -57.502,
                -25.31
              ],
              [
                -57.502,
                -25.31
              ],
              [
                -57.502,
                -25.31
              ],
              [
                -57.502,
                -25.31
              ],
              [
                -57.502,
                -25.31
              ],
              [
                -57.502,
                -25.31
              ],
              [
                -57.502,
                -25.31
              ],
              [
                -57.502,
                -25.31
              ],
              [
                -57.502,
                -25.31
              ],
              [
                -57.502,
                -25.31
              ],
              [
                -57.502,
                -25.31
              ],
              [
                -57.502,
                -25.31
              ],
              [
                -57.502,
                -25.31
              ],
              [
                -57.502,
                -25.31
              ],
              [
                -57.502,
                -25.31
              ],
              [
                -57.502,
                -25.31
              ],
              [
                -57.502,
                -25.31
              ],
              [
                -57.502,
                -25.31
              ],
              [
                -57.502,
                -25.31
              ],
              [
                -57.502,
                -25.31
              ],
              [
                -57.502,
                -25.31
              ],
              [
                -57.502,
                -25.31
              ],
              [
                -57.502,
                -25.31
              ],
              [
                -57.502,
                -25.31
              ],
              [
                -57.502,
                -25.309
              ],
              [
                -57.502,
                -25.309
              ],
              [
                -57.503,
                -25.309
              ],
              [
                -57.503,
                -25.309
              ],
              [
                -57.503,
                -25.309
              ],
              [
                -57.503,
                -25.309
              ],
              [
                -57.503,
                -25.309
              ],
              [
                -57.503,
                -25.309
              ],
              [
                -57.503,
                -25.309
              ],
              [
                -57.503,
                -25.309
              ],
              [
                -57.503,
                -25.309
              ],
              [
                -57.503,
                -25.309
              ],
              [
                -57.503,
                -25.309
              ],
              [
                -57.503,
                -25.309
              ],
              [
                -57.503,
                -25.309
              ],
              [
                -57.503,
                -25.309
              ],
              [
                -57.503,
                -25.309
              ],
              [
                -57.503,
                -25.309
              ],
              [
                -57.503,
                -25.309
              ],
              [
                -57.503,
                -25.309
              ],
              [
                -57.503,
                -25.309
              ],
              [
                -57.503,
                -25.309
              ],
              [
                -57.503,
                -25.309
              ],
              [
                -57.504,
                -25.309
              ],
              [
                -57.504,
                -25.309
              ],
              [
                -57.504,
                -25.309
              ],
              [
                -57.504,
                -25.309
              ],
              [
                -57.504,
                -25.309
              ],
              [
                -57.504,
                -25.309
              ],
              [
                -57.504,
                -25.309
              ],
              [
                -57.504,
                -25.309
              ],
              [
                -57.504,
                -25.309
              ],
              [
                -57.504,
                -25.309
              ],
              [
                -57.504,
                -25.309
              ],
              [
                -57.504,
                -25.309
              ],
              [
                -57.504,
                -25.309
              ],
              [
                -57.504,
                -25.309
              ],
              [
                -57.504,
                -25.309
              ],
              [
                -57.504,
                -25.309
              ],
              [
                -57.504,
                -25.309
              ],
              [
                -57.504,
                -25.309
              ],
              [
                -57.504,
                -25.309
              ],
              [
                -57.504,
                -25.309
              ],
              [
                -57.504,
                -25.308
              ],
              [
                -57.505,
                -25.308
              ],
              [
                -57.505,
                -25.308
              ],
              [
                -57.505,
                -25.308
              ],
              [
                -57.505,
                -25.308
              ],
              [
                -57.505,
                -25.308
              ],
              [
                -57.505,
                -25.308
              ],
              [
                -57.505,
                -25.308
              ],
              [
                -57.505,
                -25.308
              ],
              [
                -57.505,
                -25.308
              ],
              [
                -57.505,
                -25.308
              ],
              [
                -57.505,
                -25.308
              ],
              [
                -57.505,
                -25.308
              ],
              [
                -57.505,
                -25.308
              ],
              [
                -57.505,
                -25.308
              ],
              [
                -57.505,
                -25.308
              ],
              [
                -57.505,
                -25.308
              ],
              [
                -57.505,
                -25.308
              ],
              [
                -57.505,
                -25.308
              ],
              [
                -57.505,
                -25.308
              ],
              [
                -57.505,
                -25.308
              ],
              [
                -57.505,
                -25.308
              ],
              [
                -57.505,
                -25.308
              ],
              [
                -57.505,
                -25.308
              ],
              [
                -57.505,
                -25.308
              ],
              [
                -57.505,
                -25.308
              ],
              [
                -57.505,
                -25.308
              ],
              [
                -57.505,
                -25.308
              ],
              [
                -57.505,
                -25.308
              ],
              [
                -57.505,
                -25.308
              ],
              [
                -57.505,
                -25.308
              ],
              [
                -57.505,
                -25.308
              ],
              [
                -57.505,
                -25.308
              ],
              [
                -57.505,
                -25.308
              ],
              [
                -57.505,
                -25.308
              ],
              [
                -57.505,
                -25.308
              ],
              [
                -57.507,
                -25.307
              ],
              [
                -57.508,
                -25.307
              ],
              [
                -57.508,
                -25.306
              ],
              [
                -57.509,
                -25.306
              ],
              [
                -57.51,
                -25.305
              ],
              [
                -57.51,
                -25.305
              ],
              [
                -57.511,
                -25.304
              ],
              [
                -57.511,
                -25.303
              ],
              [
                -57.511,
                -25.303
              ],
              [
                -57.511,
                -25.303
              ],
              [
                -57.511,
                -25.302
              ],
              [
                -57.511,
                -25.302
              ],
              [
                -57.511,
                -25.302
              ],
              [
                -57.511,
                -25.302
              ],
              [
                -57.512,
                -25.302
              ],
              [
                -57.512,
                -25.302
              ],
              [
                -57.512,
                -25.302
              ],
              [
                -57.512,
                -25.302
              ],
              [
                -57.513,
                -25.302
              ],
              [
                -57.513,
                -25.302
              ],
              [
                -57.513,
                -25.302
              ],
              [
                -57.513,
                -25.302
              ],
              [
                -57.513,
                -25.302
              ],
              [
                -57.513,
                -25.302
              ],
              [
                -57.514,
                -25.302
              ],
              [
                -57.514,
                -25.302
              ],
              [
                -57.514,
                -25.302
              ],
              [
                -57.514,
                -25.302
              ],
              [
                -57.514,
                -25.302
              ],
              [
                -57.515,
                -25.302
              ],
              [
                -57.515,
                -25.302
              ],
              [
                -57.515,
                -25.302
              ],
              [
                -57.515,
                -25.302
              ],
              [
                -57.515,
                -25.303
              ],
              [
                -57.515,
                -25.303
              ],
              [
                -57.515,
                -25.303
              ],
              [
                -57.516,
                -25.303
              ],
              [
                -57.516,
                -25.303
              ],
              [
                -57.516,
                -25.304
              ],
              [
                -57.516,
                -25.304
              ],
              [
                -57.516,
                -25.304
              ],
              [
                -57.516,
                -25.304
              ],
              [
                -57.516,
                -25.304
              ],
              [
                -57.516,
                -25.304
              ],
              [
                -57.516,
                -25.304
              ],
              [
                -57.517,
                -25.304
              ],
              [
                -57.517,
                -25.304
              ],
              [
                -57.517,
                -25.304
              ],
              [
                -57.517,
                -25.303
              ],
              [
                -57.518,
                -25.303
              ],
              [
                -57.518,
                -25.303
              ],
              [
                -57.518,
                -25.303
              ],
              [
                -57.518,
                -25.303
              ],
              [
                -57.518,
                -25.303
              ],
              [
                -57.519,
                -25.302
              ],
              [
                -57.519,
                -25.302
              ],
              [
                -57.52,
                -25.302
              ],
              [
                -57.52,
                -25.302
              ],
              [
                -57.52,
                -25.302
              ],
              [
                -57.52,
                -25.302
              ],
              [
                -57.521,
                -25.302
              ],
              [
                -57.521,
                -25.302
              ],
              [
                -57.521,
                -25.302
              ],
              [
                -57.521,
                -25.302
              ],
              [
                -57.521,
                -25.302
              ],
              [
                -57.522,
                -25.303
              ],
              [
                -57.522,
                -25.303
              ],
              [
                -57.522,
                -25.303
              ],
              [
                -57.522,
                -25.303
              ],
              [
                -57.522,
                -25.303
              ],
              [
                -57.522,
                -25.303
              ],
              [
                -57.523,
                -25.302
              ],
              [
                -57.523,
                -25.302
              ],
              [
                -57.524,
                -25.302
              ],
              [
                -57.524,
                -25.301
              ],
              [
                -57.524,
                -25.301
              ],
              [
                -57.524,
                -25.301
              ],
              [
                -57.524,
                -25.301
              ],
              [
                -57.524,
                -25.301
              ],
              [
                -57.524,
                -25.301
              ],
              [
                -57.524,
                -25.301
              ],
              [
                -57.525,
                -25.3
              ],
              [
                -57.525,
                -25.3
              ],
              [
                -57.525,
                -25.301
              ],
              [
                -57.525,
                -25.301
              ],
              [
                -57.525,
                -25.301
              ],
              [
                -57.526,
                -25.3
              ],
              [
                -57.526,
                -25.3
              ],
              [
                -57.527,
                -25.299
              ],
              [
                -57.527,
                -25.298
              ],
              [
                -57.527,
                -25.298
              ],
              [
                -57.528,
                -25.297
              ],
              [
                -57.528,
                -25.297
              ],
              [
                -57.529,
                -25.297
              ],
              [
                -57.529,
                -25.297
              ],
              [
                -57.529,
                -25.297
              ],
              [
                -57.53,
                -25.297
              ],
              [
                -57.53,
                -25.297
              ],
              [
                -57.53,
                -25.297
              ],
              [
                -57.53,
                -25.297
              ],
              [
                -57.53,
                -25.297
              ],
              [
                -57.53,
                -25.297
              ],
              [
                -57.531,
                -25.297
              ],
              [
                -57.531,
                -25.297
              ],
              [
                -57.531,
                -25.297
              ],
              [
                -57.531,
                -25.297
              ],
              [
                -57.532,
                -25.298
              ],
              [
                -57.532,
                -25.298
              ],
              [
                -57.533,
                -25.297
              ],
              [
                -57.535,
                -25.297
              ],
              [
                -57.536,
                -25.296
              ],
              [
                -57.536,
                -25.296
              ],
              [
                -57.536,
                -25.296
              ],
              [
                -57.538,
                -25.295
              ],
              [
                -57.538,
                -25.294
              ],
              [
                -57.542,
                -25.291
              ],
              [
                -57.542,
                -25.288
              ],
              [
                -57.541,
                -25.287
              ],
              [
                -57.541,
                -25.285
              ],
              [
                -57.541,
                -25.285
              ],
              [
                -57.541,
                -25.285
              ],
              [
                -57.541,
                -25.285
              ],
              [
                -57.541,
                -25.284
              ],
              [
                -57.541,
                -25.284
              ],
              [
                -57.541,
                -25.284
              ],
              [
                -57.541,
                -25.284
              ],
              [
                -57.541,
                -25.284
              ],
              [
                -57.541,
                -25.284
              ],
              [
                -57.541,
                -25.283
              ],
              [
                -57.541,
                -25.283
              ],
              [
                -57.541,
                -25.283
              ],
              [
                -57.541,
                -25.283
              ],
              [
                -57.541,
                -25.283
              ],
              [
                -57.541,
                -25.282
              ],
              [
                -57.541,
                -25.282
              ],
              [
                -57.541,
                -25.282
              ],
              [
                -57.541,
                -25.282
              ],
              [
                -57.541,
                -25.282
              ],
              [
                -57.541,
                -25.282
              ],
              [
                -57.541,
                -25.282
              ],
              [
                -57.541,
                -25.282
              ],
              [
                -57.541,
                -25.281
              ],
              [
                -57.541,
                -25.281
              ],
              [
                -57.541,
                -25.281
              ],
              [
                -57.541,
                -25.281
              ],
              [
                -57.541,
                -25.281
              ],
              [
                -57.541,
                -25.281
              ],
              [
                -57.541,
                -25.281
              ],
              [
                -57.541,
                -25.281
              ],
              [
                -57.541,
                -25.281
              ],
              [
                -57.541,
                -25.28
              ],
              [
                -57.541,
                -25.28
              ],
              [
                -57.541,
                -25.28
              ],
              [
                -57.541,
                -25.28
              ],
              [
                -57.541,
                -25.28
              ],
              [
                -57.542,
                -25.28
              ],
              [
                -57.542,
                -25.28
              ],
              [
                -57.541,
                -25.28
              ],
              [
                -57.541,
                -25.28
              ],
              [
                -57.541,
                -25.28
              ],
              [
                -57.541,
                -25.28
              ],
              [
                -57.541,
                -25.28
              ],
              [
                -57.541,
                -25.279
              ],
              [
                -57.541,
                -25.279
              ],
              [
                -57.542,
                -25.279
              ],
              [
                -57.541,
                -25.279
              ],
              [
                -57.541,
                -25.279
              ],
              [
                -57.542,
                -25.279
              ],
              [
                -57.541,
                -25.279
              ],
              [
                -57.541,
                -25.279
              ],
              [
                -57.541,
                -25.279
              ],
              [
                -57.541,
                -25.279
              ],
              [
                -57.541,
                -25.279
              ],
              [
                -57.541,
                -25.278
              ],
              [
                -57.541,
                -25.278
              ],
              [
                -57.541,
                -25.278
              ],
              [
                -57.541,
                -25.278
              ],
              [
                -57.541,
                -25.278
              ],
              [
                -57.541,
                -25.278
              ],
              [
                -57.541,
                -25.278
              ],
              [
                -57.541,
                -25.278
              ],
              [
                -57.541,
                -25.278
              ],
              [
                -57.541,
                -25.278
              ],
              [
                -57.542,
                -25.278
              ],
              [
                -57.542,
                -25.277
              ],
              [
                -57.542,
                -25.277
              ],
              [
                -57.541,
                -25.277
              ],
              [
                -57.541,
                -25.277
              ],
              [
                -57.541,
                -25.277
              ],
              [
                -57.542,
                -25.277
              ],
              [
                -57.542,
                -25.277
              ],
              [
                -57.542,
                -25.277
              ],
              [
                -57.542,
                -25.277
              ],
              [
                -57.542,
                -25.277
              ],
              [
                -57.542,
                -25.277
              ],
              [
                -57.542,
                -25.277
              ],
              [
                -57.542,
                -25.277
              ],
              [
                -57.542,
                -25.277
              ],
              [
                -57.542,
                -25.277
              ],
              [
                -57.542,
                -25.277
              ],
              [
                -57.542,
                -25.277
              ],
              [
                -57.542,
                -25.277
              ],
              [
                -57.542,
                -25.277
              ],
              [
                -57.542,
                -25.277
              ],
              [
                -57.542,
                -25.277
              ],
              [
                -57.543,
                -25.277
              ],
              [
                -57.543,
                -25.276
              ],
              [
                -57.543,
                -25.276
              ],
              [
                -57.542,
                -25.276
              ],
              [
                -57.542,
                -25.276
              ],
              [
                -57.542,
                -25.276
              ],
              [
                -57.542,
                -25.276
              ],
              [
                -57.542,
                -25.276
              ],
              [
                -57.542,
                -25.276
              ],
              [
                -57.542,
                -25.276
              ],
              [
                -57.542,
                -25.276
              ],
              [
                -57.542,
                -25.276
              ],
              [
                -57.542,
                -25.276
              ],
              [
                -57.542,
                -25.276
              ],
              [
                -57.542,
                -25.275
              ],
              [
                -57.542,
                -25.275
              ],
              [
                -57.542,
                -25.275
              ],
              [
                -57.542,
                -25.275
              ],
              [
                -57.542,
                -25.275
              ],
              [
                -57.542,
                -25.275
              ],
              [
                -57.542,
                -25.275
              ],
              [
                -57.542,
                -25.275
              ],
              [
                -57.542,
                -25.275
              ],
              [
                -57.542,
                -25.275
              ],
              [
                -57.542,
                -25.274
              ],
              [
                -57.542,
                -25.274
              ],
              [
                -57.543,
                -25.274
              ],
              [
                -57.543,
                -25.274
              ],
              [
                -57.543,
                -25.274
              ],
              [
                -57.543,
                -25.274
              ],
              [
                -57.543,
                -25.274
              ],
              [
                -57.543,
                -25.274
              ],
              [
                -57.543,
                -25.274
              ],
              [
                -57.543,
                -25.274
              ],
              [
                -57.543,
                -25.272
              ],
              [
                -57.544,
                -25.27
              ],
              [
                -57.544,
                -25.268
              ],
              [
                -57.545,
                -25.266
              ],
              [
                -57.545,
                -25.265
              ],
              [
                -57.543,
                -25.264
              ],
              [
                -57.541,
                -25.263
              ],
              [
                -57.539,
                -25.262
              ],
              [
                -57.537,
                -25.261
              ],
              [
                -57.536,
                -25.259
              ],
              [
                -57.536,
                -25.258
              ],
              [
                -57.535,
                -25.258
              ],
              [
                -57.534,
                -25.257
              ],
              [
                -57.534,
                -25.255
              ],
              [
                -57.533,
                -25.254
              ],
              [
                -57.534,
                -25.253
              ],
              [
                -57.534,
                -25.251
              ],
              [
                -57.533,
                -25.25
              ],
              [
                -57.533,
                -25.25
              ],
              [
                -57.533,
                -25.25
              ],
              [
                -57.533,
                -25.25
              ],
              [
                -57.533,
                -25.25
              ],
              [
                -57.533,
                -25.25
              ],
              [
                -57.533,
                -25.249
              ],
              [
                -57.533,
                -25.249
              ],
              [
                -57.533,
                -25.249
              ],
              [
                -57.533,
                -25.249
              ],
              [
                -57.533,
                -25.249
              ],
              [
                -57.532,
                -25.249
              ],
              [
                -57.532,
                -25.249
              ],
              [
                -57.532,
                -25.249
              ],
              [
                -57.532,
                -25.249
              ],
              [
                -57.532,
                -25.249
              ],
              [
                -57.531,
                -25.248
              ],
              [
                -57.531,
                -25.248
              ],
              [
                -57.531,
                -25.248
              ],
              [
                -57.531,
                -25.247
              ],
              [
                -57.53,
                -25.247
              ],
              [
                -57.53,
                -25.247
              ],
              [
                -57.53,
                -25.247
              ],
              [
                -57.53,
                -25.247
              ],
              [
                -57.53,
                -25.247
              ],
              [
                -57.53,
                -25.247
              ],
              [
                -57.53,
                -25.247
              ],
              [
                -57.529,
                -25.247
              ],
              [
                -57.529,
                -25.247
              ],
              [
                -57.529,
                -25.247
              ],
              [
                -57.529,
                -25.247
              ],
              [
                -57.529,
                -25.247
              ],
              [
                -57.529,
                -25.247
              ],
              [
                -57.529,
                -25.247
              ],
              [
                -57.529,
                -25.246
              ],
              [
                -57.529,
                -25.246
              ],
              [
                -57.529,
                -25.246
              ],
              [
                -57.529,
                -25.246
              ],
              [
                -57.529,
                -25.246
              ],
              [
                -57.529,
                -25.246
              ],
              [
                -57.528,
                -25.245
              ],
              [
                -57.528,
                -25.245
              ],
              [
                -57.528,
                -25.245
              ],
              [
                -57.527,
                -25.245
              ],
              [
                -57.527,
                -25.245
              ],
              [
                -57.527,
                -25.245
              ],
              [
                -57.527,
                -25.245
              ],
              [
                -57.527,
                -25.245
              ],
              [
                -57.526,
                -25.245
              ],
              [
                -57.526,
                -25.245
              ],
              [
                -57.526,
                -25.245
              ],
              [
                -57.526,
                -25.245
              ],
              [
                -57.526,
                -25.245
              ],
              [
                -57.526,
                -25.245
              ],
              [
                -57.526,
                -25.244
              ],
              [
                -57.526,
                -25.244
              ],
              [
                -57.526,
                -25.244
              ],
              [
                -57.525,
                -25.244
              ],
              [
                -57.525,
                -25.244
              ],
              [
                -57.525,
                -25.244
              ],
              [
                -57.525,
                -25.244
              ],
              [
                -57.525,
                -25.243
              ],
              [
                -57.525,
                -25.243
              ],
              [
                -57.525,
                -25.243
              ],
              [
                -57.525,
                -25.242
              ],
              [
                -57.525,
                -25.242
              ],
              [
                -57.525,
                -25.242
              ],
              [
                -57.525,
                -25.242
              ],
              [
                -57.525,
                -25.242
              ],
              [
                -57.524,
                -25.241
              ],
              [
                -57.524,
                -25.241
              ],
              [
                -57.524,
                -25.241
              ],
              [
                -57.524,
                -25.241
              ],
              [
                -57.524,
                -25.241
              ],
              [
                -57.524,
                -25.24
              ],
              [
                -57.524,
                -25.24
              ],
              [
                -57.524,
                -25.24
              ],
              [
                -57.524,
                -25.239
              ],
              [
                -57.524,
                -25.239
              ],
              [
                -57.523,
                -25.239
              ],
              [
                -57.523,
                -25.238
              ],
              [
                -57.523,
                -25.238
              ],
              [
                -57.523,
                -25.238
              ],
              [
                -57.523,
                -25.238
              ],
              [
                -57.523,
                -25.238
              ],
              [
                -57.523,
                -25.238
              ],
              [
                -57.523,
                -25.237
              ],
              [
                -57.523,
                -25.237
              ],
              [
                -57.523,
                -25.237
              ],
              [
                -57.523,
                -25.237
              ],
              [
                -57.523,
                -25.237
              ],
              [
                -57.523,
                -25.237
              ],
              [
                -57.522,
                -25.237
              ],
              [
                -57.522,
                -25.237
              ],
              [
                -57.522,
                -25.237
              ],
              [
                -57.522,
                -25.237
              ],
              [
                -57.522,
                -25.236
              ],
              [
                -57.522,
                -25.236
              ],
              [
                -57.522,
                -25.236
              ],
              [
                -57.522,
                -25.235
              ],
              [
                -57.522,
                -25.235
              ],
              [
                -57.522,
                -25.235
              ],
              [
                -57.522,
                -25.235
              ],
              [
                -57.521,
                -25.235
              ],
              [
                -57.521,
                -25.235
              ],
              [
                -57.521,
                -25.235
              ],
              [
                -57.521,
                -25.234
              ],
              [
                -57.521,
                -25.234
              ],
              [
                -57.521,
                -25.234
              ],
              [
                -57.521,
                -25.233
              ],
              [
                -57.522,
                -25.233
              ],
              [
                -57.522,
                -25.232
              ],
              [
                -57.522,
                -25.232
              ],
              [
                -57.522,
                -25.232
              ],
              [
                -57.521,
                -25.232
              ],
              [
                -57.521,
                -25.232
              ],
              [
                -57.521,
                -25.232
              ],
              [
                -57.521,
                -25.231
              ],
              [
                -57.521,
                -25.231
              ],
              [
                -57.521,
                -25.231
              ],
              [
                -57.521,
                -25.23
              ],
              [
                -57.521,
                -25.23
              ],
              [
                -57.521,
                -25.23
              ],
              [
                -57.521,
                -25.23
              ],
              [
                -57.52,
                -25.23
              ],
              [
                -57.52,
                -25.23
              ],
              [
                -57.52,
                -25.23
              ],
              [
                -57.52,
                -25.229
              ],
              [
                -57.52,
                -25.229
              ],
              [
                -57.52,
                -25.229
              ],
              [
                -57.521,
                -25.229
              ],
              [
                -57.52,
                -25.229
              ],
              [
                -57.52,
                -25.229
              ],
              [
                -57.52,
                -25.229
              ],
              [
                -57.52,
                -25.228
              ],
              [
                -57.52,
                -25.228
              ],
              [
                -57.52,
                -25.228
              ],
              [
                -57.52,
                -25.228
              ],
              [
                -57.52,
                -25.228
              ],
              [
                -57.519,
                -25.228
              ],
              [
                -57.519,
                -25.229
              ],
              [
                -57.519,
                -25.229
              ],
              [
                -57.519,
                -25.229
              ],
              [
                -57.519,
                -25.229
              ],
              [
                -57.519,
                -25.229
              ],
              [
                -57.518,
                -25.229
              ],
              [
                -57.518,
                -25.228
              ],
              [
                -57.517,
                -25.228
              ],
              [
                -57.517,
                -25.228
              ],
              [
                -57.517,
                -25.228
              ],
              [
                -57.517,
                -25.228
              ],
              [
                -57.517,
                -25.228
              ],
              [
                -57.517,
                -25.228
              ],
              [
                -57.517,
                -25.227
              ],
              [
                -57.517,
                -25.227
              ],
              [
                -57.517,
                -25.227
              ],
              [
                -57.517,
                -25.226
              ],
              [
                -57.517,
                -25.226
              ],
              [
                -57.517,
                -25.226
              ],
              [
                -57.517,
                -25.225
              ],
              [
                -57.517,
                -25.225
              ],
              [
                -57.517,
                -25.225
              ],
              [
                -57.517,
                -25.225
              ],
              [
                -57.517,
                -25.225
              ],
              [
                -57.517,
                -25.225
              ],
              [
                -57.517,
                -25.225
              ],
              [
                -57.517,
                -25.224
              ],
              [
                -57.517,
                -25.224
              ],
              [
                -57.517,
                -25.223
              ],
              [
                -57.517,
                -25.223
              ],
              [
                -57.516,
                -25.223
              ],
              [
                -57.516,
                -25.223
              ],
              [
                -57.516,
                -25.222
              ],
              [
                -57.516,
                -25.222
              ],
              [
                -57.516,
                -25.222
              ],
              [
                -57.516,
                -25.222
              ],
              [
                -57.516,
                -25.222
              ],
              [
                -57.516,
                -25.222
              ],
              [
                -57.516,
                -25.222
              ],
              [
                -57.515,
                -25.221
              ],
              [
                -57.515,
                -25.221
              ],
              [
                -57.515,
                -25.221
              ],
              [
                -57.515,
                -25.221
              ],
              [
                -57.515,
                -25.22
              ],
              [
                -57.516,
                -25.22
              ],
              [
                -57.516,
                -25.22
              ],
              [
                -57.516,
                -25.22
              ],
              [
                -57.516,
                -25.22
              ],
              [
                -57.515,
                -25.219
              ],
              [
                -57.515,
                -25.219
              ],
              [
                -57.515,
                -25.219
              ],
              [
                -57.515,
                -25.219
              ],
              [
                -57.515,
                -25.218
              ],
              [
                -57.515,
                -25.218
              ],
              [
                -57.515,
                -25.218
              ],
              [
                -57.515,
                -25.218
              ],
              [
                -57.515,
                -25.218
              ],
              [
                -57.515,
                -25.218
              ],
              [
                -57.515,
                -25.218
              ],
              [
                -57.515,
                -25.218
              ],
              [
                -57.515,
                -25.217
              ],
              [
                -57.514,
                -25.217
              ],
              [
                -57.514,
                -25.217
              ],
              [
                -57.514,
                -25.217
              ],
              [
                -57.513,
                -25.217
              ],
              [
                -57.513,
                -25.217
              ],
              [
                -57.513,
                -25.217
              ],
              [
                -57.513,
                -25.217
              ],
              [
                -57.513,
                -25.217
              ],
              [
                -57.512,
                -25.217
              ],
              [
                -57.512,
                -25.216
              ],
              [
                -57.512,
                -25.216
              ],
              [
                -57.512,
                -25.216
              ],
              [
                -57.512,
                -25.216
              ],
              [
                -57.512,
                -25.216
              ],
              [
                -57.512,
                -25.216
              ],
              [
                -57.511,
                -25.215
              ],
              [
                -57.511,
                -25.215
              ],
              [
                -57.511,
                -25.215
              ],
              [
                -57.511,
                -25.215
              ],
              [
                -57.511,
                -25.215
              ],
              [
                -57.511,
                -25.215
              ],
              [
                -57.51,
                -25.215
              ],
              [
                -57.51,
                -25.215
              ],
              [
                -57.51,
                -25.215
              ],
              [
                -57.509,
                -25.214
              ],
              [
                -57.509,
                -25.214
              ],
              [
                -57.509,
                -25.214
              ],
              [
                -57.509,
                -25.214
              ],
              [
                -57.509,
                -25.214
              ],
              [
                -57.509,
                -25.213
              ],
              [
                -57.509,
                -25.213
              ],
              [
                -57.51,
                -25.213
              ],
              [
                -57.51,
                -25.212
              ],
              [
                -57.51,
                -25.212
              ],
              [
                -57.51,
                -25.212
              ],
              [
                -57.509,
                -25.212
              ],
              [
                -57.509,
                -25.212
              ],
              [
                -57.509,
                -25.212
              ],
              [
                -57.509,
                -25.211
              ],
              [
                -57.508,
                -25.211
              ],
              [
                -57.508,
                -25.211
              ],
              [
                -57.508,
                -25.211
              ],
              [
                -57.508,
                -25.211
              ],
              [
                -57.507,
                -25.211
              ],
              [
                -57.507,
                -25.21
              ],
              [
                -57.506,
                -25.21
              ],
              [
                -57.506,
                -25.211
              ],
              [
                -57.506,
                -25.211
              ],
              [
                -57.506,
                -25.211
              ],
              [
                -57.506,
                -25.211
              ],
              [
                -57.506,
                -25.211
              ],
              [
                -57.506,
                -25.211
              ],
              [
                -57.506,
                -25.211
              ],
              [
                -57.506,
                -25.211
              ],
              [
                -57.506,
                -25.211
              ],
              [
                -57.506,
                -25.211
              ],
              [
                -57.506,
                -25.211
              ],
              [
                -57.506,
                -25.211
              ],
              [
                -57.506,
                -25.211
              ],
              [
                -57.506,
                -25.211
              ],
              [
                -57.505,
                -25.212
              ],
              [
                -57.505,
                -25.212
              ],
              [
                -57.505,
                -25.212
              ],
              [
                -57.505,
                -25.212
              ],
              [
                -57.505,
                -25.212
              ],
              [
                -57.505,
                -25.212
              ],
              [
                -57.505,
                -25.212
              ],
              [
                -57.504,
                -25.211
              ],
              [
                -57.504,
                -25.211
              ],
              [
                -57.504,
                -25.211
              ],
              [
                -57.503,
                -25.211
              ],
              [
                -57.503,
                -25.211
              ],
              [
                -57.503,
                -25.21
              ],
              [
                -57.503,
                -25.21
              ],
              [
                -57.502,
                -25.21
              ],
              [
                -57.502,
                -25.209
              ],
              [
                -57.502,
                -25.209
              ],
              [
                -57.502,
                -25.209
              ],
              [
                -57.502,
                -25.209
              ],
              [
                -57.502,
                -25.209
              ],
              [
                -57.502,
                -25.209
              ],
              [
                -57.502,
                -25.209
              ],
              [
                -57.503,
                -25.209
              ],
              [
                -57.503,
                -25.209
              ],
              [
                -57.503,
                -25.209
              ],
              [
                -57.503,
                -25.208
              ],
              [
                -57.503,
                -25.208
              ],
              [
                -57.503,
                -25.208
              ],
              [
                -57.503,
                -25.208
              ],
              [
                -57.503,
                -25.208
              ],
              [
                -57.503,
                -25.208
              ],
              [
                -57.503,
                -25.208
              ],
              [
                -57.503,
                -25.208
              ],
              [
                -57.503,
                -25.208
              ],
              [
                -57.503,
                -25.208
              ],
              [
                -57.503,
                -25.207
              ],
              [
                -57.502,
                -25.207
              ],
              [
                -57.502,
                -25.207
              ],
              [
                -57.502,
                -25.207
              ],
              [
                -57.502,
                -25.207
              ],
              [
                -57.503,
                -25.206
              ],
              [
                -57.503,
                -25.206
              ],
              [
                -57.503,
                -25.206
              ],
              [
                -57.503,
                -25.206
              ],
              [
                -57.502,
                -25.206
              ],
              [
                -57.502,
                -25.206
              ],
              [
                -57.502,
                -25.206
              ],
              [
                -57.502,
                -25.206
              ],
              [
                -57.502,
                -25.206
              ],
              [
                -57.502,
                -25.206
              ],
              [
                -57.502,
                -25.206
              ],
              [
                -57.502,
                -25.206
              ],
              [
                -57.502,
                -25.206
              ],
              [
                -57.501,
                -25.206
              ],
              [
                -57.501,
                -25.206
              ],
              [
                -57.501,
                -25.205
              ],
              [
                -57.501,
                -25.205
              ],
              [
                -57.501,
                -25.205
              ],
              [
                -57.502,
                -25.205
              ],
              [
                -57.502,
                -25.205
              ],
              [
                -57.502,
                -25.205
              ],
              [
                -57.502,
                -25.205
              ],
              [
                -57.502,
                -25.205
              ],
              [
                -57.502,
                -25.205
              ],
              [
                -57.502,
                -25.205
              ],
              [
                -57.502,
                -25.204
              ],
              [
                -57.502,
                -25.204
              ],
              [
                -57.502,
                -25.204
              ],
              [
                -57.501,
                -25.204
              ],
              [
                -57.501,
                -25.204
              ],
              [
                -57.5,
                -25.204
              ],
              [
                -57.5,
                -25.204
              ],
              [
                -57.5,
                -25.204
              ],
              [
                -57.5,
                -25.204
              ],
              [
                -57.5,
                -25.204
              ],
              [
                -57.5,
                -25.204
              ],
              [
                -57.5,
                -25.203
              ],
              [
                -57.5,
                -25.203
              ],
              [
                -57.499,
                -25.203
              ],
              [
                -57.5,
                -25.204
              ],
              [
                -57.5,
                -25.204
              ],
              [
                -57.5,
                -25.204
              ],
              [
                -57.5,
                -25.204
              ],
              [
                -57.5,
                -25.204
              ],
              [
                -57.5,
                -25.204
              ],
              [
                -57.5,
                -25.204
              ],
              [
                -57.5,
                -25.204
              ],
              [
                -57.5,
                -25.204
              ],
              [
                -57.5,
                -25.205
              ],
              [
                -57.5,
                -25.205
              ],
              [
                -57.5,
                -25.205
              ],
              [
                -57.5,
                -25.205
              ],
              [
                -57.5,
                -25.205
              ],
              [
                -57.5,
                -25.205
              ],
              [
                -57.501,
                -25.205
              ],
              [
                -57.501,
                -25.205
              ],
              [
                -57.501,
                -25.205
              ],
              [
                -57.501,
                -25.205
              ],
              [
                -57.501,
                -25.205
              ],
              [
                -57.501,
                -25.205
              ],
              [
                -57.501,
                -25.205
              ],
              [
                -57.501,
                -25.206
              ],
              [
                -57.501,
                -25.206
              ],
              [
                -57.501,
                -25.206
              ],
              [
                -57.501,
                -25.206
              ],
              [
                -57.501,
                -25.206
              ],
              [
                -57.501,
                -25.206
              ],
              [
                -57.501,
                -25.206
              ],
              [
                -57.501,
                -25.206
              ],
              [
                -57.501,
                -25.206
              ],
              [
                -57.501,
                -25.206
              ],
              [
                -57.501,
                -25.206
              ],
              [
                -57.501,
                -25.206
              ],
              [
                -57.501,
                -25.206
              ],
              [
                -57.501,
                -25.206
              ],
              [
                -57.501,
                -25.206
              ],
              [
                -57.5,
                -25.206
              ],
              [
                -57.5,
                -25.206
              ],
              [
                -57.5,
                -25.206
              ],
              [
                -57.5,
                -25.206
              ],
              [
                -57.5,
                -25.206
              ],
              [
                -57.5,
                -25.206
              ],
              [
                -57.5,
                -25.206
              ],
              [
                -57.5,
                -25.206
              ],
              [
                -57.5,
                -25.206
              ],
              [
                -57.5,
                -25.206
              ],
              [
                -57.5,
                -25.206
              ],
              [
                -57.5,
                -25.206
              ],
              [
                -57.5,
                -25.206
              ],
              [
                -57.499,
                -25.206
              ],
              [
                -57.499,
                -25.206
              ],
              [
                -57.499,
                -25.206
              ],
              [
                -57.499,
                -25.206
              ],
              [
                -57.499,
                -25.206
              ],
              [
                -57.499,
                -25.206
              ],
              [
                -57.499,
                -25.206
              ],
              [
                -57.499,
                -25.207
              ],
              [
                -57.499,
                -25.207
              ],
              [
                -57.498,
                -25.207
              ],
              [
                -57.498,
                -25.207
              ],
              [
                -57.498,
                -25.207
              ],
              [
                -57.499,
                -25.207
              ],
              [
                -57.499,
                -25.207
              ],
              [
                -57.499,
                -25.207
              ],
              [
                -57.498,
                -25.207
              ],
              [
                -57.498,
                -25.207
              ],
              [
                -57.498,
                -25.207
              ],
              [
                -57.498,
                -25.207
              ],
              [
                -57.498,
                -25.207
              ],
              [
                -57.498,
                -25.207
              ],
              [
                -57.498,
                -25.207
              ],
              [
                -57.498,
                -25.207
              ],
              [
                -57.498,
                -25.207
              ],
              [
                -57.498,
                -25.207
              ],
              [
                -57.498,
                -25.207
              ],
              [
                -57.497,
                -25.208
              ],
              [
                -57.497,
                -25.208
              ],
              [
                -57.497,
                -25.208
              ],
              [
                -57.497,
                -25.208
              ],
              [
                -57.497,
                -25.208
              ],
              [
                -57.496,
                -25.208
              ],
              [
                -57.496,
                -25.208
              ],
              [
                -57.496,
                -25.208
              ],
              [
                -57.496,
                -25.208
              ],
              [
                -57.496,
                -25.208
              ],
              [
                -57.496,
                -25.208
              ],
              [
                -57.496,
                -25.208
              ],
              [
                -57.496,
                -25.208
              ],
              [
                -57.496,
                -25.208
              ],
              [
                -57.496,
                -25.208
              ],
              [
                -57.496,
                -25.209
              ],
              [
                -57.496,
                -25.209
              ],
              [
                -57.496,
                -25.209
              ],
              [
                -57.496,
                -25.209
              ],
              [
                -57.496,
                -25.209
              ],
              [
                -57.496,
                -25.209
              ],
              [
                -57.496,
                -25.209
              ],
              [
                -57.496,
                -25.209
              ],
              [
                -57.495,
                -25.209
              ],
              [
                -57.495,
                -25.21
              ],
              [
                -57.495,
                -25.21
              ],
              [
                -57.495,
                -25.21
              ],
              [
                -57.495,
                -25.21
              ],
              [
                -57.495,
                -25.21
              ],
              [
                -57.495,
                -25.21
              ],
              [
                -57.495,
                -25.211
              ],
              [
                -57.495,
                -25.211
              ],
              [
                -57.495,
                -25.211
              ],
              [
                -57.495,
                -25.211
              ],
              [
                -57.495,
                -25.211
              ],
              [
                -57.495,
                -25.211
              ],
              [
                -57.495,
                -25.211
              ],
              [
                -57.496,
                -25.211
              ],
              [
                -57.496,
                -25.211
              ],
              [
                -57.496,
                -25.211
              ],
              [
                -57.495,
                -25.211
              ],
              [
                -57.495,
                -25.211
              ],
              [
                -57.495,
                -25.211
              ],
              [
                -57.495,
                -25.211
              ],
              [
                -57.495,
                -25.211
              ],
              [
                -57.495,
                -25.211
              ],
              [
                -57.495,
                -25.211
              ],
              [
                -57.495,
                -25.211
              ],
              [
                -57.495,
                -25.212
              ],
              [
                -57.496,
                -25.216
              ],
              [
                -57.495,
                -25.216
              ],
              [
                -57.492,
                -25.217
              ],
              [
                -57.484,
                -25.219
              ],
              [
                -57.484,
                -25.218
              ],
              [
                -57.484,
                -25.218
              ],
              [
                -57.483,
                -25.214
              ],
              [
                -57.481,
                -25.213
              ],
              [
                -57.478,
                -25.223
              ],
              [
                -57.473,
                -25.221
              ],
              [
                -57.471,
                -25.22
              ],
              [
                -57.469,
                -25.22
              ],
              [
                -57.466,
                -25.219
              ],
              [
                -57.465,
                -25.219
              ],
              [
                -57.462,
                -25.218
              ],
              [
                -57.459,
                -25.214
              ],
              [
                -57.458,
                -25.214
              ],
              [
                -57.455,
                -25.213
              ],
              [
                -57.449,
                -25.213
              ],
              [
                -57.448,
                -25.208
              ],
              [
                -57.443,
                -25.209
              ],
              [
                -57.441,
                -25.205
              ],
              [
                -57.438,
                -25.206
              ],
              [
                -57.438,
                -25.203
              ],
              [
                -57.438,
                -25.197
              ],
              [
                -57.432,
                -25.192
              ],
              [
                -57.432,
                -25.192
              ],
              [
                -57.432,
                -25.192
              ],
              [
                -57.431,
                -25.192
              ],
              [
                -57.431,
                -25.192
              ],
              [
                -57.431,
                -25.192
              ],
              [
                -57.431,
                -25.192
              ],
              [
                -57.43,
                -25.192
              ],
              [
                -57.43,
                -25.192
              ],
              [
                -57.43,
                -25.192
              ],
              [
                -57.43,
                -25.191
              ],
              [
                -57.429,
                -25.191
              ],
              [
                -57.429,
                -25.191
              ],
              [
                -57.429,
                -25.19
              ],
              [
                -57.429,
                -25.19
              ],
              [
                -57.428,
                -25.19
              ],
              [
                -57.428,
                -25.19
              ],
              [
                -57.427,
                -25.189
              ],
              [
                -57.427,
                -25.189
              ],
              [
                -57.427,
                -25.189
              ],
              [
                -57.426,
                -25.189
              ],
              [
                -57.426,
                -25.189
              ],
              [
                -57.426,
                -25.19
              ],
              [
                -57.426,
                -25.19
              ],
              [
                -57.425,
                -25.19
              ],
              [
                -57.425,
                -25.191
              ],
              [
                -57.424,
                -25.191
              ],
              [
                -57.423,
                -25.192
              ],
              [
                -57.423,
                -25.193
              ],
              [
                -57.422,
                -25.194
              ],
              [
                -57.422,
                -25.194
              ],
              [
                -57.421,
                -25.195
              ],
              [
                -57.42,
                -25.196
              ],
              [
                -57.419,
                -25.196
              ],
              [
                -57.419,
                -25.197
              ],
              [
                -57.418,
                -25.197
              ],
              [
                -57.416,
                -25.198
              ],
              [
                -57.416,
                -25.198
              ],
              [
                -57.415,
                -25.196
              ],
              [
                -57.415,
                -25.195
              ],
              [
                -57.415,
                -25.195
              ],
              [
                -57.415,
                -25.194
              ],
              [
                -57.414,
                -25.193
              ],
              [
                -57.413,
                -25.191
              ],
              [
                -57.413,
                -25.19
              ],
              [
                -57.413,
                -25.19
              ],
              [
                -57.413,
                -25.188
              ],
              [
                -57.412,
                -25.187
              ],
              [
                -57.411,
                -25.186
              ],
              [
                -57.411,
                -25.185
              ],
              [
                -57.41,
                -25.185
              ],
              [
                -57.41,
                -25.184
              ],
              [
                -57.41,
                -25.184
              ],
              [
                -57.41,
                -25.183
              ],
              [
                -57.41,
                -25.183
              ],
              [
                -57.41,
                -25.183
              ],
              [
                -57.409,
                -25.183
              ],
              [
                -57.409,
                -25.183
              ],
              [
                -57.409,
                -25.183
              ],
              [
                -57.409,
                -25.183
              ],
              [
                -57.409,
                -25.183
              ],
              [
                -57.409,
                -25.183
              ],
              [
                -57.409,
                -25.183
              ],
              [
                -57.408,
                -25.183
              ],
              [
                -57.408,
                -25.183
              ],
              [
                -57.407,
                -25.183
              ],
              [
                -57.407,
                -25.183
              ],
              [
                -57.407,
                -25.183
              ],
              [
                -57.407,
                -25.183
              ],
              [
                -57.406,
                -25.183
              ],
              [
                -57.406,
                -25.183
              ],
              [
                -57.406,
                -25.183
              ],
              [
                -57.406,
                -25.183
              ],
              [
                -57.406,
                -25.183
              ],
              [
                -57.406,
                -25.183
              ],
              [
                -57.405,
                -25.183
              ],
              [
                -57.405,
                -25.183
              ],
              [
                -57.405,
                -25.183
              ],
              [
                -57.405,
                -25.183
              ],
              [
                -57.405,
                -25.183
              ],
              [
                -57.405,
                -25.183
              ],
              [
                -57.405,
                -25.183
              ],
              [
                -57.405,
                -25.183
              ],
              [
                -57.405,
                -25.183
              ],
              [
                -57.405,
                -25.183
              ],
              [
                -57.405,
                -25.183
              ],
              [
                -57.405,
                -25.183
              ],
              [
                -57.405,
                -25.183
              ],
              [
                -57.405,
                -25.183
              ],
              [
                -57.405,
                -25.183
              ],
              [
                -57.405,
                -25.183
              ],
              [
                -57.404,
                -25.183
              ],
              [
                -57.404,
                -25.183
              ],
              [
                -57.404,
                -25.183
              ],
              [
                -57.404,
                -25.183
              ],
              [
                -57.404,
                -25.183
              ],
              [
                -57.404,
                -25.183
              ],
              [
                -57.404,
                -25.183
              ],
              [
                -57.404,
                -25.183
              ],
              [
                -57.404,
                -25.183
              ],
              [
                -57.404,
                -25.183
              ],
              [
                -57.403,
                -25.183
              ],
              [
                -57.403,
                -25.183
              ],
              [
                -57.403,
                -25.183
              ],
              [
                -57.403,
                -25.183
              ],
              [
                -57.403,
                -25.183
              ],
              [
                -57.403,
                -25.183
              ],
              [
                -57.403,
                -25.183
              ],
              [
                -57.403,
                -25.183
              ],
              [
                -57.403,
                -25.182
              ],
              [
                -57.403,
                -25.182
              ],
              [
                -57.403,
                -25.182
              ],
              [
                -57.403,
                -25.182
              ],
              [
                -57.403,
                -25.182
              ],
              [
                -57.403,
                -25.182
              ],
              [
                -57.403,
                -25.182
              ],
              [
                -57.402,
                -25.182
              ],
              [
                -57.402,
                -25.182
              ],
              [
                -57.402,
                -25.182
              ],
              [
                -57.402,
                -25.182
              ],
              [
                -57.402,
                -25.182
              ],
              [
                -57.402,
                -25.182
              ],
              [
                -57.402,
                -25.182
              ],
              [
                -57.402,
                -25.182
              ],
              [
                -57.402,
                -25.182
              ],
              [
                -57.402,
                -25.182
              ],
              [
                -57.402,
                -25.182
              ],
              [
                -57.402,
                -25.182
              ],
              [
                -57.402,
                -25.182
              ],
              [
                -57.402,
                -25.182
              ],
              [
                -57.401,
                -25.182
              ],
              [
                -57.401,
                -25.182
              ],
              [
                -57.401,
                -25.182
              ],
              [
                -57.401,
                -25.182
              ],
              [
                -57.401,
                -25.182
              ],
              [
                -57.401,
                -25.182
              ],
              [
                -57.401,
                -25.181
              ],
              [
                -57.401,
                -25.181
              ],
              [
                -57.401,
                -25.181
              ],
              [
                -57.402,
                -25.181
              ],
              [
                -57.402,
                -25.181
              ],
              [
                -57.402,
                -25.181
              ],
              [
                -57.402,
                -25.181
              ],
              [
                -57.402,
                -25.181
              ],
              [
                -57.402,
                -25.181
              ],
              [
                -57.402,
                -25.181
              ],
              [
                -57.402,
                -25.181
              ],
              [
                -57.402,
                -25.181
              ],
              [
                -57.402,
                -25.18
              ],
              [
                -57.402,
                -25.18
              ],
              [
                -57.402,
                -25.18
              ],
              [
                -57.402,
                -25.18
              ],
              [
                -57.402,
                -25.18
              ],
              [
                -57.402,
                -25.18
              ],
              [
                -57.402,
                -25.18
              ],
              [
                -57.402,
                -25.18
              ],
              [
                -57.402,
                -25.18
              ],
              [
                -57.402,
                -25.18
              ],
              [
                -57.402,
                -25.18
              ],
              [
                -57.402,
                -25.18
              ],
              [
                -57.402,
                -25.18
              ],
              [
                -57.402,
                -25.18
              ],
              [
                -57.402,
                -25.18
              ],
              [
                -57.401,
                -25.18
              ],
              [
                -57.401,
                -25.18
              ],
              [
                -57.401,
                -25.18
              ],
              [
                -57.401,
                -25.18
              ],
              [
                -57.401,
                -25.18
              ],
              [
                -57.401,
                -25.18
              ],
              [
                -57.401,
                -25.18
              ],
              [
                -57.401,
                -25.18
              ],
              [
                -57.401,
                -25.18
              ],
              [
                -57.401,
                -25.18
              ],
              [
                -57.401,
                -25.18
              ],
              [
                -57.401,
                -25.18
              ],
              [
                -57.401,
                -25.18
              ],
              [
                -57.401,
                -25.18
              ],
              [
                -57.4,
                -25.18
              ],
              [
                -57.4,
                -25.18
              ],
              [
                -57.4,
                -25.18
              ],
              [
                -57.4,
                -25.18
              ]
            ],
            [
              [
                -57.496,
                -25.264
              ],
              [
                -57.496,
                -25.265
              ],
              [
                -57.497,
                -25.265
              ],
              [
                -57.499,
                -25.27
              ],
              [
                -57.487,
                -25.273
              ],
              [
                -57.485,
                -25.267
              ],
              [
                -57.496,
                -25.264
              ]
            ]
          ]
        ]
      }
    },
    {
      "type": "Feature",
      "properties": {
        "id": 380,
        "dpto": "L",
        "dist": 7,
        "distrito": "LIMPIO",
        "situacion": "ORDENANZA N� 043/2019",
        "area": 0,
        "estado": "Aprobado",
        "layer_kind": "urban_zoning",
        "data_source": "Catastro (paraguay.gov.py)"
      },
      "geometry": {
        "type": "MultiPolygon",
        "coordinates": [
          [
            [
              [
                -57.491,
                -25.102
              ],
              [
                -57.49,
                -25.102
              ],
              [
                -57.489,
                -25.102
              ],
              [
                -57.489,
                -25.103
              ],
              [
                -57.489,
                -25.104
              ],
              [
                -57.49,
                -25.104
              ],
              [
                -57.489,
                -25.105
              ],
              [
                -57.487,
                -25.104
              ],
              [
                -57.487,
                -25.105
              ],
              [
                -57.486,
                -25.105
              ],
              [
                -57.486,
                -25.106
              ],
              [
                -57.485,
                -25.107
              ],
              [
                -57.485,
                -25.109
              ],
              [
                -57.485,
                -25.109
              ],
              [
                -57.485,
                -25.109
              ],
              [
                -57.486,
                -25.11
              ],
              [
                -57.486,
                -25.11
              ],
              [
                -57.486,
                -25.111
              ],
              [
                -57.485,
                -25.11
              ],
              [
                -57.484,
                -25.11
              ],
              [
                -57.48,
                -25.11
              ],
              [
                -57.478,
                -25.115
              ],
              [
                -57.477,
                -25.115
              ],
              [
                -57.477,
                -25.117
              ],
              [
                -57.477,
                -25.117
              ],
              [
                -57.476,
                -25.116
              ],
              [
                -57.476,
                -25.116
              ],
              [
                -57.475,
                -25.117
              ],
              [
                -57.472,
                -25.117
              ],
              [
                -57.472,
                -25.117
              ],
              [
                -57.469,
                -25.117
              ],
              [
                -57.469,
                -25.119
              ],
              [
                -57.468,
                -25.119
              ],
              [
                -57.464,
                -25.119
              ],
              [
                -57.463,
                -25.119
              ],
              [
                -57.461,
                -25.121
              ],
              [
                -57.459,
                -25.122
              ],
              [
                -57.46,
                -25.124
              ],
              [
                -57.467,
                -25.123
              ],
              [
                -57.469,
                -25.123
              ],
              [
                -57.477,
                -25.124
              ],
              [
                -57.476,
                -25.126
              ],
              [
                -57.477,
                -25.126
              ],
              [
                -57.476,
                -25.127
              ],
              [
                -57.475,
                -25.128
              ],
              [
                -57.474,
                -25.131
              ],
              [
                -57.473,
                -25.133
              ],
              [
                -57.472,
                -25.136
              ],
              [
                -57.472,
                -25.136
              ],
              [
                -57.472,
                -25.137
              ],
              [
                -57.472,
                -25.137
              ],
              [
                -57.472,
                -25.138
              ],
              [
                -57.472,
                -25.139
              ],
              [
                -57.471,
                -25.138
              ],
              [
                -57.471,
                -25.139
              ],
              [
                -57.471,
                -25.139
              ],
              [
                -57.471,
                -25.14
              ],
              [
                -57.471,
                -25.14
              ],
              [
                -57.471,
                -25.141
              ],
              [
                -57.471,
                -25.142
              ],
              [
                -57.468,
                -25.141
              ],
              [
                -57.466,
                -25.141
              ],
              [
                -57.466,
                -25.142
              ],
              [
                -57.467,
                -25.144
              ],
              [
                -57.468,
                -25.145
              ],
              [
                -57.468,
                -25.146
              ],
              [
                -57.46,
                -25.148
              ],
              [
                -57.46,
                -25.149
              ],
              [
                -57.464,
                -25.148
              ],
              [
                -57.464,
                -25.149
              ],
              [
                -57.464,
                -25.149
              ],
              [
                -57.464,
                -25.149
              ],
              [
                -57.465,
                -25.149
              ],
              [
                -57.468,
                -25.149
              ],
              [
                -57.468,
                -25.149
              ],
              [
                -57.47,
                -25.15
              ],
              [
                -57.47,
                -25.151
              ],
              [
                -57.47,
                -25.151
              ],
              [
                -57.47,
                -25.152
              ],
              [
                -57.468,
                -25.15
              ],
              [
                -57.461,
                -25.151
              ],
              [
                -57.46,
                -25.149
              ],
              [
                -57.454,
                -25.15
              ],
              [
                -57.445,
                -25.151
              ],
              [
                -57.444,
                -25.154
              ],
              [
                -57.449,
                -25.153
              ],
              [
                -57.449,
                -25.154
              ],
              [
                -57.444,
                -25.155
              ],
              [
                -57.444,
                -25.156
              ],
              [
                -57.457,
                -25.155
              ],
              [
                -57.456,
                -25.154
              ],
              [
                -57.46,
                -25.153
              ],
              [
                -57.462,
                -25.153
              ],
              [
                -57.463,
                -25.156
              ],
              [
                -57.46,
                -25.156
              ],
              [
                -57.46,
                -25.156
              ],
              [
                -57.46,
                -25.156
              ],
              [
                -57.459,
                -25.156
              ],
              [
                -57.458,
                -25.156
              ],
              [
                -57.454,
                -25.156
              ],
              [
                -57.451,
                -25.157
              ],
              [
                -57.451,
                -25.157
              ],
              [
                -57.455,
                -25.157
              ],
              [
                -57.455,
                -25.158
              ],
              [
                -57.454,
                -25.158
              ],
              [
                -57.454,
                -25.159
              ],
              [
                -57.453,
                -25.159
              ],
              [
                -57.453,
                -25.16
              ],
              [
                -57.455,
                -25.16
              ],
              [
                -57.455,
                -25.16
              ],
              [
                -57.455,
                -25.16
              ],
              [
                -57.452,
                -25.16
              ],
              [
                -57.452,
                -25.162
              ],
              [
                -57.456,
                -25.162
              ],
              [
                -57.457,
                -25.162
              ],
              [
                -57.46,
                -25.162
              ],
              [
                -57.463,
                -25.161
              ],
              [
                -57.462,
                -25.16
              ],
              [
                -57.465,
                -25.159
              ],
              [
                -57.466,
                -25.162
              ],
              [
                -57.466,
                -25.162
              ],
              [
                -57.465,
                -25.162
              ],
              [
                -57.464,
                -25.163
              ],
              [
                -57.462,
                -25.164
              ],
              [
                -57.463,
                -25.162
              ],
              [
                -57.46,
                -25.163
              ],
              [
                -57.456,
                -25.163
              ],
              [
                -57.449,
                -25.162
              ],
              [
                -57.449,
                -25.163
              ],
              [
                -57.447,
                -25.163
              ],
              [
                -57.447,
                -25.165
              ],
              [
                -57.449,
                -25.166
              ],
              [
                -57.451,
                -25.167
              ],
              [
                -57.45,
                -25.167
              ],
              [
                -57.449,
                -25.167
              ],
              [
                -57.448,
                -25.167
              ],
              [
                -57.445,
                -25.167
              ],
              [
                -57.423,
                -25.163
              ],
              [
                -57.423,
                -25.165
              ],
              [
                -57.424,
                -25.165
              ],
              [
                -57.424,
                -25.166
              ],
              [
                -57.425,
                -25.166
              ],
              [
                -57.427,
                -25.166
              ],
              [
                -57.434,
                -25.167
              ],
              [
                -57.44,
                -25.168
              ],
              [
                -57.44,
                -25.168
              ],
              [
                -57.44,
                -25.167
              ],
              [
                -57.441,
                -25.167
              ],
              [
                -57.442,
                -25.168
              ],
              [
                -57.442,
                -25.168
              ],
              [
                -57.445,
                -25.169
              ],
              [
                -57.445,
                -25.169
              ],
              [
                -57.446,
                -25.169
              ],
              [
                -57.446,
                -25.169
              ],
              [
                -57.446,
                -25.169
              ],
              [
                -57.454,
                -25.168
              ],
              [
                -57.454,
                -25.168
              ],
              [
                -57.455,
                -25.168
              ],
              [
                -57.455,
                -25.168
              ],
              [
                -57.455,
                -25.168
              ],
              [
                -57.455,
                -25.168
              ],
              [
                -57.456,
                -25.168
              ],
              [
                -57.455,
                -25.169
              ],
              [
                -57.456,
                -25.169
              ],
              [
                -57.456,
                -25.169
              ],
              [
                -57.458,
                -25.17
              ],
              [
                -57.457,
                -25.171
              ],
              [
                -57.46,
                -25.172
              ],
              [
                -57.459,
                -25.175
              ],
              [
                -57.458,
                -25.175
              ],
              [
                -57.457,
                -25.175
              ],
              [
                -57.457,
                -25.175
              ],
              [
                -57.455,
                -25.174
              ],
              [
                -57.455,
                -25.175
              ],
              [
                -57.453,
                -25.176
              ],
              [
                -57.454,
                -25.177
              ],
              [
                -57.454,
                -25.177
              ],
              [
                -57.454,
                -25.178
              ],
              [
                -57.453,
                -25.178
              ],
              [
                -57.454,
                -25.18
              ],
              [
                -57.454,
                -25.18
              ],
              [
                -57.455,
                -25.186
              ],
              [
                -57.456,
                -25.186
              ],
              [
                -57.455,
                -25.189
              ],
              [
                -57.45,
                -25.189
              ],
              [
                -57.45,
                -25.189
              ],
              [
                -57.448,
                -25.189
              ],
              [
                -57.448,
                -25.191
              ],
              [
                -57.45,
                -25.191
              ],
              [
                -57.453,
                -25.191
              ],
              [
                -57.453,
                -25.192
              ],
              [
                -57.452,
                -25.192
              ],
              [
                -57.452,
                -25.193
              ],
              [
                -57.448,
                -25.193
              ],
              [
                -57.448,
                -25.193
              ],
              [
                -57.458,
                -25.194
              ],
              [
                -57.458,
                -25.193
              ],
              [
                -57.459,
                -25.193
              ],
              [
                -57.46,
                -25.193
              ],
              [
                -57.46,
                -25.193
              ],
              [
                -57.461,
                -25.193
              ],
              [
                -57.461,
                -25.193
              ],
              [
                -57.462,
                -25.192
              ],
              [
                -57.463,
                -25.191
              ],
              [
                -57.464,
                -25.191
              ],
              [
                -57.463,
                -25.192
              ],
              [
                -57.464,
                -25.194
              ],
              [
                -57.464,
                -25.195
              ],
              [
                -57.462,
                -25.196
              ],
              [
                -57.462,
                -25.197
              ],
              [
                -57.464,
                -25.197
              ],
              [
                -57.465,
                -25.199
              ],
              [
                -57.464,
                -25.199
              ],
              [
                -57.464,
                -25.2
              ],
              [
                -57.464,
                -25.2
              ],
              [
                -57.464,
                -25.201
              ],
              [
                -57.462,
                -25.2
              ],
              [
                -57.462,
                -25.201
              ],
              [
                -57.462,
                -25.202
              ],
              [
                -57.461,
                -25.203
              ],
              [
                -57.461,
                -25.203
              ],
              [
                -57.461,
                -25.204
              ],
              [
                -57.458,
                -25.203
              ],
              [
                -57.46,
                -25.2
              ],
              [
                -57.459,
                -25.199
              ],
              [
                -57.458,
                -25.203
              ],
              [
                -57.456,
                -25.203
              ],
              [
                -57.456,
                -25.204
              ],
              [
                -57.458,
                -25.205
              ],
              [
                -57.458,
                -25.205
              ],
              [
                -57.457,
                -25.205
              ],
              [
                -57.457,
                -25.206
              ],
              [
                -57.457,
                -25.207
              ],
              [
                -57.457,
                -25.207
              ],
              [
                -57.453,
                -25.207
              ],
              [
                -57.449,
                -25.206
              ],
              [
                -57.449,
                -25.206
              ],
              [
                -57.449,
                -25.206
              ],
              [
                -57.448,
                -25.207
              ],
              [
                -57.449,
                -25.208
              ],
              [
                -57.449,
                -25.209
              ],
              [
                -57.45,
                -25.209
              ],
              [
                -57.456,
                -25.209
              ],
              [
                -57.46,
                -25.21
              ],
              [
                -57.461,
                -25.206
              ],
              [
                -57.461,
                -25.206
              ],
              [
                -57.462,
                -25.206
              ],
              [
                -57.465,
                -25.211
              ],
              [
                -57.471,
                -25.215
              ],
              [
                -57.472,
                -25.214
              ],
              [
                -57.473,
                -25.213
              ],
              [
                -57.472,
                -25.212
              ],
              [
                -57.471,
                -25.211
              ],
              [
                -57.47,
                -25.211
              ],
              [
                -57.47,
                -25.211
              ],
              [
                -57.469,
                -25.21
              ],
              [
                -57.47,
                -25.209
              ],
              [
                -57.471,
                -25.21
              ],
              [
                -57.472,
                -25.209
              ],
              [
                -57.474,
                -25.208
              ],
              [
                -57.473,
                -25.208
              ],
              [
                -57.471,
                -25.208
              ],
              [
                -57.47,
                -25.209
              ],
              [
                -57.468,
                -25.208
              ],
              [
                -57.467,
                -25.209
              ],
              [
                -57.465,
                -25.206
              ],
              [
                -57.466,
                -25.205
              ],
              [
                -57.467,
                -25.206
              ],
              [
                -57.469,
                -25.204
              ],
              [
                -57.47,
                -25.205
              ],
              [
                -57.472,
                -25.203
              ],
              [
                -57.47,
                -25.202
              ],
              [
                -57.473,
                -25.199
              ],
              [
                -57.472,
                -25.199
              ],
              [
                -57.469,
                -25.201
              ],
              [
                -57.469,
                -25.201
              ],
              [
                -57.468,
                -25.201
              ],
              [
                -57.468,
                -25.201
              ],
              [
                -57.466,
                -25.203
              ],
              [
                -57.465,
                -25.202
              ],
              [
                -57.465,
                -25.2
              ],
              [
                -57.464,
                -25.197
              ],
              [
                -57.468,
                -25.196
              ],
              [
                -57.468,
                -25.197
              ],
              [
                -57.47,
                -25.196
              ],
              [
                -57.471,
                -25.198
              ],
              [
                -57.473,
                -25.197
              ],
              [
                -57.472,
                -25.196
              ],
              [
                -57.473,
                -25.196
              ],
              [
                -57.473,
                -25.196
              ],
              [
                -57.472,
                -25.195
              ],
              [
                -57.474,
                -25.194
              ],
              [
                -57.474,
                -25.194
              ],
              [
                -57.476,
                -25.193
              ],
              [
                -57.477,
                -25.195
              ],
              [
                -57.478,
                -25.195
              ],
              [
                -57.479,
                -25.197
              ],
              [
                -57.479,
                -25.197
              ],
              [
                -57.48,
                -25.197
              ],
              [
                -57.48,
                -25.196
              ],
              [
                -57.482,
                -25.195
              ],
              [
                -57.482,
                -25.194
              ],
              [
                -57.482,
                -25.194
              ],
              [
                -57.482,
                -25.194
              ],
              [
                -57.483,
                -25.194
              ],
              [
                -57.484,
                -25.193
              ],
              [
                -57.486,
                -25.194
              ],
              [
                -57.487,
                -25.196
              ],
              [
                -57.487,
                -25.196
              ],
              [
                -57.487,
                -25.197
              ],
              [
                -57.488,
                -25.195
              ],
              [
                -57.489,
                -25.196
              ],
              [
                -57.492,
                -25.193
              ],
              [
                -57.492,
                -25.192
              ],
              [
                -57.495,
                -25.186
              ],
              [
                -57.496,
                -25.187
              ],
              [
                -57.493,
                -25.194
              ],
              [
                -57.49,
                -25.198
              ],
              [
                -57.492,
                -25.199
              ],
              [
                -57.497,
                -25.202
              ],
              [
                -57.499,
                -25.2
              ],
              [
                -57.499,
                -25.196
              ],
              [
                -57.499,
                -25.195
              ],
              [
                -57.498,
                -25.194
              ],
              [
                -57.498,
                -25.192
              ],
              [
                -57.499,
                -25.19
              ],
              [
                -57.499,
                -25.189
              ],
              [
                -57.498,
                -25.189
              ],
              [
                -57.498,
                -25.189
              ],
              [
                -57.497,
                -25.188
              ],
              [
                -57.496,
                -25.187
              ],
              [
                -57.496,
                -25.186
              ],
              [
                -57.496,
                -25.186
              ],
              [
                -57.497,
                -25.185
              ],
              [
                -57.498,
                -25.185
              ],
              [
                -57.498,
                -25.184
              ],
              [
                -57.498,
                -25.183
              ],
              [
                -57.498,
                -25.182
              ],
              [
                -57.498,
                -25.178
              ],
              [
                -57.498,
                -25.178
              ],
              [
                -57.498,
                -25.177
              ],
              [
                -57.499,
                -25.175
              ],
              [
                -57.5,
                -25.175
              ],
              [
                -57.501,
                -25.174
              ],
              [
                -57.503,
                -25.172
              ],
              [
                -57.501,
                -25.172
              ],
              [
                -57.501,
                -25.172
              ],
              [
                -57.5,
                -25.171
              ],
              [
                -57.499,
                -25.172
              ],
              [
                -57.498,
                -25.172
              ],
              [
                -57.499,
                -25.171
              ],
              [
                -57.499,
                -25.171
              ],
              [
                -57.499,
                -25.17
              ],
              [
                -57.5,
                -25.168
              ],
              [
                -57.501,
                -25.168
              ],
              [
                -57.501,
                -25.168
              ],
              [
                -57.501,
                -25.167
              ],
              [
                -57.501,
                -25.167
              ],
              [
                -57.501,
                -25.166
              ],
              [
                -57.501,
                -25.166
              ],
              [
                -57.501,
                -25.166
              ],
              [
                -57.501,
                -25.166
              ],
              [
                -57.501,
                -25.166
              ],
              [
                -57.502,
                -25.166
              ],
              [
                -57.502,
                -25.166
              ],
              [
                -57.502,
                -25.166
              ],
              [
                -57.502,
                -25.166
              ],
              [
                -57.502,
                -25.166
              ],
              [
                -57.502,
                -25.166
              ],
              [
                -57.503,
                -25.166
              ],
              [
                -57.503,
                -25.165
              ],
              [
                -57.503,
                -25.165
              ],
              [
                -57.503,
                -25.165
              ],
              [
                -57.503,
                -25.165
              ],
              [
                -57.503,
                -25.165
              ],
              [
                -57.503,
                -25.165
              ],
              [
                -57.503,
                -25.165
              ],
              [
                -57.503,
                -25.165
              ],
              [
                -57.503,
                -25.165
              ],
              [
                -57.503,
                -25.164
              ],
              [
                -57.502,
                -25.164
              ],
              [
                -57.502,
                -25.164
              ],
              [
                -57.502,
                -25.164
              ],
              [
                -57.502,
                -25.164
              ],
              [
                -57.502,
                -25.163
              ],
              [
                -57.502,
                -25.163
              ],
              [
                -57.502,
                -25.163
              ],
              [
                -57.502,
                -25.163
              ],
              [
                -57.501,
                -25.164
              ],
              [
                -57.501,
                -25.164
              ],
              [
                -57.501,
                -25.164
              ],
              [
                -57.501,
                -25.164
              ],
              [
                -57.501,
                -25.164
              ],
              [
                -57.501,
                -25.164
              ],
              [
                -57.501,
                -25.164
              ],
              [
                -57.501,
                -25.163
              ],
              [
                -57.501,
                -25.163
              ],
              [
                -57.501,
                -25.163
              ],
              [
                -57.501,
                -25.163
              ],
              [
                -57.501,
                -25.162
              ],
              [
                -57.501,
                -25.162
              ],
              [
                -57.501,
                -25.162
              ],
              [
                -57.501,
                -25.162
              ],
              [
                -57.501,
                -25.162
              ],
              [
                -57.502,
                -25.161
              ],
              [
                -57.502,
                -25.161
              ],
              [
                -57.502,
                -25.161
              ],
              [
                -57.502,
                -25.161
              ],
              [
                -57.502,
                -25.161
              ],
              [
                -57.502,
                -25.161
              ],
              [
                -57.503,
                -25.162
              ],
              [
                -57.503,
                -25.162
              ],
              [
                -57.503,
                -25.162
              ],
              [
                -57.503,
                -25.162
              ],
              [
                -57.503,
                -25.162
              ],
              [
                -57.503,
                -25.162
              ],
              [
                -57.503,
                -25.162
              ],
              [
                -57.503,
                -25.162
              ],
              [
                -57.503,
                -25.162
              ],
              [
                -57.503,
                -25.162
              ],
              [
                -57.503,
                -25.162
              ],
              [
                -57.504,
                -25.161
              ],
              [
                -57.504,
                -25.161
              ],
              [
                -57.504,
                -25.161
              ],
              [
                -57.504,
                -25.161
              ],
              [
                -57.504,
                -25.161
              ],
              [
                -57.505,
                -25.161
              ],
              [
                -57.505,
                -25.162
              ],
              [
                -57.505,
                -25.162
              ],
              [
                -57.505,
                -25.162
              ],
              [
                -57.506,
                -25.162
              ],
              [
                -57.506,
                -25.162
              ],
              [
                -57.506,
                -25.162
              ],
              [
                -57.506,
                -25.162
              ],
              [
                -57.506,
                -25.162
              ],
              [
                -57.506,
                -25.162
              ],
              [
                -57.506,
                -25.161
              ],
              [
                -57.506,
                -25.161
              ],
              [
                -57.506,
                -25.161
              ],
              [
                -57.506,
                -25.16
              ],
              [
                -57.506,
                -25.16
              ],
              [
                -57.506,
                -25.16
              ],
              [
                -57.507,
                -25.16
              ],
              [
                -57.507,
                -25.16
              ],
              [
                -57.507,
                -25.16
              ],
              [
                -57.507,
                -25.16
              ],
              [
                -57.508,
                -25.16
              ],
              [
                -57.508,
                -25.16
              ],
              [
                -57.508,
                -25.16
              ],
              [
                -57.508,
                -25.16
              ],
              [
                -57.509,
                -25.16
              ],
              [
                -57.509,
                -25.16
              ],
              [
                -57.509,
                -25.16
              ],
              [
                -57.509,
                -25.16
              ],
              [
                -57.508,
                -25.159
              ],
              [
                -57.508,
                -25.159
              ],
              [
                -57.508,
                -25.159
              ],
              [
                -57.508,
                -25.159
              ],
              [
                -57.507,
                -25.159
              ],
              [
                -57.507,
                -25.159
              ],
              [
                -57.507,
                -25.159
              ],
              [
                -57.506,
                -25.159
              ],
              [
                -57.502,
                -25.159
              ],
              [
                -57.501,
                -25.159
              ],
              [
                -57.501,
                -25.151
              ],
              [
                -57.502,
                -25.151
              ],
              [
                -57.502,
                -25.15
              ],
              [
                -57.505,
                -25.15
              ],
              [
                -57.505,
                -25.151
              ],
              [
                -57.505,
                -25.151
              ],
              [
                -57.505,
                -25.153
              ],
              [
                -57.507,
                -25.153
              ],
              [
                -57.507,
                -25.152
              ],
              [
                -57.51,
                -25.152
              ],
              [
                -57.512,
                -25.152
              ],
              [
                -57.512,
                -25.152
              ],
              [
                -57.513,
                -25.154
              ],
              [
                -57.514,
                -25.154
              ],
              [
                -57.513,
                -25.151
              ],
              [
                -57.512,
                -25.149
              ],
              [
                -57.511,
                -25.15
              ],
              [
                -57.511,
                -25.148
              ],
              [
                -57.505,
                -25.148
              ],
              [
                -57.505,
                -25.147
              ],
              [
                -57.506,
                -25.147
              ],
              [
                -57.506,
                -25.145
              ],
              [
                -57.507,
                -25.145
              ],
              [
                -57.507,
                -25.144
              ],
              [
                -57.505,
                -25.144
              ],
              [
                -57.505,
                -25.142
              ],
              [
                -57.506,
                -25.14
              ],
              [
                -57.496,
                -25.14
              ],
              [
                -57.496,
                -25.14
              ],
              [
                -57.496,
                -25.142
              ],
              [
                -57.496,
                -25.143
              ],
              [
                -57.497,
                -25.144
              ],
              [
                -57.491,
                -25.145
              ],
              [
                -57.49,
                -25.14
              ],
              [
                -57.49,
                -25.14
              ],
              [
                -57.49,
                -25.139
              ],
              [
                -57.494,
                -25.139
              ],
              [
                -57.494,
                -25.137
              ],
              [
                -57.493,
                -25.137
              ],
              [
                -57.493,
                -25.133
              ],
              [
                -57.48,
                -25.132
              ],
              [
                -57.481,
                -25.131
              ],
              [
                -57.481,
                -25.13
              ],
              [
                -57.486,
                -25.123
              ],
              [
                -57.489,
                -25.111
              ],
              [
                -57.494,
                -25.112
              ],
              [
                -57.495,
                -25.107
              ],
              [
                -57.492,
                -25.103
              ],
              [
                -57.493,
                -25.102
              ],
              [
                -57.494,
                -25.101
              ],
              [
                -57.492,
                -25.101
              ],
              [
                -57.491,
                -25.101
              ],
              [
                -57.491,
                -25.102
              ]
            ]
          ]
        ]
      }
    },
    {
      "type": "Feature",
      "properties": {
        "id": 442,
        "dpto": "L",
        "dist": 20,
        "distrito": "J.A. SALDIVAR",
        "situacion": "ORD. No 01 (11/05/23)",
        "area": 23873327.7,
        "estado": "Aprobado",
        "area_computed": true,
        "layer_kind": "urban_zoning",
        "data_source": "Catastro (paraguay.gov.py)"
      },
      "geometry": {
        "type": "MultiPolygon",
        "coordinates": [
          [
            [
              [
                -57.435,
                -25.4
              ],
              [
                -57.435,
                -25.4
              ],
              [
                -57.434,
                -25.4
              ],
              [
                -57.435,
                -25.403
              ],
              [
                -57.434,
                -25.404
              ],
              [
                -57.434,
                -25.403
              ],
              [
                -57.434,
                -25.404
              ],
              [
                -57.427,
                -25.405
              ],
              [
                -57.428,
                -25.407
              ],
              [
                -57.423,
                -25.407
              ],
              [
                -57.423,
                -25.409
              ],
              [
                -57.423,
                -25.409
              ],
              [
                -57.423,
                -25.409
              ],
              [
                -57.424,
                -25.41
              ],
              [
                -57.426,
                -25.409
              ],
              [
                -57.426,
                -25.41
              ],
              [
                -57.426,
                -25.41
              ],
              [
                -57.426,
                -25.411
              ],
              [
                -57.428,
                -25.411
              ],
              [
                -57.428,
                -25.411
              ],
              [
                -57.428,
                -25.411
              ],
              [
                -57.428,
                -25.411
              ],
              [
                -57.429,
                -25.411
              ],
              [
                -57.429,
                -25.411
              ],
              [
                -57.429,
                -25.412
              ],
              [
                -57.429,
                -25.412
              ],
              [
                -57.428,
                -25.412
              ],
              [
                -57.428,
                -25.413
              ],
              [
                -57.427,
                -25.413
              ],
              [
                -57.425,
                -25.413
              ],
              [
                -57.425,
                -25.414
              ],
              [
                -57.426,
                -25.415
              ],
              [
                -57.426,
                -25.415
              ],
              [
                -57.426,
                -25.416
              ],
              [
                -57.426,
                -25.417
              ],
              [
                -57.419,
                -25.42
              ],
              [
                -57.419,
                -25.419
              ],
              [
                -57.42,
                -25.419
              ],
              [
                -57.42,
                -25.418
              ],
              [
                -57.42,
                -25.418
              ],
              [
                -57.42,
                -25.418
              ],
              [
                -57.416,
                -25.419
              ],
              [
                -57.415,
                -25.417
              ],
              [
                -57.411,
                -25.418
              ],
              [
                -57.405,
                -25.418
              ],
              [
                -57.405,
                -25.419
              ],
              [
                -57.404,
                -25.419
              ],
              [
                -57.405,
                -25.421
              ],
              [
                -57.405,
                -25.422
              ],
              [
                -57.405,
                -25.423
              ],
              [
                -57.411,
                -25.422
              ],
              [
                -57.417,
                -25.422
              ],
              [
                -57.417,
                -25.423
              ],
              [
                -57.411,
                -25.424
              ],
              [
                -57.407,
                -25.424
              ],
              [
                -57.405,
                -25.425
              ],
              [
                -57.405,
                -25.426
              ],
              [
                -57.418,
                -25.424
              ],
              [
                -57.417,
                -25.423
              ],
              [
                -57.423,
                -25.421
              ],
              [
                -57.423,
                -25.42
              ],
              [
                -57.423,
                -25.419
              ],
              [
                -57.427,
                -25.417
              ],
              [
                -57.428,
                -25.418
              ],
              [
                -57.427,
                -25.418
              ],
              [
                -57.428,
                -25.419
              ],
              [
                -57.428,
                -25.419
              ],
              [
                -57.426,
                -25.42
              ],
              [
                -57.426,
                -25.42
              ],
              [
                -57.422,
                -25.422
              ],
              [
                -57.421,
                -25.422
              ],
              [
                -57.422,
                -25.422
              ],
              [
                -57.418,
                -25.424
              ],
              [
                -57.418,
                -25.425
              ],
              [
                -57.407,
                -25.426
              ],
              [
                -57.407,
                -25.427
              ],
              [
                -57.404,
                -25.427
              ],
              [
                -57.404,
                -25.428
              ],
              [
                -57.418,
                -25.426
              ],
              [
                -57.419,
                -25.427
              ],
              [
                -57.404,
                -25.429
              ],
              [
                -57.403,
                -25.431
              ],
              [
                -57.419,
                -25.428
              ],
              [
                -57.419,
                -25.429
              ],
              [
                -57.417,
                -25.43
              ],
              [
                -57.417,
                -25.43
              ],
              [
                -57.417,
                -25.43
              ],
              [
                -57.417,
                -25.43
              ],
              [
                -57.411,
                -25.431
              ],
              [
                -57.411,
                -25.431
              ],
              [
                -57.403,
                -25.432
              ],
              [
                -57.403,
                -25.433
              ],
              [
                -57.404,
                -25.434
              ],
              [
                -57.404,
                -25.435
              ],
              [
                -57.408,
                -25.434
              ],
              [
                -57.408,
                -25.434
              ],
              [
                -57.408,
                -25.434
              ],
              [
                -57.408,
                -25.433
              ],
              [
                -57.42,
                -25.431
              ],
              [
                -57.42,
                -25.431
              ],
              [
                -57.432,
                -25.428
              ],
              [
                -57.432,
                -25.428
              ],
              [
                -57.429,
                -25.429
              ],
              [
                -57.429,
                -25.429
              ],
              [
                -57.434,
                -25.428
              ],
              [
                -57.435,
                -25.429
              ],
              [
                -57.435,
                -25.43
              ],
              [
                -57.43,
                -25.431
              ],
              [
                -57.43,
                -25.431
              ],
              [
                -57.433,
                -25.431
              ],
              [
                -57.433,
                -25.432
              ],
              [
                -57.427,
                -25.433
              ],
              [
                -57.427,
                -25.433
              ],
              [
                -57.42,
                -25.434
              ],
              [
                -57.42,
                -25.433
              ],
              [
                -57.42,
                -25.433
              ],
              [
                -57.413,
                -25.434
              ],
              [
                -57.412,
                -25.434
              ],
              [
                -57.408,
                -25.435
              ],
              [
                -57.408,
                -25.435
              ],
              [
                -57.404,
                -25.436
              ],
              [
                -57.404,
                -25.436
              ],
              [
                -57.403,
                -25.438
              ],
              [
                -57.403,
                -25.439
              ],
              [
                -57.404,
                -25.44
              ],
              [
                -57.414,
                -25.439
              ],
              [
                -57.417,
                -25.438
              ],
              [
                -57.421,
                -25.437
              ],
              [
                -57.422,
                -25.437
              ],
              [
                -57.422,
                -25.438
              ],
              [
                -57.429,
                -25.436
              ],
              [
                -57.429,
                -25.436
              ],
              [
                -57.432,
                -25.435
              ],
              [
                -57.436,
                -25.434
              ],
              [
                -57.436,
                -25.434
              ],
              [
                -57.437,
                -25.434
              ],
              [
                -57.438,
                -25.436
              ],
              [
                -57.439,
                -25.437
              ],
              [
                -57.435,
                -25.438
              ],
              [
                -57.435,
                -25.437
              ],
              [
                -57.431,
                -25.438
              ],
              [
                -57.431,
                -25.439
              ],
              [
                -57.429,
                -25.439
              ],
              [
                -57.429,
                -25.44
              ],
              [
                -57.429,
                -25.44
              ],
              [
                -57.429,
                -25.44
              ],
              [
                -57.426,
                -25.441
              ],
              [
                -57.421,
                -25.442
              ],
              [
                -57.421,
                -25.442
              ],
              [
                -57.42,
                -25.442
              ],
              [
                -57.42,
                -25.444
              ],
              [
                -57.42,
                -25.444
              ],
              [
                -57.42,
                -25.445
              ],
              [
                -57.423,
                -25.445
              ],
              [
                -57.423,
                -25.444
              ],
              [
                -57.428,
                -25.443
              ],
              [
                -57.433,
                -25.442
              ],
              [
                -57.434,
                -25.442
              ],
              [
                -57.434,
                -25.443
              ],
              [
                -57.434,
                -25.444
              ],
              [
                -57.434,
                -25.445
              ],
              [
                -57.434,
                -25.446
              ],
              [
                -57.434,
                -25.447
              ],
              [
                -57.434,
                -25.448
              ],
              [
                -57.433,
                -25.448
              ],
              [
                -57.433,
                -25.45
              ],
              [
                -57.433,
                -25.451
              ],
              [
                -57.433,
                -25.451
              ],
              [
                -57.434,
                -25.451
              ],
              [
                -57.434,
                -25.452
              ],
              [
                -57.434,
                -25.452
              ],
              [
                -57.433,
                -25.452
              ],
              [
                -57.433,
                -25.452
              ],
              [
                -57.43,
                -25.453
              ],
              [
                -57.43,
                -25.453
              ],
              [
                -57.43,
                -25.453
              ],
              [
                -57.43,
                -25.453
              ],
              [
                -57.434,
                -25.453
              ],
              [
                -57.431,
                -25.456
              ],
              [
                -57.427,
                -25.457
              ],
              [
                -57.427,
                -25.458
              ],
              [
                -57.43,
                -25.458
              ],
              [
                -57.428,
                -25.46
              ],
              [
                -57.437,
                -25.459
              ],
              [
                -57.447,
                -25.458
              ],
              [
                -57.448,
                -25.46
              ],
              [
                -57.451,
                -25.459
              ],
              [
                -57.454,
                -25.458
              ],
              [
                -57.463,
                -25.457
              ],
              [
                -57.473,
                -25.453
              ],
              [
                -57.473,
                -25.453
              ],
              [
                -57.472,
                -25.451
              ],
              [
                -57.468,
                -25.452
              ],
              [
                -57.467,
                -25.45
              ],
              [
                -57.47,
                -25.449
              ],
              [
                -57.472,
                -25.446
              ],
              [
                -57.471,
                -25.446
              ],
              [
                -57.47,
                -25.445
              ],
              [
                -57.47,
                -25.445
              ],
              [
                -57.469,
                -25.443
              ],
              [
                -57.468,
                -25.442
              ],
              [
                -57.467,
                -25.441
              ],
              [
                -57.467,
                -25.441
              ],
              [
                -57.467,
                -25.441
              ],
              [
                -57.466,
                -25.44
              ],
              [
                -57.465,
                -25.439
              ],
              [
                -57.465,
                -25.439
              ],
              [
                -57.464,
                -25.438
              ],
              [
                -57.464,
                -25.438
              ],
              [
                -57.463,
                -25.435
              ],
              [
                -57.462,
                -25.434
              ],
              [
                -57.461,
                -25.431
              ],
              [
                -57.46,
                -25.43
              ],
              [
                -57.459,
                -25.428
              ],
              [
                -57.459,
                -25.428
              ],
              [
                -57.459,
                -25.425
              ],
              [
                -57.459,
                -25.425
              ],
              [
                -57.458,
                -25.424
              ],
              [
                -57.458,
                -25.424
              ],
              [
                -57.458,
                -25.423
              ],
              [
                -57.457,
                -25.421
              ],
              [
                -57.456,
                -25.419
              ],
              [
                -57.456,
                -25.418
              ],
              [
                -57.456,
                -25.419
              ],
              [
                -57.455,
                -25.418
              ],
              [
                -57.453,
                -25.417
              ],
              [
                -57.453,
                -25.417
              ],
              [
                -57.453,
                -25.416
              ],
              [
                -57.452,
                -25.415
              ],
              [
                -57.451,
                -25.413
              ],
              [
                -57.451,
                -25.412
              ],
              [
                -57.45,
                -25.411
              ],
              [
                -57.45,
                -25.411
              ],
              [
                -57.45,
                -25.409
              ],
              [
                -57.45,
                -25.407
              ],
              [
                -57.45,
                -25.406
              ],
              [
                -57.45,
                -25.405
              ],
              [
                -57.45,
                -25.404
              ],
              [
                -57.449,
                -25.403
              ],
              [
                -57.449,
                -25.402
              ],
              [
                -57.449,
                -25.4
              ],
              [
                -57.448,
                -25.399
              ],
              [
                -57.448,
                -25.397
              ],
              [
                -57.447,
                -25.396
              ],
              [
                -57.435,
                -25.4
              ]
            ]
          ]
        ]
      }
    },
    {
      "type": "Feature",
      "properties": {
        "id": 299,
        "dpto": "P",
        "dist": 1,
        "distrito": "VILLA HAYES",
        "situacion": "ORDENANZA 7/15 (15/09/2015)",
        "area": 0,
        "estado": "Aprobado",
        "layer_kind": "urban_zoning",
        "data_source": "Catastro (paraguay.gov.py)"
      },
      "geometry": {
        "type": "MultiPolygon",
        "coordinates": [
          [
            [
              [
                -57.55,
                -25.154
              ],
              [
                -57.546,
                -25.155
              ],
              [
                -57.546,
                -25.156
              ],
              [
                -57.544,
                -25.159
              ],
              [
                -57.541,
                -25.162
              ],
              [
                -57.54,
                -25.163
              ],
              [
                -57.54,
                -25.167
              ],
              [
                -57.541,
                -25.168
              ],
              [
                -57.542,
                -25.172
              ],
              [
                -57.546,
                -25.18
              ],
              [
                -57.548,
                -25.183
              ],
              [
                -57.559,
                -25.174
              ],
              [
                -57.557,
                -25.173
              ],
              [
                -57.553,
                -25.17
              ],
              [
                -57.551,
                -25.17
              ],
              [
                -57.55,
                -25.168
              ],
              [
                -57.548,
                -25.167
              ],
              [
                -57.548,
                -25.161
              ],
              [
                -57.549,
                -25.159
              ],
              [
                -57.55,
                -25.159
              ],
              [
                -57.55,
                -25.154
              ]
            ]
          ]
        ]
      }
    },
    {
      "type": "Feature",
      "properties": {
        "id": 335,
        "dpto": "P",
        "dist": 6,
        "distrito": "JOSE FALCON",
        "situacion": "ORDENANZA 10/16 (26/12/16)",
        "area": 0,
        "estado": "Aprobado",
        "layer_kind": "urban_zoning",
        "data_source": "Catastro (paraguay.gov.py)"
      },
      "geometry": {
        "type": "MultiPolygon",
        "coordinates": [
          [
            [
              [
                -57.689,
                -25.228
              ],
              [
                -57.687,
                -25.227
              ],
              [
                -57.68,
                -25.233
              ],
              [
                -57.682,
                -25.234
              ],
              [
                -57.689,
                -25.228
              ],
              [
                -57.69,
                -25.229
              ],
              [
                -57.69,
                -25.229
              ],
              [
                -57.691,
                -25.23
              ],
              [
                -57.692,
                -25.23
              ],
              [
                -57.691,
                -25.231
              ],
              [
                -57.692,
                -25.232
              ],
              [
                -57.7,
                -25.225
              ],
              [
                -57.698,
                -25.223
              ],
              [
                -57.691,
                -25.229
              ],
              [
                -57.69,
                -25.229
              ],
              [
                -57.697,
                -25.223
              ],
              [
                -57.696,
                -25.222
              ],
              [
                -57.689,
                -25.228
              ]
            ]
          ]
        ]
      }
    },
    {
      "type": "Feature",
      "properties": {
        "id": 337,
        "dpto": "P",
        "dist": 6,
        "distrito": "JOSE FALCON",
        "situacion": "ORDENANZA 10/16 (26/12/16)",
        "area": 0,
        "estado": "Aprobado",
        "layer_kind": "urban_zoning",
        "data_source": "Catastro (paraguay.gov.py)"
      },
      "geometry": {
        "type": "MultiPolygon",
        "coordinates": [
          [
            [
              [
                -57.685,
                -25.238
              ],
              [
                -57.689,
                -25.241
              ],
              [
                -57.692,
                -25.239
              ],
              [
                -57.688,
                -25.235
              ],
              [
                -57.685,
                -25.238
              ]
            ]
          ]
        ]
      }
    },
    {
      "type": "Feature",
      "properties": {
        "id": 338,
        "dpto": "P",
        "dist": 6,
        "distrito": "JOSE FALCON",
        "situacion": "ORDENANZA 10/16 (26/12/16)",
        "area": 0,
        "estado": "Aprobado",
        "layer_kind": "urban_zoning",
        "data_source": "Catastro (paraguay.gov.py)"
      },
      "geometry": {
        "type": "MultiPolygon",
        "coordinates": [
          [
            [
              [
                -57.667,
                -25.221
              ],
              [
                -57.669,
                -25.222
              ],
              [
                -57.671,
                -25.22
              ],
              [
                -57.672,
                -25.22
              ],
              [
                -57.673,
                -25.219
              ],
              [
                -57.673,
                -25.219
              ],
              [
                -57.669,
                -25.223
              ],
              [
                -57.67,
                -25.223
              ],
              [
                -57.674,
                -25.219
              ],
              [
                -57.672,
                -25.218
              ],
              [
                -57.675,
                -25.217
              ],
              [
                -57.673,
                -25.215
              ],
              [
                -57.667,
                -25.221
              ]
            ]
          ]
        ]
      }
    },
    {
      "type": "Feature",
      "properties": {
        "id": 418,
        "dpto": "P",
        "dist": 11,
        "distrito": "NUEVA ASUNCIÓN",
        "situacion": "ORDENANZA N° 03/23 (17/02/202",
        "area": 1226,
        "estado": "Aprobado",
        "layer_kind": "urban_zoning",
        "data_source": "Catastro (paraguay.gov.py)"
      },
      "geometry": {
        "type": "MultiPolygon",
        "coordinates": [
          [
            [
              [
                -57.552,
                -25.184
              ],
              [
                -57.583,
                -25.223
              ],
              [
                -57.591,
                -25.224
              ],
              [
                -57.597,
                -25.221
              ],
              [
                -57.611,
                -25.209
              ],
              [
                -57.609,
                -25.207
              ],
              [
                -57.597,
                -25.218
              ],
              [
                -57.597,
                -25.199
              ],
              [
                -57.583,
                -25.189
              ],
              [
                -57.596,
                -25.189
              ],
              [
                -57.597,
                -25.188
              ],
              [
                -57.594,
                -25.186
              ],
              [
                -57.579,
                -25.187
              ],
              [
                -57.572,
                -25.182
              ],
              [
                -57.552,
                -25.184
              ]
            ]
          ]
        ]
      }
    },
    {
      "type": "Feature",
      "properties": {
        "id": 453,
        "dpto": "P",
        "dist": 11,
        "distrito": "NUEVA ASUNCION",
        "situacion": "ORD JM N.19/24 (21/06/2024)",
        "area": 6571733,
        "estado": "Aprobado",
        "layer_kind": "urban_zoning",
        "data_source": "Catastro (paraguay.gov.py)"
      },
      "geometry": {
        "type": "MultiPolygon",
        "coordinates": [
          [
            [
              [
                -57.618,
                -25.232
              ],
              [
                -57.62,
                -25.232
              ],
              [
                -57.626,
                -25.235
              ],
              [
                -57.627,
                -25.235
              ],
              [
                -57.63,
                -25.237
              ],
              [
                -57.63,
                -25.237
              ],
              [
                -57.631,
                -25.238
              ],
              [
                -57.633,
                -25.236
              ],
              [
                -57.632,
                -25.235
              ],
              [
                -57.632,
                -25.234
              ],
              [
                -57.632,
                -25.234
              ],
              [
                -57.632,
                -25.233
              ],
              [
                -57.631,
                -25.232
              ],
              [
                -57.631,
                -25.232
              ],
              [
                -57.631,
                -25.231
              ],
              [
                -57.631,
                -25.23
              ],
              [
                -57.63,
                -25.227
              ],
              [
                -57.63,
                -25.227
              ],
              [
                -57.629,
                -25.225
              ],
              [
                -57.628,
                -25.223
              ],
              [
                -57.627,
                -25.222
              ],
              [
                -57.623,
                -25.222
              ],
              [
                -57.624,
                -25.222
              ],
              [
                -57.623,
                -25.222
              ],
              [
                -57.623,
                -25.222
              ],
              [
                -57.62,
                -25.222
              ],
              [
                -57.617,
                -25.219
              ],
              [
                -57.619,
                -25.218
              ],
              [
                -57.616,
                -25.215
              ],
              [
                -57.615,
                -25.217
              ],
              [
                -57.615,
                -25.216
              ],
              [
                -57.613,
                -25.214
              ],
              [
                -57.613,
                -25.214
              ],
              [
                -57.612,
                -25.213
              ],
              [
                -57.609,
                -25.21
              ],
              [
                -57.598,
                -25.222
              ],
              [
                -57.596,
                -25.222
              ],
              [
                -57.596,
                -25.224
              ],
              [
                -57.596,
                -25.225
              ],
              [
                -57.598,
                -25.227
              ],
              [
                -57.599,
                -25.229
              ],
              [
                -57.597,
                -25.231
              ],
              [
                -57.598,
                -25.231
              ],
              [
                -57.593,
                -25.237
              ],
              [
                -57.595,
                -25.239
              ],
              [
                -57.595,
                -25.239
              ],
              [
                -57.6,
                -25.241
              ],
              [
                -57.602,
                -25.242
              ],
              [
                -57.607,
                -25.235
              ],
              [
                -57.608,
                -25.234
              ],
              [
                -57.608,
                -25.234
              ],
              [
                -57.61,
                -25.231
              ],
              [
                -57.614,
                -25.232
              ],
              [
                -57.616,
                -25.233
              ],
              [
                -57.617,
                -25.233
              ],
              [
                -57.618,
                -25.232
              ]
            ]
          ]
        ]
      }
    },
    {
      "type": "Feature",
      "properties": {
        "id": 454,
        "dpto": "P",
        "dist": 11,
        "distrito": "NUEVA ASUNCIÃ“N",
        "situacion": "ORD JM N.18/24 (21/06/2024)",
        "area": 1511012,
        "estado": "Aprobado",
        "layer_kind": "urban_zoning",
        "data_source": "Catastro (paraguay.gov.py)"
      },
      "geometry": {
        "type": "MultiPolygon",
        "coordinates": [
          [
            [
              [
                -57.636,
                -25.249
              ],
              [
                -57.637,
                -25.253
              ],
              [
                -57.637,
                -25.254
              ],
              [
                -57.638,
                -25.255
              ],
              [
                -57.638,
                -25.255
              ],
              [
                -57.639,
                -25.257
              ],
              [
                -57.64,
                -25.256
              ],
              [
                -57.64,
                -25.256
              ],
              [
                -57.642,
                -25.255
              ],
              [
                -57.642,
                -25.256
              ],
              [
                -57.644,
                -25.255
              ],
              [
                -57.643,
                -25.253
              ],
              [
                -57.653,
                -25.248
              ],
              [
                -57.653,
                -25.247
              ],
              [
                -57.645,
                -25.24
              ],
              [
                -57.641,
                -25.242
              ],
              [
                -57.642,
                -25.243
              ],
              [
                -57.643,
                -25.242
              ],
              [
                -57.645,
                -25.248
              ],
              [
                -57.64,
                -25.251
              ],
              [
                -57.64,
                -25.25
              ],
              [
                -57.639,
                -25.247
              ],
              [
                -57.64,
                -25.247
              ],
              [
                -57.639,
                -25.246
              ],
              [
                -57.64,
                -25.245
              ],
              [
                -57.64,
                -25.245
              ],
              [
                -57.641,
                -25.245
              ],
              [
                -57.64,
                -25.243
              ],
              [
                -57.639,
                -25.243
              ],
              [
                -57.638,
                -25.244
              ],
              [
                -57.638,
                -25.244
              ],
              [
                -57.636,
                -25.245
              ],
              [
                -57.634,
                -25.246
              ],
              [
                -57.635,
                -25.247
              ],
              [
                -57.635,
                -25.247
              ],
              [
                -57.636,
                -25.248
              ],
              [
                -57.636,
                -25.249
              ],
              [
                -57.636,
                -25.249
              ]
            ]
          ]
        ]
      }
    },
    {
      "type": "Feature",
      "properties": {
        "id": 512,
        "dpto": "P",
        "dist": 11,
        "distrito": "NUEVA ASUNCION",
        "situacion": "ORD 27/25 (26/08/2025)",
        "area": 547897.9,
        "estado": "Aprobado",
        "area_computed": true,
        "layer_kind": "urban_zoning",
        "data_source": "Catastro (paraguay.gov.py)"
      },
      "geometry": {
        "type": "MultiPolygon",
        "coordinates": [
          [
            [
              [
                -57.699,
                -25.264
              ],
              [
                -57.696,
                -25.26
              ],
              [
                -57.688,
                -25.267
              ],
              [
                -57.692,
                -25.27
              ],
              [
                -57.699,
                -25.264
              ]
            ]
          ]
        ]
      }
    },
    {
      "type": "Feature",
      "properties": {
        "id": 513,
        "dpto": "P",
        "dist": 11,
        "distrito": "NUEVA ASUNCION",
        "situacion": "ORD 28/2025 (26-08-2025)",
        "area": 290745.1,
        "estado": "Aprobado",
        "area_computed": true,
        "layer_kind": "urban_zoning",
        "data_source": "Catastro (paraguay.gov.py)"
      },
      "geometry": {
        "type": "MultiPolygon",
        "coordinates": [
          [
            [
              [
                -57.673,
                -25.253
              ],
              [
                -57.671,
                -25.251
              ],
              [
                -57.664,
                -25.257
              ],
              [
                -57.666,
                -25.259
              ],
              [
                -57.673,
                -25.253
              ]
            ]
          ]
        ]
      }
    },
    {
      "type": "Feature",
      "properties": {
        "id": 514,
        "dpto": "P",
        "dist": 11,
        "distrito": "NUEVA ASUNCION",
        "situacion": "ORD 31/2025 (26/08/25)",
        "area": 1604694.9,
        "estado": "Aprobado",
        "area_computed": true,
        "layer_kind": "urban_zoning",
        "data_source": "Catastro (paraguay.gov.py)"
      },
      "geometry": {
        "type": "MultiPolygon",
        "coordinates": [
          [
            [
              [
                -57.689,
                -25.254
              ],
              [
                -57.682,
                -25.247
              ],
              [
                -57.675,
                -25.254
              ],
              [
                -57.684,
                -25.262
              ],
              [
                -57.691,
                -25.256
              ],
              [
                -57.692,
                -25.257
              ],
              [
                -57.698,
                -25.252
              ],
              [
                -57.697,
                -25.252
              ],
              [
                -57.697,
                -25.252
              ],
              [
                -57.697,
                -25.252
              ],
              [
                -57.697,
                -25.252
              ],
              [
                -57.697,
                -25.253
              ],
              [
                -57.697,
                -25.252
              ],
              [
                -57.696,
                -25.253
              ],
              [
                -57.695,
                -25.253
              ],
              [
                -57.695,
                -25.253
              ],
              [
                -57.694,
                -25.253
              ],
              [
                -57.694,
                -25.253
              ],
              [
                -57.694,
                -25.252
              ],
              [
                -57.695,
                -25.252
              ],
              [
                -57.696,
                -25.252
              ],
              [
                -57.696,
                -25.252
              ],
              [
                -57.695,
                -25.251
              ],
              [
                -57.695,
                -25.252
              ],
              [
                -57.693,
                -25.25
              ],
              [
                -57.689,
                -25.254
              ]
            ]
          ]
        ]
      }
    },
    {
      "type": "Feature",
      "properties": {
        "id": 515,
        "dpto": "P",
        "dist": 11,
        "distrito": "NUEVA ASUNCION",
        "situacion": "ORD 29/2025 (26-08-2025)",
        "area": 1140928.7,
        "estado": "Aprobado",
        "area_computed": true,
        "layer_kind": "urban_zoning",
        "data_source": "Catastro (paraguay.gov.py)"
      },
      "geometry": {
        "type": "MultiPolygon",
        "coordinates": [
          [
            [
              [
                -57.63,
                -25.227
              ],
              [
                -57.63,
                -25.229
              ],
              [
                -57.636,
                -25.226
              ],
              [
                -57.636,
                -25.225
              ],
              [
                -57.637,
                -25.226
              ],
              [
                -57.638,
                -25.226
              ],
              [
                -57.637,
                -25.224
              ],
              [
                -57.637,
                -25.224
              ],
              [
                -57.638,
                -25.224
              ],
              [
                -57.638,
                -25.224
              ],
              [
                -57.639,
                -25.224
              ],
              [
                -57.639,
                -25.224
              ],
              [
                -57.641,
                -25.224
              ],
              [
                -57.641,
                -25.222
              ],
              [
                -57.638,
                -25.222
              ],
              [
                -57.638,
                -25.215
              ],
              [
                -57.631,
                -25.215
              ],
              [
                -57.631,
                -25.222
              ],
              [
                -57.627,
                -25.222
              ],
              [
                -57.63,
                -25.227
              ]
            ]
          ]
        ]
      }
    },
    {
      "type": "Feature",
      "properties": {
        "id": 516,
        "dpto": "P",
        "dist": 11,
        "distrito": "NUEVA ASUNCION",
        "situacion": "ORD 32/2025 (26-08-2025)",
        "area": 1107318.7,
        "estado": "Aprobado",
        "area_computed": true,
        "layer_kind": "urban_zoning",
        "data_source": "Catastro (paraguay.gov.py)"
      },
      "geometry": {
        "type": "MultiPolygon",
        "coordinates": [
          [
            [
              [
                -57.659,
                -25.22
              ],
              [
                -57.66,
                -25.222
              ],
              [
                -57.645,
                -25.222
              ],
              [
                -57.645,
                -25.224
              ],
              [
                -57.644,
                -25.224
              ],
              [
                -57.644,
                -25.225
              ],
              [
                -57.645,
                -25.225
              ],
              [
                -57.648,
                -25.229
              ],
              [
                -57.641,
                -25.233
              ],
              [
                -57.642,
                -25.235
              ],
              [
                -57.649,
                -25.231
              ],
              [
                -57.65,
                -25.233
              ],
              [
                -57.651,
                -25.232
              ],
              [
                -57.65,
                -25.231
              ],
              [
                -57.661,
                -25.221
              ],
              [
                -57.659,
                -25.22
              ]
            ]
          ]
        ]
      }
    },
    {
      "type": "Feature",
      "properties": {
        "id": 517,
        "dpto": "P",
        "dist": 11,
        "distrito": "NUEVA ASUNCION",
        "situacion": "ORD 30/2025 (26-08-2025)",
        "area": 436162.6,
        "estado": "Aprobado",
        "area_computed": true,
        "layer_kind": "urban_zoning",
        "data_source": "Catastro (paraguay.gov.py)"
      },
      "geometry": {
        "type": "MultiPolygon",
        "coordinates": [
          [
            [
              [
                -57.657,
                -25.238
              ],
              [
                -57.65,
                -25.244
              ],
              [
                -57.653,
                -25.247
              ],
              [
                -57.66,
                -25.241
              ],
              [
                -57.657,
                -25.238
              ]
            ]
          ]
        ]
      }
    },
    {
      "type": "Feature",
      "properties": {
        "id": 518,
        "dpto": "P",
        "dist": 11,
        "distrito": "NUEVA ASUNCION",
        "situacion": "ORD 26/2025 (26-08-2025)",
        "area": 1012080.7,
        "estado": "Aprobado",
        "area_computed": true,
        "layer_kind": "urban_zoning",
        "data_source": "Catastro (paraguay.gov.py)"
      },
      "geometry": {
        "type": "MultiPolygon",
        "coordinates": [
          [
            [
              [
                -57.636,
                -25.255
              ],
              [
                -57.636,
                -25.253
              ],
              [
                -57.634,
                -25.248
              ],
              [
                -57.633,
                -25.249
              ],
              [
                -57.632,
                -25.25
              ],
              [
                -57.632,
                -25.25
              ],
              [
                -57.632,
                -25.25
              ],
              [
                -57.632,
                -25.25
              ],
              [
                -57.631,
                -25.251
              ],
              [
                -57.627,
                -25.249
              ],
              [
                -57.627,
                -25.25
              ],
              [
                -57.627,
                -25.248
              ],
              [
                -57.616,
                -25.246
              ],
              [
                -57.616,
                -25.247
              ],
              [
                -57.61,
                -25.245
              ],
              [
                -57.607,
                -25.24
              ],
              [
                -57.614,
                -25.241
              ],
              [
                -57.612,
                -25.238
              ],
              [
                -57.609,
                -25.237
              ],
              [
                -57.605,
                -25.243
              ],
              [
                -57.61,
                -25.245
              ],
              [
                -57.61,
                -25.245
              ],
              [
                -57.616,
                -25.248
              ],
              [
                -57.626,
                -25.251
              ],
              [
                -57.626,
                -25.251
              ],
              [
                -57.628,
                -25.252
              ],
              [
                -57.627,
                -25.252
              ],
              [
                -57.631,
                -25.254
              ],
              [
                -57.633,
                -25.254
              ],
              [
                -57.636,
                -25.255
              ]
            ]
          ]
        ]
      }
    },
    {
      "type": "Feature",
      "properties": {
        "id": 609,
        "dpto": "P",
        "dist": 5,
        "distrito": "NANAWA",
        "situacion": "LEY ANTIGUA",
        "area": 0,
        "estado": "Incorporado",
        "layer_kind": "urban_zoning",
        "data_source": "Catastro (paraguay.gov.py)"
      },
      "geometry": {
        "type": "MultiPolygon",
        "coordinates": [
          [
            [
              [
                -57.705,
                -25.27
              ],
              [
                -57.705,
                -25.27
              ],
              [
                -57.705,
                -25.27
              ],
              [
                -57.704,
                -25.27
              ],
              [
                -57.704,
                -25.27
              ],
              [
                -57.704,
                -25.27
              ],
              [
                -57.703,
                -25.27
              ],
              [
                -57.703,
                -25.27
              ],
              [
                -57.703,
                -25.27
              ],
              [
                -57.703,
                -25.271
              ],
              [
                -57.702,
                -25.271
              ],
              [
                -57.702,
                -25.271
              ],
              [
                -57.702,
                -25.271
              ],
              [
                -57.702,
                -25.271
              ],
              [
                -57.701,
                -25.271
              ],
              [
                -57.701,
                -25.271
              ],
              [
                -57.701,
                -25.271
              ],
              [
                -57.7,
                -25.271
              ],
              [
                -57.7,
                -25.271
              ],
              [
                -57.7,
                -25.272
              ],
              [
                -57.7,
                -25.272
              ],
              [
                -57.7,
                -25.272
              ],
              [
                -57.699,
                -25.272
              ],
              [
                -57.699,
                -25.272
              ],
              [
                -57.699,
                -25.272
              ],
              [
                -57.699,
                -25.273
              ],
              [
                -57.699,
                -25.273
              ],
              [
                -57.698,
                -25.273
              ],
              [
                -57.698,
                -25.273
              ],
              [
                -57.698,
                -25.273
              ],
              [
                -57.698,
                -25.273
              ],
              [
                -57.698,
                -25.274
              ],
              [
                -57.697,
                -25.274
              ],
              [
                -57.697,
                -25.274
              ],
              [
                -57.697,
                -25.274
              ],
              [
                -57.697,
                -25.274
              ],
              [
                -57.697,
                -25.275
              ],
              [
                -57.697,
                -25.275
              ],
              [
                -57.697,
                -25.275
              ],
              [
                -57.696,
                -25.275
              ],
              [
                -57.696,
                -25.276
              ],
              [
                -57.696,
                -25.276
              ],
              [
                -57.696,
                -25.276
              ],
              [
                -57.696,
                -25.276
              ],
              [
                -57.696,
                -25.277
              ],
              [
                -57.696,
                -25.277
              ],
              [
                -57.696,
                -25.277
              ],
              [
                -57.696,
                -25.277
              ],
              [
                -57.696,
                -25.277
              ],
              [
                -57.696,
                -25.278
              ],
              [
                -57.696,
                -25.278
              ],
              [
                -57.696,
                -25.278
              ],
              [
                -57.695,
                -25.279
              ],
              [
                -57.695,
                -25.279
              ],
              [
                -57.695,
                -25.279
              ],
              [
                -57.695,
                -25.279
              ],
              [
                -57.695,
                -25.28
              ],
              [
                -57.695,
                -25.28
              ],
              [
                -57.695,
                -25.28
              ],
              [
                -57.696,
                -25.28
              ],
              [
                -57.696,
                -25.281
              ],
              [
                -57.696,
                -25.281
              ],
              [
                -57.696,
                -25.281
              ],
              [
                -57.696,
                -25.281
              ],
              [
                -57.696,
                -25.282
              ],
              [
                -57.696,
                -25.282
              ],
              [
                -57.696,
                -25.282
              ],
              [
                -57.696,
                -25.282
              ],
              [
                -57.696,
                -25.282
              ],
              [
                -57.696,
                -25.283
              ],
              [
                -57.696,
                -25.283
              ],
              [
                -57.696,
                -25.283
              ],
              [
                -57.697,
                -25.284
              ],
              [
                -57.697,
                -25.284
              ],
              [
                -57.697,
                -25.284
              ],
              [
                -57.697,
                -25.284
              ],
              [
                -57.697,
                -25.284
              ],
              [
                -57.697,
                -25.285
              ],
              [
                -57.697,
                -25.285
              ],
              [
                -57.698,
                -25.285
              ],
              [
                -57.698,
                -25.285
              ],
              [
                -57.698,
                -25.285
              ],
              [
                -57.698,
                -25.285
              ],
              [
                -57.698,
                -25.286
              ],
              [
                -57.699,
                -25.286
              ],
              [
                -57.699,
                -25.286
              ],
              [
                -57.699,
                -25.286
              ],
              [
                -57.699,
                -25.286
              ],
              [
                -57.699,
                -25.287
              ],
              [
                -57.7,
                -25.287
              ],
              [
                -57.7,
                -25.287
              ],
              [
                -57.7,
                -25.287
              ],
              [
                -57.7,
                -25.287
              ],
              [
                -57.701,
                -25.287
              ],
              [
                -57.701,
                -25.287
              ],
              [
                -57.701,
                -25.287
              ],
              [
                -57.701,
                -25.288
              ],
              [
                -57.702,
                -25.288
              ],
              [
                -57.702,
                -25.288
              ],
              [
                -57.702,
                -25.288
              ],
              [
                -57.702,
                -25.288
              ],
              [
                -57.703,
                -25.288
              ],
              [
                -57.703,
                -25.288
              ],
              [
                -57.703,
                -25.288
              ],
              [
                -57.703,
                -25.288
              ],
              [
                -57.704,
                -25.288
              ],
              [
                -57.704,
                -25.288
              ],
              [
                -57.704,
                -25.288
              ],
              [
                -57.705,
                -25.288
              ],
              [
                -57.705,
                -25.288
              ],
              [
                -57.705,
                -25.288
              ],
              [
                -57.706,
                -25.288
              ],
              [
                -57.706,
                -25.288
              ],
              [
                -57.706,
                -25.288
              ],
              [
                -57.706,
                -25.288
              ],
              [
                -57.707,
                -25.288
              ],
              [
                -57.707,
                -25.288
              ],
              [
                -57.707,
                -25.288
              ],
              [
                -57.707,
                -25.288
              ],
              [
                -57.708,
                -25.288
              ],
              [
                -57.708,
                -25.288
              ],
              [
                -57.708,
                -25.288
              ],
              [
                -57.709,
                -25.288
              ],
              [
                -57.709,
                -25.288
              ],
              [
                -57.709,
                -25.288
              ],
              [
                -57.709,
                -25.288
              ],
              [
                -57.709,
                -25.287
              ],
              [
                -57.71,
                -25.287
              ],
              [
                -57.71,
                -25.287
              ],
              [
                -57.71,
                -25.287
              ],
              [
                -57.711,
                -25.287
              ],
              [
                -57.711,
                -25.287
              ],
              [
                -57.711,
                -25.287
              ],
              [
                -57.711,
                -25.287
              ],
              [
                -57.711,
                -25.286
              ],
              [
                -57.712,
                -25.286
              ],
              [
                -57.712,
                -25.286
              ],
              [
                -57.712,
                -25.286
              ],
              [
                -57.712,
                -25.286
              ],
              [
                -57.712,
                -25.285
              ],
              [
                -57.713,
                -25.285
              ],
              [
                -57.713,
                -25.285
              ],
              [
                -57.713,
                -25.285
              ],
              [
                -57.713,
                -25.285
              ],
              [
                -57.713,
                -25.285
              ],
              [
                -57.714,
                -25.284
              ],
              [
                -57.714,
                -25.284
              ],
              [
                -57.714,
                -25.284
              ],
              [
                -57.714,
                -25.284
              ],
              [
                -57.714,
                -25.284
              ],
              [
                -57.714,
                -25.283
              ],
              [
                -57.714,
                -25.283
              ],
              [
                -57.715,
                -25.283
              ],
              [
                -57.715,
                -25.283
              ],
              [
                -57.715,
                -25.282
              ],
              [
                -57.715,
                -25.282
              ],
              [
                -57.715,
                -25.282
              ],
              [
                -57.715,
                -25.282
              ],
              [
                -57.715,
                -25.281
              ],
              [
                -57.715,
                -25.281
              ],
              [
                -57.715,
                -25.281
              ],
              [
                -57.715,
                -25.281
              ],
              [
                -57.715,
                -25.28
              ],
              [
                -57.715,
                -25.28
              ],
              [
                -57.715,
                -25.28
              ],
              [
                -57.715,
                -25.28
              ],
              [
                -57.715,
                -25.279
              ],
              [
                -57.715,
                -25.279
              ],
              [
                -57.715,
                -25.279
              ],
              [
                -57.715,
                -25.279
              ],
              [
                -57.715,
                -25.278
              ],
              [
                -57.715,
                -25.278
              ],
              [
                -57.715,
                -25.278
              ],
              [
                -57.715,
                -25.278
              ],
              [
                -57.715,
                -25.277
              ],
              [
                -57.715,
                -25.277
              ],
              [
                -57.715,
                -25.277
              ],
              [
                -57.715,
                -25.277
              ],
              [
                -57.715,
                -25.276
              ],
              [
                -57.715,
                -25.276
              ],
              [
                -57.715,
                -25.276
              ],
              [
                -57.714,
                -25.276
              ],
              [
                -57.714,
                -25.275
              ],
              [
                -57.714,
                -25.275
              ],
              [
                -57.714,
                -25.275
              ],
              [
                -57.714,
                -25.275
              ],
              [
                -57.714,
                -25.274
              ],
              [
                -57.714,
                -25.274
              ],
              [
                -57.714,
                -25.274
              ],
              [
                -57.713,
                -25.274
              ],
              [
                -57.713,
                -25.274
              ],
              [
                -57.713,
                -25.273
              ],
              [
                -57.713,
                -25.273
              ],
              [
                -57.713,
                -25.273
              ],
              [
                -57.712,
                -25.273
              ],
              [
                -57.712,
                -25.273
              ],
              [
                -57.712,
                -25.273
              ],
              [
                -57.712,
                -25.272
              ],
              [
                -57.712,
                -25.272
              ],
              [
                -57.711,
                -25.272
              ],
              [
                -57.711,
                -25.272
              ],
              [
                -57.711,
                -25.272
              ],
              [
                -57.711,
                -25.272
              ],
              [
                -57.71,
                -25.271
              ],
              [
                -57.71,
                -25.271
              ],
              [
                -57.71,
                -25.271
              ],
              [
                -57.71,
                -25.271
              ],
              [
                -57.709,
                -25.271
              ],
              [
                -57.709,
                -25.271
              ],
              [
                -57.709,
                -25.271
              ],
              [
                -57.709,
                -25.271
              ],
              [
                -57.708,
                -25.271
              ],
              [
                -57.708,
                -25.271
              ],
              [
                -57.708,
                -25.27
              ],
              [
                -57.708,
                -25.27
              ],
              [
                -57.707,
                -25.27
              ],
              [
                -57.707,
                -25.27
              ],
              [
                -57.707,
                -25.27
              ],
              [
                -57.706,
                -25.27
              ],
              [
                -57.706,
                -25.27
              ],
              [
                -57.706,
                -25.27
              ],
              [
                -57.706,
                -25.27
              ],
              [
                -57.705,
                -25.27
              ],
              [
                -57.705,
                -25.27
              ]
            ]
          ]
        ]
      }
    }
  ]
}