{"type": "FeatureCollection", "metadata": {"source": "OpenStreetMap via Geofabrik Paraguay", "extracted_at_utc": "2026-07-11T05:51:16.784859+00:00", "shp_base": "gis_osm_natural_a_free_1", "count": 195, "fields": ["osm_id", "code", "fclass", "name"]}, "features": [{"type": "Feature", "geometry": {"type": "Polygon", "coordinates": [[[-54.9452984, -26.7033288], [-54.9452344, -26.7031808], [-54.9451992, -26.7029813], [-54.9451616, -26.7028639], [-54.9451509, -26.702792], [-54.9451482, -26.702689], [-54.9451643, -26.702586], [-54.9452153, -26.7024781], [-54.9451703, -26.7024372], [-54.9451202, -26.7024112], [-54.9450379, -26.7024085], [-54.9448987, -26.7023923], [-54.9446988, -26.7025102], [-54.9447976, -26.7025813], [-54.9448826, -26.7025423], [-54.9449125, -26.702567], [-54.9449423, -26.7026532], [-54.9449193, -26.7027148], [-54.9448895, -26.7027866], [-54.9449561, -26.7028154], [-54.9449331, -26.7029796], [-54.9449699, -26.703035], [-54.9449883, -26.7031212], [-54.9452984, -26.7033288]]]}, "properties": {"osm_id": "114315674", "code": 4141, "fclass": "beach", "name": ""}}, {"type": "Feature", "geometry": {"type": "Polygon", "coordinates": [[[-54.5892184, -25.6404872], [-54.5892151, -25.6404503], [-54.5892017, -25.6404092], [-54.5891842, -25.6403657], [-54.5891654, -25.6403288], [-54.589152, -25.6403052], [-54.5891359, -25.6402726], [-54.5891199, -25.640246], [-54.5890997, -25.6401855], [-54.5890783, -25.6401372], [-54.5890525, -25.6400929], [-54.5888415, -25.6401901], [-54.5889462, -25.6402103], [-54.588979, -25.6403793], [-54.5890486, -25.6404617], [-54.5889964, -25.6405559], [-54.588918, -25.6406736], [-54.5889137, -25.6408658], [-54.5887919, -25.641007], [-54.5887788, -25.6413051], [-54.5887092, -25.6414385], [-54.588657, -25.6416386], [-54.5885438, -25.6418622], [-54.5884699, -25.6420505], [-54.5883611, -25.6422898], [-54.5882479, -25.6424977], [-54.5880956, -25.6427566], [-54.5880217, -25.6429724], [-54.5878824, -25.6432979], [-54.5877214, -25.6435922], [-54.5876039, -25.6436549], [-54.5875387, -25.643804], [-54.5875119, -25.6439142], [-54.5874663, -25.6440399], [-54.587473, -25.6441657], [-54.5875092, -25.6441197], [-54.5875494, -25.6440701], [-54.5875883, -25.6440012], [-54.5876299, -25.6439468], [-54.5876835, -25.6438743], [-54.5877171, -25.6438066], [-54.5877399, -25.643751], [-54.5877774, -25.6436869], [-54.587815, -25.6436119], [-54.5878512, -25.6435563], [-54.5878887, -25.6434862], [-54.5879209, -25.6433919], [-54.5879866, -25.6433145], [-54.5880456, -25.6432444], [-54.5881207, -25.6431586], [-54.5881824, -25.6430945], [-54.5882307, -25.6430256], [-54.5882723, -25.6429397], [-54.5882991, -25.6428732], [-54.5883232, -25.6427946], [-54.5883836, -25.6427161], [-54.5884748, -25.6426653], [-54.5885794, -25.6425964], [-54.5886022, -25.6425468], [-54.5885901, -25.642496], [-54.5885646, -25.6424416], [-54.588519, -25.6423848], [-54.5884936, -25.6423267], [-54.5884761, -25.6422548], [-54.5884788, -25.6422337], [-54.5885003, -25.6422131], [-54.5885338, -25.6422022], [-54.5885821, -25.6421726], [-54.5885941, -25.6421557], [-54.5885941, -25.6421339], [-54.5885901, -25.6420741], [-54.5885894, -25.6420511], [-54.5885901, -25.6420402], [-54.5885901, -25.6420221], [-54.5885861, -25.6419955], [-54.5885888, -25.6419677], [-54.5885941, -25.6419447], [-54.5886129, -25.6419169], [-54.5886558, -25.6418758], [-54.5886867, -25.6418661], [-54.5887095, -25.6418504], [-54.5887175, -25.641828], [-54.5887142, -25.6418075], [-54.5886961, -25.6417815], [-54.5886867, -25.6417537], [-54.588692, -25.6417162], [-54.5887095, -25.6416823], [-54.5887135, -25.6416479], [-54.5887148, -25.6416195], [-54.5887269, -25.64153], [-54.5887376, -25.6414695], [-54.5887618, -25.6414151], [-54.5888127, -25.6413329], [-54.588853, -25.6412809], [-54.5889066, -25.6412108], [-54.5889254, -25.6411733], [-54.5889536, -25.6411177], [-54.588965, -25.6410893], [-54.5889777, -25.6410391], [-54.5889938, -25.6409714], [-54.5890139, -25.6409073], [-54.5890327, -25.6408505], [-54.5890561, -25.6407744], [-54.589095, -25.6407006], [-54.5891252, -25.6406534], [-54.5891574, -25.6406135], [-54.5891936, -25.640564], [-54.5892151, -25.6405253], [-54.5892184, -25.6404872]]]}, "properties": {"osm_id": "114388537", "code": 4141, "fclass": "beach", "name": ""}}, {"type": "Feature", "geometry": {"type": "Polygon", "coordinates": [[[-54.5951347, -25.6123465], [-54.5950838, -25.6123555], [-54.5949767, -25.61224], [-54.5949316, -25.6123282], [-54.5948488, -25.6122934], [-54.5948666, -25.612363], [-54.5949111, -25.6123982], [-54.5949557, -25.612461], [-54.594978, -25.6125112], [-54.5950198, -25.6125363], [-54.5950876, -25.6125112], [-54.5950831, -25.6124807], [-54.5950878, -25.6124257], [-54.5951005, -25.6123918], [-54.5951347, -25.6123465]]]}, "properties": {"osm_id": "114389221", "code": 4141, "fclass": "beach", "name": ""}}, {"type": "Feature", "geometry": {"type": "Polygon", "coordinates": [[[-55.0799963, -26.8282475], [-55.0799936, -26.8280824], [-55.0799453, -26.8279771], [-55.079885, -26.8279256], [-55.0797871, -26.8278622], [-55.0796852, -26.8277951], [-55.0796181, -26.8277616], [-55.0795108, -26.8276898], [-55.0795068, -26.8277557], [-55.0795658, -26.827794], [-55.0795966, -26.8278287], [-55.0796476, -26.8278622], [-55.0797147, -26.8279053], [-55.0797911, -26.8279854], [-55.0798474, -26.8280489], [-55.0798917, -26.8281039], [-55.0799172, -26.8281482], [-55.0799494, -26.8282008], [-55.0799963, -26.8282475]]]}, "properties": {"osm_id": "120129918", "code": 4141, "fclass": "beach", "name": ""}}, {"type": "Feature", "geometry": {"type": "Polygon", "coordinates": [[[-55.5690113, -27.2664223], [-55.5689073, -27.2662181], [-55.5688557, -27.2661124], [-55.5687994, -27.2660599], [-55.5687189, -27.2660051], [-55.5686572, -27.2659407], [-55.5686089, -27.2658644], [-55.5685631, -27.2657749], [-55.568499, -27.2656189], [-55.5684641, -27.2655497], [-55.5684266, -27.265483], [-55.568381, -27.2654138], [-55.5683193, -27.265328], [-55.5680456, -27.2653394], [-55.5679005, -27.2653767], [-55.5677294, -27.2654149], [-55.5676891, -27.2655591], [-55.5677926, -27.2657209], [-55.5679076, -27.2658169], [-55.5680127, -27.266007], [-55.5682668, -27.2658297], [-55.5683961, -27.2658946], [-55.5684941, -27.2659725], [-55.5685734, -27.2661301], [-55.5686026, -27.2662321], [-55.568713, -27.2663657], [-55.568829, -27.2664605], [-55.5690113, -27.2664223]]]}, "properties": {"osm_id": "123855571", "code": 4141, "fclass": "beach", "name": "Playa del Sol"}}, {"type": "Feature", "geometry": {"type": "Polygon", "coordinates": [[[-58.5924764, -27.3240794], [-58.5917053, -27.323865], [-58.5908148, -27.3235361], [-58.5903494, -27.3233419], [-58.5901617, -27.3232549], [-58.5900678, -27.3232061], [-58.5899551, -27.3231656], [-58.5898773, -27.3231346], [-58.5897879, -27.3232795], [-58.5897347, -27.3234125], [-58.5897713, -27.3235247], [-58.5899342, -27.3235868], [-58.5900374, -27.3236518], [-58.5901937, -27.3237316], [-58.5903666, -27.3237641], [-58.5905363, -27.3238823], [-58.5907325, -27.3239325], [-58.5908788, -27.3239975], [-58.5910218, -27.3240507], [-58.591085, -27.3240862], [-58.5911615, -27.3241926], [-58.5912414, -27.3242073], [-58.5913345, -27.3242812], [-58.591411, -27.3242457], [-58.5915374, -27.3243492], [-58.5916372, -27.3243639], [-58.591687, -27.3244585], [-58.5917602, -27.3245353], [-58.5918899, -27.3244703], [-58.5919398, -27.3244851], [-58.5919398, -27.3245649], [-58.5920629, -27.3245856], [-58.5921261, -27.3244999], [-58.5921859, -27.3243964], [-58.5922392, -27.324293], [-58.5922624, -27.324231], [-58.5924764, -27.3240794]]]}, "properties": {"osm_id": "130297363", "code": 4141, "fclass": "beach", "name": "Playa Pelicano"}}, {"type": "Feature", "geometry": {"type": "Polygon", "coordinates": [[[-54.8050232, -26.5543595], [-54.8049449, -26.5541945], [-54.804839, -26.5539965], [-54.8047805, -26.5539767], [-54.8048138, -26.5540703], [-54.8048315, -26.55412], [-54.8048595, -26.5541464], [-54.804869, -26.5542374], [-54.8049423, -26.5543665], [-54.8050157, -26.5543962], [-54.8050232, -26.5543595]]]}, "properties": {"osm_id": "137521322", "code": 4141, "fclass": "beach", "name": ""}}, {"type": "Feature", "geometry": {"type": "Polygon", "coordinates": [[[-55.5858445, -27.3098125], [-55.585842, -27.3097773], [-55.5857079, -27.309701], [-55.585312, -27.309844], [-55.5852839, -27.3099144], [-55.5853018, -27.309994], [-55.5854758, -27.310069], [-55.5855959, -27.310042], [-55.5858099, -27.3099989], [-55.5858445, -27.3098125]]]}, "properties": {"osm_id": "159805660", "code": 4141, "fclass": "beach", "name": ""}}, {"type": "Feature", "geometry": {"type": "Polygon", "coordinates": [[[-57.0184102, -23.0759414], [-57.0183565, -23.0754775], [-57.0182262, -23.0753452], [-57.0181205, -23.0752307], [-57.0176913, -23.0758229], [-57.0174339, -23.0762276], [-57.0171747, -23.0765987], [-57.0169403, -23.0768791], [-57.0163486, -23.0773094], [-57.0168545, -23.0772936], [-57.0172499, -23.0772107], [-57.0175503, -23.0771613], [-57.0179258, -23.0769442], [-57.0181849, -23.0766323], [-57.0183549, -23.0762928], [-57.0184102, -23.0759414]]]}, "properties": {"osm_id": "169016245", "code": 4141, "fclass": "beach", "name": ""}}, {"type": "Feature", "geometry": {"type": "Polygon", "coordinates": [[[-57.4115467, -23.0611944], [-57.411021, -23.0612388], [-57.410742, -23.0613524], [-57.4100732, -23.0614685], [-57.4096258, -23.0614069], [-57.4091162, -23.0615698], [-57.4086173, -23.0616339], [-57.4081452, -23.0617178], [-57.4077482, -23.0616636], [-57.4074317, -23.0616241], [-57.4071474, -23.0617672], [-57.4070989, -23.0617465], [-57.407201, -23.0619251], [-57.4076485, -23.0622977], [-57.4079306, -23.0624582], [-57.4083511, -23.0625199], [-57.4086656, -23.062399], [-57.4091827, -23.0622781], [-57.4097009, -23.062083], [-57.4101912, -23.0618635], [-57.410704, -23.0616833], [-57.4110639, -23.0616386], [-57.4114394, -23.0613474], [-57.4115467, -23.0611944]]]}, "properties": {"osm_id": "169201010", "code": 4141, "fclass": "beach", "name": ""}}, {"type": "Feature", "geometry": {"type": "Polygon", "coordinates": [[[-57.4064715, -23.062009], [-57.4063589, -23.0614612], [-57.4062248, -23.0609084], [-57.4060392, -23.0606295], [-57.4059372, -23.0604173], [-57.4058728, -23.0603235], [-57.4056958, -23.0601754], [-57.4052055, -23.0598521], [-57.4048944, -23.0597435], [-57.404594, -23.0596942], [-57.4042507, -23.0596942], [-57.4039181, -23.0596942], [-57.4035211, -23.0598225], [-57.4032153, -23.0599755], [-57.4028188, -23.0600197], [-57.4026069, -23.0601382], [-57.4023548, -23.0602739], [-57.4020088, -23.0604985], [-57.4015126, -23.06077], [-57.4012658, -23.0608415], [-57.4008715, -23.0609649], [-57.4011236, -23.0609378], [-57.4014884, -23.0608835], [-57.4029154, -23.0601456], [-57.4031939, -23.0601828], [-57.4033869, -23.0602618], [-57.4035801, -23.0604345], [-57.4038558, -23.0607036], [-57.4041916, -23.0608788], [-57.4045404, -23.0611156], [-57.4049716, -23.0613698], [-57.4054168, -23.0615328], [-57.4056776, -23.0616734], [-57.4060047, -23.0618758], [-57.4062697, -23.0620412], [-57.4064715, -23.062009]]]}, "properties": {"osm_id": "169201013", "code": 4141, "fclass": "beach", "name": ""}}, {"type": "Feature", "geometry": {"type": "Polygon", "coordinates": [[[-57.390719, -23.0638787], [-57.3903796, -23.0637848], [-57.3902148, -23.063763], [-57.3901177, -23.0637434], [-57.3900166, -23.0637018], [-57.3899898, -23.0636697], [-57.3899013, -23.0636327], [-57.3896814, -23.0636378], [-57.3893863, -23.0636647], [-57.389252, -23.0636336], [-57.3890685, -23.0636111], [-57.3888929, -23.0636304], [-57.3887533, -23.0636302], [-57.38862, -23.0636403], [-57.3885012, -23.0636385], [-57.388418, -23.0636475], [-57.3883083, -23.0638028], [-57.3881092, -23.0637505], [-57.3879123, -23.0638264], [-57.3877012, -23.0642079], [-57.3874246, -23.0644522], [-57.3873183, -23.0645161], [-57.3871923, -23.064563], [-57.3872137, -23.0646247], [-57.3871118, -23.0647851], [-57.3875034, -23.0645361], [-57.3877609, -23.0644078], [-57.3880506, -23.0643288], [-57.3885656, -23.0643288], [-57.3892093, -23.0642795], [-57.3901068, -23.0641092], [-57.390453, -23.0640863], [-57.390719, -23.0638787]]]}, "properties": {"osm_id": "169201015", "code": 4141, "fclass": "beach", "name": ""}}, {"type": "Feature", "geometry": {"type": "Polygon", "coordinates": [[[-57.4135852, -23.0596372], [-57.4135257, -23.0595806], [-57.4134077, -23.059324], [-57.4132146, -23.0591167], [-57.4129217, -23.0589859], [-57.4127962, -23.0588699], [-57.4126169, -23.0588573], [-57.4122226, -23.0588129], [-57.4118713, -23.0588129], [-57.4116728, -23.0586056], [-57.4115548, -23.0587833], [-57.4114957, -23.058808], [-57.4116889, -23.0589487], [-57.4116728, -23.0590153], [-57.4116728, -23.0591091], [-57.412228, -23.0591708], [-57.4126963, -23.0594103], [-57.4128364, -23.0596522], [-57.4129839, -23.0598571], [-57.4130289, -23.0601384], [-57.4130698, -23.0602766], [-57.4131256, -23.0603778], [-57.4130219, -23.0603504], [-57.4130505, -23.0605653], [-57.4130648, -23.0607576], [-57.4132445, -23.0605725], [-57.4133782, -23.0603679], [-57.4135011, -23.0600915], [-57.4135686, -23.0598892], [-57.4135852, -23.0596372]]]}, "properties": {"osm_id": "169201018", "code": 4141, "fclass": "beach", "name": ""}}, {"type": "Feature", "geometry": {"type": "Polygon", "coordinates": [[[-57.4129276, -23.0573546], [-57.4128659, -23.0571572], [-57.4125869, -23.057098], [-57.4123889, -23.057078], [-57.4121846, -23.0571868], [-57.4119544, -23.0573297], [-57.4117018, -23.0574435], [-57.4115735, -23.0574802], [-57.4115092, -23.0575592], [-57.4114609, -23.0576456], [-57.4114502, -23.0577912], [-57.411536, -23.0579269], [-57.4115945, -23.0580258], [-57.4117259, -23.0581641], [-57.4118333, -23.0582776], [-57.4118976, -23.0583146], [-57.4119861, -23.0583072], [-57.4119839, -23.0582428], [-57.4120563, -23.0582798], [-57.4122162, -23.0580999], [-57.4125198, -23.0576803], [-57.4127559, -23.0574656], [-57.4129276, -23.0573546]]]}, "properties": {"osm_id": "169201024", "code": 4141, "fclass": "beach", "name": ""}}, {"type": "Feature", "geometry": {"type": "Polygon", "coordinates": [[[-55.5735188, -27.2771466], [-55.5734852, -27.2770743], [-55.5734564, -27.2770256], [-55.5734047, -27.2769694], [-55.5733538, -27.2769344], [-55.5732814, -27.276917], [-55.5732304, -27.2769194], [-55.5731618, -27.2769288], [-55.5731258, -27.2769075], [-55.5728817, -27.276681], [-55.5728334, -27.2766262], [-55.5726274, -27.2767843], [-55.5726502, -27.2768697], [-55.5726844, -27.2769435], [-55.5727062, -27.2770348], [-55.5727597, -27.2771478], [-55.5729448, -27.2772634], [-55.5731849, -27.2773707], [-55.5733592, -27.2773862], [-55.5735188, -27.2771466]]]}, "properties": {"osm_id": "189679223", "code": 4141, "fclass": "beach", "name": "Club del R\u00edo"}}, {"type": "Feature", "geometry": {"type": "Polygon", "coordinates": [[[-55.9052355, -27.3561696], [-55.9041294, -27.3551987], [-55.903983, -27.354985], [-55.9037337, -27.3546167], [-55.9035203, -27.3541607], [-55.9034075, -27.3538505], [-55.903349, -27.3535199], [-55.9032971, -27.3533258], [-55.9030654, -27.3535605], [-55.902933, -27.3537469], [-55.9029023, -27.3538054], [-55.9029062, -27.3539087], [-55.9029113, -27.3539895], [-55.9029277, -27.3540945], [-55.9029596, -27.3541753], [-55.9030132, -27.3543373], [-55.9031047, -27.3545519], [-55.9034144, -27.3550675], [-55.903419, -27.3550751], [-55.9037162, -27.355481], [-55.9039627, -27.3557762], [-55.9040596, -27.3558765], [-55.9041725, -27.3559763], [-55.9042849, -27.3560527], [-55.90436, -27.3561004], [-55.9044831, -27.3561526], [-55.9046086, -27.3562332], [-55.9047216, -27.3562567], [-55.9048969, -27.3562554], [-55.9051621, -27.3562066], [-55.9052355, -27.3561696]]]}, "properties": {"osm_id": "202014677", "code": 4141, "fclass": "beach", "name": "Balneario El Brete"}}, {"type": "Feature", "geometry": {"type": "Polygon", "coordinates": [[[-54.502185, -25.366482], [-54.5021791, -25.3660883], [-54.5021006, -25.3657421], [-54.5020163, -25.3655222], [-54.5019454, -25.3653509], [-54.5018534, -25.3652366], [-54.5017116, -25.3651241], [-54.5016599, -25.3650583], [-54.5015679, -25.3649752], [-54.5014932, -25.3648592], [-54.5012652, -25.3651008], [-54.5013629, -25.3651995], [-54.5014855, -25.3653969], [-54.5015583, -25.3656289], [-54.5016349, -25.3660772], [-54.5016579, -25.3664235], [-54.5016177, -25.3666381], [-54.5014759, -25.3669549], [-54.5015104, -25.3670259], [-54.5017331, -25.3671145], [-54.5020373, -25.3670595], [-54.5021006, -25.3667912], [-54.502185, -25.366482]]]}, "properties": {"osm_id": "207365930", "code": 4141, "fclass": "beach", "name": "Prainha Alvorada de Itaipu"}}, {"type": "Feature", "geometry": {"type": "Polygon", "coordinates": [[[-56.6749826, -27.5637136], [-56.6749424, -27.5634972], [-56.6748941, -27.5632832], [-56.6748351, -27.5629765], [-56.6746291, -27.5611024], [-56.6745866, -27.5609621], [-56.674388, -27.5611324], [-56.6745615, -27.5627796], [-56.6746037, -27.5630673], [-56.6746266, -27.5631659], [-56.674645, -27.5632984], [-56.6746695, -27.5634152], [-56.6747, -27.5635246], [-56.6747224, -27.5636039], [-56.6749826, -27.5637136]]]}, "properties": {"osm_id": "227897273", "code": 4141, "fclass": "beach", "name": "Marcelina"}}, {"type": "Feature", "geometry": {"type": "Polygon", "coordinates": [[[-56.6881866, -27.5830254], [-56.6874361, -27.5825225], [-56.6867283, -27.5820679], [-56.6862828, -27.5817095], [-56.6860092, -27.5814931], [-56.6858509, -27.581341], [-56.6857041, -27.5813454], [-56.6859453, -27.5816671], [-56.686143, -27.5818132], [-56.6864689, -27.5820542], [-56.6867253, -27.5821717], [-56.6869926, -27.5824933], [-56.6879574, -27.583048], [-56.6881866, -27.5830254]]]}, "properties": {"osm_id": "227906655", "code": 4141, "fclass": "beach", "name": ""}}, {"type": "Feature", "geometry": {"type": "Polygon", "coordinates": [[[-56.6775656, -27.5712366], [-56.6774207, -27.5710607], [-56.677337, -27.5709391], [-56.6772437, -27.5707064], [-56.677137, -27.5704118], [-56.6770104, -27.5701286], [-56.6769154, -27.5699259], [-56.6768602, -27.5697221], [-56.6766322, -27.5686925], [-56.676668, -27.569375], [-56.676754, -27.5699416], [-56.6770122, -27.5704891], [-56.6770868, -27.5707233], [-56.6771996, -27.5710775], [-56.6772247, -27.5711745], [-56.6772952, -27.571397], [-56.67742, -27.5713563], [-56.6775656, -27.5712366]]]}, "properties": {"osm_id": "227906656", "code": 4141, "fclass": "beach", "name": ""}}, {"type": "Feature", "geometry": {"type": "Polygon", "coordinates": [[[-56.6833109, -27.5784429], [-56.6830212, -27.5779008], [-56.6826135, -27.5772684], [-56.6824499, -27.5769879], [-56.6820816, -27.577252], [-56.6822969, -27.5775377], [-56.6825642, -27.5779133], [-56.6827728, -27.5781328], [-56.6832508, -27.5786972], [-56.6833109, -27.5784429]]]}, "properties": {"osm_id": "227906664", "code": 4141, "fclass": "beach", "name": "Punta Norte"}}, {"type": "Feature", "geometry": {"type": "Polygon", "coordinates": [[[-57.2752929, -26.5825861], [-57.2750833, -26.5819044], [-57.2744897, -26.5814331], [-57.2747768, -26.5829182], [-57.2747447, -26.5835411], [-57.2744448, -26.5842888], [-57.2746736, -26.584154], [-57.2752262, -26.583336], [-57.2752929, -26.5825861]]]}, "properties": {"osm_id": "231095285", "code": 4141, "fclass": "beach", "name": ""}}, {"type": "Feature", "geometry": {"type": "Polygon", "coordinates": [[[-58.617002, -27.2968108], [-58.6169679, -27.2967317], [-58.6162633, -27.2964234], [-58.616256, -27.2965299], [-58.6164553, -27.2965972], [-58.6165573, -27.2966436], [-58.6166538, -27.2966937], [-58.6167718, -27.2967402], [-58.6168201, -27.2967592], [-58.6168765, -27.2967795], [-58.6169355, -27.2967962], [-58.617002, -27.2968108]]]}, "properties": {"osm_id": "236332452", "code": 4141, "fclass": "beach", "name": ""}}, {"type": "Feature", "geometry": {"type": "Polygon", "coordinates": [[[-58.6197939, -27.2988806], [-58.6194541, -27.2986167], [-58.6184847, -27.2980509], [-58.6173278, -27.2973265], [-58.6173539, -27.2974266], [-58.6173784, -27.2974934], [-58.617431, -27.2975583], [-58.617492, -27.2976066], [-58.6175765, -27.2976578], [-58.6176516, -27.2976966], [-58.6177146, -27.2977287], [-58.6182444, -27.2980106], [-58.6187372, -27.298287], [-58.6187535, -27.2982954], [-58.6191456, -27.2985207], [-58.6192301, -27.2985838], [-58.6192904, -27.2986398], [-58.6193776, -27.2987173], [-58.6194111, -27.2987638], [-58.6194366, -27.2988186], [-58.6194722, -27.2988853], [-58.6195416, -27.2989437], [-58.6196043, -27.2989747], [-58.6196619, -27.2989956], [-58.6197823, -27.2990398], [-58.6197939, -27.2988806]]]}, "properties": {"osm_id": "236332454", "code": 4141, "fclass": "beach", "name": ""}}, {"type": "Feature", "geometry": {"type": "Polygon", "coordinates": [[[-55.9543473, -27.3806974], [-55.953689, -27.3791448], [-55.9533668, -27.3792813], [-55.9532289, -27.3793397], [-55.9532785, -27.379434], [-55.952946, -27.3795268], [-55.9532119, -27.3800739], [-55.9532813, -27.3802192], [-55.9534483, -27.3808419], [-55.9536111, -27.3808042], [-55.9536465, -27.3808482], [-55.9539652, -27.3807796], [-55.9543473, -27.3806974]]]}, "properties": {"osm_id": "253872413", "code": 4141, "fclass": "beach", "name": "Solarium M\u00e1rtires"}}, {"type": "Feature", "geometry": {"type": "Polygon", "coordinates": [[[-58.5716732, -27.3119953], [-58.5711921, -27.3122676], [-58.5707839, -27.3122626], [-58.5705822, -27.3122629], [-58.5699082, -27.3122757], [-58.5696469, -27.3121969], [-58.5690092, -27.3120047], [-58.5689246, -27.3119753], [-58.5682369, -27.3117656], [-58.5680936, -27.311715], [-58.5673308, -27.3114066], [-58.5662957, -27.3108573], [-58.5652399, -27.3101348], [-58.5642216, -27.3094273], [-58.5632527, -27.3086521], [-58.5627642, -27.3082663], [-58.5625255, -27.3081472], [-58.5623673, -27.30814], [-58.5622855, -27.3081638], [-58.5622353, -27.3081876], [-58.5621279, -27.3083027], [-58.5621155, -27.308322], [-58.5621101, -27.308339], [-58.5621081, -27.3083482], [-58.5621083, -27.3083564], [-58.5621128, -27.30837], [-58.5621212, -27.3083891], [-58.5621688, -27.3084629], [-58.5621996, -27.3085118], [-58.562209, -27.3085404], [-58.5622137, -27.308575], [-58.5622117, -27.3086036], [-58.5622023, -27.308659], [-58.562201, -27.3086882], [-58.5622077, -27.3087108], [-58.5622231, -27.3087311], [-58.5663376, -27.3115326], [-58.5663678, -27.311554], [-58.5663959, -27.3115689], [-58.5664268, -27.311585], [-58.5666923, -27.3116863], [-58.5670178, -27.3118145], [-58.5672879, -27.3119029], [-58.5674822, -27.3119591], [-58.5675976, -27.311977], [-58.5676941, -27.3119866], [-58.5677585, -27.3119913], [-58.5678021, -27.3119955], [-58.5678497, -27.3120062], [-58.5683459, -27.3121188], [-58.5684317, -27.3121367], [-58.5684948, -27.312157], [-58.5685726, -27.3121844], [-58.5686438, -27.3122094], [-58.5688663, -27.3123119], [-58.5689802, -27.312356], [-58.5690916, -27.3123929], [-58.5693866, -27.312437], [-58.5694644, -27.3124525], [-58.5695837, -27.3124739], [-58.5696817, -27.3125021], [-58.5697594, -27.312524], [-58.5698721, -27.3125633], [-58.5699753, -27.3125955], [-58.5701041, -27.3126288], [-58.5702047, -27.3126539], [-58.5702959, -27.3126622], [-58.5706298, -27.3126598], [-58.5709295, -27.3126181], [-58.5710549, -27.3125645], [-58.5714089, -27.3123764], [-58.571468, -27.3123434], [-58.5715277, -27.3123029], [-58.5715699, -27.3122618], [-58.5715954, -27.3122249], [-58.5716115, -27.3121903], [-58.571633, -27.3121284], [-58.5716477, -27.3120688], [-58.5716732, -27.3119953]]]}, "properties": {"osm_id": "256441110", "code": 4141, "fclass": "beach", "name": "Playa Bahia Punta Mitre"}}, {"type": "Feature", "geometry": {"type": "Polygon", "coordinates": [[[-57.670746, -25.2944112], [-57.6701594, -25.2943174], [-57.6700679, -25.2944405], [-57.669916, -25.2944339], [-57.6698892, -25.294851], [-57.6699429, -25.2948655], [-57.6699804, -25.2949237], [-57.6701843, -25.2949431], [-57.6702004, -25.2948898], [-57.670353, -25.2948949], [-57.6703369, -25.2950695], [-57.6704096, -25.2950741], [-57.6704321, -25.2953653], [-57.6705301, -25.2953666], [-57.6704858, -25.2951666], [-57.6704925, -25.2948695], [-57.6706092, -25.2946234], [-57.670746, -25.2944112]]]}, "properties": {"osm_id": "259346797", "code": 4141, "fclass": "beach", "name": ""}}, {"type": "Feature", "geometry": {"type": "Polygon", "coordinates": [[[-55.7499746, -27.4483931], [-55.749827, -27.4483884], [-55.7497385, -27.4483431], [-55.7495725, -27.448288], [-55.749355, -27.4482146], [-55.7492101, -27.448167], [-55.749068, -27.4481408], [-55.7488832, -27.4481499], [-55.748781, -27.4481432], [-55.7487273, -27.4481182], [-55.7487018, -27.4480801], [-55.7486696, -27.4483277], [-55.7486794, -27.4483436], [-55.7487119, -27.4483552], [-55.749155, -27.4485026], [-55.7494579, -27.4485821], [-55.7496077, -27.4486009], [-55.7497869, -27.4485936], [-55.7498931, -27.4485737], [-55.7499746, -27.4483931]]]}, "properties": {"osm_id": "260053101", "code": 4141, "fclass": "beach", "name": "Playa Sarand\u00ed"}}, {"type": "Feature", "geometry": {"type": "Polygon", "coordinates": [[[-56.7515999, -27.6057089], [-56.7514323, -27.6057516], [-56.7511681, -27.6058229], [-56.750295, -27.6060678], [-56.7495641, -27.6062246], [-56.7490241, -27.6063469], [-56.74851, -27.6064694], [-56.7481399, -27.6065526], [-56.7475954, -27.6066358], [-56.7471126, -27.6067214], [-56.7467129, -27.6067879], [-56.7463352, -27.6068251], [-56.7458949, -27.6068474], [-56.7450821, -27.6068901], [-56.7446852, -27.6069068], [-56.7442587, -27.6068901], [-56.7436793, -27.6068569], [-56.7429981, -27.6067903], [-56.742577, -27.606738], [-56.7417938, -27.6066834], [-56.7414451, -27.6066643], [-56.7410508, -27.6066358], [-56.7408308, -27.6066097], [-56.7406089, -27.6065729], [-56.7401683, -27.6064409], [-56.7397445, -27.6063197], [-56.7389694, -27.6060701], [-56.7383525, -27.6058657], [-56.7376444, -27.6056447], [-56.737183, -27.6054997], [-56.7367086, -27.6053578], [-56.7363918, -27.6053048], [-56.7359599, -27.6052549], [-56.735673, -27.6052501], [-56.7355549, -27.6052549], [-56.7354584, -27.6052584], [-56.7353471, -27.6052608], [-56.7352089, -27.6052573], [-56.7350695, -27.6052335], [-56.7349587, -27.6052131], [-56.7346618, -27.605117], [-56.7343131, -27.6050433], [-56.7338544, -27.6049387], [-56.7333797, -27.6048413], [-56.7332053, -27.604808], [-56.7329586, -27.6047795], [-56.7326796, -27.6047605], [-56.7325401, -27.6047462], [-56.7323765, -27.6046987], [-56.7320868, -27.6045822], [-56.7319044, -27.6045109], [-56.7317207, -27.604442], [-56.7315732, -27.6044028], [-56.7314088, -27.6043602], [-56.731132, -27.6042708], [-56.7308423, -27.6041758], [-56.7305607, -27.6040759], [-56.7303287, -27.6039963], [-56.729933, -27.6038691], [-56.7292479, -27.6036463], [-56.7288816, -27.6035316], [-56.7283988, -27.6034021], [-56.7278275, -27.6032642], [-56.7274024, -27.603162], [-56.7269607, -27.6030805], [-56.7266849, -27.603042], [-56.7264537, -27.6030291], [-56.7262316, -27.6030301], [-56.726009, -27.6030063], [-56.7255798, -27.6029113], [-56.7252955, -27.6028447], [-56.7251021, -27.6027826], [-56.7245525, -27.6025975], [-56.7243084, -27.6025167], [-56.7240483, -27.6024478], [-56.7237371, -27.602336], [-56.7233026, -27.6021863], [-56.7229151, -27.6020193], [-56.7223343, -27.6017038], [-56.7215565, -27.6013044], [-56.7210496, -27.6009788], [-56.7205882, -27.6006841], [-56.7203897, -27.6005771], [-56.7201696, -27.600468], [-56.7199793, -27.6003917], [-56.7195046, -27.6002657], [-56.7190808, -27.6001706], [-56.718798, -27.6001155], [-56.7186758, -27.6000803], [-56.7185444, -27.6000114], [-56.7184505, -27.5998925], [-56.7183352, -27.5997356], [-56.7182145, -27.5995978], [-56.7179677, -27.5994147], [-56.7177048, -27.599265], [-56.7175841, -27.5991723], [-56.7174178, -27.5990249], [-56.7170933, -27.5987183], [-56.7167768, -27.5983926], [-56.7163503, -27.5978911], [-56.7160714, -27.5975821], [-56.7158246, -27.5973539], [-56.7155671, -27.5971185], [-56.7153362, -27.596931], [-56.7147303, -27.5963959], [-56.7140447, -27.5958312], [-56.7134321, -27.595293], [-56.7128152, -27.5947795], [-56.7123485, -27.5943183], [-56.7118925, -27.5938239], [-56.7110533, -27.5929946], [-56.7109618, -27.5928279], [-56.7108384, -27.5925926], [-56.710775, -27.5924923], [-56.7106694, -27.5923311], [-56.7104656, -27.5920577], [-56.7101294, -27.591636], [-56.7098621, -27.591316], [-56.709534, -27.5909504], [-56.7089984, -27.5903652], [-56.7084432, -27.5897851], [-56.7083867, -27.5897294], [-56.7083064, -27.5896544], [-56.7079818, -27.5893881], [-56.7090917, -27.5906234], [-56.7098208, -27.5913972], [-56.7102858, -27.591948], [-56.7107158, -27.5925249], [-56.7110639, -27.5931241], [-56.7114676, -27.5935629], [-56.7124836, -27.5947473], [-56.713596, -27.5956569], [-56.7157778, -27.5974924], [-56.7176401, -27.5993661], [-56.7172959, -27.5998236], [-56.7181169, -27.6005109], [-56.718831, -27.6001484], [-56.7201652, -27.600495], [-56.7213143, -27.6012275], [-56.7209214, -27.6014462], [-56.7217297, -27.6016735], [-56.72371, -27.602475], [-56.7253324, -27.6029328], [-56.7262755, -27.6031369], [-56.7272359, -27.6032409], [-56.7277842, -27.6034205], [-56.7292075, -27.6036843], [-56.7314088, -27.6044912], [-56.7312958, -27.6051613], [-56.7315499, -27.605581], [-56.7337729, -27.6057081], [-56.7339923, -27.6051689], [-56.7368671, -27.6055368], [-56.7407132, -27.6068133], [-56.7436575, -27.6069757], [-56.7457457, -27.6070086], [-56.7463861, -27.6070332], [-56.7469249, -27.6069047], [-56.7477318, -27.6068276], [-56.7514997, -27.6059138], [-56.7515999, -27.6057089]]]}, "properties": {"osm_id": "260962374", "code": 4141, "fclass": "beach", "name": ""}}, {"type": "Feature", "geometry": {"type": "Polygon", "coordinates": [[[-54.6530391, -26.3157341], [-54.6530047, -26.3156371], [-54.6529752, -26.3155265], [-54.6529189, -26.3153751], [-54.6528502, -26.3152855], [-54.6526748, -26.3151515], [-54.6525487, -26.3150385], [-54.6523906, -26.3149134], [-54.6521867, -26.314798], [-54.6520713, -26.3147668], [-54.6520089, -26.314756], [-54.6519767, -26.3147608], [-54.651958, -26.3147752], [-54.6519472, -26.314792], [-54.6519533, -26.3148281], [-54.6519989, -26.3149687], [-54.6520633, -26.315113], [-54.6521244, -26.3152567], [-54.6521384, -26.3153462], [-54.652131, -26.3154105], [-54.6521008, -26.3156035], [-54.6521142, -26.3157261], [-54.6521905, -26.315909], [-54.6523084, -26.3160819], [-54.6524442, -26.3163271], [-54.6526046, -26.3160487], [-54.6528734, -26.3158595], [-54.6530364, -26.3157634], [-54.6530391, -26.3157341]]]}, "properties": {"osm_id": "261754510", "code": 4141, "fclass": "beach", "name": ""}}, {"type": "Feature", "geometry": {"type": "Polygon", "coordinates": [[[-55.8668584, -27.429901], [-55.8668505, -27.4296574], [-55.8668239, -27.4295318], [-55.8667986, -27.4294277], [-55.8667713, -27.429547], [-55.8667552, -27.4296232], [-55.8667392, -27.4297041], [-55.8666855, -27.4298398], [-55.866597, -27.4299922], [-55.8663985, -27.4301731], [-55.866133, -27.4304254], [-55.8659104, -27.430623], [-55.8656582, -27.4308754], [-55.8653981, -27.431092], [-55.865213, -27.4311991], [-55.8643716, -27.4317006], [-55.8640991, -27.4317288], [-55.8639335, -27.4315419], [-55.8638829, -27.4314722], [-55.8638263, -27.4313872], [-55.863807, -27.4312857], [-55.8637908, -27.4312117], [-55.8637807, -27.4311301], [-55.8637584, -27.4312087], [-55.8637402, -27.4314466], [-55.8639855, -27.4319626], [-55.8641127, -27.4320191], [-55.8643069, -27.4320222], [-55.8644421, -27.4319911], [-55.8648233, -27.4317401], [-55.8654218, -27.4313568], [-55.8661322, -27.4308611], [-55.8664439, -27.4306544], [-55.8666233, -27.4305334], [-55.8667375, -27.4303812], [-55.8668367, -27.430138], [-55.8668584, -27.429901]]]}, "properties": {"osm_id": "262794723", "code": 4141, "fclass": "beach", "name": "Playa Sur"}}, {"type": "Feature", "geometry": {"type": "Polygon", "coordinates": [[[-55.8760443, -27.3345089], [-55.8760071, -27.3344992], [-55.875975, -27.3344797], [-55.8759513, -27.3344522], [-55.8759385, -27.3344195], [-55.8749452, -27.334328], [-55.8749289, -27.3344529], [-55.8749105, -27.3345271], [-55.8748808, -27.3346075], [-55.8748369, -27.3346981], [-55.8747902, -27.3347647], [-55.8747123, -27.3348578], [-55.8746401, -27.334927], [-55.8745651, -27.3349886], [-55.8745212, -27.3350188], [-55.8744858, -27.3350397], [-55.8744501, -27.3350608], [-55.8742431, -27.3351583], [-55.8742091, -27.3351739], [-55.8741754, -27.3351893], [-55.8739738, -27.3352839], [-55.8739369, -27.3353024], [-55.8738996, -27.335321], [-55.8737164, -27.3354284], [-55.8736869, -27.335448], [-55.873654, -27.3354699], [-55.8734787, -27.3356054], [-55.8734519, -27.3356279], [-55.8734238, -27.3356515], [-55.8732663, -27.3358093], [-55.8732487, -27.3358295], [-55.873225, -27.3358565], [-55.8730966, -27.3360218], [-55.8730767, -27.3360509], [-55.873054, -27.336084], [-55.8729422, -27.336267], [-55.8729282, -27.3362934], [-55.8729136, -27.3363209], [-55.8728359, -27.3365182], [-55.8728261, -27.3365489], [-55.8728163, -27.3365795], [-55.8727637, -27.3367805], [-55.8727577, -27.3368095], [-55.8727502, -27.3368459], [-55.872737, -27.3370865], [-55.8727323, -27.3371723], [-55.8727269, -27.3372962], [-55.8727721, -27.3373466], [-55.8728074, -27.3374058], [-55.8728236, -27.3374663], [-55.8728235, -27.3375297], [-55.8728053, -27.3375788], [-55.8727805, -27.337625], [-55.8727302, -27.3376723], [-55.8726733, -27.3377109], [-55.8726261, -27.338108], [-55.8725968, -27.3384735], [-55.8725884, -27.3386744], [-55.8725874, -27.3386972], [-55.8725959, -27.3387648], [-55.8726142, -27.3388402], [-55.8726684, -27.3389705], [-55.8726724, -27.33898], [-55.8727537, -27.339107], [-55.8728578, -27.3392011], [-55.8729629, -27.3392786], [-55.8730576, -27.3393328], [-55.8731654, -27.3393704], [-55.8732797, -27.3393495], [-55.8732237, -27.3392333], [-55.8731905, -27.3389966], [-55.8731335, -27.3386323], [-55.8730976, -27.3383331], [-55.8730818, -27.3379222], [-55.8731416, -27.3374529], [-55.8732489, -27.337055], [-55.873368, -27.3367146], [-55.8735068, -27.3364068], [-55.8736533, -27.3362216], [-55.8740049, -27.3359355], [-55.8743073, -27.3357209], [-55.874994, -27.3352163], [-55.8751283, -27.3350865], [-55.8752525, -27.3349749], [-55.8753866, -27.3348724], [-55.875577, -27.3347843], [-55.8757219, -27.3347533], [-55.8758077, -27.3347271], [-55.8758721, -27.3346914], [-55.8759579, -27.3346175], [-55.8760443, -27.3345089]]]}, "properties": {"osm_id": "264313011", "code": 4141, "fclass": "beach", "name": "Playa San Jos\u00e9"}}, {"type": "Feature", "geometry": {"type": "Polygon", "coordinates": [[[-55.8914411, -27.3186239], [-55.891319, -27.3185616], [-55.8912439, -27.3185044], [-55.891273, -27.3184223], [-55.8912036, -27.31839], [-55.8911549, -27.3183794], [-55.8910986, -27.3183675], [-55.8909864, -27.3183686], [-55.8909247, -27.3183781], [-55.8900338, -27.3186439], [-55.8898648, -27.3186844], [-55.889779, -27.3186987], [-55.8896801, -27.3187046], [-55.8895755, -27.3186974], [-55.8894843, -27.3186855], [-55.8893797, -27.3186712], [-55.8893288, -27.3186569], [-55.8892801, -27.3186368], [-55.8888161, -27.3184509], [-55.8886072, -27.3183757], [-55.8885348, -27.3183638], [-55.8884436, -27.3183567], [-55.8883739, -27.3183614], [-55.8883015, -27.3183781], [-55.888234, -27.3183985], [-55.8881566, -27.3184353], [-55.8875531, -27.3188285], [-55.8873816, -27.3189465], [-55.8872849, -27.3190334], [-55.8871773, -27.3191627], [-55.8870945, -27.3195034], [-55.8869991, -27.3201111], [-55.8869558, -27.3203092], [-55.8868901, -27.3204602], [-55.8868125, -27.3206211], [-55.886684, -27.3207838], [-55.8864424, -27.3210578], [-55.8862665, -27.3212526], [-55.8861795, -27.3213646], [-55.8862549, -27.3217263], [-55.8863086, -27.321507], [-55.8863622, -27.3213974], [-55.8864749, -27.3213021], [-55.886668, -27.3211639], [-55.8868074, -27.321059], [-55.8869737, -27.3208779], [-55.8870354, -27.320804], [-55.8870918, -27.3206777], [-55.8871883, -27.3205086], [-55.8873109, -27.3203402], [-55.8874485, -27.3201749], [-55.887588, -27.3200033], [-55.8877516, -27.319765], [-55.887824, -27.3196769], [-55.8878991, -27.3195935], [-55.8880118, -27.3194838], [-55.8882076, -27.3193575], [-55.8884007, -27.3192765], [-55.8886582, -27.3192098], [-55.8889076, -27.3191812], [-55.8891088, -27.319155], [-55.8892831, -27.3191073], [-55.8894859, -27.3190471], [-55.8895996, -27.3190168], [-55.8899027, -27.3189834], [-55.8902243, -27.3189244], [-55.8904767, -27.3188452], [-55.890694, -27.3187642], [-55.890879, -27.3187022], [-55.89104, -27.3186665], [-55.8912304, -27.318626], [-55.8914411, -27.3186239]]]}, "properties": {"osm_id": "264313736", "code": 4141, "fclass": "beach", "name": "Playa Mboi Ka'e"}}, {"type": "Feature", "geometry": {"type": "Polygon", "coordinates": [[[-55.8478972, -27.3730485], [-55.847827, -27.373029], [-55.8477592, -27.3729932], [-55.8476896, -27.3729524], [-55.8475013, -27.3728378], [-55.8474302, -27.372801], [-55.8473459, -27.3727759], [-55.8472666, -27.3727707], [-55.847174, -27.3727832], [-55.8470769, -27.3728084], [-55.8469732, -27.3728512], [-55.8467595, -27.3729826], [-55.846566, -27.3731589], [-55.8463407, -27.3734019], [-55.8462053, -27.3735324], [-55.8461038, -27.3736113], [-55.845956, -27.3736991], [-55.8455467, -27.3738973], [-55.8453522, -27.3739943], [-55.8452274, -27.3740729], [-55.8450915, -27.3741757], [-55.8449966, -27.3742708], [-55.8448923, -27.3743975], [-55.8448209, -27.3745157], [-55.8447421, -27.3746595], [-55.8446333, -27.3749421], [-55.8445774, -27.3750215], [-55.844521, -27.3750683], [-55.8443872, -27.375183], [-55.8443556, -27.3752259], [-55.8443312, -27.3752771], [-55.8443107, -27.3753334], [-55.8442943, -27.3754015], [-55.844292, -27.3754653], [-55.8442982, -27.3755114], [-55.8443079, -27.3755607], [-55.8443209, -27.3756067], [-55.8443433, -27.375659], [-55.8443716, -27.3757174], [-55.8444352, -27.3757724], [-55.8443682, -27.3756462], [-55.8443534, -27.3755616], [-55.8443534, -27.3754652], [-55.8443776, -27.3753901], [-55.8444259, -27.3752687], [-55.8445331, -27.3751519], [-55.8447719, -27.3749876], [-55.8449516, -27.3748566], [-55.8450455, -27.3747875], [-55.8451983, -27.3746589], [-55.8453351, -27.3745422], [-55.8454183, -27.3744231], [-55.8455631, -27.3742683], [-55.8457992, -27.3740992], [-55.8460084, -27.3739658], [-55.8462417, -27.3738324], [-55.8464617, -27.3737181], [-55.8468103, -27.3735847], [-55.8471228, -27.3734346], [-55.8473615, -27.373281], [-55.8476298, -27.3731595], [-55.8477719, -27.3730976], [-55.8478972, -27.3730485]]]}, "properties": {"osm_id": "264313737", "code": 4141, "fclass": "beach", "name": "Playa San Isidro"}}, {"type": "Feature", "geometry": {"type": "Polygon", "coordinates": [[[-55.3596717, -25.3924312], [-55.359496, -25.3924442], [-55.3590239, -25.3930403], [-55.3589807, -25.3931408], [-55.3589113, -25.3934183], [-55.3589005, -25.3936509], [-55.3590533, -25.3936458], [-55.3590722, -25.3936024], [-55.3591044, -25.3934958], [-55.359158, -25.3932147], [-55.3592546, -25.3929821], [-55.3595174, -25.3926283], [-55.3596717, -25.3924312]]]}, "properties": {"osm_id": "264439873", "code": 4141, "fclass": "beach", "name": ""}}, {"type": "Feature", "geometry": {"type": "Polygon", "coordinates": [[[-54.8133239, -25.4982033], [-54.8131979, -25.4952367], [-54.8120882, -25.4952751], [-54.8121009, -25.4947401], [-54.8050163, -25.4950594], [-54.8050676, -25.496267], [-54.8072165, -25.4961997], [-54.8073021, -25.4974822], [-54.8092531, -25.4974259], [-54.8092959, -25.4980723], [-54.8094012, -25.498067], [-54.8094156, -25.4984068], [-54.810435, -25.4983715], [-54.8104586, -25.4989261], [-54.8112431, -25.498899], [-54.8112167, -25.4982762], [-54.8133239, -25.4982033]]]}, "properties": {"osm_id": "282081089", "code": 4132, "fclass": "cave_entrance", "name": ""}}, {"type": "Feature", "geometry": {"type": "Polygon", "coordinates": [[[-54.8129947, -25.4935729], [-54.8128853, -25.4917712], [-54.8108793, -25.49186], [-54.810837, -25.4910815], [-54.8108008, -25.4889706], [-54.8048091, -25.489203], [-54.8048355, -25.4893417], [-54.8049731, -25.4929722], [-54.8058859, -25.4929314], [-54.80597, -25.4938737], [-54.8129947, -25.4935729]]]}, "properties": {"osm_id": "282081090", "code": 4132, "fclass": "cave_entrance", "name": ""}}, {"type": "Feature", "geometry": {"type": "Polygon", "coordinates": [[[-54.8023957, -25.4975307], [-54.8022348, -25.4952114], [-54.7945423, -25.4956568], [-54.7945669, -25.49611], [-54.7933969, -25.4961495], [-54.7933707, -25.4957275], [-54.7930241, -25.495744], [-54.7931314, -25.4973612], [-54.7926486, -25.4973999], [-54.7927452, -25.4984845], [-54.7925091, -25.4985136], [-54.792552, -25.4988719], [-54.7970045, -25.4986879], [-54.796989, -25.4984076], [-54.798491, -25.4983204], [-54.7984803, -25.4976425], [-54.7992039, -25.4976033], [-54.7992361, -25.4978745], [-54.8001266, -25.4978164], [-54.8001695, -25.4982618], [-54.8015594, -25.4982913], [-54.8014951, -25.4975844], [-54.8023957, -25.4975307]]]}, "properties": {"osm_id": "282082683", "code": 4132, "fclass": "cave_entrance", "name": ""}}, {"type": "Feature", "geometry": {"type": "Polygon", "coordinates": [[[-54.802237, -25.4941448], [-54.8020099, -25.4903151], [-54.7992551, -25.4904546], [-54.7993009, -25.4911515], [-54.7992736, -25.4917918], [-54.7992267, -25.4923302], [-54.799059, -25.4927593], [-54.7991636, -25.4942251], [-54.802237, -25.4941448]]]}, "properties": {"osm_id": "282083398", "code": 4132, "fclass": "cave_entrance", "name": ""}}, {"type": "Feature", "geometry": {"type": "Polygon", "coordinates": [[[-54.8012255, -25.4887409], [-54.8011673, -25.4878609], [-54.7980189, -25.4879679], [-54.7979653, -25.4867477], [-54.7992898, -25.4842388], [-54.8001325, -25.4832902], [-54.799912, -25.4798127], [-54.7963042, -25.4798973], [-54.7949553, -25.4799289], [-54.7947466, -25.476094], [-54.794567, -25.475948], [-54.7939956, -25.4754838], [-54.7902775, -25.4756092], [-54.790417, -25.4771783], [-54.789784, -25.4772073], [-54.789784, -25.478573], [-54.7879172, -25.4787667], [-54.7878957, -25.4779846], [-54.7871608, -25.478033], [-54.7804419, -25.4783478], [-54.7805063, -25.4791953], [-54.7804714, -25.4792994], [-54.780686, -25.482573], [-54.7816038, -25.4825347], [-54.7815577, -25.4805028], [-54.7831938, -25.4804421], [-54.7841218, -25.4803967], [-54.7850532, -25.4803484], [-54.790527, -25.4802195], [-54.7905565, -25.4811977], [-54.7895372, -25.4812364], [-54.7895587, -25.4819531], [-54.789033, -25.4819822], [-54.7890544, -25.4823793], [-54.788636, -25.482418], [-54.788797, -25.4853719], [-54.7877192, -25.4854305], [-54.7877992, -25.4866794], [-54.7887063, -25.4866315], [-54.7887326, -25.4871346], [-54.7883571, -25.4871636], [-54.7883785, -25.4875801], [-54.7878635, -25.4876091], [-54.7878262, -25.4880407], [-54.7881794, -25.4880124], [-54.7881695, -25.4881134], [-54.7884162, -25.4881134], [-54.7887856, -25.4880947], [-54.7888508, -25.4893191], [-54.7922302, -25.4891393], [-54.8012255, -25.4887409]]]}, "properties": {"osm_id": "282084306", "code": 4132, "fclass": "cave_entrance", "name": ""}}, {"type": "Feature", "geometry": {"type": "Polygon", "coordinates": [[[-56.2945581, -23.8133918], [-56.2944374, -23.8133869], [-56.2944133, -23.8134948], [-56.2943771, -23.8134396], [-56.2943355, -23.8135182], [-56.2943288, -23.8135599], [-56.2943315, -23.8136126], [-56.2942752, -23.8135893], [-56.294243, -23.8135856], [-56.2942273, -23.8136423], [-56.294032, -23.8142176], [-56.2941011, -23.8142875], [-56.2940684, -23.8144007], [-56.2936536, -23.8150931], [-56.2936536, -23.8151963], [-56.2936099, -23.8152628], [-56.2934075, -23.8154261], [-56.2935676, -23.8153995], [-56.2936732, -23.8153562], [-56.2937319, -23.8152569], [-56.2937828, -23.8151796], [-56.2938974, -23.8150232], [-56.2939993, -23.8148035], [-56.2939701, -23.8147269], [-56.2940466, -23.8145904], [-56.2942758, -23.8142475], [-56.2945467, -23.8134975], [-56.2945581, -23.8133918]]]}, "properties": {"osm_id": "303569606", "code": 4141, "fclass": "beach", "name": ""}}, {"type": "Feature", "geometry": {"type": "Polygon", "coordinates": [[[-55.9183127, -27.3538306], [-55.9182543, -27.3538434], [-55.9181543, -27.3538603], [-55.9180765, -27.3538591], [-55.9179598, -27.3538549], [-55.917874, -27.3538365], [-55.9177928, -27.353821], [-55.9176956, -27.3537829], [-55.9176471, -27.3538306], [-55.9179866, -27.354136], [-55.9182814, -27.3541178], [-55.9182708, -27.3538725], [-55.9182869, -27.353837], [-55.9183127, -27.3538306]]]}, "properties": {"osm_id": "332766042", "code": 4141, "fclass": "beach", "name": ""}}, {"type": "Feature", "geometry": {"type": "Polygon", "coordinates": [[[-57.3737801, -25.3019011], [-57.3737677, -25.3018641], [-57.3737374, -25.3018224], [-57.3736237, -25.3021897], [-57.3736199, -25.3021996], [-57.3736176, -25.3022084], [-57.3735271, -25.302407], [-57.37346, -25.3025185], [-57.3734184, -25.3025797], [-57.3733514, -25.302647], [-57.3732923, -25.3026784], [-57.37322, -25.3026762], [-57.3730972, -25.3026379], [-57.3730101, -25.3026197], [-57.3729712, -25.3026209], [-57.3729363, -25.3026439], [-57.3729055, -25.3027591], [-57.373224, -25.3030689], [-57.3732835, -25.3029966], [-57.3733297, -25.3029123], [-57.3733652, -25.302844], [-57.3733901, -25.3027974], [-57.3734416, -25.3027428], [-57.3734878, -25.3026649], [-57.3735384, -25.3025862], [-57.3736069, -25.3024938], [-57.3736504, -25.3024521], [-57.3736975, -25.3023991], [-57.3737081, -25.3023316], [-57.3737188, -25.3022922], [-57.3737312, -25.3021581], [-57.373741, -25.3020834], [-57.3737614, -25.3020111], [-57.3737721, -25.3019645], [-57.3737801, -25.3019011]]]}, "properties": {"osm_id": "336772414", "code": 4141, "fclass": "beach", "name": ""}}, {"type": "Feature", "geometry": {"type": "Polygon", "coordinates": [[[-57.2993352, -25.3124595], [-57.2992706, -25.3123505], [-57.2992068, -25.3124082], [-57.2990736, -25.3124659], [-57.2989321, -25.3125888], [-57.2988045, -25.3127091], [-57.298688, -25.3128069], [-57.2988807, -25.312835], [-57.2993352, -25.3124595]]]}, "properties": {"osm_id": "336941480", "code": 4141, "fclass": "beach", "name": ""}}, {"type": "Feature", "geometry": {"type": "Polygon", "coordinates": [[[-57.3022845, -25.3106587], [-57.3022519, -25.3105405], [-57.3021507, -25.3105561], [-57.3020202, -25.3106057], [-57.3019751, -25.3106004], [-57.3019329, -25.3106119], [-57.3019035, -25.3106341], [-57.3018711, -25.3106651], [-57.3017956, -25.3107094], [-57.3017554, -25.3107316], [-57.3016995, -25.3107759], [-57.3016298, -25.3108336], [-57.3016941, -25.310901], [-57.3017986, -25.310824], [-57.3019633, -25.3107563], [-57.3021266, -25.3106995], [-57.3022845, -25.3106587]]]}, "properties": {"osm_id": "336941483", "code": 4141, "fclass": "beach", "name": ""}}, {"type": "Feature", "geometry": {"type": "Polygon", "coordinates": [[[-55.5879283, -27.3328705], [-55.5878697, -27.3327317], [-55.5875695, -27.3324564], [-55.5874942, -27.3324893], [-55.5874068, -27.3325275], [-55.5872924, -27.3325775], [-55.5872262, -27.3326065], [-55.5870884, -27.3326833], [-55.586974, -27.332747], [-55.5868578, -27.3328454], [-55.5867487, -27.3329377], [-55.5867885, -27.3329834], [-55.5868113, -27.3330499], [-55.5868862, -27.3331598], [-55.5869057, -27.3332437], [-55.5869774, -27.3332727], [-55.5870718, -27.3332148], [-55.5870718, -27.3331917], [-55.5871565, -27.3331193], [-55.5872705, -27.3330702], [-55.5875213, -27.3330412], [-55.5876808, -27.3330239], [-55.5878078, -27.332966], [-55.5879283, -27.3328705]]]}, "properties": {"osm_id": "344499435", "code": 4141, "fclass": "beach", "name": ""}}, {"type": "Feature", "geometry": {"type": "Polygon", "coordinates": [[[-57.3015791, -25.3111157], [-57.3015242, -25.3110338], [-57.3014288, -25.3111081], [-57.3012736, -25.3111638], [-57.3011419, -25.3112076], [-57.30098, -25.3112498], [-57.3008196, -25.3113595], [-57.3007916, -25.3114048], [-57.3008482, -25.311433], [-57.3009772, -25.3113729], [-57.3011651, -25.3113118], [-57.301402, -25.3112444], [-57.3015161, -25.311171], [-57.3015366, -25.3111578], [-57.3015791, -25.3111157]]]}, "properties": {"osm_id": "362492234", "code": 4141, "fclass": "beach", "name": ""}}, {"type": "Feature", "geometry": {"type": "Polygon", "coordinates": [[[-57.6336502, -25.2761992], [-57.6334158, -25.275979], [-57.6330411, -25.2760137], [-57.6323258, -25.2761812], [-57.6318021, -25.2762062], [-57.6313422, -25.2762043], [-57.6309058, -25.2760714], [-57.6303843, -25.2759617], [-57.629852, -25.2758462], [-57.6291538, -25.2754304], [-57.628877, -25.2752129], [-57.6282756, -25.2760386], [-57.6282536, -25.2761568], [-57.6283304, -25.2761784], [-57.6284103, -25.2762053], [-57.6307243, -25.2769855], [-57.6309489, -25.2770504], [-57.6310021, -25.2770592], [-57.6312292, -25.2770818], [-57.6316877, -25.2770537], [-57.6320123, -25.2769956], [-57.6322701, -25.2769128], [-57.6325044, -25.2768255], [-57.6327588, -25.276689], [-57.6329634, -25.2765724], [-57.6334428, -25.2763163], [-57.6336502, -25.2761992]]]}, "properties": {"osm_id": "391398116", "code": 4141, "fclass": "beach", "name": "Playa de la Costanera"}}, {"type": "Feature", "geometry": {"type": "Polygon", "coordinates": [[[-57.6291376, -25.2814227], [-57.6290927, -25.281351], [-57.6290275, -25.2813844], [-57.6290037, -25.2813465], [-57.6289797, -25.2813588], [-57.62892, -25.2813893], [-57.6289419, -25.2814236], [-57.6289727, -25.2814715], [-57.6290096, -25.2815324], [-57.6290735, -25.2815], [-57.6290763, -25.2814986], [-57.6291229, -25.2814748], [-57.6291376, -25.2814227]]]}, "properties": {"osm_id": "392864387", "code": 4112, "fclass": "cliff", "name": "punta Karapa"}}, {"type": "Feature", "geometry": {"type": "Polygon", "coordinates": [[[-56.684047, -27.540008], [-56.6838478, -27.5397097], [-56.6836752, -27.5395606], [-56.6829139, -27.5389523], [-56.6829626, -27.5385403], [-56.6828033, -27.5385403], [-56.6826484, -27.5387953], [-56.6826882, -27.5391524], [-56.6828216, -27.5395921], [-56.681879, -27.5406987], [-56.6779667, -27.5442108], [-56.6775035, -27.5450597], [-56.6763105, -27.5463409], [-56.6747009, -27.5490237], [-56.67416, -27.5498964], [-56.6739122, -27.550434], [-56.6736776, -27.5512619], [-56.6733324, -27.5522978], [-56.6732262, -27.5528078], [-56.673328, -27.5534553], [-56.6733014, -27.5537613], [-56.6733589, -27.5539222], [-56.6735847, -27.5538633], [-56.6736174, -27.5536171], [-56.6735637, -27.5534863], [-56.6735208, -27.5533817], [-56.6734216, -27.5531439], [-56.6733733, -27.5530131], [-56.6733431, -27.5528779], [-56.6733599, -27.5527206], [-56.673435, -27.5524115], [-56.6734653, -27.5521537], [-56.6735262, -27.551905], [-56.6738105, -27.551056], [-56.6738695, -27.5509038], [-56.6740143, -27.5506042], [-56.6741779, -27.5502974], [-56.6746902, -27.5494484], [-56.6750094, -27.5487707], [-56.6752857, -27.5483283], [-56.6757014, -27.54771], [-56.6762325, -27.5468373], [-56.6763291, -27.5467017], [-56.6764176, -27.5465923], [-56.6765249, -27.5464734], [-56.6769433, -27.5459835], [-56.6772088, -27.5456625], [-56.6777077, -27.545056], [-56.6782549, -27.5443901], [-56.6788852, -27.5436386], [-56.6789818, -27.5435316], [-56.6790875, -27.5434424], [-56.680559, -27.5422097], [-56.6810114, -27.5418624], [-56.6810238, -27.5418487], [-56.681204, -27.541654], [-56.6813341, -27.5415303], [-56.6814467, -27.5414304], [-56.6815849, -27.5413353], [-56.681888, -27.5411118], [-56.6822045, -27.5409072], [-56.68236, -27.5408145], [-56.6825464, -27.5407253], [-56.6830084, -27.5405627], [-56.6835295, -27.5403757], [-56.6836676, -27.5403293], [-56.6837668, -27.5402805], [-56.6838782, -27.5401937], [-56.6839278, -27.540145], [-56.6840109, -27.5400546], [-56.684047, -27.540008]]]}, "properties": {"osm_id": "393268439", "code": 4141, "fclass": "beach", "name": ""}}, {"type": "Feature", "geometry": {"type": "Polygon", "coordinates": [[[-55.8125333, -27.4574927], [-55.8124298, -27.4575211], [-55.8123252, -27.4575877], [-55.812242, -27.4576615], [-55.8121696, -27.4577376], [-55.8120731, -27.4578876], [-55.8120543, -27.4579733], [-55.8120677, -27.4580494], [-55.8121191, -27.4581548], [-55.8122207, -27.4581092], [-55.8123077, -27.4579936], [-55.812464, -27.4577133], [-55.8125333, -27.4574927]]]}, "properties": {"osm_id": "402118362", "code": 4141, "fclass": "beach", "name": ""}}, {"type": "Feature", "geometry": {"type": "Polygon", "coordinates": [[[-55.7821939, -27.4515463], [-55.7817896, -27.4514017], [-55.7814932, -27.4511732], [-55.7812813, -27.4509281], [-55.7812062, -27.4507853], [-55.7809844, -27.4511604], [-55.7811909, -27.4513009], [-55.7814231, -27.4514456], [-55.7814887, -27.4514865], [-55.781781, -27.4516365], [-55.7819956, -27.4516888], [-55.7821939, -27.4515463]]]}, "properties": {"osm_id": "403544696", "code": 4141, "fclass": "beach", "name": "Playa Para\u00edso"}}, {"type": "Feature", "geometry": {"type": "Polygon", "coordinates": [[[-56.0096758, -27.3567538], [-56.0096652, -27.3566799], [-56.0095821, -27.3565322], [-56.0095803, -27.3563876], [-56.0095396, -27.3562776], [-56.0094951, -27.3561104], [-56.009275, -27.3562312], [-56.0087594, -27.3564767], [-56.0088335, -27.3565573], [-56.0089008, -27.3566328], [-56.008935, -27.3567787], [-56.00905, -27.3567139], [-56.0090069, -27.3565793], [-56.0090795, -27.3565463], [-56.0091945, -27.3564992], [-56.0094759, -27.3566846], [-56.0095838, -27.3567286], [-56.0096758, -27.3567538]]]}, "properties": {"osm_id": "438895589", "code": 4141, "fclass": "beach", "name": ""}}, {"type": "Feature", "geometry": {"type": "Polygon", "coordinates": [[[-57.5300662, -25.1648093], [-57.5297443, -25.164751], [-57.5297068, -25.1649938], [-57.5296156, -25.1649841], [-57.5294949, -25.1663289], [-57.5295512, -25.1663872], [-57.529755, -25.1663896], [-57.5299589, -25.1657512], [-57.5300662, -25.1648093]]]}, "properties": {"osm_id": "443443250", "code": 4141, "fclass": "beach", "name": "Playa Club Centenario"}}, {"type": "Feature", "geometry": {"type": "Polygon", "coordinates": [[[-55.5704636, -27.2677108], [-55.5703751, -27.2676518], [-55.5702317, -27.2675501], [-55.5701227, -27.2674836], [-55.5700547, -27.2674154], [-55.5700091, -27.2673748], [-55.5699313, -27.2673259], [-55.5698548, -27.2672884], [-55.5698137, -27.2672654], [-55.5697827, -27.2673695], [-55.5697019, -27.2674325], [-55.5697657, -27.2675232], [-55.5698323, -27.267585], [-55.5699117, -27.2676253], [-55.5699712, -27.2677148], [-55.5700166, -27.2676316], [-55.5700917, -27.2676253], [-55.5701357, -27.2676732], [-55.5701697, -27.2676946], [-55.5703058, -27.2677538], [-55.5703554, -27.2677211], [-55.5704636, -27.2677108]]]}, "properties": {"osm_id": "466921252", "code": 4141, "fclass": "beach", "name": "Club de Pesca San Ignacio"}}, {"type": "Feature", "geometry": {"type": "Polygon", "coordinates": [[[-54.8000787, -25.4797599], [-54.7963042, -25.4798973], [-54.7968672, -25.4891482], [-54.8000787, -25.4797599]]]}, "properties": {"osm_id": "495214226", "code": 4132, "fclass": "cave_entrance", "name": "\u00c1REA 8"}}, {"type": "Feature", "geometry": {"type": "Polygon", "coordinates": [[[-55.2517424, -26.94006], [-55.2517261, -26.9400324], [-55.251545, -26.940036], [-55.2513881, -26.9400503], [-55.2512205, -26.9400623], [-55.2510214, -26.9400975], [-55.2510094, -26.9400984], [-55.2509978, -26.9400992], [-55.2509797, -26.9400981], [-55.2509633, -26.9400928], [-55.2508812, -26.9400593], [-55.2508356, -26.9400515], [-55.2508047, -26.9400557], [-55.2507833, -26.9400641], [-55.2506451, -26.9401621], [-55.2505848, -26.9401974], [-55.2505057, -26.940232], [-55.250102, -26.9403659], [-55.2497399, -26.9404759], [-55.2492343, -26.940614], [-55.2490807, -26.9406589], [-55.2490016, -26.9406867], [-55.2487502, -26.9408023], [-55.2491728, -26.940873], [-55.2499453, -26.9405287], [-55.2511823, -26.9404089], [-55.2517424, -26.94006]]]}, "properties": {"osm_id": "497290883", "code": 4141, "fclass": "beach", "name": ""}}, {"type": "Feature", "geometry": {"type": "Polygon", "coordinates": [[[-56.1652238, -27.2259325], [-56.1652233, -27.225919], [-56.1652167, -27.2259042], [-56.165202, -27.2258953], [-56.1645272, -27.2257225], [-56.1636019, -27.2256818], [-56.1627266, -27.2258189], [-56.1621472, -27.2260487], [-56.161062, -27.2266364], [-56.1610546, -27.2266519], [-56.1610526, -27.2266736], [-56.161062, -27.2266901], [-56.1610794, -27.2267032], [-56.1612967, -27.2267378], [-56.1618251, -27.2266066], [-56.1625793, -27.2264425], [-56.1637799, -27.2263343], [-56.164569, -27.2262632], [-56.165115, -27.2260148], [-56.1651912, -27.225971], [-56.1652147, -27.2259448], [-56.1652238, -27.2259325]]]}, "properties": {"osm_id": "554302860", "code": 4141, "fclass": "beach", "name": "Playa Tacuary"}}, {"type": "Feature", "geometry": {"type": "Polygon", "coordinates": [[[-55.8777527, -27.4186323], [-55.877751, -27.4185948], [-55.8777363, -27.4185684], [-55.8777201, -27.4185543], [-55.8776852, -27.4185608], [-55.877647, -27.4185775], [-55.8776162, -27.4186013], [-55.8775786, -27.4186144], [-55.8775438, -27.418615], [-55.8775096, -27.4186245], [-55.8774821, -27.4186487], [-55.8774457, -27.4186595], [-55.8774054, -27.4186759], [-55.8773644, -27.4186774], [-55.8773245, -27.4186787], [-55.8772936, -27.418693], [-55.8772863, -27.418709], [-55.8772947, -27.4187382], [-55.8771959, -27.4188756], [-55.8771207, -27.4189467], [-55.8770418, -27.4190019], [-55.8769692, -27.4190831], [-55.8768795, -27.4191688], [-55.8767999, -27.4192565], [-55.8766871, -27.4193719], [-55.8766345, -27.4194007], [-55.8765983, -27.4194037], [-55.8765103, -27.4194171], [-55.8764648, -27.4194441], [-55.8764239, -27.4194977], [-55.8763927, -27.4195556], [-55.8763991, -27.4195983], [-55.8764194, -27.4196397], [-55.8764498, -27.4196735], [-55.8764796, -27.4196959], [-55.8765229, -27.4197076], [-55.8765567, -27.4197191], [-55.8766112, -27.4197106], [-55.8766788, -27.419678], [-55.8767551, -27.4196193], [-55.8768127, -27.4195811], [-55.8768779, -27.4195204], [-55.8769596, -27.4194466], [-55.877053, -27.4193633], [-55.8771203, -27.4192864], [-55.8772164, -27.4191605], [-55.8773005, -27.4190703], [-55.8774053, -27.4189711], [-55.8775031, -27.418889], [-55.8776099, -27.4188094], [-55.8776669, -27.4187734], [-55.8777168, -27.4187382], [-55.8777335, -27.4187044], [-55.8777527, -27.4186323]]]}, "properties": {"osm_id": "556098256", "code": 4141, "fclass": "beach", "name": ""}}, {"type": "Feature", "geometry": {"type": "Polygon", "coordinates": [[[-57.5213136, -25.1012417], [-57.5208669, -25.1006882], [-57.5200905, -25.0997261], [-57.5196842, -25.0991658], [-57.5193857, -25.0991847], [-57.5192535, -25.0992685], [-57.5193702, -25.099294], [-57.5194667, -25.0993268], [-57.5195593, -25.0993766], [-57.5196826, -25.0994823], [-57.5197725, -25.0995721], [-57.5198489, -25.0996912], [-57.5198731, -25.0997834], [-57.5198784, -25.0998757], [-57.5198811, -25.0999851], [-57.5198771, -25.1001551], [-57.5198999, -25.1003664], [-57.5199549, -25.1005073], [-57.5200823, -25.1006858], [-57.5202271, -25.1008024], [-57.5203505, -25.100874], [-57.5204954, -25.1009008], [-57.5205892, -25.1009129], [-57.5207073, -25.1009214], [-57.5207904, -25.1009493], [-57.5208668, -25.1010028], [-57.5210881, -25.101259], [-57.5213136, -25.1012417]]]}, "properties": {"osm_id": "565544531", "code": 4141, "fclass": "beach", "name": ""}}, {"type": "Feature", "geometry": {"type": "Polygon", "coordinates": [[[-57.5193253, -25.0990344], [-57.5192049, -25.0990116], [-57.5191601, -25.0989761], [-57.5191427, -25.0989242], [-57.5191529, -25.0988444], [-57.5191268, -25.0988635], [-57.5191069, -25.0988416], [-57.5190446, -25.0987649], [-57.5190733, -25.0987427], [-57.5190604, -25.0987064], [-57.5190646, -25.0986217], [-57.5190864, -25.0985693], [-57.5191242, -25.098518], [-57.5186265, -25.0978371], [-57.5186614, -25.0977874], [-57.5185875, -25.0977238], [-57.5185665, -25.0976967], [-57.5185613, -25.0976276], [-57.5180684, -25.096993], [-57.517656, -25.0972669], [-57.5173957, -25.0974918], [-57.5171869, -25.0976405], [-57.5174376, -25.0976775], [-57.5175825, -25.0977018], [-57.5176844, -25.0977383], [-57.5177917, -25.0978026], [-57.5178829, -25.0978889], [-57.5181427, -25.0981541], [-57.5183067, -25.0983273], [-57.5185052, -25.0985423], [-57.5186715, -25.0987402], [-57.5187734, -25.098886], [-57.5188659, -25.0990463], [-57.5189544, -25.0991301], [-57.5190349, -25.0991823], [-57.5191462, -25.099226], [-57.5193029, -25.0991054], [-57.5193253, -25.0990344]]]}, "properties": {"osm_id": "565544532", "code": 4141, "fclass": "beach", "name": ""}}, {"type": "Feature", "geometry": {"type": "Polygon", "coordinates": [[[-54.3163533, -24.4918921], [-54.3163151, -24.4917326], [-54.3162936, -24.4916008], [-54.3163097, -24.4912249], [-54.3162829, -24.4908588], [-54.3162457, -24.4902963], [-54.3160279, -24.489401], [-54.3157958, -24.4892917], [-54.3158027, -24.4901086], [-54.3158027, -24.4905673], [-54.3158372, -24.4909192], [-54.3158441, -24.4914785], [-54.316075, -24.4915127], [-54.3161307, -24.4916331], [-54.3161488, -24.4917829], [-54.3161581, -24.4919213], [-54.3163533, -24.4918921]]]}, "properties": {"osm_id": "590871593", "code": 4141, "fclass": "beach", "name": ""}}, {"type": "Feature", "geometry": {"type": "Polygon", "coordinates": [[[-58.5959297, -27.3248861], [-58.5958841, -27.3246025], [-58.5956736, -27.3246144], [-58.5952069, -27.3246251], [-58.5943674, -27.3245882], [-58.5934205, -27.324394], [-58.5929337, -27.3242284], [-58.5924764, -27.3240794], [-58.5922927, -27.3243904], [-58.59218, -27.3246621], [-58.592298, -27.324724], [-58.5931188, -27.3246764], [-58.5932422, -27.3245858], [-58.5934836, -27.3246573], [-58.5935372, -27.3247764], [-58.5944223, -27.3249576], [-58.5951036, -27.3249433], [-58.5959297, -27.3248861]]]}, "properties": {"osm_id": "600297964", "code": 4141, "fclass": "beach", "name": "Mongo Beach"}}, {"type": "Feature", "geometry": {"type": "Polygon", "coordinates": [[[-58.5985583, -27.323952], [-58.5984618, -27.3238471], [-58.5983759, -27.3237899], [-58.5978971, -27.3241295], [-58.5977013, -27.3242343], [-58.5975122, -27.3243094], [-58.5972816, -27.3244023], [-58.5972171, -27.3244205], [-58.5967626, -27.3245489], [-58.5964675, -27.3245799], [-58.5965252, -27.3248622], [-58.5969061, -27.3249718], [-58.5974157, -27.3248765], [-58.5979629, -27.3246239], [-58.5980111, -27.3245048], [-58.598333, -27.3243523], [-58.5985261, -27.3240949], [-58.5985583, -27.323952]]]}, "properties": {"osm_id": "600297965", "code": 4141, "fclass": "beach", "name": ""}}, {"type": "Feature", "geometry": {"type": "Polygon", "coordinates": [[[-56.1547997, -27.2277341], [-56.1547214, -27.2275458], [-56.1536085, -27.2267421], [-56.1534163, -27.2266591], [-56.1532179, -27.2266169], [-56.1530449, -27.2265899], [-56.1528454, -27.2265967], [-56.1523321, -27.2267744], [-56.1521785, -27.2269035], [-56.1520641, -27.2270571], [-56.1518643, -27.2276266], [-56.1518446, -27.2282046], [-56.1519545, -27.2281509], [-56.1521047, -27.2281211], [-56.1528048, -27.2279899], [-56.1534995, -27.2278444], [-56.1538428, -27.2277872], [-56.1544329, -27.2277443], [-56.1547997, -27.2277341]]]}, "properties": {"osm_id": "606077978", "code": 4141, "fclass": "beach", "name": "Playa Ybycui"}}, {"type": "Feature", "geometry": {"type": "Polygon", "coordinates": [[[-56.1411305, -27.2276894], [-56.1409295, -27.2275285], [-56.1408274, -27.2274688], [-56.1407268, -27.2274235], [-56.1403594, -27.2273426], [-56.1401971, -27.2273197], [-56.1400428, -27.2273018], [-56.1396561, -27.2273201], [-56.1390986, -27.227444], [-56.1385855, -27.2276637], [-56.138123, -27.2279792], [-56.1380272, -27.2280662], [-56.1378316, -27.2283116], [-56.1377603, -27.2284228], [-56.1377175, -27.2285369], [-56.1376879, -27.2286374], [-56.137657, -27.2289845], [-56.1387755, -27.2283623], [-56.1393106, -27.2281545], [-56.1398326, -27.2279923], [-56.1408569, -27.2277466], [-56.1409964, -27.2277156], [-56.1411305, -27.2276894]]]}, "properties": {"osm_id": "606077979", "code": 4141, "fclass": "beach", "name": "Playa Pirayu"}}, {"type": "Feature", "geometry": {"type": "Polygon", "coordinates": [[[-57.6551376, -27.369534], [-57.6551369, -27.3694187], [-57.6550779, -27.3694401], [-57.6550229, -27.3694652], [-57.6549545, -27.3694997], [-57.6548888, -27.3695426], [-57.6547567, -27.3696176], [-57.654689, -27.3696652], [-57.6546125, -27.3697212], [-57.6544945, -27.369815], [-57.6544435, -27.3698546], [-57.654416, -27.3698737], [-57.6543885, -27.369888], [-57.6544704, -27.370011], [-57.6545882, -27.369979], [-57.6546974, -27.3699112], [-57.6547727, -27.3698418], [-57.6548824, -27.3697803], [-57.6549539, -27.3697272], [-57.6550505, -27.3696473], [-57.6551282, -27.3695657], [-57.6551376, -27.369534]]]}, "properties": {"osm_id": "606180754", "code": 4141, "fclass": "beach", "name": ""}}, {"type": "Feature", "geometry": {"type": "Polygon", "coordinates": [[[-57.6539205, -27.370649], [-57.6539178, -27.3705656], [-57.6538897, -27.3705216], [-57.6538186, -27.370518], [-57.6538054, -27.3705167], [-57.6537891, -27.3705394], [-57.6537529, -27.3705894], [-57.6537298, -27.3706203], [-57.6537153, -27.3706514], [-57.6536804, -27.3706776], [-57.6536684, -27.3707002], [-57.6536523, -27.3707312], [-57.6536603, -27.3707705], [-57.6536831, -27.370805], [-57.6537153, -27.3708074], [-57.6537515, -27.3707943], [-57.6537837, -27.3707752], [-57.6538213, -27.3707538], [-57.6538923, -27.3707276], [-57.6539205, -27.370649]]]}, "properties": {"osm_id": "606180758", "code": 4141, "fclass": "beach", "name": ""}}, {"type": "Feature", "geometry": {"type": "Polygon", "coordinates": [[[-56.7280765, -27.504509], [-56.7280448, -27.5044935], [-56.7280571, -27.5044864], [-56.7280063, -27.5044754], [-56.7279608, -27.5046306], [-56.7279322, -27.5046802], [-56.7278677, -27.504792], [-56.7278355, -27.5049027], [-56.7277224, -27.5050439], [-56.7276719, -27.5052025], [-56.7275673, -27.5053643], [-56.7275063, -27.5055433], [-56.7274382, -27.50571], [-56.7273803, -27.505953], [-56.7272434, -27.5065495], [-56.7272209, -27.506718], [-56.7271804, -27.5069231], [-56.7271347, -27.5070656], [-56.7271355, -27.50707], [-56.7271348, -27.5073501], [-56.7271033, -27.5075399], [-56.7270999, -27.5075654], [-56.7271033, -27.5076004], [-56.7271516, -27.5075625], [-56.727165, -27.5075292], [-56.7271838, -27.5074673], [-56.727173, -27.5074174], [-56.7271838, -27.5073198], [-56.7272455, -27.5072009], [-56.7272535, -27.5071343], [-56.7273232, -27.5070938], [-56.7273501, -27.5070986], [-56.7273983, -27.5071343], [-56.727393, -27.507208], [-56.7274037, -27.5072627], [-56.7274037, -27.5073674], [-56.7273876, -27.5074031], [-56.727332, -27.5075675], [-56.7272964, -27.50766], [-56.7272642, -27.5077219], [-56.7272481, -27.5078123], [-56.7272642, -27.5078694], [-56.727275, -27.507936], [-56.7272803, -27.5080383], [-56.7273286, -27.5080906], [-56.7273849, -27.5081667], [-56.7274198, -27.5081477], [-56.7274091, -27.5081096], [-56.7273903, -27.5080811], [-56.7274654, -27.5080716], [-56.7275217, -27.5080644], [-56.7276183, -27.5080644], [-56.7276478, -27.5080525], [-56.727688, -27.508074], [-56.7277787, -27.5080953], [-56.7278355, -27.5081215], [-56.7278811, -27.5081168], [-56.7278892, -27.5080835], [-56.7278238, -27.5080524], [-56.7277443, -27.508005], [-56.7276397, -27.5080073], [-56.727578, -27.5080073], [-56.7274386, -27.5079788], [-56.7273608, -27.5079312], [-56.7273286, -27.5078765], [-56.7273286, -27.5078337], [-56.7273608, -27.5077361], [-56.7273662, -27.5076505], [-56.727396, -27.5075812], [-56.7275137, -27.5075696], [-56.7275382, -27.507599], [-56.7275673, -27.5076338], [-56.7276022, -27.5076743], [-56.727688, -27.5076981], [-56.7277283, -27.5076743], [-56.7277336, -27.5076077], [-56.727747, -27.507572], [-56.7277873, -27.5075601], [-56.7278302, -27.5075672], [-56.727857, -27.507553], [-56.7278972, -27.5075149], [-56.7278972, -27.5074316], [-56.7278624, -27.5073959], [-56.7278221, -27.5074078], [-56.7277524, -27.5074626], [-56.7277095, -27.5075006], [-56.7276317, -27.5075149], [-56.7275271, -27.5075078], [-56.7274734, -27.507522], [-56.7274332, -27.5074816], [-56.7274386, -27.507434], [-56.7274547, -27.5073983], [-56.7274627, -27.5073626], [-56.7274869, -27.5073222], [-56.7274869, -27.5072794], [-56.7274869, -27.5072318], [-56.7275164, -27.5071676], [-56.7275298, -27.50712], [-56.7275378, -27.5070486], [-56.7275405, -27.5069891], [-56.7275512, -27.5068749], [-56.7275968, -27.5067941], [-56.7276129, -27.5067322], [-56.7276424, -27.5066989], [-56.7276263, -27.5066513], [-56.7275915, -27.5066252], [-56.7275324, -27.5066561], [-56.7274815, -27.5066252], [-56.7274627, -27.5065633], [-56.727519, -27.5064991], [-56.7275834, -27.5064087], [-56.7276102, -27.5063159], [-56.7276129, -27.5062516], [-56.7275646, -27.5061922], [-56.7275003, -27.5061589], [-56.7275217, -27.5060946], [-56.7275164, -27.506009], [-56.7275271, -27.5059638], [-56.727562, -27.5058187], [-56.7275834, -27.505733], [-56.7276236, -27.5056973], [-56.7276719, -27.5057378], [-56.7277106, -27.5057783], [-56.7277309, -27.5057164], [-56.7277325, -27.5056355], [-56.72768, -27.5055784], [-56.7276397, -27.505526], [-56.72768, -27.5055094], [-56.7277095, -27.5054547], [-56.7277443, -27.5054095], [-56.7277867, -27.5053467], [-56.7277846, -27.5053048], [-56.7278087, -27.5052596], [-56.7278597, -27.505231], [-56.7278945, -27.5051954], [-56.7278972, -27.5051644], [-56.7278624, -27.505124], [-56.7278248, -27.5050717], [-56.7278597, -27.5050502], [-56.7278945, -27.5049812], [-56.7278731, -27.5049384], [-56.7278704, -27.5048885], [-56.7279026, -27.5048599], [-56.7279375, -27.5048433], [-56.7279643, -27.5047766], [-56.7280112, -27.5047231], [-56.7280112, -27.5047029], [-56.728034, -27.5046803], [-56.7280595, -27.5046422], [-56.7280515, -27.5046208], [-56.7280193, -27.5046054], [-56.7280032, -27.5045732], [-56.7280072, -27.5045471], [-56.7280765, -27.504509]]]}, "properties": {"osm_id": "613050565", "code": 4141, "fclass": "beach", "name": ""}}, {"type": "Feature", "geometry": {"type": "Polygon", "coordinates": [[[-56.7272912, -27.5091207], [-56.727231, -27.5091019], [-56.726988, -27.5091088], [-56.7268758, -27.5090992], [-56.726865, -27.5091677], [-56.7268333, -27.5093131], [-56.7268272, -27.5093309], [-56.7267102, -27.5096704], [-56.7266501, -27.510048], [-56.7266443, -27.5100841], [-56.7264501, -27.5106276], [-56.7263342, -27.5109522], [-56.7261663, -27.5113185], [-56.7262754, -27.5113682], [-56.7263887, -27.5113808], [-56.7266789, -27.5113933], [-56.7267108, -27.5112741], [-56.7267745, -27.5111767], [-56.7268099, -27.5110606], [-56.7267426, -27.5109727], [-56.7267108, -27.5108597], [-56.726647, -27.5107498], [-56.7266789, -27.5106431], [-56.7266824, -27.5105333], [-56.726686, -27.5104422], [-56.7267674, -27.5103606], [-56.726778, -27.5102256], [-56.7268028, -27.5101597], [-56.7268913, -27.5101315], [-56.7269325, -27.5100835], [-56.7268856, -27.5099813], [-56.726965, -27.5098487], [-56.7270117, -27.5096789], [-56.7270409, -27.5095724], [-56.7270371, -27.5094296], [-56.7269824, -27.5094517], [-56.7269561, -27.5095206], [-56.7268635, -27.5095427], [-56.7268467, -27.5093993], [-56.726911, -27.5092852], [-56.727035, -27.5092608], [-56.7272027, -27.5092902], [-56.7272558, -27.5092619], [-56.7272912, -27.5091207]]]}, "properties": {"osm_id": "613094404", "code": 4141, "fclass": "beach", "name": ""}}, {"type": "Feature", "geometry": {"type": "Polygon", "coordinates": [[[-56.7830897, -27.5722811], [-56.7830689, -27.5722863], [-56.7830488, -27.5722804], [-56.7830019, -27.572259], [-56.7830106, -27.5722364], [-56.7830059, -27.5722102], [-56.7829697, -27.572196], [-56.7829281, -27.5721936], [-56.7828932, -27.5721615], [-56.7828415, -27.5721477], [-56.782872, -27.5721604], [-56.7828851, -27.5721853], [-56.7828678, -27.5722063], [-56.7828571, -27.5722494], [-56.7828688, -27.5722846], [-56.7829013, -27.572272], [-56.7829308, -27.5722744], [-56.7829442, -27.5722875], [-56.7830046, -27.5723303], [-56.7830569, -27.5723422], [-56.7830815, -27.5723355], [-56.7830897, -27.5722811]]]}, "properties": {"osm_id": "613491465", "code": 4141, "fclass": "beach", "name": ""}}, {"type": "Feature", "geometry": {"type": "Polygon", "coordinates": [[[-56.7835673, -27.5719462], [-56.7835008, -27.5719356], [-56.7834128, -27.5719511], [-56.7833359, -27.5719732], [-56.7832151, -27.5720236], [-56.7831494, -27.5720699], [-56.7831461, -27.5720967], [-56.7831332, -27.5721171], [-56.7831268, -27.572139], [-56.7831038, -27.5721746], [-56.7830951, -27.5722452], [-56.7831299, -27.5721734], [-56.7831548, -27.5721282], [-56.7831668, -27.5721169], [-56.7832352, -27.5720735], [-56.7833016, -27.572042], [-56.7833544, -27.5720118], [-56.7834042, -27.5720367], [-56.7834532, -27.5720254], [-56.7835477, -27.5719998], [-56.7835673, -27.5719462]]]}, "properties": {"osm_id": "613491466", "code": 4141, "fclass": "beach", "name": ""}}, {"type": "Feature", "geometry": {"type": "Polygon", "coordinates": [[[-56.8057161, -27.5772601], [-56.8056665, -27.57719], [-56.8055955, -27.5771495], [-56.8055163, -27.5771091], [-56.8054211, -27.5770616], [-56.8053642, -27.5770192], [-56.8053125, -27.5769807], [-56.8052374, -27.5769249], [-56.8051529, -27.5768987], [-56.8050268, -27.5768369], [-56.8049088, -27.5767846], [-56.8048173, -27.5767611], [-56.8047372, -27.5767406], [-56.8046621, -27.5767063], [-56.8045628, -27.576661], [-56.8045129, -27.5766433], [-56.8044421, -27.5766182], [-56.804249, -27.5765754], [-56.8041551, -27.5765623], [-56.804084, -27.5765492], [-56.8040344, -27.57651], [-56.8039379, -27.5765076], [-56.8038399, -27.5764601], [-56.8037367, -27.5764279], [-56.8036522, -27.5763804], [-56.8035395, -27.576315], [-56.8033665, -27.576258], [-56.8032592, -27.5761997], [-56.8031412, -27.5761284], [-56.803024, -27.5760855], [-56.8028395, -27.5759727], [-56.8026544, -27.5758288], [-56.8023902, -27.5756363], [-56.8022071, -27.5754788], [-56.8020455, -27.5751513], [-56.8018591, -27.5750158], [-56.8017016, -27.5748896], [-56.8016199, -27.5748242], [-56.8015099, -27.5747825], [-56.8014177, -27.5747475], [-56.801206, -27.5745824], [-56.8011846, -27.5745266], [-56.8012047, -27.5744689], [-56.8012134, -27.5744469], [-56.8012228, -27.574435], [-56.8012233, -27.5743942], [-56.8012096, -27.5743467], [-56.801153, -27.5743201], [-56.8011092, -27.5742956], [-56.8010698, -27.574246], [-56.8010427, -27.5742119], [-56.8009724, -27.574233], [-56.8008845, -27.5742196], [-56.8007157, -27.5740641], [-56.8006012, -27.5740005], [-56.800447, -27.573991], [-56.8004309, -27.5740112], [-56.8003933, -27.5739827], [-56.8003571, -27.5739756], [-56.8003276, -27.5739328], [-56.8002579, -27.5739114], [-56.8002203, -27.5738543], [-56.8000969, -27.5737402], [-56.7998423, -27.5737792], [-56.7997148, -27.573746], [-56.7993481, -27.5736339], [-56.7991287, -27.5735547], [-56.7989382, -27.5734394], [-56.7986727, -27.573355], [-56.7982596, -27.5732391], [-56.7976481, -27.5731648], [-56.7972606, -27.5730821], [-56.7966825, -27.572938], [-56.7962548, -27.5727823], [-56.7959704, -27.5726382], [-56.795859, -27.5725669], [-56.7957893, -27.5725241], [-56.7956659, -27.5724706], [-56.7955908, -27.5724634], [-56.7955318, -27.5724575], [-56.7954795, -27.5724587], [-56.7954259, -27.5724587], [-56.7953655, -27.5724515], [-56.7952797, -27.5724813], [-56.7952368, -27.5724492], [-56.7952153, -27.5723921], [-56.7950866, -27.5723469], [-56.7949685, -27.5723517], [-56.7948613, -27.5723564], [-56.794703, -27.5723184], [-56.7945421, -27.5722542], [-56.7943668, -27.5722293], [-56.7937671, -27.5721325], [-56.7935497, -27.5720854], [-56.7932895, -27.5720141], [-56.7930602, -27.5720866], [-56.7933324, -27.5721223], [-56.7935316, -27.5721163], [-56.7936891, -27.5721757], [-56.7940325, -27.5721936], [-56.7943651, -27.5723208], [-56.794935, -27.5724658], [-56.7953078, -27.5725395], [-56.7960253, -27.5727535], [-56.7964357, -27.5728866], [-56.7967857, -27.5729806], [-56.7971344, -27.5730768], [-56.7976508, -27.5731838], [-56.7984983, -27.5733562], [-56.7987759, -27.5734335], [-56.7990308, -27.5735559], [-56.7992628, -27.573676], [-56.7996785, -27.5738591], [-56.7999655, -27.5739292], [-56.8001479, -27.5740516], [-56.8005046, -27.5741777], [-56.8006387, -27.5742193], [-56.8007755, -27.5743025], [-56.8010183, -27.5744891], [-56.8011457, -27.5746127], [-56.8012932, -27.5747435], [-56.8014152, -27.5748481], [-56.801548, -27.5749777], [-56.8016415, -27.5750636], [-56.8017264, -27.5751417], [-56.8018202, -27.5752333], [-56.801932, -27.5753327], [-56.8022186, -27.5755875], [-56.8025404, -27.5758324], [-56.8027818, -27.5759846], [-56.8031305, -27.5761843], [-56.8033022, -27.5762794], [-56.8035838, -27.5764173], [-56.8037662, -27.5765195], [-56.8042034, -27.5766717], [-56.8049651, -27.5769356], [-56.8051033, -27.5769907], [-56.8052951, -27.5771424], [-56.8057161, -27.5772601]]]}, "properties": {"osm_id": "613888466", "code": 4141, "fclass": "beach", "name": ""}}, {"type": "Feature", "geometry": {"type": "Polygon", "coordinates": [[[-56.7936103, -27.5727876], [-56.793607, -27.5727174], [-56.7934172, -27.5727052], [-56.7930356, -27.5727045], [-56.7929145, -27.5726817], [-56.792824, -27.5726825], [-56.7927439, -27.572692], [-56.7927187, -27.572714], [-56.7926981, -27.5727669], [-56.7926858, -27.5727765], [-56.7926558, -27.5727755], [-56.7926148, -27.5727719], [-56.7925725, -27.5727619], [-56.7925472, -27.5727465], [-56.7925595, -27.5726942], [-56.7924701, -27.5726647], [-56.7924262, -27.5726595], [-56.792402, -27.5726671], [-56.7923927, -27.5726973], [-56.7923778, -27.5727201], [-56.7923531, -27.5727197], [-56.7923337, -27.5727121], [-56.7923299, -27.5726617], [-56.7922714, -27.5726415], [-56.7920667, -27.5726258], [-56.791997, -27.5726238], [-56.791966, -27.5726406], [-56.791927, -27.5726407], [-56.791861, -27.5726234], [-56.7918442, -27.5725758], [-56.7918044, -27.5725522], [-56.7917462, -27.5725299], [-56.7917207, -27.5725261], [-56.7916996, -27.5725302], [-56.791685, -27.5725555], [-56.791651, -27.5725738], [-56.7915806, -27.5725837], [-56.7915492, -27.5725742], [-56.7915557, -27.5725567], [-56.7915692, -27.5725455], [-56.7915687, -27.5725227], [-56.7915485, -27.5725166], [-56.7915209, -27.5725449], [-56.7914806, -27.572551], [-56.7913864, -27.5725263], [-56.7912169, -27.5724252], [-56.791123, -27.5723896], [-56.7910563, -27.5723606], [-56.7910183, -27.5723119], [-56.790987, -27.5723068], [-56.7909437, -27.5723274], [-56.7908702, -27.5722903], [-56.7908166, -27.5723136], [-56.7908978, -27.5723511], [-56.7914136, -27.572589], [-56.792549, -27.5728118], [-56.7931231, -27.5728056], [-56.7935032, -27.5728333], [-56.793532, -27.5727763], [-56.7936103, -27.5727876]]]}, "properties": {"osm_id": "614138691", "code": 4141, "fclass": "beach", "name": ""}}, {"type": "Feature", "geometry": {"type": "Polygon", "coordinates": [[[-57.31485, -25.2946708], [-57.3148142, -25.2944536], [-57.3146398, -25.29445], [-57.3145151, -25.2944948], [-57.3140846, -25.2944718], [-57.3138794, -25.2945215], [-57.3139008, -25.2946792], [-57.3144992, -25.2946544], [-57.31485, -25.2946708]]]}, "properties": {"osm_id": "617724789", "code": 4141, "fclass": "beach", "name": ""}}, {"type": "Feature", "geometry": {"type": "Polygon", "coordinates": [[[-57.3129594, -25.2947038], [-57.312887, -25.2944973], [-57.3122299, -25.2945252], [-57.3116653, -25.2945967], [-57.3115064, -25.2948122], [-57.3129594, -25.2947038]]]}, "properties": {"osm_id": "617724790", "code": 4141, "fclass": "beach", "name": ""}}, {"type": "Feature", "geometry": {"type": "Polygon", "coordinates": [[[-57.2953592, -25.3146417], [-57.2952837, -25.3143762], [-57.2946212, -25.3144538], [-57.2934249, -25.3147035], [-57.293425, -25.3148798], [-57.29447, -25.3146665], [-57.2948272, -25.314653], [-57.2953592, -25.3146417]]]}, "properties": {"osm_id": "617724791", "code": 4141, "fclass": "beach", "name": ""}}, {"type": "Feature", "geometry": {"type": "Polygon", "coordinates": [[[-56.7263481, -27.5134834], [-56.7263401, -27.5133882], [-56.7263428, -27.5132693], [-56.726324, -27.5130504], [-56.7263428, -27.512941], [-56.7263186, -27.5128387], [-56.726324, -27.5127864], [-56.7263079, -27.5126508], [-56.7262489, -27.5125509], [-56.7261845, -27.5124581], [-56.726147, -27.512401], [-56.7261228, -27.5123867], [-56.7260772, -27.5123344], [-56.7260684, -27.5122644], [-56.7260146, -27.5123698], [-56.726004, -27.5123905], [-56.7259109, -27.5124438], [-56.7259056, -27.5125223], [-56.7259308, -27.5126316], [-56.7259807, -27.5127341], [-56.7260021, -27.5127983], [-56.7260044, -27.5129103], [-56.7260236, -27.513032], [-56.72597, -27.5130719], [-56.726012, -27.513541], [-56.7260638, -27.5136261], [-56.7261094, -27.513619], [-56.726147, -27.5135667], [-56.7261953, -27.5134953], [-56.7262489, -27.5134834], [-56.7262838, -27.5135334], [-56.726324, -27.5135429], [-56.7263481, -27.5134834]]]}, "properties": {"osm_id": "618097063", "code": 4141, "fclass": "beach", "name": ""}}, {"type": "Feature", "geometry": {"type": "Polygon", "coordinates": [[[-56.704672, -27.5320752], [-56.7046639, -27.5320229], [-56.7046452, -27.5320395], [-56.7046157, -27.5320823], [-56.7045701, -27.5321132], [-56.7045325, -27.5321513], [-56.7044896, -27.5321822], [-56.7044386, -27.5322108], [-56.7043903, -27.5322322], [-56.7043474, -27.5322678], [-56.7043018, -27.5322964], [-56.7042577, -27.5323277], [-56.7043045, -27.5323154], [-56.7043582, -27.5323083], [-56.7044064, -27.5322916], [-56.7044547, -27.5322655], [-56.7045003, -27.5322393], [-56.7045459, -27.5322155], [-56.7045915, -27.5321965], [-56.7046237, -27.5321584], [-56.7046452, -27.5321132], [-56.704672, -27.5320752]]]}, "properties": {"osm_id": "620671132", "code": 4141, "fclass": "beach", "name": ""}}, {"type": "Feature", "geometry": {"type": "Polygon", "coordinates": [[[-56.7049912, -27.5318254], [-56.7049885, -27.5317755], [-56.7049456, -27.5318136], [-56.7048973, -27.5318421], [-56.704849, -27.531873], [-56.7048007, -27.5318992], [-56.7047779, -27.5319399], [-56.7048168, -27.5319253], [-56.7048678, -27.5319349], [-56.7048812, -27.5319206], [-56.7049295, -27.5318992], [-56.7049643, -27.5318635], [-56.7049912, -27.5318254]]]}, "properties": {"osm_id": "620671133", "code": 4141, "fclass": "beach", "name": ""}}, {"type": "Feature", "geometry": {"type": "Polygon", "coordinates": [[[-56.7055246, -27.5312531], [-56.7055149, -27.5312475], [-56.7054585, -27.5313], [-56.7054143, -27.5313456], [-56.7054002, -27.5313724], [-56.7053761, -27.531408], [-56.7053626, -27.5314175], [-56.7053378, -27.5314467], [-56.7053244, -27.53148], [-56.7052943, -27.5314901], [-56.705254, -27.5315281], [-56.7052111, -27.5315614], [-56.7051709, -27.5315995], [-56.7051333, -27.5316352], [-56.7050985, -27.5316756], [-56.7050663, -27.5317184], [-56.7050636, -27.531766], [-56.7051119, -27.5317446], [-56.7051441, -27.5317041], [-56.7051441, -27.531659], [-56.7051628, -27.5316399], [-56.7052031, -27.531609], [-56.7052513, -27.5315828], [-56.7052943, -27.5315519], [-56.7053318, -27.531521], [-56.7053506, -27.5315186], [-56.7053854, -27.5314829], [-56.7054015, -27.5314401], [-56.7054183, -27.5313991], [-56.705431, -27.5313628], [-56.7054424, -27.5313385], [-56.7054552, -27.5313272], [-56.705482, -27.531301], [-56.7055155, -27.5312665], [-56.7055246, -27.5312531]]]}, "properties": {"osm_id": "620671134", "code": 4141, "fclass": "beach", "name": ""}}, {"type": "Feature", "geometry": {"type": "Polygon", "coordinates": [[[-57.0264727, -27.5077837], [-57.0264271, -27.5077552], [-57.0264083, -27.5077552], [-57.0263708, -27.5077195], [-57.0263439, -27.5076767], [-57.0263171, -27.5076338], [-57.0263037, -27.5075886], [-57.0262876, -27.5075411], [-57.0262903, -27.5074911], [-57.0263037, -27.507453], [-57.026301, -27.5074388], [-57.0262584, -27.5074703], [-57.0262172, -27.5075143], [-57.0261897, -27.5075589], [-57.0261803, -27.5076077], [-57.0261884, -27.5076576], [-57.0262018, -27.5077052], [-57.0262206, -27.5077528], [-57.0262554, -27.5077932], [-57.0263037, -27.5078146], [-57.0263547, -27.5078194], [-57.0264056, -27.5078242], [-57.0264593, -27.5078337], [-57.0264727, -27.5077837]]]}, "properties": {"osm_id": "620736949", "code": 4141, "fclass": "beach", "name": ""}}, {"type": "Feature", "geometry": {"type": "Polygon", "coordinates": [[[-57.0281935, -27.5077578], [-57.0281813, -27.5077219], [-57.0281464, -27.5076838], [-57.0280954, -27.5076624], [-57.0280391, -27.5076481], [-57.0279881, -27.507641], [-57.027964, -27.5076315], [-57.027972, -27.5076457], [-57.0279989, -27.5076909], [-57.0280096, -27.5077385], [-57.0279989, -27.5077861], [-57.0279747, -27.5078265], [-57.0279694, -27.5078551], [-57.0280257, -27.5078551], [-57.0280767, -27.5078527], [-57.0281303, -27.5078384], [-57.0281692, -27.5078218], [-57.0281873, -27.5078028], [-57.0281933, -27.5077802], [-57.0281935, -27.5077578]]]}, "properties": {"osm_id": "620736950", "code": 4141, "fclass": "beach", "name": ""}}, {"type": "Feature", "geometry": {"type": "Polygon", "coordinates": [[[-57.0089445, -27.4693565], [-57.0089391, -27.4693279], [-57.0089096, -27.4692875], [-57.008872, -27.4692494], [-57.0088345, -27.4692161], [-57.0087943, -27.4691828], [-57.0087513, -27.4691494], [-57.0086977, -27.4691423], [-57.0086736, -27.4691851], [-57.0086467, -27.469228], [-57.0085958, -27.4692446], [-57.0085448, -27.4692375], [-57.0084912, -27.4692256], [-57.0084402, -27.4692137], [-57.0083892, -27.4692066], [-57.0083383, -27.4691994], [-57.0082873, -27.4691923], [-57.0082337, -27.4691804], [-57.0081747, -27.4691637], [-57.0081747, -27.4691923], [-57.008231, -27.4692018], [-57.0082873, -27.4692185], [-57.0083383, -27.4692375], [-57.0083785, -27.4692779], [-57.0083397, -27.4693292], [-57.0083331, -27.4693526], [-57.0089243, -27.4694898], [-57.008936, -27.4694249], [-57.0089391, -27.4694065], [-57.0089445, -27.4693565]]]}, "properties": {"osm_id": "620862254", "code": 4141, "fclass": "beach", "name": ""}}, {"type": "Feature", "geometry": {"type": "Polygon", "coordinates": [[[-56.9632342, -27.5302128], [-56.9632021, -27.5302295], [-56.9631538, -27.5302604], [-56.9631028, -27.530289], [-56.9630519, -27.5303175], [-56.9629862, -27.5303092], [-56.9629821, -27.5303674], [-56.9629446, -27.5304103], [-56.9628829, -27.5304138], [-56.9628614, -27.5304792], [-56.9628105, -27.5305006], [-56.9627488, -27.5304995], [-56.9627166, -27.5305458], [-56.9626683, -27.5305696], [-56.96262, -27.5305934], [-56.9625664, -27.5306172], [-56.9625181, -27.530641], [-56.9624645, -27.5306624], [-56.9624551, -27.5307123], [-56.9624001, -27.5307028], [-56.9623504, -27.5307432], [-56.9622982, -27.530748], [-56.9622714, -27.5307753], [-56.9622257, -27.5307825], [-56.9621801, -27.5307861], [-56.9621265, -27.5308003], [-56.9621212, -27.5308241], [-56.9620862, -27.5308538], [-56.9620299, -27.5308646], [-56.9620058, -27.53088], [-56.9620407, -27.5308765], [-56.9620809, -27.5308728], [-56.9621265, -27.5308788], [-56.9621399, -27.5308645], [-56.9621909, -27.5308503], [-56.9622472, -27.5308431], [-56.9623062, -27.5308217], [-56.9623518, -27.5308217], [-56.9624001, -27.5307979], [-56.962443, -27.5307646], [-56.9624886, -27.5307385], [-56.9625342, -27.5307171], [-56.9625798, -27.5306909], [-56.9626227, -27.5306648], [-56.9626683, -27.5306362], [-56.9627112, -27.5306077], [-56.9627568, -27.5305767], [-56.962797, -27.5305458], [-56.9628426, -27.530522], [-56.9628936, -27.5305102], [-56.9629419, -27.5304887], [-56.9629902, -27.530465], [-56.9630331, -27.530434], [-56.9630653, -27.5303984], [-56.9630975, -27.5303603], [-56.9631377, -27.530327], [-56.9631779, -27.5302937], [-56.9632047, -27.5302533], [-56.9632342, -27.5302128]]]}, "properties": {"osm_id": "620875812", "code": 4141, "fclass": "beach", "name": ""}}, {"type": "Feature", "geometry": {"type": "Polygon", "coordinates": [[[-56.9530284, -27.5224111], [-56.9530177, -27.5223683], [-56.9529721, -27.5223754], [-56.9529158, -27.5223873], [-56.9528675, -27.5223992], [-56.9528085, -27.5224016], [-56.9527656, -27.5224135], [-56.9527066, -27.5224254], [-56.9526717, -27.5224587], [-56.9526261, -27.522492], [-56.9526798, -27.5225062], [-56.9527334, -27.5224944], [-56.9527844, -27.5224753], [-56.95283, -27.5224515], [-56.9528809, -27.5224301], [-56.9529319, -27.5224396], [-56.9529077, -27.5224848], [-56.9528568, -27.5225015], [-56.9528031, -27.5225181], [-56.9527495, -27.5225348], [-56.9527039, -27.5225657], [-56.9526958, -27.5226133], [-56.9526878, -27.5226632], [-56.9526449, -27.5226965], [-56.9525886, -27.5227061], [-56.9525483, -27.5227417], [-56.9525188, -27.5227822], [-56.9524732, -27.5228083], [-56.9524249, -27.5228321], [-56.952374, -27.5228512], [-56.9523284, -27.5228821], [-56.9522935, -27.5229225], [-56.9524089, -27.5228773], [-56.9524598, -27.5228678], [-56.9524652, -27.5228512], [-56.9525161, -27.5228369], [-56.9525671, -27.5228297], [-56.9526181, -27.5227941], [-56.952661, -27.5227679], [-56.9527012, -27.5227394], [-56.9527414, -27.5227084], [-56.9527549, -27.5226846], [-56.9527951, -27.522649], [-56.9528461, -27.5226299], [-56.9528782, -27.5226038], [-56.9529265, -27.5225871], [-56.9529614, -27.5225443], [-56.9529855, -27.5225015], [-56.9530123, -27.5224539], [-56.9530284, -27.5224111]]]}, "properties": {"osm_id": "620917928", "code": 4141, "fclass": "beach", "name": ""}}, {"type": "Feature", "geometry": {"type": "Polygon", "coordinates": [[[-56.9520468, -27.5230581], [-56.9519877, -27.5230605], [-56.9519341, -27.5230771], [-56.9518939, -27.5231057], [-56.9518483, -27.5231342], [-56.9518027, -27.5231675], [-56.9517624, -27.5231984], [-56.9517195, -27.523227], [-56.9516686, -27.5232436], [-56.9516176, -27.5232555], [-56.951564, -27.5232745], [-56.9515103, -27.5232888], [-56.9514567, -27.5233031], [-56.9514111, -27.5233269], [-56.9513601, -27.5233435], [-56.9513118, -27.5233626], [-56.9512635, -27.523384], [-56.951218, -27.5234078], [-56.9511697, -27.5234339], [-56.9511241, -27.5234553], [-56.9510704, -27.5234744], [-56.9510195, -27.5234862], [-56.9509658, -27.5235005], [-56.9509149, -27.52351], [-56.9508693, -27.5235314], [-56.950829, -27.5235647], [-56.9507915, -27.5236052], [-56.9507647, -27.5236504], [-56.950711, -27.5236861], [-56.9507083, -27.5237312], [-56.9507539, -27.5237598], [-56.9507754, -27.5237431], [-56.9508103, -27.5237003], [-56.9508559, -27.5236765], [-56.9509095, -27.5236528], [-56.9509631, -27.5236385], [-56.9510114, -27.5236076], [-56.9510503, -27.5235725], [-56.951108, -27.5235529], [-56.9511616, -27.5235291], [-56.9512099, -27.5234934], [-56.9512582, -27.523472], [-56.9513118, -27.523444], [-56.9513554, -27.523425], [-56.9513655, -27.5234196], [-56.9514218, -27.523403], [-56.9514781, -27.5233768], [-56.9515371, -27.5233578], [-56.9515801, -27.5233435], [-56.951631, -27.5233197], [-56.9516766, -27.5232864], [-56.9517329, -27.5232627], [-56.9517785, -27.5232436], [-56.9518295, -27.5232198], [-56.9518858, -27.5232056], [-56.9519341, -27.523177], [-56.951977, -27.5231437], [-56.9520146, -27.5231033], [-56.9520468, -27.5230581]]]}, "properties": {"osm_id": "620917929", "code": 4141, "fclass": "beach", "name": ""}}, {"type": "Feature", "geometry": {"type": "Polygon", "coordinates": [[[-56.9508907, -27.522307], [-56.9508585, -27.522285], [-56.9508049, -27.522285], [-56.9507539, -27.5222993], [-56.9507217, -27.5223374], [-56.9506842, -27.5223707], [-56.9506413, -27.5223968], [-56.9505957, -27.5224254], [-56.9505501, -27.5224444], [-56.9505005, -27.5224408], [-56.9504468, -27.5224509], [-56.9503938, -27.522467], [-56.9503409, -27.5224914], [-56.9502879, -27.5225074], [-56.950247, -27.5225205], [-56.950196, -27.5225348], [-56.9501846, -27.5225288], [-56.9501712, -27.5225265], [-56.9501598, -27.5225318], [-56.9501504, -27.522536], [-56.9501437, -27.5225455], [-56.9501303, -27.5225526], [-56.9501236, -27.5225621], [-56.9501169, -27.5225728], [-56.9501176, -27.5225847], [-56.9501156, -27.5225966], [-56.9501109, -27.5226079], [-56.9501022, -27.522618], [-56.9500908, -27.5226234], [-56.950078, -27.5226287], [-56.9500646, -27.5226282], [-56.9500498, -27.5226311], [-56.9500371, -27.5226287], [-56.9500217, -27.5226299], [-56.9500096, -27.5226252], [-56.9500009, -27.5226157], [-56.9499962, -27.5226044], [-56.9499929, -27.5225925], [-56.9499922, -27.5225883], [-56.9499801, -27.5225824], [-56.949964, -27.52258], [-56.9499513, -27.5225824], [-56.9499385, -27.5225889], [-56.9499258, -27.5225937], [-56.9499104, -27.5225966], [-56.9499003, -27.5226038], [-56.9498862, -27.5226109], [-56.9498802, -27.5226216], [-56.9498728, -27.5226323], [-56.9498621, -27.5226383], [-56.9498507, -27.522643], [-56.9498413, -27.5226519], [-56.9498312, -27.522662], [-56.9498259, -27.5226722], [-56.9498165, -27.5226858], [-56.9498078, -27.5226948], [-56.9497977, -27.5227025], [-56.9498064, -27.5227031], [-56.9497957, -27.5227031], [-56.9497857, -27.5227061], [-56.9497709, -27.5227061], [-56.9497582, -27.5227043], [-56.9497427, -27.5227025], [-56.94973, -27.5227037], [-56.9497166, -27.5227031], [-56.9497032, -27.5227043], [-56.9496891, -27.5227096], [-56.9496764, -27.5227096], [-56.9496609, -27.5227096], [-56.9496482, -27.5227096], [-56.9496341, -27.5227096], [-56.9496207, -27.5227096], [-56.9496066, -27.5227084], [-56.9495932, -27.5227061], [-56.9495811, -27.5227001], [-56.9495791, -27.5226953], [-56.9495717, -27.5227049], [-56.9495691, -27.5227168], [-56.949565, -27.5227197], [-56.9495704, -27.522731], [-56.9495791, -27.5227405], [-56.9495898, -27.5227477], [-56.9496033, -27.5227507], [-56.949618, -27.5227536], [-56.9496247, -27.5227548], [-56.9496381, -27.5227584], [-56.9496522, -27.5227614], [-56.949667, -27.522762], [-56.949675, -27.5227649], [-56.9496758, -27.5227647], [-56.9496757, -27.5227655], [-56.949706, -27.5227825], [-56.9497508, -27.5227697], [-56.9498038, -27.5227501], [-56.9498608, -27.5227394], [-56.9499144, -27.5227179], [-56.9499633, -27.5227066], [-56.9500271, -27.5226823], [-56.9500807, -27.5226656], [-56.9501343, -27.5226442], [-56.9501853, -27.5226204], [-56.9502389, -27.5225966], [-56.9502953, -27.52258], [-56.9503489, -27.5225562], [-56.9503838, -27.5225395], [-56.9504394, -27.5225181], [-56.9504978, -27.5224955], [-56.9505474, -27.5224896], [-56.9506037, -27.5224658], [-56.9506641, -27.5224325], [-56.9506943, -27.522417], [-56.9507378, -27.5223849], [-56.9507915, -27.5223611], [-56.9508384, -27.522335], [-56.9508907, -27.522307]]]}, "properties": {"osm_id": "620917931", "code": 4141, "fclass": "beach", "name": ""}}, {"type": "Feature", "geometry": {"type": "Polygon", "coordinates": [[[-56.9497977, -27.5227025], [-56.949783, -27.5227025], [-56.9497709, -27.5227061], [-56.9497863, -27.5227031], [-56.9497957, -27.5227031], [-56.9497977, -27.5227025]]]}, "properties": {"osm_id": "620931115", "code": 4141, "fclass": "beach", "name": ""}}, {"type": "Feature", "geometry": {"type": "Polygon", "coordinates": [[[-56.9479524, -27.5244306], [-56.9479483, -27.5244163], [-56.9479279, -27.5244035], [-56.947896, -27.5244246], [-56.9478732, -27.5244377], [-56.9478504, -27.5244544], [-56.9478317, -27.5244746], [-56.9478142, -27.5244924], [-56.9477968, -27.5245138], [-56.9477834, -27.5245364], [-56.9477646, -27.5245578], [-56.9477472, -27.5245769], [-56.9477257, -27.5245947], [-56.9477069, -27.5246102], [-56.9476962, -27.5246316], [-56.9476841, -27.524653], [-56.9476694, -27.5246744], [-56.9476587, -27.5246982], [-56.9476493, -27.5247208], [-56.9476399, -27.5247434], [-56.9476278, -27.5247648], [-56.9476211, -27.5247885], [-56.9476184, -27.5248123], [-56.9476171, -27.5248361], [-56.9476238, -27.5248599], [-56.9476345, -27.5248766], [-56.9476479, -27.5248965], [-56.9476573, -27.5249105], [-56.9476714, -27.5248885], [-56.9476868, -27.524873], [-56.9476841, -27.5248492], [-56.9476882, -27.5248254], [-56.9476962, -27.5248004], [-56.9477136, -27.524779], [-56.9477378, -27.5247624], [-56.9477592, -27.5247457], [-56.947774, -27.5247231], [-56.9477861, -27.5247005], [-56.9477981, -27.5246779], [-56.9478075, -27.5246553], [-56.9478209, -27.5246316], [-56.9478397, -27.5246113], [-56.9478558, -27.5245887], [-56.9478706, -27.5245673], [-56.947888, -27.5245471], [-56.9479041, -27.5245269], [-56.9479175, -27.5245055], [-56.9479309, -27.5244841], [-56.947943, -27.5244579], [-56.9479524, -27.5244306]]]}, "properties": {"osm_id": "620933039", "code": 4141, "fclass": "beach", "name": ""}}, {"type": "Feature", "geometry": {"type": "Polygon", "coordinates": [[[-56.9494474, -27.5228464], [-56.9494222, -27.5227979], [-56.949386, -27.5227575], [-56.949378, -27.5227845], [-56.949378, -27.5228321], [-56.9493753, -27.5228797], [-56.9493431, -27.5229178], [-56.9492948, -27.5229439], [-56.9492492, -27.5229701], [-56.9492224, -27.5230153], [-56.9491982, -27.5230557], [-56.9491741, -27.5230985], [-56.94915, -27.523139], [-56.9491044, -27.5231699], [-56.9490507, -27.523177], [-56.9490078, -27.5232079], [-56.9489837, -27.5232508], [-56.9489461, -27.5232864], [-56.9489166, -27.5233269], [-56.9488978, -27.5233745], [-56.9488522, -27.5234054], [-56.948812, -27.5234387], [-56.9487879, -27.5234815], [-56.9487718, -27.5235267], [-56.9487289, -27.5235552], [-56.9486859, -27.5235838], [-56.9486511, -27.5236195], [-56.9486269, -27.5236623], [-56.9485787, -27.5236765], [-56.948525, -27.5236908], [-56.9484714, -27.5236861], [-56.9484177, -27.5237194], [-56.9483829, -27.523755], [-56.9483668, -27.5238002], [-56.9483507, -27.5238454], [-56.9483292, -27.5238859], [-56.9483051, -27.5239287], [-56.9482997, -27.5239762], [-56.9482863, -27.5240238], [-56.9482595, -27.5240666], [-56.9482139, -27.5240904], [-56.948171, -27.5241285], [-56.9481415, -27.5241689], [-56.9481012, -27.5242022], [-56.9480637, -27.5242403], [-56.9480476, -27.5242855], [-56.948061, -27.5243402], [-56.948112, -27.5243616], [-56.9481415, -27.5243188], [-56.9481763, -27.5242807], [-56.9482112, -27.5242403], [-56.9482461, -27.5241998], [-56.9482729, -27.5241523], [-56.9483044, -27.5241136], [-56.9483379, -27.5240809], [-56.9483715, -27.5240387], [-56.9484124, -27.5239953], [-56.9484466, -27.5239501], [-56.9484808, -27.523912], [-56.9485156, -27.523868], [-56.9485532, -27.5238252], [-56.948586, -27.5237871], [-56.9486202, -27.5237449], [-56.9486484, -27.5237116], [-56.9486779, -27.5236932], [-56.9487121, -27.5236403], [-56.9487463, -27.5236076], [-56.9487859, -27.5235683], [-56.9488187, -27.5235332], [-56.9488623, -27.5234839], [-56.9488945, -27.5234524], [-56.9489361, -27.5234089], [-56.9489736, -27.523378], [-56.9490179, -27.5233328], [-56.9490527, -27.5232936], [-56.9490896, -27.5232537], [-56.9491144, -27.5232288], [-56.9491594, -27.5231871], [-56.9491982, -27.5231485], [-56.9492331, -27.523108], [-56.949276, -27.5230724], [-56.9493216, -27.5230438], [-56.9493565, -27.5230034], [-56.949394, -27.5229653], [-56.9494293, -27.5229264], [-56.9494276, -27.5228827], [-56.9494474, -27.5228464]]]}, "properties": {"osm_id": "620933055", "code": 4141, "fclass": "beach", "name": ""}}, {"type": "Feature", "geometry": {"type": "Polygon", "coordinates": [[[-56.9076294, -27.5344798], [-56.9075875, -27.5344984], [-56.9075328, -27.5345226], [-56.9074845, -27.5345535], [-56.9074363, -27.5345844], [-56.9073934, -27.5346225], [-56.907337, -27.5346439], [-56.9073012, -27.5346828], [-56.9072646, -27.5347224], [-56.9072301, -27.5347574], [-56.9071895, -27.5347985], [-56.907153, -27.5348355], [-56.9071144, -27.5348746], [-56.9070923, -27.5348955], [-56.9070527, -27.5349329], [-56.9070178, -27.5349507], [-56.9069668, -27.5349548], [-56.9069427, -27.5349935], [-56.9069105, -27.5350411], [-56.9068864, -27.5350863], [-56.9068569, -27.5351315], [-56.9068167, -27.5351671], [-56.9067791, -27.5352028], [-56.9067362, -27.5352409], [-56.9066906, -27.535267], [-56.9066423, -27.5352956], [-56.9065914, -27.5353217], [-56.9065431, -27.5353503], [-56.9065002, -27.5353836], [-56.9064492, -27.5354073], [-56.9063956, -27.535424], [-56.9063956, -27.5355025], [-56.906408, -27.5355116], [-56.9064348, -27.5355315], [-56.906445, -27.5355447], [-56.9064593, -27.535552], [-56.90648, -27.5355803], [-56.9064948, -27.5356059], [-56.9065028, -27.5356393], [-56.9064894, -27.5356927], [-56.9064934, -27.5357165], [-56.9065739, -27.5356963], [-56.9066718, -27.5356666], [-56.9067939, -27.5356321], [-56.906873, -27.5356119], [-56.9070004, -27.5355857], [-56.907109, -27.5355608], [-56.9072083, -27.5355203], [-56.9072713, -27.535493], [-56.9073182, -27.5354216], [-56.9073558, -27.5353217], [-56.9073987, -27.5352361], [-56.9074202, -27.535141], [-56.9074497, -27.5350553], [-56.9074765, -27.5349745], [-56.9075113, -27.5348936], [-56.9075462, -27.5348103], [-56.9075677, -27.5347295], [-56.9075864, -27.5346415], [-56.9076026, -27.5345535], [-56.9076294, -27.5344798]]]}, "properties": {"osm_id": "620976562", "code": 4141, "fclass": "beach", "name": ""}}, {"type": "Feature", "geometry": {"type": "Polygon", "coordinates": [[[-56.693514, -27.5453628], [-56.6934603, -27.5453581], [-56.6934067, -27.5453414], [-56.6933638, -27.5453676], [-56.6933665, -27.5454175], [-56.6933423, -27.5454627], [-56.6933262, -27.5455055], [-56.6933236, -27.5455531], [-56.6933209, -27.5456006], [-56.6933021, -27.5456458], [-56.6932887, -27.5456934], [-56.6932672, -27.5457386], [-56.6932377, -27.5457814], [-56.6932082, -27.5458218], [-56.6931921, -27.545867], [-56.693235, -27.5459003], [-56.6932672, -27.5458575], [-56.693278, -27.5458099], [-56.6933048, -27.5457647], [-56.6933182, -27.5457148], [-56.6933343, -27.5456672], [-56.6933531, -27.545622], [-56.6933396, -27.5455745], [-56.6933504, -27.5455554], [-56.6933718, -27.5455103], [-56.6934067, -27.5454722], [-56.6934496, -27.5454365], [-56.693514, -27.5453628]]]}, "properties": {"osm_id": "621179105", "code": 4141, "fclass": "beach", "name": ""}}, {"type": "Feature", "geometry": {"type": "Polygon", "coordinates": [[[-56.7095885, -27.5274347], [-56.7095697, -27.5273943], [-56.7095456, -27.5274395], [-56.7095187, -27.5274823], [-56.7094812, -27.5275203], [-56.7094436, -27.5275536], [-56.7094007, -27.5275822], [-56.7093927, -27.527606], [-56.7093471, -27.5276369], [-56.7093042, -27.5276702], [-56.7092586, -27.5276964], [-56.7092156, -27.5277344], [-56.7091942, -27.5277796], [-56.7091727, -27.52782], [-56.7091459, -27.5278319], [-56.7091164, -27.5278724], [-56.7090862, -27.5278825], [-56.7090587, -27.5279116], [-56.7090373, -27.5279639], [-56.7090064, -27.5279877], [-56.7089474, -27.5280032], [-56.7089152, -27.528046], [-56.7088777, -27.5280841], [-56.7088428, -27.5281221], [-56.7087999, -27.528153], [-56.7087543, -27.528184], [-56.7087141, -27.5282173], [-56.7086551, -27.5282381], [-56.7086128, -27.5282666], [-56.7085625, -27.5283219], [-56.708704, -27.5283219], [-56.7087241, -27.5283142], [-56.7087858, -27.5282791], [-56.7088442, -27.5282303], [-56.7088589, -27.528184], [-56.7088972, -27.5281602], [-56.7089447, -27.5281197], [-56.708993, -27.5280936], [-56.7090339, -27.5280552], [-56.7090651, -27.528074], [-56.7090956, -27.5280359], [-56.709105, -27.5279955], [-56.7091244, -27.5279458], [-56.709162, -27.5279176], [-56.7091835, -27.52787], [-56.7092317, -27.5278438], [-56.7092747, -27.5278129], [-56.7093303, -27.5277867], [-56.7093766, -27.5277772], [-56.709392, -27.527735], [-56.7094249, -27.5276916], [-56.7094302, -27.527644], [-56.7094678, -27.527606], [-56.7095107, -27.5275608], [-56.7095482, -27.5275227], [-56.7095563, -27.5274752], [-56.7095885, -27.5274347]]]}, "properties": {"osm_id": "621271245", "code": 4141, "fclass": "beach", "name": ""}}, {"type": "Feature", "geometry": {"type": "Polygon", "coordinates": [[[-56.8199285, -27.5854502], [-56.8199093, -27.5854323], [-56.819889, -27.5854134], [-56.8198732, -27.5853926], [-56.8198568, -27.5853712], [-56.8198392, -27.5853542], [-56.8198206, -27.5853361], [-56.8198045, -27.5853155], [-56.819787, -27.5852933], [-56.8197723, -27.5852767], [-56.8197562, -27.5852564], [-56.8197387, -27.5852386], [-56.81972, -27.5852184], [-56.8197025, -27.5852006], [-56.8196851, -27.5851816], [-56.8196553, -27.5851489], [-56.8196449, -27.5851459], [-56.8196261, -27.5851281], [-56.81961, -27.5851079], [-56.8195966, -27.5850865], [-56.8195765, -27.5850663], [-56.8195617, -27.5850461], [-56.8195376, -27.5850365], [-56.8195266, -27.5850209], [-56.8195081, -27.5849949], [-56.8194786, -27.5849878], [-56.8194652, -27.5849831], [-56.8194531, -27.5849605], [-56.819433, -27.584945], [-56.8193874, -27.5849141], [-56.8193445, -27.584888], [-56.8193015, -27.5848594], [-56.8192677, -27.5848388], [-56.8192586, -27.5848333], [-56.819205, -27.5848048], [-56.8191594, -27.584781], [-56.8191138, -27.5847501], [-56.8190736, -27.5847073], [-56.8190414, -27.5846693], [-56.8190011, -27.584636], [-56.8189582, -27.5846098], [-56.8189099, -27.5845837], [-56.818859, -27.5845647], [-56.8188161, -27.5845314], [-56.8187678, -27.5845028], [-56.8187249, -27.5844719], [-56.8186793, -27.5844482], [-56.818631, -27.5844244], [-56.8185854, -27.584403], [-56.8185371, -27.584384], [-56.8184955, -27.5843608], [-56.8184506, -27.5843364], [-56.8184137, -27.5843174], [-56.8183896, -27.5842895], [-56.818344, -27.584274], [-56.8182662, -27.5842336], [-56.8182226, -27.5842122], [-56.8181502, -27.5841718], [-56.8181214, -27.5841599], [-56.8180771, -27.5841427], [-56.8180221, -27.5841183], [-56.8179879, -27.5840904], [-56.8179289, -27.5840607], [-56.8178773, -27.5840422], [-56.8178404, -27.5840321], [-56.8177814, -27.5840107], [-56.8177412, -27.583997], [-56.8177841, -27.5840202], [-56.8178371, -27.5840446], [-56.8178887, -27.5840708], [-56.8179236, -27.584088], [-56.8179638, -27.5841058], [-56.8180054, -27.5841284], [-56.8180463, -27.5841498], [-56.8180959, -27.5841706], [-56.8181469, -27.584192], [-56.8182126, -27.5842283], [-56.8182709, -27.5842651], [-56.8183279, -27.5842978], [-56.8183681, -27.5843245], [-56.8184419, -27.5843644], [-56.8184801, -27.5843899], [-56.8185364, -27.5844232], [-56.8185747, -27.5844476], [-56.8186015, -27.5844654], [-56.8186551, -27.5844969], [-56.8186866, -27.5845177], [-56.8187242, -27.5845409], [-56.8187671, -27.5845647], [-56.8188073, -27.584589], [-56.8188422, -27.5846122], [-56.8188798, -27.5846389], [-56.8189213, -27.5846586], [-56.818971, -27.58468], [-56.8190119, -27.5847168], [-56.8190494, -27.5847364], [-56.8191118, -27.5847762], [-56.8191755, -27.5848155], [-56.8192271, -27.5848481], [-56.8192948, -27.584888], [-56.8193364, -27.5849177], [-56.8193847, -27.5849664], [-56.8194162, -27.5850045], [-56.8194491, -27.5850461], [-56.8194792, -27.5850829], [-56.8195061, -27.585115], [-56.8195322, -27.5851394], [-56.819549, -27.5851566], [-56.8195671, -27.5851762], [-56.8195818, -27.5851988], [-56.8196033, -27.5852196], [-56.8196194, -27.5852374], [-56.8196335, -27.5852553], [-56.8196549, -27.5852767], [-56.819675, -27.5852975], [-56.8196965, -27.5853135], [-56.8197139, -27.5853402], [-56.819728, -27.5853581], [-56.8197508, -27.5853783], [-56.8197649, -27.5853985], [-56.8197756, -27.5854122], [-56.8197951, -27.5854318], [-56.8198112, -27.5854526], [-56.8198279, -27.585471], [-56.819848, -27.5854888], [-56.8198648, -27.5855078], [-56.8198822, -27.5855298], [-56.819893, -27.5855512], [-56.8199117, -27.5855322], [-56.8199144, -27.5855073], [-56.8199278, -27.5854853], [-56.8199285, -27.5854502]]]}, "properties": {"osm_id": "621513015", "code": 4141, "fclass": "beach", "name": ""}}, {"type": "Feature", "geometry": {"type": "Polygon", "coordinates": [[[-56.8175226, -27.5838963], [-56.8175098, -27.5838515], [-56.8175072, -27.5838015], [-56.8174857, -27.5837564], [-56.8174428, -27.5837255], [-56.8173945, -27.5836993], [-56.8173435, -27.5836732], [-56.8172979, -27.583647], [-56.8172523, -27.5836232], [-56.8172067, -27.5835971], [-56.8171611, -27.5835685], [-56.8171129, -27.58354], [-56.8170646, -27.5835162], [-56.817019, -27.5834877], [-56.8169734, -27.5834568], [-56.8169305, -27.5834307], [-56.8168768, -27.5834164], [-56.8168232, -27.5833998], [-56.8167749, -27.5833784], [-56.8167239, -27.5833593], [-56.816673, -27.5833427], [-56.8166193, -27.5833261], [-56.8165657, -27.5833094], [-56.8165174, -27.5832856], [-56.8164638, -27.5832642], [-56.8164155, -27.5832429], [-56.8163699, -27.5832191], [-56.816327, -27.5831906], [-56.8162921, -27.5831525], [-56.8162465, -27.583124], [-56.8162116, -27.5830836], [-56.816166, -27.583055], [-56.8161178, -27.5830289], [-56.8160614, -27.5830027], [-56.8160158, -27.582979], [-56.8159676, -27.5829552], [-56.8159193, -27.5829338], [-56.815863, -27.5829338], [-56.8158147, -27.5829576], [-56.8157905, -27.5830004], [-56.815812, -27.5830408], [-56.8158495, -27.5830705], [-56.8158871, -27.5830955], [-56.8159287, -27.583118], [-56.8159743, -27.5831323], [-56.8160185, -27.5831501], [-56.8160695, -27.5831822], [-56.8161392, -27.5832143], [-56.8161875, -27.5832357], [-56.8162492, -27.5832678], [-56.8162934, -27.5832928], [-56.8163377, -27.5833118], [-56.8163914, -27.5833344], [-56.8164289, -27.5833546], [-56.8164691, -27.5833736], [-56.8165201, -27.5833962], [-56.8165711, -27.5834188], [-56.8166113, -27.5834461], [-56.8166649, -27.5834723], [-56.8167266, -27.5834901], [-56.8167789, -27.5835162], [-56.8168272, -27.5835436], [-56.8168688, -27.583565], [-56.8169211, -27.5835911], [-56.816972, -27.5836149], [-56.8170163, -27.5836351], [-56.8170592, -27.5836601], [-56.8171129, -27.5836922], [-56.8171638, -27.5837159], [-56.8172054, -27.5837338], [-56.817251, -27.583754], [-56.817302, -27.5837813], [-56.8173864, -27.5838194], [-56.8174267, -27.583836], [-56.8174669, -27.5838515], [-56.8175028, -27.5838877], [-56.8175226, -27.5838963]]]}, "properties": {"osm_id": "621513019", "code": 4141, "fclass": "beach", "name": ""}}, {"type": "Feature", "geometry": {"type": "Polygon", "coordinates": [[[-56.8138218, -27.5818473], [-56.8138057, -27.5818022], [-56.8137708, -27.5817665], [-56.8137279, -27.5817356], [-56.8136796, -27.5817118], [-56.813626, -27.5816999], [-56.813575, -27.5816809], [-56.8135294, -27.5817095], [-56.8135375, -27.5817546], [-56.8135697, -27.581795], [-56.8136045, -27.5818331], [-56.8136287, -27.5818782], [-56.8135992, -27.5819163], [-56.8135482, -27.5819377], [-56.8134946, -27.5819306], [-56.8134651, -27.5818901], [-56.8134141, -27.5818735], [-56.8134061, -27.5818402], [-56.8134248, -27.5818259], [-56.8134382, -27.5817784], [-56.8134302, -27.5817309], [-56.8134061, -27.5816857], [-56.8133712, -27.5816453], [-56.8133229, -27.5816239], [-56.8132719, -27.5816144], [-56.813221, -27.5815953], [-56.8131647, -27.5815953], [-56.8131137, -27.581612], [-56.8130627, -27.5816048], [-56.8130305, -27.5815668], [-56.8129823, -27.5815454], [-56.8129286, -27.5815454], [-56.8128777, -27.5815597], [-56.8128602, -27.5815193], [-56.8128133, -27.5815002], [-56.8127543, -27.5815098], [-56.8127087, -27.5814836], [-56.8126577, -27.5814717], [-56.8126148, -27.5814384], [-56.812588, -27.581398], [-56.8125558, -27.58136], [-56.8125021, -27.5813647], [-56.8125075, -27.5813808], [-56.8125028, -27.5814081], [-56.8125236, -27.5814206], [-56.8125665, -27.5814634], [-56.8126014, -27.5814753], [-56.8126309, -27.5814884], [-56.8126725, -27.5815205], [-56.8127047, -27.5815252], [-56.8127462, -27.581549], [-56.8127824, -27.5815573], [-56.8128254, -27.5815656], [-56.8128629, -27.581593], [-56.8128937, -27.5816215], [-56.812942, -27.5816346], [-56.812993, -27.5816572], [-56.8130399, -27.5816738], [-56.8130788, -27.5816916], [-56.8131284, -27.5817273], [-56.8131875, -27.5817415], [-56.8132371, -27.5817641], [-56.8133128, -27.5818182], [-56.8133437, -27.5818497], [-56.8133846, -27.5818854], [-56.8134413, -27.5819142], [-56.8134832, -27.5819365], [-56.8135428, -27.5819597], [-56.8135938, -27.5819859], [-56.8136287, -27.5819971], [-56.8136527, -27.5819795], [-56.8136743, -27.5819638], [-56.8137306, -27.5819496], [-56.8137842, -27.5819401], [-56.8138191, -27.5818949], [-56.8138218, -27.5818473]]]}, "properties": {"osm_id": "621513022", "code": 4141, "fclass": "beach", "name": ""}}, {"type": "Feature", "geometry": {"type": "Polygon", "coordinates": [[[-56.8275681, -27.594625], [-56.8275537, -27.5946152], [-56.8275448, -27.5946049], [-56.8275356, -27.594595], [-56.8275306, -27.5945846], [-56.8275208, -27.5945806], [-56.8275143, -27.594577], [-56.8275058, -27.5945709], [-56.8274843, -27.5945553], [-56.8274697, -27.5945384], [-56.8274612, -27.5945269], [-56.8274519, -27.5945154], [-56.8274419, -27.5945029], [-56.8274353, -27.5944937], [-56.8274266, -27.594499], [-56.8274159, -27.5945073], [-56.8274045, -27.5945157], [-56.8273911, -27.5945216], [-56.8273777, -27.5945287], [-56.8273636, -27.5945353], [-56.8273509, -27.5945406], [-56.8273374, -27.5945448], [-56.8273234, -27.594546], [-56.8273086, -27.594546], [-56.8272952, -27.594546], [-56.8272811, -27.5945644], [-56.8272945, -27.5945619], [-56.8273034, -27.5945629], [-56.8273133, -27.5945659], [-56.8273254, -27.5945739], [-56.8273433, -27.5945769], [-56.8273601, -27.5945846], [-56.8273701, -27.5945885], [-56.8273807, -27.5945928], [-56.8273933, -27.5945993], [-56.8274089, -27.5946052], [-56.8274157, -27.5946091], [-56.8274286, -27.5946149], [-56.8274414, -27.5946202], [-56.8274541, -27.5946256], [-56.8274669, -27.5946298], [-56.8274816, -27.5946339], [-56.8274944, -27.5946381], [-56.8275078, -27.5946422], [-56.827521, -27.5946446], [-56.8275326, -27.5946476], [-56.8275453, -27.5946497], [-56.8275503, -27.5946494], [-56.8275549, -27.5946465], [-56.8275604, -27.5946433], [-56.8275661, -27.594644], [-56.8275629, -27.5946376], [-56.8275617, -27.5946317], [-56.8275641, -27.5946284], [-56.8275681, -27.594625]]]}, "properties": {"osm_id": "621577770", "code": 4141, "fclass": "beach", "name": ""}}, {"type": "Feature", "geometry": {"type": "Polygon", "coordinates": [[[-56.9314527, -27.5554577], [-56.9313937, -27.5554101], [-56.9312569, -27.5555052], [-56.9311095, -27.5555789], [-56.9310236, -27.5556122], [-56.9308023, -27.5556241], [-56.9306052, -27.5556051], [-56.9304831, -27.5555682], [-56.9303879, -27.5555088], [-56.9302753, -27.5553792], [-56.9301787, -27.5551331], [-56.9301707, -27.5546801], [-56.9301975, -27.5545065], [-56.9302437, -27.554453], [-56.930233, -27.5543561], [-56.9302082, -27.554258], [-56.9301887, -27.5541599], [-56.9301733, -27.5541201], [-56.9301324, -27.5540963], [-56.930123, -27.5540605], [-56.9301123, -27.5540196], [-56.9300969, -27.5539417], [-56.9300781, -27.5538858], [-56.9300386, -27.5538175], [-56.9300282, -27.5538787], [-56.9300382, -27.553945], [-56.9300614, -27.5539976], [-56.9300942, -27.5542211], [-56.9300781, -27.5546004], [-56.9300674, -27.5548822], [-56.9300178, -27.5551771], [-56.9301572, -27.5553518], [-56.9303088, -27.5555171], [-56.9304375, -27.5556241], [-56.9306695, -27.5556931], [-56.9308077, -27.5557145], [-56.9309807, -27.5557192], [-56.9311376, -27.5556978], [-56.9313173, -27.5556099], [-56.9314366, -27.5555195], [-56.9314527, -27.5554577]]]}, "properties": {"osm_id": "623150494", "code": 4141, "fclass": "beach", "name": ""}}, {"type": "Feature", "geometry": {"type": "Polygon", "coordinates": [[[-56.9332539, -27.5539809], [-56.932999, -27.5541938], [-56.9327858, -27.5543472], [-56.9327027, -27.5544258], [-56.9325659, -27.5545552], [-56.9323365, -27.5547871], [-56.932193, -27.5549262], [-56.9322339, -27.5549292], [-56.9322661, -27.5549215], [-56.9324129, -27.5547716], [-56.9325672, -27.554579], [-56.9326852, -27.5544731], [-56.932826, -27.5543733], [-56.9330044, -27.5542449], [-56.9331251, -27.5541533], [-56.9332109, -27.5540904], [-56.9332539, -27.5539809]]]}, "properties": {"osm_id": "623150495", "code": 4141, "fclass": "beach", "name": ""}}, {"type": "Feature", "geometry": {"type": "Polygon", "coordinates": [[[-56.9344059, -27.5529441], [-56.9343056, -27.5530123], [-56.9342074, -27.553069], [-56.9340814, -27.5531712], [-56.9338305, -27.5533811], [-56.9337273, -27.5534965], [-56.9336025, -27.5536112], [-56.9334775, -27.5537244], [-56.9333558, -27.5538347], [-56.9333551, -27.5538769], [-56.9333772, -27.5538941], [-56.9334376, -27.5538538], [-56.9335322, -27.5537533], [-56.9336535, -27.553629], [-56.9337071, -27.5535743], [-56.9337782, -27.5535018], [-56.9338681, -27.5534138], [-56.9339781, -27.5533318], [-56.9340491, -27.5532759], [-56.9341202, -27.5532259], [-56.9342074, -27.5531546], [-56.9344005, -27.5530238], [-56.9344059, -27.5529441]]]}, "properties": {"osm_id": "623150496", "code": 4141, "fclass": "beach", "name": ""}}, {"type": "Feature", "geometry": {"type": "Polygon", "coordinates": [[[-56.9949017, -27.4670695], [-56.9948816, -27.4670516], [-56.9948655, -27.4670314], [-56.9948468, -27.4670112], [-56.994824, -27.4669957], [-56.9948012, -27.4669802], [-56.9947784, -27.4669636], [-56.9947542, -27.4669481], [-56.9947301, -27.4669314], [-56.9947086, -27.4669148], [-56.9946885, -27.4668969], [-56.9946657, -27.4668803], [-56.9946416, -27.4668696], [-56.9946121, -27.4668696], [-56.9946282, -27.4668815], [-56.9946523, -27.4668934], [-56.9946764, -27.4669064], [-56.9946899, -27.4669291], [-56.9946966, -27.4669564], [-56.9946992, -27.4669814], [-56.9947033, -27.4670052], [-56.9947073, -27.467029], [-56.9947207, -27.4670504], [-56.9947448, -27.4670611], [-56.9947676, -27.467073], [-56.9947931, -27.4670837], [-56.9948226, -27.4670837], [-56.9948494, -27.4670837], [-56.9948763, -27.4670849], [-56.9949017, -27.4670695]]]}, "properties": {"osm_id": "623546859", "code": 4141, "fclass": "beach", "name": ""}}, {"type": "Feature", "geometry": {"type": "Polygon", "coordinates": [[[-56.9963153, -27.4654672], [-56.9962737, -27.4654345], [-56.9962227, -27.46541], [-56.9961751, -27.4653673], [-56.9961463, -27.4653369], [-56.9960652, -27.4653054], [-56.9960403, -27.4652798], [-56.9959927, -27.46525], [-56.9959545, -27.4652239], [-56.9959076, -27.4651983], [-56.995862, -27.4651679], [-56.9958217, -27.4651293], [-56.9957896, -27.4650841], [-56.995744, -27.4650722], [-56.9956977, -27.4650442], [-56.9956622, -27.4650085], [-56.9956461, -27.4649918], [-56.9956058, -27.4649561], [-56.9955549, -27.4649145], [-56.9955374, -27.4648943], [-56.9955307, -27.4648824], [-56.995512, -27.4648645], [-56.9954972, -27.4648443], [-56.9954784, -27.464827], [-56.9954744, -27.4647991], [-56.9954422, -27.4647878], [-56.9954368, -27.4647634], [-56.995406, -27.4647556], [-56.9953966, -27.4647324], [-56.9953718, -27.4647235], [-56.995351, -27.4646991], [-56.9953242, -27.4646908], [-56.9953014, -27.4646789], [-56.9952907, -27.4646598], [-56.9952813, -27.464642], [-56.9952679, -27.4646253], [-56.995233, -27.464614], [-56.9952062, -27.4645985], [-56.9951928, -27.4645807], [-56.9951874, -27.4645611], [-56.9951659, -27.4645468], [-56.9951499, -27.4645266], [-56.9951351, -27.4645051], [-56.9951177, -27.4644825], [-56.9950915, -27.4644653], [-56.9950855, -27.4644421], [-56.9950627, -27.4644325], [-56.9950452, -27.4644087], [-56.9950211, -27.4643992], [-56.9950104, -27.464373], [-56.9949849, -27.4643612], [-56.9949728, -27.4643397], [-56.9949473, -27.4643379], [-56.9949299, -27.4643136], [-56.9948984, -27.4643124], [-56.994883, -27.4642939], [-56.9948501, -27.4642802], [-56.9948441, -27.4642541], [-56.9948253, -27.464235], [-56.9948065, -27.4642529], [-56.9947958, -27.4642541], [-56.9947945, -27.4642767], [-56.9948132, -27.4642957], [-56.9948347, -27.4643147], [-56.9948508, -27.464335], [-56.9948709, -27.4643564], [-56.994891, -27.4643742], [-56.9949165, -27.4643933], [-56.9949393, -27.4644087], [-56.9949608, -27.4644254], [-56.9949795, -27.4644468], [-56.9950037, -27.4644647], [-56.9950251, -27.464479], [-56.9950479, -27.4644992], [-56.9950654, -27.4645218], [-56.9950761, -27.4645444], [-56.9950935, -27.4645646], [-56.995119, -27.4645813], [-56.9951458, -27.464592], [-56.9951686, -27.4646051], [-56.9951847, -27.4646277], [-56.9952022, -27.4646479], [-56.9952263, -27.4646634], [-56.9952504, -27.4646765], [-56.9952531, -27.4647027], [-56.9952531, -27.4647288], [-56.9952531, -27.464755], [-56.9952424, -27.4647788], [-56.9952236, -27.4647979], [-56.9951981, -27.4648074], [-56.99517, -27.4648086], [-56.9951418, -27.464805], [-56.995111, -27.4647931], [-56.9950801, -27.46478], [-56.9950546, -27.4647681], [-56.9950292, -27.4647586], [-56.9950157, -27.464736], [-56.9949889, -27.4647086], [-56.9949326, -27.4647086], [-56.9948816, -27.4646991], [-56.9948414, -27.4646682], [-56.9947958, -27.4646444], [-56.9947422, -27.4646325], [-56.9946885, -27.4646301], [-56.9946322, -27.4646182], [-56.9945839, -27.4646015], [-56.9945329, -27.4645777], [-56.9944847, -27.4645539], [-56.9944444, -27.464523], [-56.9944015, -27.4644897], [-56.9943506, -27.4644825], [-56.9942996, -27.4644849], [-56.9942835, -27.4645301], [-56.994305, -27.4645753], [-56.9943345, -27.4646182], [-56.9943693, -27.4646586], [-56.9943774, -27.4647062], [-56.9944122, -27.4647467], [-56.9944686, -27.4647515], [-56.9944632, -27.4647015], [-56.9944444, -27.4646563], [-56.9945008, -27.4646348], [-56.9945571, -27.4646444], [-56.9945812, -27.4646848], [-56.9946, -27.4647324], [-56.9946456, -27.464761], [-56.9946939, -27.46478], [-56.9947234, -27.4648276], [-56.9947502, -27.4648728], [-56.9947958, -27.4649062], [-56.9948414, -27.4649395], [-56.9948924, -27.4649609], [-56.9949487, -27.4649728], [-56.995005, -27.4649728], [-56.9950587, -27.4649728], [-56.995115, -27.4649728], [-56.9951472, -27.4649276], [-56.9951794, -27.4648847], [-56.9952357, -27.4648895], [-56.9952652, -27.4649323], [-56.995292, -27.4649752], [-56.9953242, -27.4650132], [-56.9953644, -27.4650489], [-56.9953993, -27.4650894], [-56.9954288, -27.4651299], [-56.9954637, -27.4651679], [-56.9955039, -27.4652036], [-56.9955575, -27.4652132], [-56.9955922, -27.465245], [-56.9956145, -27.465237], [-56.9956414, -27.4652423], [-56.9956622, -27.4652667], [-56.9956615, -27.4652857], [-56.9956682, -27.4653226], [-56.995697, -27.4653226], [-56.9957158, -27.4653726], [-56.9957507, -27.4654107], [-56.995807, -27.4654154], [-56.995866, -27.4654226], [-56.9959223, -27.4654321], [-56.9959787, -27.4654416], [-56.996035, -27.4654488], [-56.9960886, -27.4654559], [-56.996145, -27.4654654], [-56.996204, -27.4654749], [-56.9962529, -27.4654773], [-56.9963153, -27.4654672]]]}, "properties": {"osm_id": "623820843", "code": 4141, "fclass": "beach", "name": ""}}, {"type": "Feature", "geometry": {"type": "Polygon", "coordinates": [[[-56.9723806, -27.4428851], [-56.9723739, -27.4428613], [-56.9723524, -27.4428458], [-56.9723296, -27.4428315], [-56.9723055, -27.442822], [-56.97228, -27.4428113], [-56.9722585, -27.4427982], [-56.9722371, -27.4427839], [-56.9722183, -27.442766], [-56.9722009, -27.4427458], [-56.9721888, -27.4427244], [-56.9721687, -27.4427077], [-56.9721539, -27.4426863], [-56.9721499, -27.4426768], [-56.9721405, -27.4426982], [-56.9721244, -27.4427184], [-56.9721191, -27.4427422], [-56.9721177, -27.442766], [-56.9721244, -27.4427887], [-56.9721311, -27.4428113], [-56.9721405, -27.4428363], [-56.9721593, -27.4428541], [-56.9721861, -27.4428636], [-56.9722129, -27.4428684], [-56.9722398, -27.4428696], [-56.9722679, -27.4428732], [-56.9722961, -27.4428779], [-56.9723229, -27.4428815], [-56.9723511, -27.4428851], [-56.9723806, -27.4428851]]]}, "properties": {"osm_id": "623825609", "code": 4141, "fclass": "beach", "name": ""}}, {"type": "Feature", "geometry": {"type": "Polygon", "coordinates": [[[-56.9713171, -27.4421686], [-56.9712983, -27.4421495], [-56.9712728, -27.44214], [-56.97125, -27.4421293], [-56.9712272, -27.4421138], [-56.9712031, -27.4421007], [-56.971179, -27.4420876], [-56.9711548, -27.4420757], [-56.9711307, -27.4420662], [-56.9711226, -27.4420591], [-56.9710985, -27.4420495], [-56.9710569, -27.4420448], [-56.9710556, -27.4420698], [-56.9710569, -27.4420948], [-56.971069, -27.4421174], [-56.9710918, -27.4421305], [-56.9711199, -27.4421364], [-56.9711481, -27.44214], [-56.9711749, -27.4421483], [-56.9712031, -27.4421507], [-56.9712299, -27.442159], [-56.9712581, -27.442165], [-56.9712849, -27.4421686], [-56.9713171, -27.4421686]]]}, "properties": {"osm_id": "623825610", "code": 4141, "fclass": "beach", "name": ""}}, {"type": "Feature", "geometry": {"type": "Polygon", "coordinates": [[[-56.9709831, -27.4420222], [-56.970963, -27.4420055], [-56.9709349, -27.4419984], [-56.9709134, -27.4419853], [-56.9708906, -27.4419746], [-56.9708665, -27.4419638], [-56.9708397, -27.4419531], [-56.9708182, -27.4419377], [-56.9707941, -27.4419258], [-56.9707739, -27.4419103], [-56.9707713, -27.4419234], [-56.9707726, -27.4419472], [-56.9707726, -27.441971], [-56.9707806, -27.4419948], [-56.9707954, -27.442015], [-56.9708182, -27.4420329], [-56.970845, -27.4420412], [-56.9708732, -27.4420436], [-56.9709027, -27.4420448], [-56.9709308, -27.4420424], [-56.970959, -27.4420353], [-56.9709831, -27.4420222]]]}, "properties": {"osm_id": "623825611", "code": 4141, "fclass": "beach", "name": ""}}, {"type": "Feature", "geometry": {"type": "Polygon", "coordinates": [[[-56.9678433, -27.440513], [-56.9678289, -27.4404987], [-56.967802, -27.4404916], [-56.9677752, -27.4404844], [-56.9677484, -27.4404761], [-56.9677243, -27.4404642], [-56.9676988, -27.4404523], [-56.9676693, -27.4404439], [-56.9676425, -27.4404332], [-56.967617, -27.4404225], [-56.9675902, -27.4404094], [-56.967562, -27.4404023], [-56.9675352, -27.4403916], [-56.9675097, -27.4403821], [-56.9674815, -27.4403868], [-56.9674936, -27.4404106], [-56.967503, -27.4404332], [-56.9675191, -27.4404559], [-56.9675271, -27.440482], [-56.9675285, -27.440507], [-56.9675419, -27.4405285], [-56.9675593, -27.4405463], [-56.9675821, -27.4405606], [-56.9676089, -27.440563], [-56.9676371, -27.440563], [-56.9676639, -27.440563], [-56.9676907, -27.4405618], [-56.9677176, -27.4405558], [-56.9677417, -27.4405475], [-56.9677658, -27.4405368], [-56.9677913, -27.4405249], [-56.9678168, -27.4405154], [-56.9678433, -27.440513]]]}, "properties": {"osm_id": "623825612", "code": 4141, "fclass": "beach", "name": ""}}, {"type": "Feature", "geometry": {"type": "Polygon", "coordinates": [[[-56.9696769, -27.4413711], [-56.9696528, -27.4413259], [-56.9696045, -27.4413092], [-56.9695535, -27.4412973], [-56.9695026, -27.441283], [-56.9694543, -27.441264], [-56.969406, -27.4412426], [-56.969347, -27.4412164], [-56.9693014, -27.4411902], [-56.9692531, -27.441164], [-56.9692022, -27.4411378], [-56.9691539, -27.441114], [-56.9691056, -27.4410974], [-56.9690573, -27.4410783], [-56.9690037, -27.4410545], [-56.96895, -27.441045], [-56.9689125, -27.4410117], [-56.9688642, -27.4409926], [-56.9688159, -27.4409688], [-56.9688213, -27.4410141], [-56.9688508, -27.4410569], [-56.9688964, -27.4410902], [-56.96895, -27.4411069], [-56.9689983, -27.4411331], [-56.9690251, -27.4411735], [-56.9690707, -27.4411997], [-56.9691217, -27.441214], [-56.969178, -27.4412212], [-56.969237, -27.4412354], [-56.9692934, -27.4412592], [-56.9693524, -27.4412807], [-56.969406, -27.4412949], [-56.9694597, -27.441314], [-56.969516, -27.4413307], [-56.9695669, -27.4413545], [-56.9696206, -27.4413687], [-56.9696769, -27.4413711]]]}, "properties": {"osm_id": "623825613", "code": 4141, "fclass": "beach", "name": ""}}, {"type": "Feature", "geometry": {"type": "Polygon", "coordinates": [[[-56.9553834, -27.4393287], [-56.9553593, -27.439312], [-56.9553378, -27.439299], [-56.955315, -27.4392871], [-56.9552922, -27.439274], [-56.9552681, -27.4392621], [-56.9552439, -27.4392466], [-56.9551903, -27.4392311], [-56.9551474, -27.4392049], [-56.9551031, -27.4391668], [-56.955079, -27.4391537], [-56.9550522, -27.4391418], [-56.9550267, -27.4391276], [-56.9549757, -27.4391097], [-56.9549301, -27.4390859], [-56.9548872, -27.439055], [-56.9548792, -27.4390145], [-56.9548577, -27.4389954], [-56.9548121, -27.4389693], [-56.9547531, -27.4389455], [-56.9546941, -27.438924], [-56.9546431, -27.4388978], [-56.9545895, -27.438874], [-56.9545358, -27.4388526], [-56.9544929, -27.4388217], [-56.954442, -27.4387979], [-56.9543883, -27.4387764], [-56.95434, -27.4387574], [-56.9543213, -27.438755], [-56.954273, -27.4387265], [-56.954222, -27.4387026], [-56.9541737, -27.4386812], [-56.9541255, -27.4386574], [-56.9540799, -27.4386289], [-56.9540235, -27.4386027], [-56.9539699, -27.4385789], [-56.9539189, -27.4385551], [-56.9538707, -27.4385313], [-56.9538224, -27.4385021], [-56.9538116, -27.4384789], [-56.9537687, -27.4384456], [-56.9537339, -27.4384337], [-56.9536936, -27.4384003], [-56.9536454, -27.438367], [-56.9535998, -27.4383313], [-56.9535515, -27.4383051], [-56.9535005, -27.4382789], [-56.9534469, -27.4382527], [-56.953404, -27.4382242], [-56.9533557, -27.4382051], [-56.9533074, -27.4381837], [-56.9532591, -27.4381647], [-56.9532242, -27.4381551], [-56.9531733, -27.4381313], [-56.9531143, -27.4380956], [-56.9531173, -27.4380743], [-56.9531009, -27.4380575], [-56.9530606, -27.4380218], [-56.9529668, -27.4379266], [-56.9529533, -27.4379171], [-56.9529104, -27.4378885], [-56.9528689, -27.4378564], [-56.9528165, -27.4378385], [-56.9527656, -27.4378266], [-56.9527119, -27.43781], [-56.9526744, -27.4377766], [-56.9526261, -27.4377409], [-56.9525725, -27.4377171], [-56.9525135, -27.4376957], [-56.9524598, -27.4376719], [-56.9524089, -27.4376433], [-56.9523633, -27.4376171], [-56.9523177, -27.4375886], [-56.9522949, -27.4375773], [-56.9522722, -27.437567], [-56.9522814, -27.4375926], [-56.9522828, -27.4376183], [-56.9522734, -27.437641], [-56.9522519, -27.4376588], [-56.9522224, -27.4376636], [-56.9521956, -27.4376576], [-56.9521379, -27.4376505], [-56.9521111, -27.4376421], [-56.9520709, -27.437629], [-56.9520468, -27.4376195], [-56.9520763, -27.43766], [-56.9521165, -27.4376933], [-56.9521594, -27.4377266], [-56.9522023, -27.43776], [-56.9522399, -27.4377957], [-56.9522882, -27.4378266], [-56.9523338, -27.43786], [-56.9523767, -27.4378957], [-56.9524115, -27.4379338], [-56.9524545, -27.4379718], [-56.952492, -27.4380075], [-56.9525296, -27.4380433], [-56.9525698, -27.4380813], [-56.9525993, -27.4381218], [-56.9526261, -27.4381623], [-56.9526583, -27.4382027], [-56.9526932, -27.4382504], [-56.9527388, -27.4382837], [-56.9527844, -27.4383146], [-56.9528165, -27.4383527], [-56.9528568, -27.4383908], [-56.9529024, -27.4384217], [-56.9529399, -27.4384575], [-56.9529748, -27.4384932], [-56.9530204, -27.4385265], [-56.9530365, -27.4385432], [-56.9530821, -27.4385717], [-56.9531143, -27.4386169], [-56.953125, -27.4386669], [-56.9531277, -27.4387086], [-56.9531478, -27.4387419], [-56.9531961, -27.438761], [-56.9532511, -27.4387812], [-56.9533074, -27.4387919], [-56.9533557, -27.43878], [-56.9533932, -27.4387467], [-56.9534469, -27.4387503], [-56.953463, -27.4387514], [-56.9535166, -27.4387574], [-56.9535676, -27.4387741], [-56.9535971, -27.4387883], [-56.9536534, -27.4388026], [-56.9537017, -27.4388264], [-56.9537634, -27.4388407], [-56.9538116, -27.4388645], [-56.9538653, -27.4388812], [-56.9538948, -27.4389026], [-56.9539484, -27.4389193], [-56.953994, -27.438955], [-56.954045, -27.4389716], [-56.9541013, -27.4389859], [-56.9541496, -27.4390121], [-56.9541805, -27.4390133], [-56.9542301, -27.4390383], [-56.954281, -27.4390621], [-56.9543347, -27.4390764], [-56.9543883, -27.439093], [-56.9544446, -27.4391073], [-56.9544822, -27.4391133], [-56.9545412, -27.4391335], [-56.9545922, -27.4391502], [-56.9546458, -27.4391621], [-56.9547021, -27.4391764], [-56.9547531, -27.4391978], [-56.9548041, -27.4392144], [-56.9548604, -27.4392192], [-56.9549167, -27.4392383], [-56.9549757, -27.4392502], [-56.9550321, -27.4392597], [-56.9550884, -27.439274], [-56.955142, -27.4392882], [-56.955201, -27.4392978], [-56.9552574, -27.439312], [-56.9553137, -27.4393263], [-56.95537, -27.4393382], [-56.9553825, -27.4393429], [-56.9553834, -27.4393287]]]}, "properties": {"osm_id": "623827504", "code": 4141, "fclass": "beach", "name": ""}}, {"type": "Feature", "geometry": {"type": "Polygon", "coordinates": [[[-56.9477981, -27.4336535], [-56.9477901, -27.4336107], [-56.9477418, -27.4335774], [-56.9476882, -27.4335393], [-56.9476452, -27.433506], [-56.9475943, -27.4334893], [-56.9475406, -27.4334631], [-56.9475031, -27.4334274], [-56.9474629, -27.4333869], [-56.9474253, -27.4333441], [-56.9473931, -27.4333036], [-56.9473609, -27.4332631], [-56.9473234, -27.4332203], [-56.9472885, -27.4331798], [-56.9472697, -27.4331655], [-56.9472322, -27.4331251], [-56.947192, -27.4330893], [-56.947149, -27.433056], [-56.9471088, -27.4330227], [-56.9470713, -27.432987], [-56.9470283, -27.4329537], [-56.9469827, -27.4329227], [-56.9469345, -27.4328918], [-56.9468915, -27.4328584], [-56.9468567, -27.4328227], [-56.9468245, -27.4327823], [-56.9467869, -27.4327465], [-56.9467494, -27.4327085], [-56.9467065, -27.4326656], [-56.9466689, -27.4326251], [-56.946626, -27.4325847], [-56.9466166, -27.4325429], [-56.9465646, -27.4324911], [-56.946498, -27.4324604], [-56.9464639, -27.4324262], [-56.946429, -27.4323928], [-56.9463836, -27.4323554], [-56.9463363, -27.4323276], [-56.9462988, -27.4322847], [-56.9462639, -27.4322395], [-56.9462264, -27.432199], [-56.9461888, -27.4321633], [-56.9461539, -27.4321228], [-56.9461137, -27.4320847], [-56.9460762, -27.4320466], [-56.9460467, -27.4320062], [-56.9460091, -27.4319633], [-56.9459716, -27.4319252], [-56.945926, -27.4318919], [-56.9458857, -27.4318562], [-56.9459099, -27.4319133], [-56.9459501, -27.431949], [-56.9459581, -27.4319776], [-56.9459903, -27.4320205], [-56.9460359, -27.4320466], [-56.9460842, -27.4320752], [-56.9461218, -27.4321181], [-56.9461432, -27.4321681], [-56.94617, -27.4322109], [-56.9461995, -27.4322514], [-56.9462237, -27.4322942], [-56.9462478, -27.4323418], [-56.9462773, -27.4323823], [-56.9463041, -27.4324252], [-56.9463256, -27.432468], [-56.9463578, -27.4325085], [-56.9463927, -27.4325466], [-56.9464409, -27.4325656], [-56.9464704, -27.4326156], [-56.9464999, -27.4326561], [-56.9465295, -27.4326966], [-56.9465563, -27.4327394], [-56.9465831, -27.4327799], [-56.9466126, -27.4328227], [-56.9466314, -27.432868], [-56.9466528, -27.4329203], [-56.9466797, -27.4329632], [-56.9467011, -27.433006], [-56.9467333, -27.4330489], [-56.9467574, -27.4330917], [-56.9467789, -27.4331417], [-56.9468004, -27.433187], [-56.9468379, -27.433225], [-56.946854, -27.433256], [-56.9468687, -27.4333048], [-56.9468594, -27.4333369], [-56.9468486, -27.4333845], [-56.9468406, -27.4334369], [-56.9468755, -27.4334488], [-56.9469211, -27.4334702], [-56.946972, -27.4334798], [-56.9470203, -27.4334655], [-56.9470713, -27.433425], [-56.9471142, -27.4333941], [-56.9471651, -27.4333822], [-56.9472188, -27.4333798], [-56.9472697, -27.4333941], [-56.9473207, -27.433406], [-56.9473717, -27.4334274], [-56.9474146, -27.4334536], [-56.9474682, -27.4334774], [-56.9475138, -27.4335036], [-56.9475594, -27.4335298], [-56.9475889, -27.4335702], [-56.9476318, -27.4336035], [-56.9476533, -27.4336178], [-56.9476962, -27.4336464], [-56.9477418, -27.4336678], [-56.9477981, -27.4336535]]]}, "properties": {"osm_id": "623830982", "code": 4141, "fclass": "beach", "name": ""}}, {"type": "Feature", "geometry": {"type": "Polygon", "coordinates": [[[-56.9389334, -27.4266401], [-56.9389254, -27.4265901], [-56.9388986, -27.4265473], [-56.9388664, -27.4265068], [-56.9388449, -27.4264901], [-56.9387966, -27.426464], [-56.938743, -27.426433], [-56.9386974, -27.4264092], [-56.9386518, -27.4263806], [-56.9386035, -27.4263544], [-56.9385579, -27.4263259], [-56.938515, -27.4262902], [-56.9384748, -27.4262616], [-56.9384345, -27.4262235], [-56.9383943, -27.4261902], [-56.9383675, -27.4261473], [-56.9383246, -27.4261045], [-56.938287, -27.4260688], [-56.9382334, -27.4260426], [-56.9381958, -27.4260045], [-56.9381529, -27.4259759], [-56.9381019, -27.4259569], [-56.9380537, -27.4259402], [-56.9380349, -27.4259331], [-56.9380054, -27.4259402], [-56.9380134, -27.4259854], [-56.9380376, -27.4260307], [-56.9380698, -27.4260711], [-56.9381207, -27.4260997], [-56.9381717, -27.4261211], [-56.9382226, -27.4261497], [-56.9382629, -27.4261854], [-56.9383085, -27.4262187], [-56.9383568, -27.4262473], [-56.9383809, -27.4262925], [-56.9384211, -27.4263259], [-56.9384721, -27.4263497], [-56.9385204, -27.426383], [-56.9385633, -27.4264211], [-56.9386008, -27.4264568], [-56.9386491, -27.4264925], [-56.9386867, -27.4265282], [-56.9387323, -27.4265592], [-56.9387805, -27.4265901], [-56.9388235, -27.4266211], [-56.9388771, -27.4266354], [-56.9389334, -27.4266401]]]}, "properties": {"osm_id": "623832162", "code": 4141, "fclass": "beach", "name": ""}}, {"type": "Feature", "geometry": {"type": "Polygon", "coordinates": [[[-56.8609482, -27.4380956], [-56.8609053, -27.438129], [-56.8608651, -27.4381647], [-56.8608221, -27.4381956], [-56.8607819, -27.4382266], [-56.8607497, -27.4382623], [-56.8607202, -27.4383027], [-56.8606854, -27.4383456], [-56.8606478, -27.4383884], [-56.8606156, -27.4384337], [-56.8605834, -27.4384765], [-56.8605486, -27.4385146], [-56.860511, -27.4385551], [-56.8604761, -27.4385908], [-56.8604413, -27.4386312], [-56.860401, -27.4386693], [-56.8603581, -27.4386979], [-56.8603098, -27.4387312], [-56.8602589, -27.4387598], [-56.860216, -27.4387931], [-56.8601757, -27.4388288], [-56.8601435, -27.4388693], [-56.860114, -27.4389097], [-56.8600899, -27.4389526], [-56.8600631, -27.4389954], [-56.8600363, -27.4390359], [-56.8600094, -27.4390764], [-56.8599772, -27.4391145], [-56.8599451, -27.4391549], [-56.8599075, -27.439193], [-56.85987, -27.4392263], [-56.8598324, -27.4392597], [-56.8598029, -27.4393001], [-56.8597788, -27.439343], [-56.8598297, -27.4393239], [-56.8598807, -27.4393001], [-56.8599317, -27.4392787], [-56.8599799, -27.4392525], [-56.8600202, -27.4392121], [-56.8600577, -27.4391716], [-56.8600899, -27.4391287], [-56.8601221, -27.4390859], [-56.8601462, -27.4390431], [-56.8601677, -27.4389978], [-56.8602052, -27.4389597], [-56.8602428, -27.4389193], [-56.8602777, -27.4388764], [-56.8603125, -27.438836], [-56.8603501, -27.4387979], [-56.8603957, -27.4387622], [-56.8604386, -27.4387288], [-56.8604815, -27.4386907], [-56.8605271, -27.4386622], [-56.8605754, -27.4386217], [-56.8606263, -27.438586], [-56.8606666, -27.4385408], [-56.8606961, -27.4384932], [-56.8606961, -27.4384789], [-56.860739, -27.4384384], [-56.8607712, -27.4383979], [-56.860798, -27.4383527], [-56.8608248, -27.4383265], [-56.860857, -27.4382789], [-56.8608865, -27.4382361], [-56.8609133, -27.4381932], [-56.8609428, -27.4381504], [-56.8609482, -27.4380956]]]}, "properties": {"osm_id": "623853144", "code": 4141, "fclass": "beach", "name": ""}}, {"type": "Feature", "geometry": {"type": "Polygon", "coordinates": [[[-56.8291211, -27.4681261], [-56.8290621, -27.4680642], [-56.8290353, -27.4680642], [-56.8289924, -27.4680666], [-56.8289481, -27.4681035], [-56.8289132, -27.4681237], [-56.8288475, -27.468188], [-56.8287456, -27.4682451], [-56.8286437, -27.4683022], [-56.8285525, -27.4683593], [-56.8284506, -27.4684069], [-56.8283486, -27.4684498], [-56.828236, -27.4684831], [-56.8281126, -27.4685212], [-56.828, -27.4685497], [-56.8278873, -27.468583], [-56.8277881, -27.4686271], [-56.8276781, -27.468664], [-56.8275802, -27.4687199], [-56.8274796, -27.4687687], [-56.8273777, -27.468821], [-56.827489, -27.4688258], [-56.8275815, -27.4687877], [-56.8276835, -27.4687496], [-56.8277854, -27.4687116], [-56.8278766, -27.468664], [-56.8279785, -27.4686259], [-56.8280751, -27.4685973], [-56.8281716, -27.4685497], [-56.8282735, -27.4685259], [-56.8283755, -27.4684878], [-56.8284667, -27.468445], [-56.8285632, -27.4683927], [-56.8286598, -27.4683498], [-56.8287617, -27.4683117], [-56.8288636, -27.4682689], [-56.8289602, -27.4682356], [-56.8290675, -27.468207], [-56.8291211, -27.4681261]]]}, "properties": {"osm_id": "623858589", "code": 4141, "fclass": "beach", "name": ""}}, {"type": "Feature", "geometry": {"type": "Polygon", "coordinates": [[[-56.8315458, -27.4664174], [-56.8315458, -27.4663127], [-56.8315244, -27.4662175], [-56.8315083, -27.4663365], [-56.83146, -27.4664317], [-56.8313956, -27.4665173], [-56.8313205, -27.466603], [-56.8312401, -27.4666696], [-56.8311489, -27.4667363], [-56.8310577, -27.4668029], [-56.8309557, -27.4668648], [-56.8308646, -27.4669219], [-56.8307626, -27.4669885], [-56.8306661, -27.4670409], [-56.8305641, -27.4670837], [-56.8304569, -27.4671409], [-56.8303657, -27.4672123], [-56.8302906, -27.4672932], [-56.8302047, -27.4673598], [-56.8301028, -27.4674122], [-56.8300116, -27.4674645], [-56.8299097, -27.4675074], [-56.8298037, -27.4675609], [-56.8297045, -27.4676133], [-56.8296012, -27.4676597], [-56.829502, -27.4677025], [-56.8294108, -27.4677691], [-56.829325, -27.4678358], [-56.8292499, -27.4679072], [-56.8293411, -27.4678643], [-56.8294323, -27.4678167], [-56.8295234, -27.4677739], [-56.8296307, -27.4677358], [-56.8297434, -27.4677073], [-56.8297756, -27.4676454], [-56.8298668, -27.4675788], [-56.829958, -27.4675264], [-56.8300492, -27.4674645], [-56.8301457, -27.4674169], [-56.8302637, -27.4673741], [-56.8303603, -27.4673217], [-56.8304837, -27.4672789], [-56.8305695, -27.4672123], [-56.8306607, -27.4671647], [-56.8307036, -27.4670885], [-56.8307841, -27.4670314], [-56.8309236, -27.4669552], [-56.8310255, -27.4669124], [-56.8311006, -27.466841], [-56.8312025, -27.4667982], [-56.8313098, -27.466741], [-56.8313849, -27.4666696], [-56.8314493, -27.4665887], [-56.8315083, -27.4665078], [-56.8315458, -27.4664174]]]}, "properties": {"osm_id": "623858591", "code": 4141, "fclass": "beach", "name": ""}}, {"type": "Feature", "geometry": {"type": "Polygon", "coordinates": [[[-56.9780548, -27.4985743], [-56.9780548, -27.4985505], [-56.9780347, -27.498535], [-56.9780092, -27.4985434], [-56.9779904, -27.49856], [-56.977969, -27.4985767], [-56.9779462, -27.4985945], [-56.9779247, -27.4986112], [-56.9779032, -27.4986255], [-56.9778831, -27.4986421], [-56.9778603, -27.4986564], [-56.9778389, -27.4986719], [-56.9778147, -27.4986861], [-56.9777946, -27.4987016], [-56.9777732, -27.4987159], [-56.977753, -27.4987313], [-56.9777329, -27.4987468], [-56.9777128, -27.4987646], [-56.9776954, -27.4987825], [-56.9776846, -27.4988027], [-56.9776699, -27.4988241], [-56.9776551, -27.4988432], [-56.9776377, -27.498861], [-56.9776216, -27.49888], [-56.9776042, -27.4988991], [-56.9775867, -27.4989193], [-56.977568, -27.4989359], [-56.9775465, -27.4989514], [-56.9775251, -27.4989657], [-56.9775036, -27.4989788], [-56.9774808, -27.4989942], [-56.9774593, -27.4990121], [-56.9774392, -27.4990287], [-56.9774178, -27.4990442], [-56.9773963, -27.4990597], [-56.9773762, -27.4990763], [-56.9773547, -27.499093], [-56.977336, -27.4991096], [-56.9773158, -27.4991251], [-56.9772971, -27.4991429], [-56.977285, -27.4991643], [-56.9772944, -27.4991739], [-56.9773185, -27.4991667], [-56.977344, -27.4991548], [-56.9773668, -27.4991405], [-56.9773909, -27.4991251], [-56.9774097, -27.499112], [-56.9774379, -27.4991096], [-56.9774634, -27.4991025], [-56.9774915, -27.4990989], [-56.977517, -27.499093], [-56.9775438, -27.4990834], [-56.9775546, -27.4990739], [-56.97758, -27.499062], [-56.9776042, -27.4990501], [-56.9776189, -27.4990335], [-56.9776216, -27.4990085], [-56.9776216, -27.4989823], [-56.9776189, -27.498974], [-56.9776216, -27.4989502], [-56.9776444, -27.4989359], [-56.9776645, -27.4989169], [-56.9776833, -27.498905], [-56.9777034, -27.4988848], [-56.9777249, -27.4988693], [-56.9777477, -27.4988539], [-56.9777718, -27.4988408], [-56.9777946, -27.4988253], [-56.977804, -27.4988146], [-56.9778121, -27.4987896], [-56.9778201, -27.4987718], [-56.9778349, -27.4987492], [-56.9778536, -27.4987301], [-56.9778684, -27.4987087], [-56.9778764, -27.4986909], [-56.9778952, -27.4986707], [-56.9779167, -27.4986528], [-56.9779395, -27.4986362], [-56.9779596, -27.498629], [-56.9779877, -27.4986207], [-56.9780146, -27.4986112], [-56.9780387, -27.4985969], [-56.9780548, -27.4985743]]]}, "properties": {"osm_id": "624262856", "code": 4141, "fclass": "beach", "name": ""}}, {"type": "Feature", "geometry": {"type": "Polygon", "coordinates": [[[-56.9781446, -27.4993214], [-56.9781406, -27.4992928], [-56.9781098, -27.4992928], [-56.9780816, -27.4992928], [-56.9780508, -27.4992952], [-56.9780253, -27.4993], [-56.9779985, -27.4993059], [-56.9779569, -27.4993107], [-56.9779287, -27.4993154], [-56.9779019, -27.499319], [-56.9778764, -27.4993226], [-56.9778483, -27.4993297], [-56.9778214, -27.4993356], [-56.9777933, -27.4993416], [-56.9777665, -27.4993475], [-56.9777423, -27.4993571], [-56.9777168, -27.4993666], [-56.97769, -27.4993725], [-56.9776605, -27.4993749], [-56.9776337, -27.4993785], [-56.9776069, -27.4993832], [-56.9775814, -27.4993916], [-56.9775559, -27.4994023], [-56.9775304, -27.4994106], [-56.9775076, -27.4994213], [-56.9774513, -27.499426], [-56.9774272, -27.4994391], [-56.9774017, -27.4994487], [-56.9773762, -27.4994582], [-56.9773521, -27.4994665], [-56.9773279, -27.4994772], [-56.9773038, -27.4994879], [-56.977279, -27.4995111], [-56.9772662, -27.4995188], [-56.9772595, -27.4995331], [-56.9772796, -27.499551], [-56.9772944, -27.4995736], [-56.9773065, -27.4995973], [-56.9773172, -27.4996211], [-56.9773279, -27.4996437], [-56.9773467, -27.4996628], [-56.9773668, -27.4996806], [-56.9773896, -27.4996961], [-56.9774178, -27.4997056], [-56.9774446, -27.4997127], [-56.9774728, -27.4997139], [-56.9775023, -27.4997104], [-56.9775277, -27.499702], [-56.9775254, -27.4997318], [-56.9775948, -27.499683], [-56.9776109, -27.4996354], [-56.9776484, -27.499595], [-56.9777021, -27.4995759], [-56.977753, -27.4995474], [-56.9778013, -27.4995141], [-56.9778416, -27.4994784], [-56.9778872, -27.4994475], [-56.9779408, -27.4994403], [-56.9779971, -27.4994522], [-56.9780508, -27.499426], [-56.9780964, -27.4993951], [-56.9781286, -27.4993737], [-56.9781446, -27.4993214]]]}, "properties": {"osm_id": "624262859", "code": 4141, "fclass": "beach", "name": ""}}, {"type": "Feature", "geometry": {"type": "Polygon", "coordinates": [[[-57.089746, -27.4896092], [-57.0897192, -27.4896044], [-57.0896937, -27.4896021], [-57.0896669, -27.4895985], [-57.0896441, -27.4895949], [-57.0896173, -27.4895878], [-57.0895904, -27.4895818], [-57.0895636, -27.4895759], [-57.0895422, -27.4895664], [-57.0895167, -27.489564], [-57.0894898, -27.4895604], [-57.089463, -27.489558], [-57.0894349, -27.4895568], [-57.0894094, -27.4895533], [-57.0893826, -27.4895497], [-57.0893557, -27.4895497], [-57.0893222, -27.4895473], [-57.0892967, -27.4895473], [-57.0892699, -27.4895473], [-57.0892431, -27.4895473], [-57.0892096, -27.4895473], [-57.0891841, -27.4895473], [-57.0891573, -27.4895557], [-57.0891331, -27.489564], [-57.0891023, -27.4895664], [-57.0890781, -27.4895735], [-57.0890553, -27.4895842], [-57.0890312, -27.4895985], [-57.0890003, -27.4896092], [-57.0889762, -27.4896175], [-57.0889521, -27.4896276], [-57.0889306, -27.4896407], [-57.0888984, -27.489652], [-57.0888756, -27.4896693], [-57.0888495, -27.48968], [-57.088832, -27.4896925], [-57.0888072, -27.4897091], [-57.0887938, -27.4897109], [-57.0887804, -27.4897151], [-57.0887663, -27.4897169], [-57.0887522, -27.4897192], [-57.0887388, -27.4897222], [-57.0887254, -27.4897246], [-57.0887127, -27.489727], [-57.0887053, -27.4897282], [-57.0886926, -27.4897252], [-57.0886792, -27.4897234], [-57.0886664, -27.4897216], [-57.0886537, -27.4897192], [-57.0886409, -27.4897169], [-57.0886282, -27.4897145], [-57.0886154, -27.4897127], [-57.0886042, -27.4897105], [-57.088598, -27.4897091], [-57.0885858, -27.4897088], [-57.088572, -27.4897085], [-57.0885585, -27.4897067], [-57.088545, -27.4897056], [-57.0885316, -27.4897056], [-57.0885182, -27.4897056], [-57.0885048, -27.489705], [-57.0884907, -27.4897044], [-57.08848, -27.4897102], [-57.0884679, -27.4897157], [-57.0884564, -27.4897213], [-57.0884445, -27.4897279], [-57.0884324, -27.4897329], [-57.0884196, -27.4897398], [-57.0884074, -27.4897448], [-57.0883942, -27.489752], [-57.0883821, -27.4897555], [-57.0883707, -27.4897572], [-57.0883573, -27.48976], [-57.0883427, -27.4897619], [-57.0883295, -27.4897649], [-57.0883181, -27.4897664], [-57.0883075, -27.489768], [-57.0882974, -27.4897698], [-57.0882869, -27.489771], [-57.0883025, -27.4897716], [-57.0883167, -27.4897731], [-57.0883305, -27.4897732], [-57.0883452, -27.4897746], [-57.08836, -27.4897746], [-57.088374, -27.489774], [-57.0883881, -27.489774], [-57.0884049, -27.489774], [-57.088421, -27.4897734], [-57.0884357, -27.4897722], [-57.0884505, -27.4897722], [-57.0884652, -27.4897746], [-57.0884793, -27.4897775], [-57.0884934, -27.4897775], [-57.0885075, -27.4897775], [-57.0885122, -27.4897805], [-57.0885269, -27.4897793], [-57.088542, -27.4897766], [-57.0885531, -27.4897775], [-57.0885662, -27.4897757], [-57.0885799, -27.489774], [-57.0885933, -27.4897734], [-57.0886087, -27.4897731], [-57.0886208, -27.4897707], [-57.0886359, -27.4897695], [-57.0886513, -27.4897683], [-57.0886698, -27.4897662], [-57.0886838, -27.4897639], [-57.0886973, -27.489763], [-57.088712, -27.4897621], [-57.088716, -27.4897615], [-57.0887308, -27.4897615], [-57.0887449, -27.4897615], [-57.0887583, -27.4897597], [-57.0887724, -27.4897585], [-57.0887864, -27.4897567], [-57.0887998, -27.4897526], [-57.0888099, -27.489752], [-57.0888367, -27.4897531], [-57.0888636, -27.4897508], [-57.0888917, -27.4897472], [-57.0889212, -27.4897412], [-57.0889507, -27.4897329], [-57.0889782, -27.4897249], [-57.0890047, -27.4897201], [-57.0890352, -27.4897151], [-57.0890634, -27.4897115], [-57.0890929, -27.4897067], [-57.0891224, -27.489702], [-57.0891492, -27.4897008], [-57.0891801, -27.4896949], [-57.0892022, -27.4896889], [-57.0892324, -27.4896865], [-57.0892605, -27.4896782], [-57.08929, -27.4896687], [-57.0893155, -27.4896592], [-57.0893396, -27.4896449], [-57.0893665, -27.4896377], [-57.0893933, -27.4896342], [-57.0894228, -27.489627], [-57.089451, -27.4896199], [-57.0894791, -27.4896199], [-57.0895073, -27.4896235], [-57.0895341, -27.4896258], [-57.0895623, -27.4896294], [-57.0895904, -27.489633], [-57.0896213, -27.489633], [-57.0896468, -27.4896241], [-57.0896675, -27.4896205], [-57.0896907, -27.4896175], [-57.0897148, -27.4896128], [-57.089746, -27.4896092]]]}, "properties": {"osm_id": "624714257", "code": 4141, "fclass": "beach", "name": ""}}, {"type": "Feature", "geometry": {"type": "Polygon", "coordinates": [[[-57.1021657, -27.4917041], [-57.1021366, -27.4917096], [-57.1021151, -27.4917126], [-57.1020856, -27.4917167], [-57.1020575, -27.4917191], [-57.1020293, -27.4917215], [-57.1020025, -27.491725], [-57.1019757, -27.4917286], [-57.1019596, -27.4917417], [-57.1019341, -27.4917512], [-57.1019073, -27.491756], [-57.1018778, -27.491756], [-57.1018496, -27.491756], [-57.1018201, -27.4917595], [-57.1017946, -27.4917618], [-57.1017665, -27.4917643], [-57.1017472, -27.4917661], [-57.1017155, -27.491769], [-57.1016632, -27.4917797], [-57.1016082, -27.4917881], [-57.1015465, -27.4917881], [-57.1014902, -27.4917869], [-57.101442, -27.4917821], [-57.101411, -27.4917778], [-57.1013829, -27.4917738], [-57.1013588, -27.4917738], [-57.1013293, -27.4917738], [-57.1013035, -27.4917726], [-57.1012756, -27.4917714], [-57.1012525, -27.4917693], [-57.1012247, -27.4917667], [-57.101203, -27.4917636], [-57.1011737, -27.4917595], [-57.101149, -27.4917572], [-57.1011227, -27.4917548], [-57.1010973, -27.4917525], [-57.1010691, -27.49175], [-57.1010475, -27.491747], [-57.1010181, -27.4917429], [-57.1010046, -27.4917384], [-57.1009819, -27.491725], [-57.1009517, -27.4917149], [-57.1009309, -27.4917054], [-57.1009082, -27.4917024], [-57.1008801, -27.4916975], [-57.1008637, -27.4916947], [-57.1008411, -27.4916936], [-57.1008212, -27.4916923], [-57.1007948, -27.4916894], [-57.1007436, -27.4916813], [-57.1007846, -27.4917304], [-57.1008101, -27.4917399], [-57.1008356, -27.4917482], [-57.1008624, -27.4917554], [-57.1008866, -27.4917637], [-57.1009107, -27.4917756], [-57.1009335, -27.4917911], [-57.1009402, -27.491816], [-57.1009268, -27.4918398], [-57.100904, -27.4918541], [-57.1008798, -27.4918696], [-57.1008772, -27.4918934], [-57.1009026, -27.4919017], [-57.1009281, -27.4919029], [-57.1009536, -27.4918946], [-57.1009777, -27.4918803], [-57.1010005, -27.4918684], [-57.101022, -27.4918565], [-57.1010448, -27.491841], [-57.1010649, -27.4918244], [-57.1010824, -27.4918077], [-57.1011051, -27.4918025], [-57.1011293, -27.491797], [-57.1011588, -27.491797], [-57.101187, -27.491797], [-57.1012124, -27.4917982], [-57.1012379, -27.4918041], [-57.1012647, -27.4918125], [-57.101293, -27.4918254], [-57.1013197, -27.4918375], [-57.1013425, -27.4918493], [-57.1013667, -27.4918624], [-57.1013922, -27.491872], [-57.101419, -27.4918767], [-57.1014471, -27.4918767], [-57.1014726, -27.4918731], [-57.1014914, -27.4918565], [-57.1015075, -27.4918363], [-57.1015236, -27.4918148], [-57.1015477, -27.4918077], [-57.1015732, -27.4918077], [-57.1016, -27.4918077], [-57.1016255, -27.4918053], [-57.1016523, -27.4918041], [-57.1016778, -27.4918018], [-57.101706, -27.4918006], [-57.1017341, -27.4918006], [-57.1017596, -27.4918006], [-57.1017851, -27.4918006], [-57.1018106, -27.4918006], [-57.1018374, -27.4918053], [-57.1018642, -27.4918053], [-57.101891, -27.491803], [-57.1019165, -27.4917958], [-57.101942, -27.4917887], [-57.1019675, -27.4917815], [-57.1019956, -27.4917744], [-57.1020238, -27.4917637], [-57.1020667, -27.4917566], [-57.1021657, -27.4917041]]]}, "properties": {"osm_id": "624715748", "code": 4141, "fclass": "beach", "name": ""}}, {"type": "Feature", "geometry": {"type": "Polygon", "coordinates": [[[-57.1010154, -27.4925637], [-57.1009898, -27.4925501], [-57.1009643, -27.4925479], [-57.1009335, -27.4925453], [-57.1009106, -27.4925378], [-57.1008825, -27.4925286], [-57.1008605, -27.4925152], [-57.1008396, -27.4925025], [-57.1008153, -27.4924921], [-57.1007916, -27.4924819], [-57.1007672, -27.4924715], [-57.1007416, -27.4924693], [-57.1007136, -27.4924668], [-57.1006881, -27.4924668], [-57.1006545, -27.4924668], [-57.1006277, -27.4924668], [-57.1005982, -27.4924668], [-57.100573, -27.4924679], [-57.1005446, -27.4924692], [-57.1005226, -27.4924789], [-57.1004963, -27.4924906], [-57.1004704, -27.4924954], [-57.1004453, -27.4925001], [-57.1004185, -27.4925001], [-57.1003917, -27.4925001], [-57.1003661, -27.4924977], [-57.1003407, -27.4924953], [-57.1003151, -27.4924941], [-57.1002898, -27.492493], [-57.1002656, -27.4924851], [-57.1002388, -27.4924763], [-57.1002163, -27.4924634], [-57.1001932, -27.4924501], [-57.1001704, -27.4924359], [-57.1001476, -27.4924216], [-57.1001301, -27.4924024], [-57.1001127, -27.4923835], [-57.1001171, -27.4923563], [-57.1001208, -27.4923335], [-57.1001497, -27.4923258], [-57.1001744, -27.4923193], [-57.1002045, -27.4923142], [-57.1002308, -27.4923097], [-57.1002577, -27.492299], [-57.1002844, -27.4922883], [-57.1003115, -27.4922787], [-57.100338, -27.4922693], [-57.1003648, -27.4922574], [-57.1003863, -27.4922479], [-57.1003864, -27.4922452], [-57.1003867, -27.49224], [-57.100387, -27.4922343], [-57.1003877, -27.4922275], [-57.1003877, -27.4922217], [-57.1003872, -27.4922184], [-57.1003863, -27.4922128], [-57.1003709, -27.4922128], [-57.1003561, -27.4922116], [-57.1003421, -27.4922051], [-57.1003297, -27.4922039], [-57.1003172, -27.4922096], [-57.1003095, -27.4922162], [-57.1003059, -27.4922193], [-57.1002902, -27.4922368], [-57.1002737, -27.492255], [-57.1002453, -27.4922656], [-57.1002227, -27.4922741], [-57.1001983, -27.4922825], [-57.1001744, -27.4922907], [-57.1001505, -27.4922992], [-57.1001208, -27.4923097], [-57.1000957, -27.4923179], [-57.1000698, -27.4923264], [-57.100047, -27.4923383], [-57.1000242, -27.4923502], [-57.1000061, -27.4923674], [-57.0999867, -27.4923859], [-57.0999728, -27.492405], [-57.0999572, -27.4924263], [-57.099931, -27.49243], [-57.0999062, -27.4924335], [-57.0998801, -27.4924298], [-57.0998552, -27.4924263], [-57.0998307, -27.4924135], [-57.0998096, -27.4924025], [-57.0997865, -27.4923911], [-57.0997614, -27.4923787], [-57.0997359, -27.4923697], [-57.0997077, -27.4923597], [-57.0996847, -27.4923543], [-57.0996568, -27.4923478], [-57.0996331, -27.4923361], [-57.0996085, -27.492324], [-57.0995914, -27.4923042], [-57.0995736, -27.4922836], [-57.0995484, -27.4922724], [-57.0995253, -27.4922622], [-57.0995023, -27.4922612], [-57.0994717, -27.4922598], [-57.0994449, -27.4922586], [-57.0994194, -27.4922634], [-57.0994113, -27.492286], [-57.0994154, -27.4923097], [-57.0994154, -27.4923335], [-57.0994088, -27.4923472], [-57.099449, -27.4923627], [-57.0994796, -27.4923755], [-57.0994973, -27.4923948], [-57.0995237, -27.4924018], [-57.099551, -27.4924091], [-57.0995788, -27.4924066], [-57.0996046, -27.4924043], [-57.0996328, -27.4924043], [-57.0996609, -27.4924043], [-57.0996891, -27.4924103], [-57.0997159, -27.4924138], [-57.099729, -27.4924166], [-57.0997418, -27.4924236], [-57.0997505, -27.4924305], [-57.0997698, -27.4924406], [-57.099788, -27.4924475], [-57.0998286, -27.4924615], [-57.0998556, -27.4924801], [-57.0998675, -27.49249], [-57.0998946, -27.4924976], [-57.0999184, -27.4925043], [-57.0999464, -27.4925031], [-57.0999721, -27.4925019], [-57.100002, -27.4925032], [-57.1000257, -27.4925043], [-57.1000607, -27.4925179], [-57.1000839, -27.4925242], [-57.1001102, -27.4925314], [-57.100133, -27.4925376], [-57.1001641, -27.4925462], [-57.100184, -27.4925518], [-57.1002182, -27.4925566], [-57.1002349, -27.492559], [-57.1002644, -27.492559], [-57.1002912, -27.492559], [-57.1003218, -27.4925563], [-57.1003449, -27.4925542], [-57.1003724, -27.4925504], [-57.1003959, -27.4925471], [-57.1004232, -27.4925434], [-57.1004495, -27.4925399], [-57.1004784, -27.4925348], [-57.1005031, -27.4925304], [-57.1005313, -27.4925304], [-57.1005595, -27.4925304], [-57.1005869, -27.4925329], [-57.1006131, -27.4925352], [-57.1006411, -27.4925391], [-57.1006641, -27.4925423], [-57.100698, -27.4925452], [-57.1007204, -27.4925471], [-57.1007498, -27.4925512], [-57.1007714, -27.4925542], [-57.1007997, -27.4925582], [-57.1008223, -27.4925614], [-57.1008503, -27.4925625], [-57.1008787, -27.4925637], [-57.1009068, -27.4925637], [-57.1009323, -27.4925637], [-57.1009605, -27.4925637], [-57.1009886, -27.4925637], [-57.1010154, -27.4925637]]]}, "properties": {"osm_id": "624717687", "code": 4141, "fclass": "beach", "name": ""}}, {"type": "Feature", "geometry": {"type": "Polygon", "coordinates": [[[-57.0989138, -27.4921825], [-57.0989102, -27.4921718], [-57.0989045, -27.4921671], [-57.0988897, -27.4921622], [-57.0988799, -27.4921604], [-57.0988668, -27.4921579], [-57.0988526, -27.4921553], [-57.0988387, -27.4921527], [-57.0988298, -27.4921496], [-57.0988169, -27.4921452], [-57.0988046, -27.492141], [-57.0987904, -27.4921361], [-57.0987795, -27.492125], [-57.0987722, -27.4921176], [-57.098762, -27.4921072], [-57.0987542, -27.4921031], [-57.0987478, -27.4920986], [-57.0987359, -27.4920903], [-57.0987249, -27.4920826], [-57.0987139, -27.4920749], [-57.0987026, -27.4920671], [-57.098697, -27.492054], [-57.0986921, -27.4920425], [-57.0986874, -27.4920362], [-57.0986796, -27.492033], [-57.0986667, -27.4920278], [-57.0986523, -27.4920254], [-57.0986382, -27.4920278], [-57.0986255, -27.4920337], [-57.0986134, -27.4920403], [-57.0986042, -27.4920499], [-57.0985939, -27.4920569], [-57.098586, -27.4920579], [-57.0985727, -27.4920566], [-57.0985609, -27.4920538], [-57.0985466, -27.4920519], [-57.0985344, -27.4920499], [-57.0985205, -27.4920477], [-57.0985069, -27.4920456], [-57.0984927, -27.4920433], [-57.0984797, -27.4920384], [-57.0984676, -27.4920339], [-57.0984549, -27.4920291], [-57.0984417, -27.4920242], [-57.0984323, -27.4920201], [-57.0984198, -27.4920145], [-57.0984072, -27.4920089], [-57.0983934, -27.4920028], [-57.098386, -27.4919993], [-57.0983758, -27.4919946], [-57.0983648, -27.4919894], [-57.0983537, -27.4919845], [-57.0983425, -27.491979], [-57.0983303, -27.4919724], [-57.098316, -27.4919647], [-57.0983071, -27.491959], [-57.0983014, -27.4919553], [-57.0982982, -27.4919533], [-57.0982867, -27.4919458], [-57.0982754, -27.4919386], [-57.0982635, -27.4919342], [-57.0982503, -27.4919292], [-57.0982376, -27.4919244], [-57.0982245, -27.4919195], [-57.0982159, -27.4919155], [-57.0982027, -27.4919093], [-57.0981914, -27.491904], [-57.0981804, -27.4919033], [-57.0981785, -27.491883], [-57.0981768, -27.4918713], [-57.0981751, -27.4918595], [-57.0981735, -27.4918482], [-57.0981707, -27.4918358], [-57.098168, -27.4918237], [-57.0981653, -27.4918117], [-57.0981628, -27.4918006], [-57.098157, -27.4917904], [-57.098151, -27.4917797], [-57.0981448, -27.4917687], [-57.0981386, -27.4917577], [-57.0981309, -27.491748], [-57.098123, -27.4917381], [-57.0981148, -27.4917279], [-57.0981064, -27.4917173], [-57.0980982, -27.4917135], [-57.0980861, -27.4917078], [-57.098073, -27.4917016], [-57.0980608, -27.4916959], [-57.0980499, -27.4916875], [-57.0980393, -27.4916792], [-57.0980283, -27.4916706], [-57.0980206, -27.4916638], [-57.0980191, -27.4916583], [-57.0980162, -27.4916469], [-57.098013, -27.4916348], [-57.0980101, -27.4916237], [-57.0980072, -27.4916126], [-57.0980048, -27.4916056], [-57.0980023, -27.4916218], [-57.0980004, -27.4916343], [-57.0979986, -27.4916459], [-57.0979986, -27.491659], [-57.0979982, -27.4916721], [-57.0979964, -27.4916821], [-57.0979935, -27.4916872], [-57.0979819, -27.4916952], [-57.0979768, -27.4916988], [-57.0979727, -27.4917011], [-57.0979582, -27.4917066], [-57.0979423, -27.4917125], [-57.0979401, -27.4917159], [-57.0979338, -27.4917256], [-57.0979275, -27.4917351], [-57.0979255, -27.4917476], [-57.0979262, -27.4917595], [-57.0979275, -27.4917674], [-57.0979295, -27.4917796], [-57.0979316, -27.4917922], [-57.0979364, -27.4918046], [-57.097941, -27.4918166], [-57.0979461, -27.4918213], [-57.0979544, -27.4918291], [-57.0979597, -27.49183], [-57.0979725, -27.4918321], [-57.0979765, -27.4918327], [-57.0979899, -27.491838], [-57.0979933, -27.4918392], [-57.0980032, -27.4918382], [-57.0980161, -27.4918363], [-57.0980231, -27.4918364], [-57.0980355, -27.4918369], [-57.0980508, -27.4918376], [-57.0980583, -27.4918374], [-57.0980652, -27.4918398], [-57.0980736, -27.4918485], [-57.0980838, -27.4918577], [-57.0980938, -27.491866], [-57.0981046, -27.4918743], [-57.0981153, -27.4918833], [-57.098124, -27.4918928], [-57.098126, -27.4919041], [-57.0981287, -27.491916], [-57.0981354, -27.4919267], [-57.0981415, -27.491938], [-57.0981468, -27.4919493], [-57.0981542, -27.49196], [-57.0981629, -27.4919701], [-57.0981689, -27.4919808], [-57.098173, -27.4919921], [-57.098177, -27.492004], [-57.0981803, -27.4920159], [-57.0981817, -27.492029], [-57.0981837, -27.4920409], [-57.0981877, -27.4920528], [-57.0981958, -27.4920629], [-57.0982025, -27.4920736], [-57.0982095, -27.4920794], [-57.0982235, -27.4920806], [-57.0982381, -27.4920819], [-57.0982525, -27.4920832], [-57.098266, -27.4920844], [-57.0982789, -27.4920855], [-57.0982922, -27.4920851], [-57.0983057, -27.4920846], [-57.0983198, -27.4920842], [-57.0983333, -27.4920838], [-57.0983474, -27.4920833], [-57.0983533, -27.4920831], [-57.0983681, -27.4920831], [-57.0983829, -27.4920831], [-57.0983969, -27.4920831], [-57.0984117, -27.4920831], [-57.0984231, -27.4920831], [-57.098438, -27.492081], [-57.0984801, -27.4920742], [-57.0984933, -27.4920753], [-57.0985066, -27.4920806], [-57.0985192, -27.4920856], [-57.0985315, -27.4920904], [-57.0985439, -27.4920953], [-57.0985568, -27.4921004], [-57.0985694, -27.4921054], [-57.098582, -27.4921103], [-57.0985941, -27.4921151], [-57.098607, -27.4921202], [-57.0986197, -27.4921252], [-57.0986322, -27.4921301], [-57.0986451, -27.4921352], [-57.0986572, -27.4921399], [-57.0986699, -27.4921449], [-57.0986819, -27.4921497], [-57.0986938, -27.4921527], [-57.0987062, -27.4921558], [-57.0987198, -27.4921593], [-57.0987327, -27.4921626], [-57.0987461, -27.492166], [-57.0987598, -27.4921695], [-57.0987731, -27.4921728], [-57.0987835, -27.4921754], [-57.0987976, -27.492179], [-57.0988105, -27.4921823], [-57.0988227, -27.4921854], [-57.0988362, -27.4921888], [-57.0988496, -27.4921922], [-57.0988624, -27.4921954], [-57.098876, -27.4921989], [-57.0988915, -27.4922028], [-57.0989072, -27.4922068], [-57.098911, -27.4921956], [-57.0989138, -27.4921825]]]}, "properties": {"osm_id": "624723347", "code": 4141, "fclass": "beach", "name": ""}}, {"type": "Feature", "geometry": {"type": "Polygon", "coordinates": [[[-57.0988422, -27.4915177], [-57.0988014, -27.4914968], [-57.0987745, -27.4914979], [-57.0987476, -27.491499], [-57.0987181, -27.4915002], [-57.0986887, -27.4915014], [-57.0986605, -27.4915025], [-57.0986295, -27.4915051], [-57.0986027, -27.4915074], [-57.0985759, -27.4915097], [-57.0985477, -27.4915121], [-57.0985196, -27.4915145], [-57.0984929, -27.4915167], [-57.0984646, -27.4915191], [-57.0984352, -27.4915216], [-57.0984166, -27.4915233], [-57.0983906, -27.4915256], [-57.0983629, -27.491528], [-57.098333, -27.4915307], [-57.0983057, -27.4915331], [-57.0982756, -27.4915357], [-57.0982495, -27.491538], [-57.0982206, -27.4915406], [-57.0981966, -27.491547], [-57.098171, -27.4915538], [-57.0981426, -27.4915614], [-57.0981198, -27.4915674], [-57.0981117, -27.4915696], [-57.0981034, -27.4915708], [-57.0981121, -27.4915744], [-57.0981197, -27.4915775], [-57.098149, -27.4915878], [-57.0981799, -27.4915959], [-57.0982097, -27.4915968], [-57.0982339, -27.4915918], [-57.098266, -27.4915875], [-57.0982915, -27.4915841], [-57.0983224, -27.4915817], [-57.0983451, -27.4915823], [-57.0983615, -27.4915804], [-57.0983868, -27.4915775], [-57.0984122, -27.4915745], [-57.0984205, -27.4915735], [-57.0984458, -27.4915705], [-57.0984712, -27.4915674], [-57.0984797, -27.491565], [-57.098506, -27.4915576], [-57.0985302, -27.4915507], [-57.0985598, -27.4915495], [-57.0985866, -27.4915484], [-57.0986202, -27.4915457], [-57.0986456, -27.4915436], [-57.0986567, -27.4915403], [-57.0986778, -27.4915341], [-57.0987019, -27.4915269], [-57.0987295, -27.4915183], [-57.0987612, -27.4915177], [-57.098803, -27.491519], [-57.0988422, -27.4915177]]]}, "properties": {"osm_id": "624723348", "code": 4141, "fclass": "beach", "name": ""}}, {"type": "Feature", "geometry": {"type": "Polygon", "coordinates": [[[-57.1087442, -27.4923318], [-57.1087166, -27.4923139], [-57.1087018, -27.4923169], [-57.1086925, -27.4923216], [-57.1086811, -27.4923288], [-57.1086703, -27.4923306], [-57.1086562, -27.4923401], [-57.1086415, -27.4923442], [-57.1086328, -27.4923472], [-57.108622, -27.4923472], [-57.108608, -27.4923496], [-57.1085972, -27.4923526], [-57.1085872, -27.4923526], [-57.1085778, -27.4923544], [-57.108555, -27.4923478], [-57.1085436, -27.4923431], [-57.1085308, -27.4923431], [-57.1085074, -27.4923442], [-57.1084953, -27.4923466], [-57.1084846, -27.4923502], [-57.1084745, -27.4923556], [-57.1084638, -27.492355], [-57.1084544, -27.4923538], [-57.1084417, -27.4923579], [-57.1084336, -27.4923597], [-57.1084296, -27.4923609], [-57.1084169, -27.4923614], [-57.1084078, -27.4923651], [-57.1083947, -27.4923703], [-57.1083838, -27.4923743], [-57.1083694, -27.4923767], [-57.1083548, -27.4923779], [-57.1083459, -27.4923801], [-57.1083324, -27.4923883], [-57.1083183, -27.4923936], [-57.1083082, -27.4924049], [-57.1082982, -27.4924115], [-57.1082868, -27.4924234], [-57.1082754, -27.4924323], [-57.1082653, -27.4924412], [-57.1082559, -27.4924483], [-57.1082459, -27.4924567], [-57.1082318, -27.4924698], [-57.1082204, -27.4924775], [-57.1082046, -27.4924817], [-57.1081919, -27.4924811], [-57.1081785, -27.492484], [-57.1081627, -27.4924817], [-57.1081453, -27.4924775], [-57.1081325, -27.4924828], [-57.1081131, -27.492487], [-57.1081057, -27.4924894], [-57.1080977, -27.4924941], [-57.1080863, -27.4924953], [-57.1080762, -27.4925025], [-57.1080534, -27.4926131], [-57.1080963, -27.4925971], [-57.1081225, -27.4925667], [-57.1081272, -27.4925489], [-57.1081278, -27.4925352], [-57.1081354, -27.4925251], [-57.1081541, -27.4925209], [-57.1081743, -27.4925215], [-57.1081843, -27.4925179], [-57.1081977, -27.4925132], [-57.1082105, -27.4925096], [-57.1082219, -27.492506], [-57.1082306, -27.4925037], [-57.1082433, -27.4925031], [-57.1082641, -27.4924983], [-57.1082862, -27.4924918], [-57.108299, -27.4924846], [-57.1083104, -27.4924763], [-57.1083238, -27.4924692], [-57.1083379, -27.4924638], [-57.1083419, -27.4924567], [-57.1083566, -27.4924436], [-57.1083694, -27.4924335], [-57.1083828, -27.4924228], [-57.1084009, -27.4924109], [-57.108419, -27.4924043], [-57.1084338, -27.4923978], [-57.1084465, -27.4923936], [-57.1084666, -27.4923918], [-57.108476, -27.4923859], [-57.1084901, -27.4923829], [-57.1085102, -27.4923853], [-57.108529, -27.4923859], [-57.1085431, -27.4923853], [-57.1085598, -27.4923853], [-57.1085712, -27.4923823], [-57.10859, -27.4923823], [-57.1085987, -27.4923829], [-57.1086141, -27.4923799], [-57.1086329, -27.4923781], [-57.108651, -27.4923752], [-57.1086678, -27.4923686], [-57.1086825, -27.4923663], [-57.1086939, -27.492355], [-57.108706, -27.4923425], [-57.1087255, -27.4923323], [-57.1087442, -27.4923318]]]}, "properties": {"osm_id": "624723349", "code": 4141, "fclass": "beach", "name": ""}}, {"type": "Feature", "geometry": {"type": "Polygon", "coordinates": [[[-57.1003154, -27.4916548], [-57.1002591, -27.4916548], [-57.1000553, -27.4916381], [-57.0999419, -27.4916162], [-57.0998353, -27.4915745], [-57.0997936, -27.491546], [-57.0998016, -27.4915603], [-57.0998232, -27.4915771], [-57.0998378, -27.4915924], [-57.0998484, -27.491616], [-57.0998512, -27.4916328], [-57.099862, -27.491665], [-57.0998673, -27.4916876], [-57.0998693, -27.4917042], [-57.0998773, -27.4917252], [-57.0998767, -27.4917411], [-57.0998976, -27.4917584], [-57.0999169, -27.4917744], [-57.0999434, -27.4917826], [-57.0999706, -27.4917911], [-57.0999988, -27.4917935], [-57.1000269, -27.4917958], [-57.1000533, -27.4918025], [-57.1000832, -27.4918101], [-57.1001115, -27.4918123], [-57.1001349, -27.491814], [-57.1001449, -27.4918148], [-57.1001725, -27.4918113], [-57.1002013, -27.4918077], [-57.1002289, -27.4918053], [-57.1002549, -27.491803], [-57.1002881, -27.4918016], [-57.1002871, -27.4917839], [-57.1002658, -27.4917698], [-57.1002442, -27.4917554], [-57.1002468, -27.4917317], [-57.1002495, -27.4917078], [-57.100271, -27.4916899], [-57.1002924, -27.4916721], [-57.1003154, -27.4916548]]]}, "properties": {"osm_id": "624725050", "code": 4141, "fclass": "beach", "name": ""}}, {"type": "Feature", "geometry": {"type": "Polygon", "coordinates": [[[-57.1179843, -27.4795154], [-57.1179307, -27.4795154], [-57.1178797, -27.4794964], [-57.1178314, -27.4794702], [-57.1177804, -27.4794536], [-57.1177268, -27.4794488], [-57.1176705, -27.4794488], [-57.1176115, -27.4794488], [-57.1175578, -27.4794488], [-57.1175069, -27.4794559], [-57.1174559, -27.4794702], [-57.1174049, -27.479494], [-57.1173674, -27.4795297], [-57.1174103, -27.4795606], [-57.1174639, -27.4795749], [-57.1175069, -27.4795868], [-57.1175632, -27.4795749], [-57.1176195, -27.4795678], [-57.1176463, -27.4795678], [-57.1177087, -27.4795577], [-57.1177563, -27.4795606], [-57.1177805, -27.479563], [-57.1178247, -27.4795344], [-57.1178676, -27.4795231], [-57.1179038, -27.4795249], [-57.1179843, -27.4795154]]]}, "properties": {"osm_id": "624725702", "code": 4141, "fclass": "beach", "name": ""}}, {"type": "Feature", "geometry": {"type": "Polygon", "coordinates": [[[-56.8663022, -27.5911552], [-56.8662977, -27.5911508], [-56.8662977, -27.591146], [-56.8662991, -27.591141], [-56.8663003, -27.5911367], [-56.8663017, -27.5911307], [-56.8663014, -27.5911242], [-56.8663004, -27.5911179], [-56.8662985, -27.5911091], [-56.8662949, -27.5910995], [-56.8662912, -27.5910855], [-56.8662798, -27.591089], [-56.8662677, -27.5910849], [-56.8662537, -27.5910807], [-56.8662456, -27.5910688], [-56.8662348, -27.5910718], [-56.8662208, -27.5910747], [-56.8662067, -27.5910759], [-56.8661926, -27.5910759], [-56.8661785, -27.5910753], [-56.8661646, -27.5910788], [-56.8661486, -27.5910795], [-56.866134, -27.5910796], [-56.8661215, -27.591078], [-56.8661188, -27.5910801], [-56.8661289, -27.5910819], [-56.866141, -27.5910819], [-56.8661537, -27.5910843], [-56.8661631, -27.5910926], [-56.8661658, -27.5911045], [-56.8661658, -27.5911169], [-56.8661685, -27.5911294], [-56.8661678, -27.5911419], [-56.8661631, -27.5911538], [-56.8661597, -27.5911663], [-56.8661644, -27.5911782], [-56.8661651, -27.5911906], [-56.8661638, -27.5912025], [-56.8661597, -27.591215], [-56.8661591, -27.5912263], [-56.866153, -27.5912388], [-56.8661584, -27.5912359], [-56.8661664, -27.5912321], [-56.8661785, -27.5912269], [-56.8661899, -27.5912215], [-56.866201, -27.591216], [-56.8662135, -27.5912094], [-56.8662255, -27.5912033], [-56.866237, -27.5911973], [-56.8662451, -27.5911929], [-56.8662508, -27.591189], [-56.8662591, -27.5911826], [-56.8662707, -27.5911741], [-56.8662843, -27.5911645], [-56.8662938, -27.5911582], [-56.8663022, -27.5911552]]]}, "properties": {"osm_id": "626252696", "code": 4141, "fclass": "beach", "name": ""}}, {"type": "Feature", "geometry": {"type": "Polygon", "coordinates": [[[-56.8256182, -27.4560549], [-56.8255967, -27.4560454], [-56.8255672, -27.4560406], [-56.8255444, -27.4560264], [-56.8255162, -27.456024], [-56.8254988, -27.4560168], [-56.8254679, -27.4560157], [-56.8254492, -27.4560347], [-56.8254411, -27.4560585], [-56.8254156, -27.4560716], [-56.8253928, -27.4560871], [-56.825366, -27.4560894], [-56.8253338, -27.4560894], [-56.8253057, -27.4560871], [-56.8252762, -27.4560823], [-56.8252426, -27.4560823], [-56.8252145, -27.4560823], [-56.8251877, -27.4560847], [-56.8251541, -27.4560847], [-56.8251233, -27.4560847], [-56.8250938, -27.4560859], [-56.8250683, -27.4560954], [-56.8250442, -27.4561109], [-56.8250187, -27.4561239], [-56.8249919, -27.4561335], [-56.8249664, -27.4561442], [-56.8249409, -27.4561573], [-56.8249154, -27.4561692], [-56.8248913, -27.4561823], [-56.8248658, -27.4561989], [-56.8248416, -27.456218], [-56.8248175, -27.4562346], [-56.8247893, -27.4562406], [-56.8247598, -27.4562346], [-56.8247317, -27.4562311], [-56.8247022, -27.4562311], [-56.824674, -27.4562322], [-56.8246499, -27.4562465], [-56.8246298, -27.4562691], [-56.8246137, -27.4562894], [-56.8245976, -27.4563108], [-56.8245761, -27.456331], [-56.824552, -27.4563453], [-56.8245305, -27.4563667], [-56.8245077, -27.4563881], [-56.8244822, -27.4563988], [-56.8244554, -27.4564072], [-56.8244272, -27.456406], [-56.8244018, -27.4563929], [-56.8243817, -27.456375], [-56.8243629, -27.4563548], [-56.8243441, -27.456337], [-56.82432, -27.4563251], [-56.8242931, -27.4563132], [-56.8242677, -27.4562965], [-56.8242449, -27.456281], [-56.8242314, -27.4562608], [-56.82421, -27.4562465], [-56.8241818, -27.4562465], [-56.8241577, -27.4562632], [-56.8241335, -27.4562775], [-56.8241107, -27.4562917], [-56.8240826, -27.4563096], [-56.8240584, -27.4563239], [-56.824033, -27.4563334], [-56.8240048, -27.4563298], [-56.8239766, -27.4563239], [-56.8239512, -27.4563132], [-56.8239203, -27.456312], [-56.8238935, -27.4563239], [-56.8238948, -27.4563453], [-56.8238935, -27.4563715], [-56.8238868, -27.4563953], [-56.8238868, -27.4564203], [-56.8239056, -27.4564369], [-56.8239391, -27.4564453], [-56.8239579, -27.4564631], [-56.823982, -27.4564548], [-56.8239954, -27.4564488], [-56.8240209, -27.4564393], [-56.8240437, -27.4564238], [-56.8240665, -27.4564119], [-56.8240866, -27.4563977], [-56.8241094, -27.4563834], [-56.8241335, -27.4563739], [-56.824159, -27.4563679], [-56.8241832, -27.4563572], [-56.824214, -27.456356], [-56.8242422, -27.4563524], [-56.8242717, -27.456356], [-56.8242972, -27.4563655], [-56.82432, -27.4563798], [-56.8243414, -27.4563953], [-56.8243696, -27.4564096], [-56.8243924, -27.4564215], [-56.8244071, -27.4564441], [-56.8244299, -27.4564572], [-56.8244447, -27.456475], [-56.8244661, -27.4564929], [-56.8244796, -27.4565167], [-56.8244916, -27.4565405], [-56.8245171, -27.4565488], [-56.8245412, -27.4565393], [-56.8245614, -27.4565238], [-56.8245694, -27.4565214], [-56.8245868, -27.4565036], [-56.8246043, -27.4564857], [-56.824623, -27.4564619], [-56.8246365, -27.4564429], [-56.8246432, -27.4564334], [-56.8246686, -27.4564], [-56.8246861, -27.4563762], [-56.8247062, -27.4563596], [-56.824725, -27.4563358], [-56.8247464, -27.4563215], [-56.8247545, -27.4563191], [-56.82478, -27.4563144], [-56.8248028, -27.4563025], [-56.8248162, -27.4563036], [-56.8248416, -27.4562953], [-56.8248671, -27.4562977], [-56.8248738, -27.4562917], [-56.8248993, -27.4562858], [-56.8249235, -27.4562787], [-56.8249516, -27.4562644], [-56.8249744, -27.4562549], [-56.8249999, -27.456243], [-56.8250227, -27.456231], [-56.8250442, -27.4562096], [-56.8250549, -27.4561882], [-56.8250656, -27.4561858], [-56.8250817, -27.4561644], [-56.8251005, -27.4561477], [-56.8251126, -27.4561454], [-56.825138, -27.4561382], [-56.8251649, -27.4561335], [-56.8251903, -27.4561299], [-56.8252172, -27.4561287], [-56.8252426, -27.4561239], [-56.8252695, -27.4561192], [-56.825303, -27.4561216], [-56.8253285, -27.4561192], [-56.825358, -27.4561204], [-56.8253848, -27.4561168], [-56.8254156, -27.4561132], [-56.8254411, -27.4561097], [-56.8254666, -27.4561001], [-56.8254948, -27.4561001], [-56.8255256, -27.4560906], [-56.8255511, -27.4560882], [-56.8255726, -27.4560752], [-56.8255954, -27.4560644], [-56.8256182, -27.4560549]]]}, "properties": {"osm_id": "626452487", "code": 4141, "fclass": "beach", "name": ""}}, {"type": "Feature", "geometry": {"type": "Polygon", "coordinates": [[[-56.8265422, -27.4550815], [-56.8265408, -27.45506], [-56.8265301, -27.4550386], [-56.8265033, -27.4550315], [-56.8264751, -27.4550374], [-56.8264496, -27.4550505], [-56.8264376, -27.4550493], [-56.8264161, -27.4550672], [-56.8264027, -27.4550922], [-56.8263987, -27.4551172], [-56.826396, -27.4551374], [-56.8263879, -27.4551624], [-56.8263745, -27.4551838], [-56.8263558, -27.4552052], [-56.8263491, -27.4552136], [-56.8263491, -27.4552302], [-56.826333, -27.4552516], [-56.8263222, -27.4552754], [-56.8262967, -27.4552909], [-56.8262807, -27.4553147], [-56.8262699, -27.4553385], [-56.8262632, -27.4553623], [-56.8262431, -27.4553814], [-56.8262284, -27.4554004], [-56.8262056, -27.4554171], [-56.8261921, -27.4554337], [-56.826168, -27.4554504], [-56.82616, -27.4554658], [-56.8261358, -27.4554825], [-56.826113, -27.4554992], [-56.8260889, -27.4555146], [-56.8260647, -27.4555265], [-56.8260366, -27.4555361], [-56.8260098, -27.455548], [-56.8259829, -27.4555599], [-56.8259621, -27.4555735], [-56.8259393, -27.4555866], [-56.8259186, -27.4556039], [-56.8258944, -27.4556217], [-56.825885, -27.4556271], [-56.8258642, -27.4556455], [-56.8258361, -27.4556634], [-56.8258099, -27.4556848], [-56.8257871, -27.4556961], [-56.825761, -27.4557128], [-56.8257375, -27.4557247], [-56.8257174, -27.4557419], [-56.8256966, -27.4557532], [-56.8256698, -27.455761], [-56.825645, -27.4557753], [-56.8256208, -27.4557836], [-56.825598, -27.4557931], [-56.8255699, -27.4558003], [-56.8255457, -27.455811], [-56.8255189, -27.4558217], [-56.825527, -27.4558241], [-56.8255524, -27.4558252], [-56.8255779, -27.4558241], [-56.8256114, -27.4558264], [-56.8256369, -27.4558241], [-56.8256423, -27.4558288], [-56.8256678, -27.4558324], [-56.8256933, -27.4558288], [-56.825716, -27.4558169], [-56.8257388, -27.4558026], [-56.8257684, -27.4557931], [-56.8257871, -27.4557765], [-56.8257952, -27.4557741], [-56.825818, -27.4557598], [-56.8258381, -27.4557455], [-56.8258663, -27.4557336], [-56.8258864, -27.4557193], [-56.8258958, -27.4557122], [-56.8259172, -27.4556967], [-56.8259373, -27.4556812], [-56.8259615, -27.4556693], [-56.8259843, -27.4556586], [-56.8260084, -27.4556467], [-56.8260312, -27.4556336], [-56.8260607, -27.4556206], [-56.8260822, -27.4556075], [-56.8260929, -27.4556003], [-56.826117, -27.4555896], [-56.8261439, -27.4555813], [-56.8261693, -27.455567], [-56.8261868, -27.4555503], [-56.8262002, -27.4555456], [-56.8262123, -27.4555242], [-56.8262377, -27.4555194], [-56.8262672, -27.4555015], [-56.82629, -27.4554896], [-56.8263075, -27.4554718], [-56.8263236, -27.4554504], [-56.826333, -27.4554468], [-56.8263423, -27.4554242], [-56.8263584, -27.4554052], [-56.8263678, -27.4553825], [-56.8263772, -27.4553599], [-56.8263812, -27.4553492], [-56.8263946, -27.455329], [-56.8264067, -27.4553076], [-56.8264242, -27.4552838], [-56.8264362, -27.4552623], [-56.8264402, -27.4552552], [-56.8264537, -27.4552326], [-56.8264657, -27.4552112], [-56.8264791, -27.4551909], [-56.8264952, -27.4551719], [-56.8265113, -27.4551493], [-56.8265221, -27.4551291], [-56.8265395, -27.4551041], [-56.8265422, -27.4550815]]]}, "properties": {"osm_id": "626452488", "code": 4141, "fclass": "beach", "name": ""}}, {"type": "Feature", "geometry": {"type": "Polygon", "coordinates": [[[-56.8439859, -27.4315229], [-56.8439859, -27.431511], [-56.8439832, -27.4314985], [-56.8439745, -27.4314896], [-56.8439624, -27.431483], [-56.8439503, -27.4314769], [-56.8439383, -27.4314711], [-56.8439256, -27.4314664], [-56.8439148, -27.4314592], [-56.8439021, -27.4314551], [-56.8438867, -27.4314515], [-56.8438733, -27.4314485], [-56.8438612, -27.4314438], [-56.8438481, -27.4314373], [-56.843835, -27.4314378], [-56.843821, -27.4314342], [-56.8438049, -27.4314324], [-56.8437894, -27.4314307], [-56.843776, -27.4314301], [-56.8437626, -27.4314277], [-56.8437499, -27.4314247], [-56.8437358, -27.4314223], [-56.8437231, -27.4314194], [-56.843711, -27.4314152], [-56.8436996, -27.4314086], [-56.8436889, -27.4314009], [-56.8436781, -27.4313944], [-56.8436661, -27.4313866], [-56.8436614, -27.4313825], [-56.8436547, -27.4313705], [-56.84365, -27.4313586], [-56.8436413, -27.4313485], [-56.8436272, -27.4313378], [-56.8436297, -27.4313404], [-56.8436305, -27.4313521], [-56.8436372, -27.4313622], [-56.8436399, -27.4313646], [-56.8436459, -27.4313753], [-56.8436506, -27.431386], [-56.84366, -27.4313955], [-56.8436654, -27.4314074], [-56.8436755, -27.4314164], [-56.8436855, -27.4314253], [-56.8436962, -27.431433], [-56.843711, -27.4314384], [-56.8437217, -27.4314473], [-56.8437324, -27.4314551], [-56.8437452, -27.4314598], [-56.8437566, -27.431467], [-56.8437707, -27.4314729], [-56.8437834, -27.4314777], [-56.8437861, -27.4314801], [-56.8438002, -27.4314836], [-56.8438156, -27.431486], [-56.8438283, -27.4314908], [-56.8438417, -27.4314937], [-56.8438491, -27.4314943], [-56.8438619, -27.4314997], [-56.8438773, -27.4315015], [-56.84389, -27.4315074], [-56.8439014, -27.4315146], [-56.8439155, -27.4315193], [-56.8439256, -27.4315289], [-56.843939, -27.431533], [-56.8439464, -27.4315431], [-56.843937, -27.4315533], [-56.8439323, -27.4315574], [-56.843945, -27.4315634], [-56.8439591, -27.431561], [-56.8439725, -27.4315556], [-56.8439791, -27.4315471], [-56.8439832, -27.4315348], [-56.8439859, -27.4315229]]]}, "properties": {"osm_id": "626472246", "code": 4141, "fclass": "beach", "name": ""}}, {"type": "Feature", "geometry": {"type": "Polygon", "coordinates": [[[-56.8453555, -27.432789], [-56.8453438, -27.4327965], [-56.8453337, -27.4328037], [-56.845321, -27.4328067], [-56.8453056, -27.4328132], [-56.8452942, -27.432818], [-56.8452814, -27.4328245], [-56.8452707, -27.4328311], [-56.84526, -27.4328382], [-56.8452586, -27.432843], [-56.8452466, -27.4328465], [-56.8452365, -27.4328537], [-56.8452345, -27.4328572], [-56.8452251, -27.432865], [-56.8452157, -27.4328727], [-56.8452103, -27.4328751], [-56.8451983, -27.4328799], [-56.8451849, -27.4328858], [-56.8451715, -27.4328882], [-56.845158, -27.4328882], [-56.8451453, -27.4328906], [-56.8451312, -27.4329001], [-56.8451212, -27.4329072], [-56.8451098, -27.4329179], [-56.845097, -27.4329185], [-56.8450816, -27.4329251], [-56.8450829, -27.4329364], [-56.8450863, -27.4329477], [-56.8450903, -27.432959], [-56.8450943, -27.4329685], [-56.8450876, -27.4329781], [-56.8450789, -27.4329846], [-56.8450702, -27.4329935], [-56.8450561, -27.4329977], [-56.8450454, -27.4330042], [-56.845034, -27.4330102], [-56.8450293, -27.4330096], [-56.8450179, -27.433015], [-56.8450025, -27.4330215], [-56.8449897, -27.4330257], [-56.8449743, -27.433031], [-56.8449636, -27.4330376], [-56.8449502, -27.4330453], [-56.8449381, -27.4330501], [-56.8449233, -27.4330572], [-56.8449113, -27.4330614], [-56.8448992, -27.4330673], [-56.8448885, -27.4330739], [-56.8448784, -27.4330816], [-56.8448677, -27.4330882], [-56.844857, -27.4330965], [-56.8448201, -27.4331155], [-56.8448087, -27.4331215], [-56.8447946, -27.4331274], [-56.8447839, -27.4331334], [-56.8447678, -27.4331382], [-56.8447564, -27.4331429], [-56.844741, -27.4331453], [-56.8447302, -27.4331512], [-56.8447182, -27.4331554], [-56.8447128, -27.4331548], [-56.8447014, -27.4331596], [-56.8446893, -27.4331637], [-56.8446759, -27.4331685], [-56.8446645, -27.4331751], [-56.8446524, -27.4331804], [-56.844639, -27.4331834], [-56.8446283, -27.433181], [-56.8446162, -27.4331852], [-56.8446035, -27.4331876], [-56.8445901, -27.4331905], [-56.8445767, -27.4331923], [-56.8445619, -27.4331929], [-56.8445485, -27.4331929], [-56.8445324, -27.4331929], [-56.8445183, -27.4331923], [-56.8445049, -27.4331905], [-56.8445009, -27.4331893], [-56.8444882, -27.4331899], [-56.8444741, -27.4331899], [-56.8444687, -27.4331893], [-56.8444566, -27.4331935], [-56.8444406, -27.4331989], [-56.8444292, -27.4332048], [-56.8444164, -27.433212], [-56.8444057, -27.4332179], [-56.844397, -27.4332274], [-56.8443876, -27.4332369], [-56.8443775, -27.4332453], [-56.8443708, -27.4332512], [-56.8443594, -27.4332572], [-56.8443473, -27.4332619], [-56.8443427, -27.4332655], [-56.8443313, -27.4332709], [-56.8443199, -27.4332768], [-56.8443085, -27.4332828], [-56.8442971, -27.4332893], [-56.8442903, -27.4332917], [-56.8442816, -27.4333006], [-56.8442736, -27.4333102], [-56.8442689, -27.4333107], [-56.8442602, -27.4333191], [-56.8442488, -27.4333244], [-56.8442447, -27.4333262], [-56.8442327, -27.4333316], [-56.8442193, -27.4333381], [-56.8442065, -27.4333381], [-56.8441938, -27.4333405], [-56.8441884, -27.4333429], [-56.844175, -27.4333417], [-56.8441616, -27.4333453], [-56.8441475, -27.4333465], [-56.8441334, -27.4333476], [-56.8441207, -27.43335], [-56.8441053, -27.4333524], [-56.8440925, -27.4333542], [-56.8440811, -27.4333595], [-56.8440758, -27.4333619], [-56.8440677, -27.4333709], [-56.8440583, -27.4333822], [-56.8440523, -27.4333923], [-56.8440449, -27.4334036], [-56.8440322, -27.4334095], [-56.8440168, -27.4334179], [-56.8440054, -27.4334238], [-56.8439913, -27.4334345], [-56.8439812, -27.4334417], [-56.8439718, -27.4334524], [-56.8439859, -27.4334542], [-56.844002, -27.433456], [-56.8440168, -27.4334566], [-56.8440322, -27.4334583], [-56.8440463, -27.4334589], [-56.844053, -27.4334631], [-56.8440677, -27.4334595], [-56.8440831, -27.4334572], [-56.8440972, -27.433453], [-56.8441133, -27.43345], [-56.8441281, -27.4334476], [-56.8441401, -27.4334423], [-56.8441522, -27.4334357], [-56.8441636, -27.433428], [-56.8441737, -27.4334179], [-56.8441804, -27.433406], [-56.8441871, -27.4333964], [-56.8441957, -27.4333888], [-56.8442025, -27.4333923], [-56.8442166, -27.4333899], [-56.8442293, -27.4333845], [-56.8442427, -27.4333804], [-56.8442608, -27.4333747], [-56.8442743, -27.433372], [-56.8442863, -27.4333649], [-56.844295, -27.4333548], [-56.8442984, -27.4333488], [-56.8443064, -27.4333369], [-56.8443071, -27.4333244], [-56.8443145, -27.4333125], [-56.8443172, -27.4333084], [-56.8443313, -27.4333066], [-56.844346, -27.433309], [-56.8443585, -27.4333136], [-56.8443728, -27.4333102], [-56.8443829, -27.4333006], [-56.8443923, -27.4332905], [-56.8444057, -27.4332846], [-56.8444198, -27.433281], [-56.8444345, -27.4332774], [-56.8444479, -27.4332721], [-56.844462, -27.4332661], [-56.8444747, -27.4332584], [-56.8444868, -27.4332494], [-56.8445022, -27.4332429], [-56.844519, -27.4332369], [-56.8445358, -27.433231], [-56.8445505, -27.4332268], [-56.8445659, -27.4332244], [-56.8445807, -27.4332197], [-56.8445941, -27.4332155], [-56.8446095, -27.433212], [-56.8446243, -27.4332114], [-56.844639, -27.433209], [-56.8446524, -27.4332054], [-56.8446652, -27.4332], [-56.8446779, -27.4331947], [-56.8446927, -27.4331917], [-56.8447081, -27.4331881], [-56.8447222, -27.4331828], [-56.8447356, -27.433178], [-56.844749, -27.4331733], [-56.8447624, -27.4331691], [-56.8447742, -27.4331681], [-56.8447879, -27.4331637], [-56.844802, -27.4331578], [-56.8448147, -27.4331507], [-56.8448268, -27.4331429], [-56.8448382, -27.4331358], [-56.8448509, -27.4331286], [-56.844863, -27.4331197], [-56.844863, -27.4331167], [-56.8448757, -27.4331102], [-56.8448878, -27.4331013], [-56.8448999, -27.4330941], [-56.8449126, -27.4330894], [-56.8449254, -27.4330846], [-56.8449374, -27.4330792], [-56.8449508, -27.4330733], [-56.8449546, -27.4330726], [-56.8449663, -27.4330644], [-56.8449783, -27.4330548], [-56.8449917, -27.4330489], [-56.8450045, -27.4330417], [-56.8450172, -27.4330346], [-56.8450286, -27.4330275], [-56.8450407, -27.4330215], [-56.8450534, -27.4330161], [-56.8450648, -27.4330096], [-56.8450782, -27.4330042], [-56.8450903, -27.4329977], [-56.8451037, -27.4329912], [-56.8451145, -27.4329828], [-56.8451272, -27.4329745], [-56.8451341, -27.4329717], [-56.8451466, -27.4329632], [-56.8451601, -27.4329578], [-56.8451728, -27.4329507], [-56.8451842, -27.4329429], [-56.845217, -27.4329132], [-56.8452284, -27.4329066], [-56.8452412, -27.4329007], [-56.8452546, -27.4328941], [-56.8452553, -27.4328915], [-56.8452673, -27.4328846], [-56.8452781, -27.4328757], [-56.8452895, -27.4328668], [-56.8452982, -27.4328572], [-56.8453062, -27.4328471], [-56.8453123, -27.4328441], [-56.8453203, -27.432834], [-56.8453277, -27.4328239], [-56.8453364, -27.4328132], [-56.8453424, -27.4328025], [-56.8453555, -27.432789]]]}, "properties": {"osm_id": "626472262", "code": 4141, "fclass": "beach", "name": ""}}, {"type": "Feature", "geometry": {"type": "Polygon", "coordinates": [[[-56.8411669, -27.4349712], [-56.8411508, -27.4349724], [-56.8411253, -27.4349748], [-56.8410972, -27.4349724], [-56.8410744, -27.4349831], [-56.8410516, -27.4349974], [-56.8410315, -27.4350164], [-56.8410127, -27.4350355], [-56.841002, -27.4350581], [-56.8409966, -27.4350819], [-56.8409845, -27.4351021], [-56.8409711, -27.4351224], [-56.840951, -27.4351378], [-56.8409295, -27.4351533], [-56.8409081, -27.4351688], [-56.840888, -27.4351878], [-56.8408746, -27.4352092], [-56.8408611, -27.4352295], [-56.8408558, -27.4352557], [-56.8408464, -27.4352783], [-56.8408276, -27.4352961], [-56.8408102, -27.4353152], [-56.8407941, -27.4353354], [-56.8407713, -27.4353545], [-56.8407539, -27.4353747], [-56.8407418, -27.4353973], [-56.8407311, -27.4354199], [-56.8407203, -27.4354414], [-56.8407029, -27.4354616], [-56.8406332, -27.4355211], [-56.8406251, -27.4355449], [-56.8406104, -27.4355663], [-56.8405929, -27.4355889], [-56.8405822, -27.4356104], [-56.8405715, -27.435633], [-56.8405661, -27.4356568], [-56.84055, -27.4356782], [-56.8405379, -27.435702], [-56.8405259, -27.4357246], [-56.8405138, -27.4357496], [-56.8405017, -27.4357722], [-56.8404937, -27.4357949], [-56.840483, -27.4358175], [-56.8404695, -27.4358377], [-56.8404561, -27.4358579], [-56.8404856, -27.4358508], [-56.8404602, -27.4359008], [-56.8404588, -27.4359246], [-56.8404803, -27.4359413], [-56.8405004, -27.4359234], [-56.8405205, -27.4359044], [-56.8405353, -27.4358841], [-56.84055, -27.4358627], [-56.8405621, -27.4358377], [-56.8405768, -27.4358127], [-56.8405916, -27.4357913], [-56.8406077, -27.4357699], [-56.8406197, -27.4357461], [-56.8406358, -27.4357246], [-56.8406546, -27.4357056], [-56.840672, -27.4356842], [-56.8406881, -27.4356616], [-56.8407042, -27.4356401], [-56.8407217, -27.4356187], [-56.8407404, -27.4355961], [-56.8407619, -27.4355747], [-56.840778, -27.4355509], [-56.8407887, -27.4355282], [-56.8408021, -27.4355032], [-56.8408155, -27.4354806], [-56.840829, -27.435458], [-56.840845, -27.4354366], [-56.8408625, -27.4354152], [-56.8408799, -27.4353949], [-56.8408906, -27.4353723], [-56.8409215, -27.4353057], [-56.840943, -27.435289], [-56.8409577, -27.4352688], [-56.8409711, -27.4352473], [-56.8409845, -27.4352259], [-56.841002, -27.4352087], [-56.8410174, -27.4351872], [-56.8410315, -27.4351628], [-56.8410496, -27.435139], [-56.8410596, -27.4351241], [-56.8410764, -27.4351051], [-56.8410885, -27.4350849], [-56.8411032, -27.4350652], [-56.8411206, -27.4350402], [-56.8411341, -27.435017], [-56.8411514, -27.4349944], [-56.8411669, -27.4349712]]]}, "properties": {"osm_id": "626472625", "code": 4141, "fclass": "beach", "name": ""}}, {"type": "Feature", "geometry": {"type": "Polygon", "coordinates": [[[-56.8346371, -27.4447655], [-56.8346322, -27.4447542], [-56.8346076, -27.444762], [-56.8345821, -27.4447632], [-56.834558, -27.4447727], [-56.8345352, -27.4447834], [-56.834511, -27.4447977], [-56.8344896, -27.4448108], [-56.8344668, -27.4448227], [-56.834444, -27.4448381], [-56.8344225, -27.4448524], [-56.8344051, -27.4448703], [-56.8343782, -27.4448852], [-56.8343702, -27.4449072], [-56.8343662, -27.444931], [-56.8343554, -27.4449524], [-56.8343479, -27.4449592], [-56.8343286, -27.444975], [-56.8343045, -27.4449857], [-56.8342817, -27.4449964], [-56.8342602, -27.4450083], [-56.8342321, -27.4450143], [-56.8342052, -27.4450226], [-56.8341798, -27.4450298], [-56.8341556, -27.4450369], [-56.8341275, -27.4450369], [-56.8341006, -27.4450405], [-56.8340752, -27.4450452], [-56.8340671, -27.445044], [-56.8340161, -27.4450928], [-56.8339987, -27.4451107], [-56.833992, -27.4451202], [-56.8339786, -27.4451416], [-56.8339585, -27.4451595], [-56.8339451, -27.4451809], [-56.8339343, -27.4452023], [-56.8339324, -27.4452111], [-56.8339612, -27.4452107], [-56.8339866, -27.4452011], [-56.8340121, -27.4451892], [-56.8340336, -27.4451726], [-56.8340577, -27.4451595], [-56.8340745, -27.4451554], [-56.834098, -27.4451416], [-56.8341234, -27.4451274], [-56.8341489, -27.4451131], [-56.8341744, -27.4451047], [-56.8342026, -27.4451], [-56.834228, -27.4450916], [-56.8342522, -27.4450774], [-56.834279, -27.4450643], [-56.8343031, -27.44505], [-56.8343286, -27.4450381], [-56.8343528, -27.445025], [-56.8343693, -27.4450103], [-56.8343957, -27.445], [-56.8344131, -27.4449798], [-56.8344332, -27.4449619], [-56.8344574, -27.4449476], [-56.8344828, -27.4449381], [-56.8345083, -27.4449262], [-56.8345325, -27.4449131], [-56.8345526, -27.4448941], [-56.8345687, -27.4448738], [-56.8345821, -27.4448512], [-56.8345985, -27.4448313], [-56.8346129, -27.4448084], [-56.8346277, -27.4447882], [-56.8346371, -27.4447655]]]}, "properties": {"osm_id": "626473495", "code": 4141, "fclass": "beach", "name": ""}}, {"type": "Feature", "geometry": {"type": "Polygon", "coordinates": [[[-55.5881059, -27.330979], [-55.5881006, -27.330867], [-55.5880113, -27.3307523], [-55.5879262, -27.3306431], [-55.5878363, -27.3305001], [-55.5877642, -27.3303855], [-55.5875372, -27.3305138], [-55.5875147, -27.3306572], [-55.5874156, -27.3307956], [-55.587493, -27.3308747], [-55.5875279, -27.3309951], [-55.587462, -27.331119], [-55.5874427, -27.3312291], [-55.5874427, -27.3312807], [-55.5875722, -27.3314055], [-55.5875958, -27.3313187], [-55.5876822, -27.3312411], [-55.5877914, -27.3311431], [-55.5879711, -27.3310638], [-55.5881059, -27.330979]]]}, "properties": {"osm_id": "653728310", "code": 4141, "fclass": "beach", "name": ""}}, {"type": "Feature", "geometry": {"type": "Polygon", "coordinates": [[[-55.7207547, -27.4541325], [-55.7206153, -27.4539446], [-55.7204759, -27.4537186], [-55.7203804, -27.4536672], [-55.7203495, -27.4538258], [-55.7203399, -27.4540187], [-55.7203803, -27.4540726], [-55.7204268, -27.4541344], [-55.7206273, -27.4542608], [-55.7207287, -27.4542265], [-55.7207547, -27.4541325]]]}, "properties": {"osm_id": "657438084", "code": 4141, "fclass": "beach", "name": "Playa Santa Cecilia"}}, {"type": "Feature", "geometry": {"type": "Polygon", "coordinates": [[[-55.7853609, -27.4545792], [-55.7850563, -27.454263], [-55.7849613, -27.4541484], [-55.7848875, -27.4540354], [-55.7845938, -27.4538343], [-55.7845831, -27.4537224], [-55.7845777, -27.4536129], [-55.7845695, -27.4533939], [-55.7844831, -27.4530958], [-55.7842879, -27.4528718], [-55.7840705, -27.4526954], [-55.7838809, -27.4525816], [-55.7836991, -27.4524466], [-55.7834589, -27.4523484], [-55.7834043, -27.4526758], [-55.7832905, -27.4530062], [-55.7834899, -27.4531017], [-55.7837306, -27.4532022], [-55.7839419, -27.4532857], [-55.7840636, -27.4533547], [-55.7842524, -27.4535364], [-55.7843858, -27.4537356], [-55.7845373, -27.4539369], [-55.7846749, -27.4541187], [-55.7849054, -27.4543345], [-55.7851006, -27.4545106], [-55.7852638, -27.454664], [-55.7853609, -27.4545792]]]}, "properties": {"osm_id": "667017806", "code": 4141, "fclass": "beach", "name": ""}}, {"type": "Feature", "geometry": {"type": "Polygon", "coordinates": [[[-54.6126074, -25.9767989], [-54.6125871, -25.9766497], [-54.612494, -25.9765114], [-54.6124591, -25.9763426], [-54.6122941, -25.9763173], [-54.612215, -25.9763076], [-54.6121455, -25.9763142], [-54.6120957, -25.9763209], [-54.6120758, -25.9763481], [-54.6120782, -25.9763884], [-54.6120822, -25.976427], [-54.6120755, -25.9765222], [-54.6120809, -25.9766452], [-54.6120635, -25.9767935], [-54.6120299, -25.9768863], [-54.6120236, -25.9769446], [-54.6120407, -25.9769912], [-54.6120648, -25.9770225], [-54.612101, -25.9770563], [-54.6121426, -25.9770744], [-54.6122311, -25.9770804], [-54.6122834, -25.9770684], [-54.6123317, -25.9770503], [-54.6124229, -25.9769743], [-54.6124671, -25.9769574], [-54.612502, -25.9769574], [-54.6125355, -25.9769659], [-54.6126074, -25.9767989]]]}, "properties": {"osm_id": "669494479", "code": 4141, "fclass": "beach", "name": ""}}, {"type": "Feature", "geometry": {"type": "Polygon", "coordinates": [[[-56.8759123, -27.5986612], [-56.8758318, -27.598647], [-56.8758184, -27.5985876], [-56.8756735, -27.5984877], [-56.8754697, -27.5983974], [-56.8753597, -27.5983594], [-56.8752927, -27.5982762], [-56.8752793, -27.5981882], [-56.8754858, -27.5981526], [-56.8754482, -27.5980408], [-56.875062, -27.5980741], [-56.874724, -27.598231], [-56.8739784, -27.5984782], [-56.8733744, -27.5985764], [-56.8727967, -27.5987058], [-56.8713145, -27.5990377], [-56.8692362, -27.5995431], [-56.8686998, -27.5997258], [-56.8678898, -27.6000565], [-56.8669885, -27.6004369], [-56.866239, -27.6006889], [-56.8665165, -27.6007981], [-56.8670207, -27.6006365], [-56.8675035, -27.6003941], [-56.8682599, -27.6000708], [-56.8689466, -27.5998141], [-56.8693006, -27.599757], [-56.8696171, -27.5997523], [-56.8700892, -27.5995764], [-56.8705183, -27.5995098], [-56.8707597, -27.5996572], [-56.8707973, -27.599467], [-56.8709797, -27.5994861], [-56.8712586, -27.5997285], [-56.8713766, -27.5995716], [-56.8714625, -27.599391], [-56.8717521, -27.5993054], [-56.872133, -27.5992388], [-56.8723315, -27.599139], [-56.8725032, -27.5990107], [-56.8726641, -27.5991152], [-56.8728304, -27.5990344], [-56.8728787, -27.599139], [-56.8731147, -27.5992769], [-56.873222, -27.5991533], [-56.8734098, -27.5990202], [-56.8736082, -27.5989298], [-56.8739247, -27.5987872], [-56.874142, -27.598792], [-56.8743834, -27.5988039], [-56.8745631, -27.5986993], [-56.8749091, -27.5985994], [-56.8751854, -27.5985495], [-56.8753678, -27.5986113], [-56.8754777, -27.5985186], [-56.8755287, -27.5986232], [-56.8756682, -27.5985947], [-56.8757084, -27.5986945], [-56.8758532, -27.5987135], [-56.8759123, -27.5986612]]]}, "properties": {"osm_id": "672704311", "code": 4141, "fclass": "beach", "name": ""}}, {"type": "Feature", "geometry": {"type": "Polygon", "coordinates": [[[-57.5698105, -25.4231989], [-57.5697595, -25.4231444], [-57.5696594, -25.4231601], [-57.5696102, -25.4232207], [-57.5695064, -25.4233411], [-57.5694412, -25.4234071], [-57.5694269, -25.4235574], [-57.5694725, -25.4236628], [-57.5695181, -25.4236834], [-57.5695919, -25.4236591], [-57.5697005, -25.4235768], [-57.5697166, -25.4235102], [-57.5697193, -25.4234266], [-57.5697662, -25.4233479], [-57.5698051, -25.4232728], [-57.5698105, -25.4231989]]]}, "properties": {"osm_id": "687412209", "code": 4141, "fclass": "beach", "name": ""}}, {"type": "Feature", "geometry": {"type": "Polygon", "coordinates": [[[-57.6167196, -23.102135], [-57.6167035, -23.1020659], [-57.6166499, -23.1020117], [-57.6165372, -23.1019673], [-57.6164407, -23.1019426], [-57.6163548, -23.1019229], [-57.6161778, -23.1018784], [-57.6160812, -23.1018686], [-57.6159793, -23.1018883], [-57.6158989, -23.1019229], [-57.6158345, -23.1019574], [-57.6157594, -23.1020117], [-57.6156682, -23.102061], [-57.6156092, -23.1021005], [-57.6158023, -23.1022288], [-57.6159418, -23.102283], [-57.616092, -23.1023472], [-57.6162422, -23.1024064], [-57.6164889, -23.1024409], [-57.6165372, -23.102362], [-57.6166123, -23.1022732], [-57.6166767, -23.1022386], [-57.6167196, -23.102135]]]}, "properties": {"osm_id": "689238385", "code": 4141, "fclass": "beach", "name": ""}}, {"type": "Feature", "geometry": {"type": "Polygon", "coordinates": [[[-57.5719535, -23.1000429], [-57.5717336, -23.0987402], [-57.5716102, -23.0988192], [-57.5715566, -23.098908], [-57.5715137, -23.0989869], [-57.5714976, -23.0990659], [-57.5715137, -23.0991843], [-57.5715137, -23.0993718], [-57.5714976, -23.0994853], [-57.5714225, -23.0995988], [-57.5713474, -23.0997172], [-57.5712025, -23.0997074], [-57.5711328, -23.0996284], [-57.5709289, -23.0996679], [-57.5708592, -23.0997715], [-57.5708431, -23.0999047], [-57.5708002, -23.100107], [-57.570591, -23.1002107], [-57.5703657, -23.1002304], [-57.5702208, -23.100408], [-57.570194, -23.1004672], [-57.5700009, -23.1005807], [-57.5698507, -23.1006646], [-57.5696307, -23.1007386], [-57.5694162, -23.1007485], [-57.5693733, -23.1006202], [-57.5693518, -23.1005265], [-57.5692338, -23.1004524], [-57.5690836, -23.1004475], [-57.5688314, -23.1005413], [-57.5685632, -23.1006449], [-57.568413, -23.1006695], [-57.568236, -23.100714], [-57.5678927, -23.1008274], [-57.5677425, -23.1008373], [-57.5674689, -23.1007633], [-57.5678551, -23.1010495], [-57.5684452, -23.1013949], [-57.5689602, -23.1015429], [-57.569797, -23.1016219], [-57.5702155, -23.1016219], [-57.5706446, -23.1015824], [-57.5710952, -23.1013949], [-57.5714386, -23.1010396], [-57.5718033, -23.1006054], [-57.5718945, -23.100339], [-57.5719535, -23.1000429]]]}, "properties": {"osm_id": "689239744", "code": 4141, "fclass": "beach", "name": ""}}, {"type": "Feature", "geometry": {"type": "Polygon", "coordinates": [[[-57.5752388, -23.0973713], [-57.5749147, -23.0972599], [-57.5743353, -23.0972106], [-57.5740349, -23.0972599], [-57.5734985, -23.0974376], [-57.5732732, -23.0975362], [-57.5730801, -23.0976349], [-57.5729191, -23.0977534], [-57.5727689, -23.0979507], [-57.572726, -23.0981382], [-57.5728869, -23.0980346], [-57.5730532, -23.0979754], [-57.5733429, -23.097857], [-57.5736111, -23.0978076], [-57.5739437, -23.0977435], [-57.5741583, -23.0976991], [-57.5744319, -23.0976497], [-57.5746518, -23.0976004], [-57.574786, -23.0975412], [-57.5749576, -23.0974425], [-57.575081, -23.0973882], [-57.5752388, -23.0973713]]]}, "properties": {"osm_id": "689239745", "code": 4141, "fclass": "beach", "name": ""}}, {"type": "Feature", "geometry": {"type": "Polygon", "coordinates": [[[-57.4260199, -23.0607206], [-57.4259019, -23.0606169], [-57.4258483, -23.0604541], [-57.4257463, -23.0602566], [-57.4255961, -23.0601135], [-57.4253494, -23.0597631], [-57.4250382, -23.0594867], [-57.4248666, -23.0593633], [-57.4245232, -23.0591954], [-57.4239224, -23.0589783], [-57.4236327, -23.0588993], [-57.4236998, -23.0589783], [-57.4237427, -23.0590128], [-57.4237776, -23.0590498], [-57.423901, -23.0591313], [-57.4240056, -23.0591856], [-57.4241745, -23.0592769], [-57.4243167, -23.0593657], [-57.4245286, -23.059462], [-57.4249551, -23.0598075], [-57.4250704, -23.0599111], [-57.4253413, -23.0603011], [-57.4253601, -23.0604368], [-57.4253628, -23.0605207], [-57.425293, -23.0605972], [-57.4252823, -23.0606959], [-57.4253359, -23.0608094], [-57.425411, -23.0609106], [-57.4254218, -23.0611327], [-57.4253976, -23.0612364], [-57.4253681, -23.0613696], [-57.4253252, -23.0615251], [-57.4252984, -23.0617275], [-57.4252635, -23.0618385], [-57.4252206, -23.0620286], [-57.4251562, -23.0622359], [-57.4250999, -23.0623864], [-57.4250624, -23.0624654], [-57.4249497, -23.0625616], [-57.4247432, -23.0627146], [-57.4246225, -23.0628109], [-57.4244642, -23.0629812], [-57.4242845, -23.0631317], [-57.4241263, -23.0632205], [-57.4238902, -23.063339], [-57.4237132, -23.0634106], [-57.4235496, -23.0634846], [-57.4234074, -23.0635438], [-57.4232706, -23.063603], [-57.4230748, -23.0635562], [-57.4228415, -23.063529], [-57.4225867, -23.0635685], [-57.4224016, -23.0634945], [-57.4220502, -23.0633735], [-57.4215916, -23.0631613], [-57.4214199, -23.0630503], [-57.4212751, -23.0629219], [-57.4211812, -23.0627516], [-57.4211075, -23.0627227], [-57.4210846, -23.0628232], [-57.4210846, -23.0630552], [-57.42109, -23.0632575], [-57.421149, -23.0634303], [-57.4212563, -23.0635438], [-57.4213582, -23.0635784], [-57.4214441, -23.0636327], [-57.4215996, -23.0637363], [-57.4218088, -23.0638548], [-57.4219966, -23.0639485], [-57.4220771, -23.0640176], [-57.4222004, -23.0640719], [-57.4224472, -23.0641558], [-57.4225706, -23.0642003], [-57.4227798, -23.0642496], [-57.4229721, -23.0642669], [-57.4229997, -23.0642694], [-57.4231929, -23.0642694], [-57.423471, -23.0642378], [-57.4237419, -23.0641142], [-57.4238956, -23.0640374], [-57.4243355, -23.0637955], [-57.424652, -23.0634155], [-57.4252045, -23.0629121], [-57.4255478, -23.0625123], [-57.4257034, -23.0621914], [-57.4258483, -23.0617127], [-57.4259716, -23.0612931], [-57.4259716, -23.0609921], [-57.4258429, -23.0607996], [-57.4259663, -23.0608785], [-57.4260199, -23.0607206]]]}, "properties": {"osm_id": "689333756", "code": 4141, "fclass": "beach", "name": ""}}, {"type": "Feature", "geometry": {"type": "Polygon", "coordinates": [[[-57.4213046, -23.0609032], [-57.4213046, -23.0607009], [-57.421267, -23.0604985], [-57.421267, -23.0603455], [-57.4212027, -23.0600789], [-57.4211437, -23.0600543], [-57.4211812, -23.0600419], [-57.4211276, -23.0599876], [-57.4211745, -23.0598963], [-57.4211034, -23.0598359], [-57.4211423, -23.0598334], [-57.4210551, -23.0597779], [-57.4210846, -23.0597507], [-57.4210122, -23.0597174], [-57.4210337, -23.0596989], [-57.4209908, -23.0596829], [-57.421023, -23.0596717], [-57.4209479, -23.0596298], [-57.421023, -23.0596495], [-57.4209465, -23.0596125], [-57.4209505, -23.0595767], [-57.4209076, -23.0595656], [-57.4209291, -23.059541], [-57.420854, -23.05952], [-57.4208741, -23.0594928], [-57.4208312, -23.0594842], [-57.4208513, -23.059462], [-57.4208003, -23.0594385], [-57.4208419, -23.0594176], [-57.4207668, -23.0593768], [-57.4207601, -23.0593411], [-57.4207091, -23.0593077], [-57.4207641, -23.0592979], [-57.4206863, -23.059267], [-57.4207038, -23.0592485], [-57.4206193, -23.0592214], [-57.4205911, -23.0591794], [-57.420634, -23.059193], [-57.4205308, -23.0591078], [-57.4203926, -23.059035], [-57.4204543, -23.0590067], [-57.4203645, -23.0589474], [-57.4204034, -23.0589203], [-57.4200533, -23.0587512], [-57.4199823, -23.058708], [-57.4198709, -23.058618], [-57.4196738, -23.0585365], [-57.4195799, -23.0585044], [-57.4194995, -23.0584551], [-57.419765, -23.058692], [-57.4198991, -23.0588055], [-57.420044, -23.0589783], [-57.4201083, -23.0590819], [-57.4201673, -23.0592942], [-57.4202156, -23.0594077], [-57.4202585, -23.0595163], [-57.4203068, -23.0597236], [-57.4203444, -23.0598716], [-57.4203873, -23.0600543], [-57.4204302, -23.0602468], [-57.4204677, -23.0604047], [-57.4205214, -23.0606021], [-57.4205214, -23.0608045], [-57.4205053, -23.0610513], [-57.4205267, -23.0611944], [-57.4205858, -23.061224], [-57.4206019, -23.0611648], [-57.4205965, -23.0610908], [-57.420634, -23.0610513], [-57.4207225, -23.0610932], [-57.4207333, -23.0611846], [-57.4207333, -23.0612981], [-57.4206904, -23.0614067], [-57.4206528, -23.061345], [-57.4205697, -23.0613943], [-57.4206018, -23.0615202], [-57.4206072, -23.0616238], [-57.4206206, -23.0617793], [-57.4205884, -23.061915], [-57.4205589, -23.0620434], [-57.4205428, -23.0621446], [-57.4205375, -23.0622679], [-57.4206662, -23.0620557], [-57.4206662, -23.0621569], [-57.4206555, -23.0622852], [-57.4206474, -23.062421], [-57.420693, -23.0625123], [-57.4207279, -23.062263], [-57.4207708, -23.062131], [-57.4208003, -23.0621507], [-57.4208084, -23.0620779], [-57.4208298, -23.0620878], [-57.4208312, -23.0620298], [-57.4208714, -23.0620421], [-57.4208821, -23.0619619], [-57.4209076, -23.061978], [-57.4209344, -23.0618509], [-57.4209572, -23.061862], [-57.4209693, -23.0617978], [-57.4209854, -23.061746], [-57.4210256, -23.0616769], [-57.421086, -23.0615227], [-57.4212027, -23.0613326], [-57.4212724, -23.0611648], [-57.4213046, -23.0609032]]]}, "properties": {"osm_id": "689333757", "code": 4141, "fclass": "beach", "name": ""}}, {"type": "Feature", "geometry": {"type": "Polygon", "coordinates": [[[-57.4142182, -23.0606762], [-57.4141726, -23.060575], [-57.414076, -23.0606984], [-57.4139982, -23.0607996], [-57.4138883, -23.0608859], [-57.4137247, -23.0609921], [-57.4136442, -23.0610414], [-57.4134886, -23.0611549], [-57.4134216, -23.0611994], [-57.4134779, -23.0610883], [-57.4134538, -23.0610464], [-57.4134189, -23.0609723], [-57.4133867, -23.0609304], [-57.4132767, -23.0610562], [-57.4131319, -23.0611796], [-57.4128556, -23.0613376], [-57.4127778, -23.0613993], [-57.4126142, -23.0614782], [-57.4123058, -23.0616386], [-57.4122173, -23.0617201], [-57.4120322, -23.0618089], [-57.4119115, -23.0618583], [-57.4118015, -23.0618682], [-57.4115065, -23.0618953], [-57.4113455, -23.0619348], [-57.4111658, -23.0619669], [-57.4110666, -23.0620014], [-57.4109432, -23.0620656], [-57.4108627, -23.0621149], [-57.4107555, -23.0621569], [-57.4106455, -23.0622359], [-57.4105462, -23.0622926], [-57.4108762, -23.062305], [-57.4111068, -23.0622408], [-57.411359, -23.0620977], [-57.411654, -23.0620138], [-57.4119061, -23.0619891], [-57.4121046, -23.0620039], [-57.4123836, -23.0620236], [-57.4125713, -23.0620384], [-57.412802, -23.0620286], [-57.4130434, -23.0619989], [-57.4131399, -23.0619743], [-57.4136657, -23.0616732], [-57.41373, -23.0615992], [-57.413789, -23.0615301], [-57.4138159, -23.0614313], [-57.4138534, -23.0612734], [-57.4138641, -23.0611352], [-57.4140143, -23.0610908], [-57.4140841, -23.0610908], [-57.4141324, -23.0610167], [-57.4141538, -23.0609378], [-57.4141967, -23.0608193], [-57.4142182, -23.0606762]]]}, "properties": {"osm_id": "689333758", "code": 4141, "fclass": "beach", "name": ""}}, {"type": "Feature", "geometry": {"type": "Polygon", "coordinates": [[[-57.4903232, -23.0730249], [-57.4902266, -23.0725116], [-57.4901408, -23.0721859], [-57.4900442, -23.0721069], [-57.489835, -23.0719243], [-57.4896419, -23.0716134], [-57.4895454, -23.0715097], [-57.4891806, -23.0712432], [-57.4889338, -23.0711198], [-57.4890491, -23.0714159], [-57.4890786, -23.071527], [-57.4891537, -23.0716849], [-57.4892074, -23.071828], [-57.4892369, -23.071949], [-57.4892932, -23.0720822], [-57.4894461, -23.0722722], [-57.489548, -23.0722698], [-57.4895936, -23.0723635], [-57.4896607, -23.0725733], [-57.4897224, -23.072672], [-57.4898028, -23.0728274], [-57.4898458, -23.0729632], [-57.4899289, -23.073131], [-57.4899316, -23.0732371], [-57.4899262, -23.0734098], [-57.4899906, -23.0735529], [-57.4900442, -23.0736862], [-57.4900925, -23.0738392], [-57.4901247, -23.0739626], [-57.4902213, -23.0735085], [-57.4903232, -23.0730249]]]}, "properties": {"osm_id": "689333772", "code": 4141, "fclass": "beach", "name": ""}}, {"type": "Feature", "geometry": {"type": "Polygon", "coordinates": [[[-57.5047964, -23.0726843], [-57.5046033, -23.0722155], [-57.5044584, -23.0719342], [-57.504276, -23.0715837], [-57.503863, -23.0711988], [-57.5035304, -23.0710803], [-57.5033587, -23.0710211], [-57.5030851, -23.0709668], [-57.5028545, -23.0709421], [-57.5025702, -23.0709421], [-57.5022966, -23.0709421], [-57.5019372, -23.0709619], [-57.5017011, -23.0710507], [-57.5015241, -23.0711692], [-57.5012934, -23.0713567], [-57.5012183, -23.0714307], [-57.5010145, -23.0716874], [-57.5008643, -23.0718157], [-57.5006282, -23.0719638], [-57.4999416, -23.072783], [-57.5001133, -23.072635], [-57.5006282, -23.0723388], [-57.5010145, -23.0721316], [-57.5014866, -23.0719835], [-57.502023, -23.0719736], [-57.502656, -23.0720526], [-57.5031602, -23.0722401], [-57.5035358, -23.0724968], [-57.5038362, -23.0729311], [-57.5039435, -23.0731778], [-57.5040615, -23.0734937], [-57.5040937, -23.0738392], [-57.5040507, -23.0741155], [-57.5040078, -23.0743821], [-57.5039542, -23.0746091], [-57.5038898, -23.0748854], [-57.5038362, -23.0751223], [-57.5037611, -23.0754283], [-57.5040025, -23.0753395], [-57.5041473, -23.0750779], [-57.504276, -23.074841], [-57.5043458, -23.0745548], [-57.5044423, -23.0742735], [-57.5045818, -23.0739527], [-57.5046623, -23.0737454], [-57.5047427, -23.0735036], [-57.5047964, -23.0726843]]]}, "properties": {"osm_id": "689333774", "code": 4141, "fclass": "beach", "name": ""}}, {"type": "Feature", "geometry": {"type": "MultiPolygon", "coordinates": [[[[-57.3865271, -23.0647678], [-57.3859762, -23.0644399], [-57.3857938, -23.0646867], [-57.3856221, -23.0648841], [-57.3854864, -23.0649162], [-57.3854328, -23.0647582], [-57.3853899, -23.0644325], [-57.3851715, -23.0646965], [-57.384796, -23.0652789], [-57.3843991, -23.0656639], [-57.384163, -23.0658416], [-57.38392, -23.0658934], [-57.3838197, -23.0659798], [-57.3838342, -23.0661204], [-57.3841024, -23.066229], [-57.3846136, -23.0662957], [-57.3849677, -23.0662562], [-57.3852879, -23.0662041], [-57.3856151, -23.0660116], [-57.3859048, -23.0656809], [-57.3863125, -23.0651183], [-57.3865271, -23.0647678]]], [[[-57.383169, -23.0666337], [-57.3831368, -23.0665251], [-57.3829829, -23.0664338], [-57.3829437, -23.0662487], [-57.382654, -23.0660118], [-57.3822142, -23.065765], [-57.3817743, -23.0656663], [-57.3814739, -23.0656466], [-57.3811842, -23.0656861], [-57.3808945, -23.0657552], [-57.3807336, -23.0658637], [-57.3813129, -23.065923], [-57.381549, -23.0660217], [-57.3819207, -23.0662364], [-57.3823, -23.0663968], [-57.3827039, -23.066572], [-57.3829185, -23.0666312], [-57.383169, -23.0666337]]], [[[-57.3791698, -23.066077], [-57.3791644, -23.0660462], [-57.3789766, -23.0660918], [-57.3788989, -23.0661214], [-57.3787674, -23.0661831], [-57.3783089, -23.0664561], [-57.3772386, -23.0668815], [-57.3774464, -23.0669839], [-57.3776597, -23.0670283], [-57.3778072, -23.0670654], [-57.3779011, -23.0670629], [-57.3779507, -23.0670604], [-57.3779668, -23.0670481], [-57.3779923, -23.0670246], [-57.3780687, -23.067], [-57.3781814, -23.0669592], [-57.3782498, -23.0668877], [-57.3785542, -23.0667507], [-57.3788318, -23.066557], [-57.37897, -23.0664533], [-57.3790277, -23.0663621], [-57.3790759, -23.0662683], [-57.379155, -23.0661264], [-57.3791698, -23.066077]]], [[[-57.3762704, -23.0667917], [-57.3757516, -23.066345], [-57.3752795, -23.0660982], [-57.3748718, -23.0659304], [-57.3746288, -23.0659526], [-57.3743392, -23.066002], [-57.3739958, -23.0661204], [-57.3737346, -23.0662759], [-57.373402, -23.0665424], [-57.373166, -23.0667892], [-57.3729551, -23.0671268], [-57.3728371, -23.067413], [-57.3727797, -23.0677664], [-57.3727905, -23.0680033], [-57.3729873, -23.0684791], [-57.3731767, -23.0679836], [-57.3734878, -23.0675295], [-57.3737169, -23.0673143], [-57.3739814, -23.0672729], [-57.3743461, -23.0671149], [-57.3745752, -23.0670083], [-57.374786, -23.0668583], [-57.3750043, -23.0667324], [-57.375183, -23.0667497], [-57.3754834, -23.0668188], [-57.3757409, -23.0667793], [-57.3759233, -23.0667694], [-57.3762704, -23.0667917]]], [[[-57.3762221, -23.073222], [-57.3760986, -23.0730693], [-57.3760343, -23.0729706], [-57.3758948, -23.0728916], [-57.3756909, -23.0726942], [-57.3754227, -23.0724622], [-57.3750848, -23.0723435], [-57.3747951, -23.0723435], [-57.3745124, -23.0724501], [-57.3742549, -23.0726771], [-57.3740833, -23.0730028], [-57.3740763, -23.0734444], [-57.3742909, -23.0732121], [-57.374602, -23.0730739], [-57.374881, -23.0730344], [-57.3752313, -23.0730127], [-57.3754888, -23.0730324], [-57.3756749, -23.0731331], [-57.3758144, -23.0732121], [-57.3758106, -23.0733779], [-57.3760681, -23.0735358], [-57.376154, -23.0734964], [-57.3760504, -23.0732022], [-57.3762221, -23.073222]]], [[[-57.3741782, -23.0756254], [-57.3741567, -23.0753099], [-57.3741299, -23.0750236], [-57.3739743, -23.0745548], [-57.3735452, -23.074007], [-57.3735452, -23.0742982], [-57.3735184, -23.0744314], [-57.3734593, -23.0747966], [-57.3733145, -23.0749891], [-57.3731643, -23.0752803], [-57.3729497, -23.0755912], [-57.3727137, -23.0758231], [-57.372483, -23.0762473], [-57.3721934, -23.0764052], [-57.3725544, -23.0765513], [-57.3729551, -23.0766618], [-57.3731589, -23.0767263], [-57.373293, -23.0767411], [-57.3734701, -23.0767411], [-57.3736042, -23.0767411], [-57.373749, -23.0766917], [-57.3738295, -23.0765634], [-57.3739743, -23.0764499], [-57.374028, -23.0763315], [-57.3740441, -23.0761686], [-57.3741423, -23.0759097], [-57.3741782, -23.0756254]]], [[[-57.372651, -23.0773212], [-57.3722256, -23.0771356], [-57.3719467, -23.0769382], [-57.3714263, -23.0763312], [-57.3709167, -23.0759216], [-57.370634, -23.0757814], [-57.3703229, -23.0757222], [-57.3700369, -23.0757439], [-57.3697864, -23.0758406], [-57.3694431, -23.0760479], [-57.3688674, -23.0765039], [-57.3695504, -23.0764724], [-57.3702515, -23.0765928], [-57.3707842, -23.0767981], [-57.3711957, -23.0769975], [-57.3717106, -23.077264], [-57.3720325, -23.077333], [-57.372651, -23.0773212]]], [[[-57.3662496, -23.0783694], [-57.3653607, -23.0787918], [-57.3651247, -23.0790189], [-57.3650373, -23.0792873], [-57.3649691, -23.0796012], [-57.3653661, -23.0791669], [-57.3659385, -23.0786951], [-57.3662496, -23.0783694]]], [[[-57.3628379, -23.08212], [-57.3628378, -23.0818834], [-57.3627091, -23.0817154], [-57.3625551, -23.0815061], [-57.3623336, -23.0813403], [-57.3620508, -23.0812594], [-57.3617542, -23.0812317], [-57.3613572, -23.0812613], [-57.3608209, -23.0814588], [-57.3613466, -23.0815871], [-57.3616647, -23.081743], [-57.3619115, -23.0819602], [-57.362126, -23.0821773], [-57.3622119, -23.0823747], [-57.3622585, -23.0826333], [-57.3623014, -23.0829492], [-57.3626554, -23.0824655], [-57.3627895, -23.0822881], [-57.3628379, -23.08212]]], [[[-57.3622585, -23.0854955], [-57.3620509, -23.0857107], [-57.3617972, -23.0859298], [-57.3613036, -23.086137], [-57.3609603, -23.0861666], [-57.3606814, -23.0861469], [-57.3603488, -23.0860976], [-57.3598445, -23.0858903], [-57.36022, -23.0861469], [-57.360617, -23.0863937], [-57.3609603, -23.0864923], [-57.3613036, -23.0865022], [-57.3615826, -23.0864134], [-57.3618079, -23.0862851], [-57.3619651, -23.0860758], [-57.3620938, -23.0859081], [-57.3622049, -23.0857521], [-57.3622585, -23.0854955]]], [[[-57.3594154, -23.0814982], [-57.3580635, -23.0814193], [-57.3574091, -23.0813897], [-57.3569585, -23.0813206], [-57.3566543, -23.0812199], [-57.3568941, -23.0814884], [-57.3571838, -23.0817351], [-57.3573983, -23.0818536], [-57.3577631, -23.0819325], [-57.3581923, -23.0819128], [-57.3585748, -23.0818516], [-57.3590613, -23.0816956], [-57.3594154, -23.0814982]]]]}, "properties": {"osm_id": "10000770", "code": 4141, "fclass": "beach", "name": ""}}, {"type": "Feature", "geometry": {"type": "Polygon", "coordinates": [[[-55.7259553, -22.5305514], [-55.7259535, -22.530545], [-55.7259475, -22.530541], [-55.7259406, -22.5305362], [-55.7259319, -22.5305354], [-55.7259236, -22.5305397], [-55.7259224, -22.5305458], [-55.7259224, -22.530553], [-55.7259163, -22.5305586], [-55.7259085, -22.530561], [-55.7259025, -22.5305658], [-55.7258956, -22.5305705], [-55.7258921, -22.5305777], [-55.7258938, -22.5305841], [-55.7258982, -22.5305913], [-55.7259033, -22.5305961], [-55.7259103, -22.5305977], [-55.7259189, -22.5305985], [-55.7259258, -22.5305985], [-55.7259362, -22.5305947], [-55.7259414, -22.5305889], [-55.7259466, -22.5305849], [-55.7259518, -22.5305769], [-55.7259501, -22.5305698], [-55.7259501, -22.5305634], [-55.7259518, -22.5305562], [-55.7259553, -22.5305514]]]}, "properties": {"osm_id": "722574717", "code": 4101, "fclass": "spring", "name": "Nascente C\u00f3rrego Ponta Por\u00e3"}}, {"type": "Feature", "geometry": {"type": "Polygon", "coordinates": [[[-55.5552784, -27.1495936], [-55.5552703, -27.1493621], [-55.5552542, -27.1492117], [-55.5552623, -27.1491067], [-55.5551416, -27.1491353], [-55.5551255, -27.1490757], [-55.5550879, -27.1490327], [-55.5550209, -27.1489945], [-55.5549431, -27.1489731], [-55.5548921, -27.1489731], [-55.5548626, -27.1489731], [-55.5548009, -27.148985], [-55.5547607, -27.1489898], [-55.5547241, -27.1490235], [-55.5546419, -27.1490284], [-55.5546151, -27.1491716], [-55.5545668, -27.1493291], [-55.5545829, -27.1495296], [-55.5545461, -27.1495554], [-55.554522, -27.1495697], [-55.5544737, -27.1496055], [-55.5544469, -27.149627], [-55.5544361, -27.1497105], [-55.5544254, -27.1497798], [-55.5543664, -27.1498824], [-55.5543101, -27.1499802], [-55.554243, -27.1500948], [-55.5542283, -27.1503191], [-55.5542511, -27.1504146], [-55.5543825, -27.1505101], [-55.5544844, -27.1505745], [-55.55464, -27.1506175], [-55.5547714, -27.1507058], [-55.5548197, -27.1506246], [-55.5547875, -27.150565], [-55.554817, -27.1505196], [-55.5548707, -27.1504528], [-55.5549216, -27.1503907], [-55.5549458, -27.1503144], [-55.5550045, -27.1502616], [-55.5550629, -27.1502091], [-55.5551374, -27.1501529], [-55.5551531, -27.1500083], [-55.5552059, -27.1499062], [-55.5552515, -27.1498156], [-55.5552784, -27.1495936]]]}, "properties": {"osm_id": "739346816", "code": 4141, "fclass": "beach", "name": ""}}, {"type": "Feature", "geometry": {"type": "Polygon", "coordinates": [[[-54.6146894, -25.96982], [-54.6145955, -25.9697163], [-54.6145579, -25.9696825], [-54.6145123, -25.9696608], [-54.6144721, -25.9696295], [-54.6144158, -25.9696247], [-54.6143675, -25.969603], [-54.6143138, -25.9695885], [-54.6142629, -25.9695813], [-54.6142092, -25.9695668], [-54.6141583, -25.9695716], [-54.6141288, -25.9695716], [-54.6140805, -25.9695475], [-54.6140403, -25.9695162], [-54.613992, -25.9695017], [-54.6139517, -25.9694703], [-54.6139088, -25.9694366], [-54.6138659, -25.9694101], [-54.6138096, -25.9694101], [-54.6137613, -25.9693956], [-54.613705, -25.9694052], [-54.6136567, -25.9693884], [-54.6136057, -25.9693835], [-54.6135548, -25.9693763], [-54.6135065, -25.969357], [-54.6134555, -25.9693474], [-54.6134073, -25.9693329], [-54.613359, -25.9693112], [-54.6133053, -25.9692967], [-54.6132517, -25.9692967], [-54.6132115, -25.9692509], [-54.6131605, -25.9692606], [-54.6131042, -25.9692606], [-54.6130505, -25.9692388], [-54.6130344, -25.9692413], [-54.6130076, -25.9692388], [-54.6129566, -25.9692364], [-54.6129472, -25.9692234], [-54.6129271, -25.9692304], [-54.612903, -25.9692208], [-54.6128842, -25.9692039], [-54.6128641, -25.9691846], [-54.612844, -25.9691665], [-54.6128212, -25.9691508], [-54.6127971, -25.9691388], [-54.6127716, -25.9691315], [-54.6127421, -25.9691279], [-54.6127166, -25.9691255], [-54.6126911, -25.9691219], [-54.612667, -25.9691123], [-54.6126133, -25.9690966], [-54.6125798, -25.9690532], [-54.6125557, -25.9690435], [-54.6125342, -25.9690303], [-54.6125074, -25.9690194], [-54.6124819, -25.9690098], [-54.6124578, -25.9689989], [-54.6124296, -25.9689917], [-54.6123827, -25.9689664], [-54.6123317, -25.9689688], [-54.612321, -25.968982], [-54.6122995, -25.9689676], [-54.6122459, -25.9689543], [-54.6122324, -25.9689278], [-54.6122123, -25.9689121], [-54.6121922, -25.9688952], [-54.6121721, -25.9688783], [-54.6121506, -25.9688615], [-54.6121278, -25.968847], [-54.6121064, -25.9688325], [-54.6120434, -25.9688169], [-54.6119991, -25.9687879], [-54.6119481, -25.968771], [-54.6118945, -25.9687493], [-54.611869, -25.9687578], [-54.6118194, -25.9687204], [-54.6117657, -25.9687083], [-54.6117175, -25.9686866], [-54.6116692, -25.9686625], [-54.6116236, -25.9686288], [-54.6115673, -25.9686312], [-54.611519, -25.9685974], [-54.6114573, -25.9685878], [-54.6113983, -25.9685878], [-54.6113446, -25.9685926], [-54.611291, -25.9685902], [-54.61124, -25.9685733], [-54.6111891, -25.9685468], [-54.6111462, -25.968513], [-54.6111462, -25.9684624], [-54.6111445, -25.9684544], [-54.6111555, -25.968431], [-54.611173, -25.9684142], [-54.6111891, -25.9683912], [-54.6112025, -25.9683707], [-54.6112092, -25.9683587], [-54.6112119, -25.9683358], [-54.6112119, -25.9683105], [-54.6112038, -25.9682876], [-54.6111824, -25.9682695], [-54.6111609, -25.968255], [-54.6111381, -25.9682429], [-54.611118, -25.9682249], [-54.6110952, -25.9682092], [-54.6110711, -25.9681971], [-54.6110711, -25.9681899], [-54.6110442, -25.9681802], [-54.6110161, -25.9681754], [-54.6109892, -25.9681706], [-54.6109624, -25.9681658], [-54.6109329, -25.9681573], [-54.6109061, -25.9681585], [-54.6108793, -25.9681622], [-54.6108525, -25.968167], [-54.6108256, -25.9681766], [-54.6108001, -25.9681851], [-54.610772, -25.9681935], [-54.6107411, -25.9681959], [-54.610713, -25.9681935], [-54.6106902, -25.9681778], [-54.6106741, -25.9681573], [-54.6106593, -25.9681368], [-54.6106432, -25.9681163], [-54.6106245, -25.9680983], [-54.610607, -25.9680778], [-54.6105869, -25.9680597], [-54.6105614, -25.9680488], [-54.610536, -25.9680404], [-54.6105149, -25.9680361], [-54.6104971, -25.9680211], [-54.6104515, -25.9679922], [-54.6104085, -25.9679608], [-54.6103656, -25.967927], [-54.61032, -25.9678981], [-54.6103133, -25.9678728], [-54.6102986, -25.9678499], [-54.6102825, -25.9678294], [-54.6102691, -25.9678077], [-54.6102597, -25.9677848], [-54.6102449, -25.9677631], [-54.6102275, -25.9677438], [-54.6102101, -25.9677269], [-54.6101873, -25.9677124], [-54.6101712, -25.9676907], [-54.6101578, -25.9676678], [-54.6101403, -25.9676497], [-54.6101309, -25.9676256], [-54.6101242, -25.9676015], [-54.610143, -25.967581], [-54.6101591, -25.9675605], [-54.6101591, -25.9675352], [-54.6101551, -25.9675099], [-54.6101417, -25.9674882], [-54.6101296, -25.9674665], [-54.6101095, -25.9674496], [-54.6100894, -25.9674436], [-54.6100706, -25.9674255], [-54.6100478, -25.9674122], [-54.6099861, -25.9673543], [-54.6099995, -25.9673929], [-54.6099955, -25.9674194], [-54.6099928, -25.9674472], [-54.6099848, -25.9674785], [-54.6099727, -25.9675123], [-54.609966, -25.96754], [-54.609962, -25.967569], [-54.6099687, -25.9675955], [-54.6099732, -25.9676069], [-54.6099967, -25.9676139], [-54.6100236, -25.967622], [-54.6100411, -25.9676425], [-54.6100659, -25.9676576], [-54.6100839, -25.9676727], [-54.610106, -25.9676913], [-54.6101268, -25.9677089], [-54.6101435, -25.9677228], [-54.6101547, -25.9677323], [-54.6101724, -25.9677511], [-54.6101897, -25.9677694], [-54.610202, -25.9677824], [-54.6102122, -25.9678055], [-54.6102224, -25.9678288], [-54.6102336, -25.9678543], [-54.6102443, -25.9678787], [-54.6102523, -25.9678968], [-54.6102624, -25.9679198], [-54.6102838, -25.9679825], [-54.610312, -25.9680958], [-54.6103308, -25.9681598], [-54.6103683, -25.9682056], [-54.6104059, -25.9682442], [-54.6104488, -25.9682719], [-54.6104917, -25.9682851], [-54.6105386, -25.9682851], [-54.6105923, -25.9682839], [-54.6106513, -25.9682888], [-54.6106862, -25.9682972], [-54.6107174, -25.9683059], [-54.6107532, -25.9683177], [-54.6107854, -25.9683346], [-54.6108149, -25.9683563], [-54.6108592, -25.9683804], [-54.6108967, -25.968419], [-54.6109155, -25.9684479], [-54.6109369, -25.9684901], [-54.6109678, -25.9685335], [-54.6110187, -25.9685673], [-54.6110831, -25.9686047], [-54.6111341, -25.9686312], [-54.6112964, -25.9686878], [-54.6115699, -25.9687903], [-54.6117792, -25.9688506], [-54.611979, -25.9689121], [-54.6120997, -25.9689603], [-54.6122271, -25.9690182], [-54.6122982, -25.9690544], [-54.6124055, -25.9691291], [-54.6124431, -25.9691562], [-54.6125543, -25.9692364], [-54.6126629, -25.9693245], [-54.61273, -25.9693679], [-54.6127997, -25.9694016], [-54.6128668, -25.9694233], [-54.6129406, -25.969445], [-54.6130465, -25.9694619], [-54.6131887, -25.9694486], [-54.613308, -25.9694486], [-54.6134006, -25.9694547], [-54.6135132, -25.9694764], [-54.6136299, -25.969521], [-54.6137466, -25.9695849], [-54.6138847, -25.9696584], [-54.6140014, -25.9697115], [-54.6140644, -25.9697296], [-54.6142401, -25.9697513], [-54.6144855, -25.969785], [-54.6146894, -25.96982]]]}, "properties": {"osm_id": "746276901", "code": 4141, "fclass": "beach", "name": ""}}, {"type": "Feature", "geometry": {"type": "Polygon", "coordinates": [[[-55.1812428, -27.0024202], [-55.1810113, -27.0023241], [-55.180896, -27.0022711], [-55.1809137, -27.0023876], [-55.1809509, -27.0024014], [-55.1810508, -27.0024178], [-55.1812428, -27.0024202]]]}, "properties": {"osm_id": "768623238", "code": 4141, "fclass": "beach", "name": ""}}, {"type": "Feature", "geometry": {"type": "Polygon", "coordinates": [[[-55.5594707, -27.2390295], [-55.5592996, -27.2390789], [-55.5590522, -27.2391392], [-55.558818, -27.2391515], [-55.5586445, -27.2391249], [-55.5585843, -27.2390548], [-55.5584412, -27.2391402], [-55.5583901, -27.2393856], [-55.5584941, -27.2395248], [-55.5586144, -27.2395829], [-55.5587242, -27.2395728], [-55.5589584, -27.2395652], [-55.5591396, -27.2395211], [-55.5592004, -27.2394006], [-55.5593421, -27.2393428], [-55.559464, -27.2393146], [-55.5594707, -27.2390295]]]}, "properties": {"osm_id": "772393274", "code": 4141, "fclass": "beach", "name": ""}}, {"type": "Feature", "geometry": {"type": "Polygon", "coordinates": [[[-56.6751474, -27.565324], [-56.6751274, -27.5650856], [-56.6750979, -27.5649595], [-56.6750792, -27.5648121], [-56.6750577, -27.5642676], [-56.6750577, -27.5641749], [-56.6750255, -27.5640156], [-56.6749826, -27.5637136], [-56.6747224, -27.5636039], [-56.6747653, -27.563718], [-56.6749009, -27.564226], [-56.6748948, -27.5647122], [-56.6742756, -27.5648961], [-56.6748839, -27.5653464], [-56.6749134, -27.5653959], [-56.6751474, -27.565324]]]}, "properties": {"osm_id": "772851222", "code": 4141, "fclass": "beach", "name": "Morena Beach"}}, {"type": "Feature", "geometry": {"type": "Polygon", "coordinates": [[[-56.6760352, -27.5666617], [-56.6758475, -27.5662431], [-56.6757651, -27.5660592], [-56.67569, -27.5658918], [-56.6755331, -27.5659315], [-56.6756312, -27.5663406], [-56.6756304, -27.5664324], [-56.6756921, -27.5666905], [-56.6758879, -27.5666004], [-56.675933, -27.5666937], [-56.6760352, -27.5666617]]]}, "properties": {"osm_id": "772851223", "code": 4141, "fclass": "beach", "name": "Playa La Siete"}}, {"type": "Feature", "geometry": {"type": "Polygon", "coordinates": [[[-55.1540688, -26.9588149], [-55.1540498, -26.9586626], [-55.1539877, -26.9586686], [-55.1538241, -26.9586279], [-55.1537848, -26.9586243], [-55.1537527, -26.9586067], [-55.1533477, -26.958623], [-55.1531777, -26.9586255], [-55.1530677, -26.9586088], [-55.1531922, -26.9587626], [-55.1532967, -26.9589352], [-55.1536789, -26.9590988], [-55.1538307, -26.9591122], [-55.153949, -26.9590988], [-55.1540076, -26.9589784], [-55.1540688, -26.9588149]]]}, "properties": {"osm_id": "863750896", "code": 4141, "fclass": "beach", "name": ""}}, {"type": "Feature", "geometry": {"type": "Polygon", "coordinates": [[[-56.3318686, -27.3295038], [-56.3317192, -27.3292381], [-56.3317028, -27.3292152], [-56.3316818, -27.3291966], [-56.3316515, -27.3291841], [-56.3316188, -27.32918], [-56.3307969, -27.3291696], [-56.3307385, -27.3291696], [-56.3306684, -27.3291779], [-56.3306101, -27.3291945], [-56.3304466, -27.3292464], [-56.3304163, -27.3292609], [-56.3303952, -27.3292837], [-56.3303882, -27.3293044], [-56.330388, -27.3293286], [-56.3304362, -27.3293255], [-56.3305524, -27.3293274], [-56.3306755, -27.3293397], [-56.3307885, -27.3293606], [-56.3309062, -27.3293897], [-56.3310343, -27.3294268], [-56.3311535, -27.3294622], [-56.3311931, -27.3294728], [-56.3312854, -27.3294972], [-56.3313782, -27.3295088], [-56.3314886, -27.3295106], [-56.3318686, -27.3295038]]]}, "properties": {"osm_id": "864893876", "code": 4141, "fclass": "beach", "name": "Playa San Cosme y Dami\u00e1n"}}, {"type": "Feature", "geometry": {"type": "Polygon", "coordinates": [[[-58.1568132, -26.1851097], [-58.1568065, -26.1850604], [-58.1567112, -26.1849781], [-58.1565672, -26.1848525], [-58.1562999, -26.1850413], [-58.1558877, -26.1852782], [-58.1551774, -26.1856569], [-58.1543667, -26.1860755], [-58.1543386, -26.1861316], [-58.1543428, -26.1861877], [-58.1543717, -26.1862423], [-58.1544113, -26.1862775], [-58.1544348, -26.1862984], [-58.1545707, -26.1863351], [-58.154764, -26.1862566], [-58.1550403, -26.1861435], [-58.1552482, -26.1860689], [-58.1554064, -26.1859894], [-58.1554721, -26.1859425], [-58.1556009, -26.1858354], [-58.1556572, -26.1858017], [-58.1557256, -26.1857776], [-58.1557913, -26.1857596], [-58.1558946, -26.1857512], [-58.1559777, -26.1857367], [-58.1560676, -26.1856958], [-58.1561776, -26.1856236], [-58.1562996, -26.1855237], [-58.1563975, -26.1854371], [-58.1564645, -26.1853372], [-58.1565169, -26.1852914], [-58.1565973, -26.1852577], [-58.156722, -26.185206], [-58.1567596, -26.1851847], [-58.1568012, -26.1851458], [-58.1568132, -26.1851097]]]}, "properties": {"osm_id": "865219383", "code": 4141, "fclass": "beach", "name": "Punta Arena"}}, {"type": "Feature", "geometry": {"type": "Polygon", "coordinates": [[[-54.6078134, -25.9528114], [-54.6076122, -25.9528795], [-54.6074967, -25.9530273], [-54.6074234, -25.9531711], [-54.607379, -25.953259], [-54.6073612, -25.9533189], [-54.6073834, -25.9534587], [-54.6073679, -25.9535965], [-54.6073745, -25.9537343], [-54.6074612, -25.9538502], [-54.6075217, -25.9539403], [-54.607597, -25.9538216], [-54.6077008, -25.9537069], [-54.6077514, -25.9534181], [-54.6076609, -25.953326], [-54.6076632, -25.9532841], [-54.6077013, -25.9532154], [-54.6077159, -25.9530993], [-54.6077132, -25.952992], [-54.6078134, -25.9528114]]]}, "properties": {"osm_id": "865724841", "code": 4141, "fclass": "beach", "name": ""}}, {"type": "Feature", "geometry": {"type": "Polygon", "coordinates": [[[-57.5867717, -25.3605008], [-57.5866702, -25.3604131], [-57.5866217, -25.3604618], [-57.5867311, -25.3605452], [-57.5867717, -25.3605008]]]}, "properties": {"osm_id": "909022326", "code": 4112, "fclass": "cliff", "name": ""}}, {"type": "Feature", "geometry": {"type": "Polygon", "coordinates": [[[-57.477501, -25.2466823], [-57.4774528, -25.2466744], [-57.477326, -25.2466378], [-57.4772344, -25.2466436], [-57.4771491, -25.2466118], [-57.4770501, -25.246606], [-57.4769702, -25.2466175], [-57.4768956, -25.2466397], [-57.4768103, -25.2466811], [-57.4767144, -25.2467062], [-57.4765848, -25.2466843], [-57.4764528, -25.2466355], [-57.4764256, -25.246672], [-57.4764849, -25.2467209], [-57.4766174, -25.2467591], [-57.4767179, -25.2467575], [-57.4767722, -25.2467488], [-57.4768127, -25.2467392], [-57.4768617, -25.2467344], [-57.476899, -25.2467392], [-57.4769661, -25.2467257], [-57.4770237, -25.2467161], [-57.4770716, -25.2467199], [-57.4771792, -25.2467276], [-57.4772612, -25.2467373], [-57.4773369, -25.2467536], [-57.4774147, -25.2467874], [-57.4774924, -25.2468095], [-57.477501, -25.2466823]]]}, "properties": {"osm_id": "958537197", "code": 4112, "fclass": "cliff", "name": ""}}, {"type": "Feature", "geometry": {"type": "Polygon", "coordinates": [[[-57.4781141, -25.2469978], [-57.4780356, -25.2469394], [-57.4779098, -25.246818], [-57.47775, -25.2466751], [-57.4776754, -25.2466453], [-57.4776116, -25.2466533], [-57.4775785, -25.2466734], [-57.4775529, -25.2468161], [-57.4776158, -25.2468411], [-57.4776712, -25.2468623], [-57.4777468, -25.2468931], [-57.4778172, -25.246923], [-57.4780025, -25.2470444], [-57.4780803, -25.2470753], [-57.4781141, -25.2469978]]]}, "properties": {"osm_id": "958537198", "code": 4112, "fclass": "cliff", "name": ""}}, {"type": "Feature", "geometry": {"type": "Polygon", "coordinates": [[[-57.5000879, -25.2000277], [-57.5000775, -25.199984], [-57.5000585, -25.1999434], [-57.500005, -25.1998778], [-57.499986, -25.1997997], [-57.4999429, -25.1995858], [-57.4999274, -25.1994546], [-57.4998997, -25.1993468], [-57.4998773, -25.1993031], [-57.4998272, -25.1992391], [-57.4997617, -25.1991797], [-57.4996736, -25.1990095], [-57.4996943, -25.1990923], [-57.4997116, -25.1992609], [-57.4997794, -25.1994506], [-57.4998093, -25.1995296], [-57.4998344, -25.1996669], [-57.4999288, -25.1998995], [-57.5000017, -25.2002131], [-57.5000113, -25.2002672], [-57.5000792, -25.2000683], [-57.5000879, -25.2000277]]]}, "properties": {"osm_id": "974151432", "code": 4141, "fclass": "beach", "name": ""}}, {"type": "Feature", "geometry": {"type": "Polygon", "coordinates": [[[-55.5601501, -27.13002], [-55.5594739, -27.1297522], [-55.5593587, -27.1299538], [-55.5597562, -27.1302283], [-55.560046, -27.1303671], [-55.5601501, -27.13002]]]}, "properties": {"osm_id": "981054290", "code": 4141, "fclass": "beach", "name": ""}}, {"type": "Feature", "geometry": {"type": "Polygon", "coordinates": [[[-57.3769536, -25.2944868], [-57.3769191, -25.2944853], [-57.3768576, -25.2944591], [-57.3768455, -25.2943833], [-57.376808, -25.294342], [-57.3767885, -25.2942835], [-57.3767758, -25.2942355], [-57.3766975, -25.2939349], [-57.3766329, -25.2937023], [-57.3765264, -25.2933135], [-57.3764993, -25.2931649], [-57.3764273, -25.2930283], [-57.3763628, -25.2927867], [-57.3762592, -25.2925165], [-57.3761136, -25.2921578], [-57.376025, -25.2918756], [-57.37592, -25.2916745], [-57.3757624, -25.2914403], [-57.3756513, -25.2912437], [-57.3755027, -25.2910305], [-57.3752835, -25.2907364], [-57.3751485, -25.2905502], [-57.3747586, -25.2906494], [-57.3750239, -25.2909309], [-57.3753643, -25.2912832], [-57.3756022, -25.2916184], [-57.3758266, -25.2921828], [-57.3761232, -25.2928417], [-57.3762891, -25.2932772], [-57.3763474, -25.2938534], [-57.3763233, -25.2942609], [-57.3763145, -25.2945181], [-57.3769341, -25.2945409], [-57.3769536, -25.2944868]]]}, "properties": {"osm_id": "13872261", "code": 4141, "fclass": "beach", "name": ""}}, {"type": "Feature", "geometry": {"type": "Polygon", "coordinates": [[[-57.3738205, -25.2995991], [-57.3736175, -25.2995581], [-57.37355, -25.2995317], [-57.3735211, -25.2995079], [-57.3733581, -25.2993493], [-57.3732476, -25.2992709], [-57.373162, -25.2991823], [-57.373099, -25.2991487], [-57.3730443, -25.2991403], [-57.3730061, -25.299159], [-57.3729762, -25.2991926], [-57.3729721, -25.2992476], [-57.3729504, -25.2993223], [-57.3729246, -25.2994044], [-57.3728895, -25.2994454], [-57.3728441, -25.2994753], [-57.372808, -25.2994911], [-57.3727853, -25.299535], [-57.3727822, -25.2995732], [-57.3727987, -25.2995798], [-57.3728503, -25.2995779], [-57.3728957, -25.299604], [-57.3729515, -25.2996124], [-57.3730598, -25.2996525], [-57.3731878, -25.2996787], [-57.3734468, -25.2996684], [-57.3737069, -25.2996143], [-57.3738205, -25.2995991]]]}, "properties": {"osm_id": "1035881508", "code": 4141, "fclass": "beach", "name": ""}}, {"type": "Feature", "geometry": {"type": "Polygon", "coordinates": [[[-57.3593598, -25.3187276], [-57.357806, -25.318338], [-57.357586, -25.3186483], [-57.3569208, -25.3195454], [-57.3565474, -25.3201593], [-57.3556455, -25.3215419], [-57.3549253, -25.3225276], [-57.354244, -25.3231482], [-57.3536861, -25.3235992], [-57.3530263, -25.3241132], [-57.3524952, -25.3245835], [-57.3534112, -25.3254474], [-57.355807, -25.3233613], [-57.3569754, -25.3222629], [-57.3575592, -25.3214803], [-57.3589864, -25.3192165], [-57.3593598, -25.3187276]]]}, "properties": {"osm_id": "1036129085", "code": 4141, "fclass": "beach", "name": ""}}, {"type": "Feature", "geometry": {"type": "Polygon", "coordinates": [[[-57.3657, -25.3119975], [-57.3654735, -25.3118364], [-57.3653644, -25.3119515], [-57.3647797, -25.3121649], [-57.3638933, -25.3125506], [-57.3636964, -25.3127912], [-57.3634831, -25.3130519], [-57.3630045, -25.3138829], [-57.3625159, -25.3144829], [-57.3619789, -25.3150092], [-57.3615079, -25.315222], [-57.3605418, -25.3155061], [-57.359715, -25.3160324], [-57.358659, -25.3170282], [-57.357806, -25.318338], [-57.3593598, -25.3187276], [-57.3595823, -25.3184792], [-57.3599243, -25.3178662], [-57.3603861, -25.317203], [-57.3616693, -25.315874], [-57.3625316, -25.3149545], [-57.3633792, -25.314101], [-57.3642093, -25.3133295], [-57.3646741, -25.3130124], [-57.3657, -25.3119975]]]}, "properties": {"osm_id": "1036129086", "code": 4141, "fclass": "beach", "name": ""}}, {"type": "Feature", "geometry": {"type": "Polygon", "coordinates": [[[-57.3737383, -25.3017019], [-57.3737195, -25.3014679], [-57.3737021, -25.3012824], [-57.3736981, -25.3010859], [-57.3736672, -25.3010217], [-57.3735975, -25.3008932], [-57.3735707, -25.3007925], [-57.3735371, -25.3006252], [-57.3735128, -25.3004966], [-57.3735041, -25.3004178], [-57.3734843, -25.3003874], [-57.3734559, -25.3003806], [-57.3733943, -25.3003754], [-57.3733456, -25.300369], [-57.3732703, -25.3003294], [-57.3731733, -25.3002567], [-57.3731277, -25.3001913], [-57.3730706, -25.3000323], [-57.3729859, -25.2998943], [-57.3729244, -25.2998557], [-57.3727341, -25.299804], [-57.3726407, -25.2997569], [-57.3725597, -25.299645], [-57.3725191, -25.2995691], [-57.3725133, -25.2995344], [-57.3725235, -25.2995024], [-57.3725618, -25.2994762], [-57.3725929, -25.2994664], [-57.3726335, -25.2994684], [-57.3727261, -25.2994932], [-57.3727293, -25.2994719], [-57.3727158, -25.2994322], [-57.3726899, -25.2993794], [-57.3727102, -25.2993051], [-57.372691, -25.2992838], [-57.3726247, -25.299299], [-57.372555, -25.2993356], [-57.3725032, -25.2993743], [-57.3724504, -25.2994068], [-57.3724144, -25.2994505], [-57.3723897, -25.2995522], [-57.3724043, -25.2996498], [-57.372438, -25.2997129], [-57.3724909, -25.2998003], [-57.3725853, -25.2998959], [-57.3726865, -25.3000026], [-57.3727664, -25.300087], [-57.372817, -25.3001551], [-57.372829, -25.3001911], [-57.3728516, -25.3002778], [-57.3728702, -25.300365], [-57.372902, -25.3004413], [-57.372948, -25.3005166], [-57.3730028, -25.3006296], [-57.3730193, -25.3007078], [-57.3730193, -25.3007822], [-57.3730193, -25.3008565], [-57.373016, -25.3009367], [-57.3730171, -25.3010289], [-57.3730138, -25.3011547], [-57.3730028, -25.3012855], [-57.3730028, -25.3014084], [-57.3729864, -25.3015392], [-57.3729601, -25.3016502], [-57.3729272, -25.3017968], [-57.3729086, -25.3018672], [-57.3728724, -25.301999], [-57.3728461, -25.3020921], [-57.3728154, -25.3021852], [-57.3727749, -25.3022794], [-57.3727453, -25.3023517], [-57.3727025, -25.3024161], [-57.3726642, -25.3024706], [-57.3726357, -25.3025092], [-57.3726072, -25.3025449], [-57.3725951, -25.3025642], [-57.3725606, -25.3026093], [-57.3725102, -25.3026861], [-57.3724461, -25.3027798], [-57.3723496, -25.3028769], [-57.3722063, -25.3029715], [-57.3727334, -25.3032997], [-57.3728097, -25.3031856], [-57.3728225, -25.3031519], [-57.3728394, -25.3027852], [-57.3729356, -25.30264], [-57.3729658, -25.3026179], [-57.3730117, -25.3026164], [-57.3731509, -25.3026512], [-57.3732307, -25.3026688], [-57.3732883, -25.3026664], [-57.3733534, -25.3026355], [-57.373405, -25.3025864], [-57.3734506, -25.30251], [-57.3735076, -25.3024257], [-57.3736196, -25.3021868], [-57.373686, -25.3019613], [-57.3737115, -25.3018486], [-57.3737383, -25.3017019]]]}, "properties": {"osm_id": "1036129087", "code": 4141, "fclass": "beach", "name": ""}}, {"type": "Feature", "geometry": {"type": "Polygon", "coordinates": [[[-57.3764236, -25.2980298], [-57.3753556, -25.297911], [-57.375428, -25.298119], [-57.3754951, -25.2982536], [-57.375522, -25.2983846], [-57.375522, -25.2985373], [-57.3755059, -25.2986489], [-57.3754844, -25.2987507], [-57.3754147, -25.2988841], [-57.3753235, -25.2990393], [-57.3751786, -25.2991872], [-57.3750526, -25.2992842], [-57.3749104, -25.2993594], [-57.3747924, -25.2994224], [-57.3746958, -25.2994758], [-57.3746181, -25.2995073], [-57.374551, -25.2995194], [-57.374492, -25.2995194], [-57.374433, -25.2995146], [-57.3743679, -25.2994958], [-57.3743036, -25.2994721], [-57.3742365, -25.2994352], [-57.3741728, -25.2994091], [-57.3741104, -25.2993879], [-57.3740581, -25.2993739], [-57.3739743, -25.2993703], [-57.3738965, -25.2993758], [-57.373808, -25.2993788], [-57.3737356, -25.2993752], [-57.37369, -25.2993739], [-57.3736431, -25.2993642], [-57.3736149, -25.2993485], [-57.3735787, -25.2993218], [-57.3735398, -25.2992879], [-57.3735183, -25.2992418], [-57.3735224, -25.2991884], [-57.3735318, -25.2991266], [-57.3735251, -25.2990635], [-57.3734862, -25.2989423], [-57.373395, -25.2987968], [-57.3732971, -25.2987459], [-57.3732018, -25.2987592], [-57.3731482, -25.2988077], [-57.3730738, -25.2989059], [-57.372992, -25.2990114], [-57.372939, -25.2990866], [-57.3729088, -25.2991345], [-57.372886, -25.299169], [-57.3728498, -25.2992048], [-57.3728015, -25.2992303], [-57.3727633, -25.2992563], [-57.3727466, -25.2992839], [-57.3727257, -25.299334], [-57.3727246, -25.2993935], [-57.3727518, -25.299454], [-57.3727497, -25.2994833], [-57.3727864, -25.2995133], [-57.3727961, -25.299494], [-57.3728282, -25.2994722], [-57.3728849, -25.2994438], [-57.3729247, -25.299386], [-57.3729332, -25.299361], [-57.3729589, -25.2992679], [-57.3729661, -25.2992163], [-57.3729713, -25.2991905], [-57.3730027, -25.2991487], [-57.3730453, -25.2991331], [-57.3730803, -25.2991367], [-57.3731551, -25.2991719], [-57.3732459, -25.2992625], [-57.3733585, -25.2993435], [-57.3735451, -25.2995209], [-57.3736046, -25.2995474], [-57.373784, -25.2995675], [-57.3738511, -25.299585], [-57.3739776, -25.2996282], [-57.3741369, -25.2996517], [-57.3742626, -25.2996767], [-57.3744546, -25.2997577], [-57.3745887, -25.2998153], [-57.3746683, -25.299882], [-57.3747161, -25.2999169], [-57.3747916, -25.2999449], [-57.3748779, -25.2999449], [-57.3749978, -25.2999177], [-57.3751143, -25.299879], [-57.3751932, -25.2998262], [-57.3755619, -25.2995195], [-57.3757665, -25.2992457], [-57.3758927, -25.2990328], [-57.3761605, -25.2985892], [-57.3763385, -25.2982977], [-57.376411, -25.2981472], [-57.3764236, -25.2980298]]]}, "properties": {"osm_id": "1036129088", "code": 4141, "fclass": "beach", "name": ""}}, {"type": "Feature", "geometry": {"type": "Polygon", "coordinates": [[[-57.3727334, -25.3032997], [-57.3722063, -25.3029715], [-57.3721249, -25.3030129], [-57.371437, -25.3034672], [-57.3710464, -25.3037221], [-57.3707745, -25.3038843], [-57.370584, -25.3040007], [-57.3704848, -25.3040734], [-57.3711653, -25.3046891], [-57.3714643, -25.3046072], [-57.37159, -25.3045359], [-57.371839, -25.3043707], [-57.3720578, -25.3042192], [-57.3720921, -25.3041699], [-57.3721072, -25.3041487], [-57.3721474, -25.3041464], [-57.372191, -25.3041479], [-57.3722681, -25.3041131], [-57.372326, -25.3040494], [-57.3723444, -25.3040153], [-57.3723679, -25.3039441], [-57.3723629, -25.3039138], [-57.3723017, -25.3038478], [-57.3722665, -25.3038092], [-57.3722648, -25.3037758], [-57.372264, -25.3037402], [-57.3722941, -25.3036849], [-57.3723461, -25.3036499], [-57.3725239, -25.3034975], [-57.3727334, -25.3032997]]]}, "properties": {"osm_id": "1036129089", "code": 4141, "fclass": "beach", "name": ""}}, {"type": "Feature", "geometry": {"type": "Polygon", "coordinates": [[[-57.3678988, -25.309409], [-57.3670722, -25.3088669], [-57.3669464, -25.3090295], [-57.3666952, -25.3091666], [-57.3665271, -25.3092652], [-57.3663227, -25.3094869], [-57.366091, -25.3098934], [-57.3659184, -25.3100741], [-57.3657004, -25.3103246], [-57.3655187, -25.3105176], [-57.3654369, -25.3106901], [-57.3653279, -25.310842], [-57.3652098, -25.3109528], [-57.3651553, -25.311076], [-57.3651871, -25.3112033], [-57.3652689, -25.311384], [-57.3653688, -25.3115647], [-57.3654369, -25.3116838], [-57.3654642, -25.3117741], [-57.3654735, -25.3118364], [-57.3657, -25.3119975], [-57.3662533, -25.3114351], [-57.3669171, -25.3107099], [-57.3673496, -25.3102302], [-57.3674975, -25.3100624], [-57.3677706, -25.3096054], [-57.3678988, -25.309409]]]}, "properties": {"osm_id": "1036129090", "code": 4141, "fclass": "beach", "name": ""}}, {"type": "Feature", "geometry": {"type": "Polygon", "coordinates": [[[-57.3711653, -25.3046891], [-57.3704848, -25.3040734], [-57.3703292, -25.3042625], [-57.3701951, -25.304459], [-57.3700771, -25.3046311], [-57.3699966, -25.3047548], [-57.3699349, -25.3049294], [-57.3698866, -25.3050749], [-57.3698142, -25.3052543], [-57.3697418, -25.3054604], [-57.3696023, -25.3056617], [-57.3694602, -25.3058557], [-57.3692724, -25.3061006], [-57.3690766, -25.3063624], [-57.3686421, -25.3068474], [-57.3684168, -25.3070632], [-57.368219, -25.3072453], [-57.3679715, -25.3075045], [-57.3677033, -25.307747], [-57.3673493, -25.308101], [-57.3671966, -25.308243], [-57.3671153, -25.3083563], [-57.3670713, -25.3085491], [-57.3670645, -25.3087083], [-57.3670722, -25.3088669], [-57.3678988, -25.309409], [-57.3698112, -25.3071627], [-57.3701955, -25.3066801], [-57.3705258, -25.30639], [-57.3707272, -25.3061084], [-57.3709222, -25.3056705], [-57.3709348, -25.3055198], [-57.3708697, -25.3052934], [-57.3708697, -25.3050563], [-57.3709548, -25.3048142], [-57.3710265, -25.3047423], [-57.3710672, -25.3047178], [-57.3711653, -25.3046891]]]}, "properties": {"osm_id": "1036129091", "code": 4141, "fclass": "beach", "name": ""}}, {"type": "Feature", "geometry": {"type": "Polygon", "coordinates": [[[-57.3765008, -25.2950513], [-57.3764716, -25.2948558], [-57.3764307, -25.2947765], [-57.3763108, -25.2948901], [-57.376305, -25.2950355], [-57.3762816, -25.2951782], [-57.3762377, -25.2953024], [-57.3761705, -25.29535], [-57.3760156, -25.2953896], [-57.3758695, -25.2954345], [-57.3757964, -25.2954715], [-57.3756327, -25.2955244], [-57.3755362, -25.29549], [-57.3754339, -25.2954002], [-57.3752147, -25.2953103], [-57.3751183, -25.2952152], [-57.3749633, -25.2951095], [-57.3748447, -25.2950902], [-57.3748782, -25.2956007], [-57.3749104, -25.2958238], [-57.3749667, -25.2960008], [-57.3750177, -25.2961996], [-57.3750418, -25.2963597], [-57.3750821, -25.2965634], [-57.3751277, -25.2967089], [-57.3751813, -25.2968665], [-57.3752457, -25.2969902], [-57.3753074, -25.2971017], [-57.3753583, -25.2972084], [-57.3753691, -25.2972521], [-57.3753731, -25.2972982], [-57.3753764, -25.2973558], [-57.3753758, -25.2974073], [-57.3753704, -25.2974922], [-57.3753624, -25.2975443], [-57.3753583, -25.2976316], [-57.375353, -25.2977043], [-57.375353, -25.2978535], [-57.3753556, -25.297911], [-57.3764236, -25.2980298], [-57.3764601, -25.297484], [-57.3764275, -25.2971844], [-57.3764004, -25.2970346], [-57.3764194, -25.2969462], [-57.3764873, -25.2967474], [-57.3764873, -25.2965411], [-57.3764357, -25.2963422], [-57.3764167, -25.2960819], [-57.3764465, -25.2958929], [-57.3764981, -25.2957259], [-57.3764818, -25.2955515], [-57.3764687, -25.2951544], [-57.3765008, -25.2950513]]]}, "properties": {"osm_id": "1036129092", "code": 4141, "fclass": "beach", "name": ""}}, {"type": "Feature", "geometry": {"type": "Polygon", "coordinates": [[[-57.3763639, -25.2947068], [-57.3763111, -25.294634], [-57.3762829, -25.294549], [-57.3763337, -25.2938551], [-57.3762829, -25.2932752], [-57.3758136, -25.2921844], [-57.3755541, -25.2915896], [-57.375349, -25.2913083], [-57.3747602, -25.2906972], [-57.3743928, -25.2904183], [-57.3742479, -25.2903431], [-57.3736873, -25.2900812], [-57.3732877, -25.2898872], [-57.3731375, -25.2898435], [-57.3730436, -25.2898338], [-57.3728853, -25.2898944], [-57.3727593, -25.2898847], [-57.372534, -25.2898265], [-57.3722427, -25.2896597], [-57.3721204, -25.2895662], [-57.3721317, -25.2894999], [-57.3721543, -25.289323], [-57.3721054, -25.28917], [-57.3718534, -25.2889251], [-57.3716747, -25.2888026], [-57.371432, -25.2887295], [-57.3708396, -25.2887295], [-57.3705405, -25.2886019], [-57.3703411, -25.2884098], [-57.3700251, -25.2879914], [-57.3697543, -25.2877074], [-57.3694007, -25.2874642], [-57.3691072, -25.2869506], [-57.3689361, -25.2867584], [-57.3686408, -25.286585], [-57.3680577, -25.2864081], [-57.3676627, -25.2862465], [-57.3672847, -25.2859693], [-57.3672057, -25.2857448], [-57.3670514, -25.2854812], [-57.3667679, -25.2852397], [-57.366247, -25.2847787], [-57.3660075, -25.2847465], [-57.365874, -25.2847652], [-57.3656727, -25.2849761], [-57.3655749, -25.2850458], [-57.365479, -25.2851139], [-57.3654527, -25.2851989], [-57.3654508, -25.2853316], [-57.3654132, -25.2854557], [-57.365353, -25.2855067], [-57.3652909, -25.2855322], [-57.3650633, -25.2856717], [-57.3648715, -25.2857703], [-57.3648424, -25.2858162], [-57.3648255, -25.2858677], [-57.3651916, -25.2861354], [-57.3654461, -25.2862936], [-57.3656831, -25.2864618], [-57.365971, -25.286702], [-57.3662319, -25.2869667], [-57.3664673, -25.2873003], [-57.3666454, -25.2875764], [-57.3668933, -25.2880659], [-57.3670918, -25.2883714], [-57.3673064, -25.2886042], [-57.3676121, -25.288968], [-57.3679179, -25.2893609], [-57.3680949, -25.2895743], [-57.3683336, -25.2897222], [-57.3685885, -25.2898023], [-57.3688862, -25.2898896], [-57.3693395, -25.290103], [-57.3695782, -25.2902873], [-57.3698491, -25.2904352], [-57.3700288, -25.2905371], [-57.3701817, -25.2905735], [-57.3703292, -25.2906195], [-57.3704177, -25.290702], [-57.370466, -25.2907626], [-57.3705894, -25.2908596], [-57.3707879, -25.2909663], [-57.3709273, -25.2910148], [-57.371099, -25.291073], [-57.3712438, -25.2911118], [-57.3715389, -25.2911215], [-57.3718607, -25.2910342], [-57.3724294, -25.2907141], [-57.3725849, -25.2906656], [-57.3726842, -25.2906584], [-57.3727405, -25.2907166], [-57.3728049, -25.2907917], [-57.3727968, -25.2908815], [-57.3727164, -25.2909809], [-57.3725849, -25.2911021], [-57.3723811, -25.2912671], [-57.3722363, -25.2914829], [-57.3722041, -25.2916793], [-57.3722524, -25.2919073], [-57.3722953, -25.292014], [-57.3725849, -25.2922225], [-57.3727995, -25.2923317], [-57.373175, -25.292499], [-57.3735076, -25.2926348], [-57.3738885, -25.2926785], [-57.3744249, -25.2927124], [-57.3747897, -25.2927997], [-57.3750043, -25.2929549], [-57.3751116, -25.2931538], [-57.3751277, -25.293372], [-57.3750472, -25.2940802], [-57.3750043, -25.2943712], [-57.3749936, -25.2945361], [-57.3749413, -25.2947033], [-57.374889, -25.2948683], [-57.3748675, -25.2949495], [-57.3748581, -25.2950089], [-57.3748691, -25.2950122], [-57.3749257, -25.2950265], [-57.3750242, -25.2950646], [-57.3751508, -25.2951558], [-57.3753055, -25.2952427], [-57.3754064, -25.2953042], [-57.3755142, -25.2953508], [-57.3755916, -25.2953868], [-57.3757252, -25.2954017], [-57.3757979, -25.2953868], [-57.3758659, -25.2953741], [-57.3759714, -25.2953254], [-57.3761004, -25.2952724], [-57.3761356, -25.2952342], [-57.3761332, -25.2951727], [-57.3761825, -25.2950201], [-57.3762481, -25.2948441], [-57.3763639, -25.2947068]]]}, "properties": {"osm_id": "1036129093", "code": 4141, "fclass": "beach", "name": ""}}, {"type": "Feature", "geometry": {"type": "Polygon", "coordinates": [[[-57.3752867, -25.3136931], [-57.3752012, -25.3136322], [-57.3750896, -25.3137582], [-57.3751752, -25.3138197], [-57.3752867, -25.3136931]]]}, "properties": {"osm_id": "1036177591", "code": 4141, "fclass": "beach", "name": ""}}, {"type": "Feature", "geometry": {"type": "Polygon", "coordinates": [[[-58.1809376, -26.2200011], [-58.1807157, -26.2197579], [-58.1797544, -26.2193764], [-58.1791641, -26.2191586], [-58.1788582, -26.2190686], [-58.1785057, -26.2189687], [-58.1780167, -26.2190282], [-58.1761866, -26.2192935], [-58.1753362, -26.2194759], [-58.1752031, -26.2194862], [-58.1744797, -26.2195423], [-58.1742455, -26.2195478], [-58.1739744, -26.2194925], [-58.1737822, -26.2194961], [-58.1733949, -26.2195033], [-58.1731751, -26.2195074], [-58.1725922, -26.2196244], [-58.1723223, -26.2197807], [-58.1723347, -26.2199784], [-58.1723517, -26.2201901], [-58.1734543, -26.2199887], [-58.1739726, -26.219946], [-58.17458, -26.219896], [-58.175349, -26.2198603], [-58.176507, -26.2197689], [-58.1767966, -26.2197136], [-58.1780167, -26.2196805], [-58.1783618, -26.2197136], [-58.1789718, -26.2198242], [-58.1794278, -26.2198463], [-58.1803167, -26.220009], [-58.1803645, -26.2200177], [-58.1807773, -26.2202222], [-58.1809376, -26.2200011]]]}, "properties": {"osm_id": "1036889665", "code": 4141, "fclass": "beach", "name": ""}}, {"type": "Feature", "geometry": {"type": "Polygon", "coordinates": [[[-58.1998661, -26.2355956], [-58.1997492, -26.2350961], [-58.1990674, -26.2344258], [-58.1989336, -26.2343491], [-58.1988886, -26.2342215], [-58.1988028, -26.2341349], [-58.1987169, -26.2340483], [-58.1985667, -26.2339521], [-58.1983012, -26.233978], [-58.1979933, -26.2337724], [-58.1977971, -26.2335126], [-58.1974609, -26.2334205], [-58.1973488, -26.2334624], [-58.197226, -26.2337656], [-58.1982765, -26.2344551], [-58.1986501, -26.2346774], [-58.1989132, -26.234845], [-58.19918, -26.2350552], [-58.1994092, -26.2352357], [-58.199551, -26.2353188], [-58.1996859, -26.2353809], [-58.1997831, -26.2354756], [-58.1998661, -26.2355956]]]}, "properties": {"osm_id": "1065898637", "code": 4141, "fclass": "beach", "name": ""}}, {"type": "Feature", "geometry": {"type": "Polygon", "coordinates": [[[-57.2945267, -25.5676147], [-57.2944281, -25.5675731], [-57.2943757, -25.5675411], [-57.2943295, -25.56753], [-57.2942818, -25.5674813], [-57.2942925, -25.5674369], [-57.2942879, -25.5673924], [-57.294256, -25.5673487], [-57.2940548, -25.5674514], [-57.2938596, -25.5675138], [-57.2936584, -25.5675211], [-57.2934104, -25.5676164], [-57.2932579, -25.5677191], [-57.2930587, -25.5677778], [-57.2928778, -25.5677631], [-57.2926562, -25.5678218], [-57.2924387, -25.5678897], [-57.2922131, -25.5680088], [-57.2920708, -25.5680822], [-57.2919773, -25.568095], [-57.2919427, -25.568183], [-57.2918777, -25.5683096], [-57.2917578, -25.5684764], [-57.2916643, -25.5686635], [-57.2916419, -25.5688707], [-57.2916073, -25.5690045], [-57.2915667, -25.5692081], [-57.2915586, -25.5693731], [-57.2916155, -25.569606], [-57.2916561, -25.5697857], [-57.291709, -25.569859], [-57.2917984, -25.5699012], [-57.2918513, -25.569947], [-57.2918309, -25.5701176], [-57.2918879, -25.5702367], [-57.2919265, -25.5703669], [-57.2919427, -25.5704971], [-57.2919793, -25.5706952], [-57.2920203, -25.5706567], [-57.2920465, -25.5705136], [-57.2920156, -25.5703621], [-57.2919879, -25.570155], [-57.2920141, -25.5699869], [-57.2920156, -25.5698868], [-57.292048, -25.5697979], [-57.292048, -25.5696992], [-57.2919925, -25.5696325], [-57.2919155, -25.56952], [-57.2918939, -25.5693907], [-57.291897, -25.5692671], [-57.2918893, -25.5691531], [-57.2918354, -25.5690475], [-57.2918277, -25.5689057], [-57.2918585, -25.5687876], [-57.2918832, -25.5686834], [-57.2919617, -25.5685806], [-57.292048, -25.5684333], [-57.2922036, -25.5683137], [-57.2922683, -25.5682957], [-57.2923222, -25.5682734], [-57.2924254, -25.5682734], [-57.2925071, -25.5681956], [-57.2925764, -25.5681345], [-57.2926211, -25.5680845], [-57.292712, -25.5680316], [-57.2928106, -25.5680316], [-57.2929631, -25.5680191], [-57.2930863, -25.5679677], [-57.2931772, -25.5679358], [-57.2932866, -25.5678955], [-57.2934437, -25.5678357], [-57.2934899, -25.5677912], [-57.293587, -25.5677885], [-57.2937118, -25.567794], [-57.2938134, -25.5677579], [-57.2938935, -25.5677037], [-57.2939829, -25.5676731], [-57.294083, -25.5676787], [-57.2941801, -25.5676731], [-57.2943018, -25.5676425], [-57.2944127, -25.5676439], [-57.2944913, -25.5676662], [-57.2945267, -25.5676147]]]}, "properties": {"osm_id": "1104204791", "code": 4112, "fclass": "cliff", "name": ""}}, {"type": "Feature", "geometry": {"type": "Polygon", "coordinates": [[[-57.2958965, -25.5685186], [-57.2958843, -25.5684416], [-57.2958294, -25.5683756], [-57.2957115, -25.5682839], [-57.2955652, -25.568238], [-57.295431, -25.5681134], [-57.295368, -25.568007], [-57.295368, -25.5679227], [-57.2952704, -25.5678365], [-57.2951485, -25.5677356], [-57.2949757, -25.5676146], [-57.2947867, -25.5675473], [-57.2947984, -25.5676073], [-57.2948275, -25.5676463], [-57.2949383, -25.5677017], [-57.2949472, -25.5678086], [-57.2949614, -25.5678709], [-57.2950387, -25.5679447], [-57.2951891, -25.5680583], [-57.2953212, -25.5681592], [-57.2954615, -25.5682876], [-57.295616, -25.5684104], [-57.2957766, -25.5684929], [-57.2958965, -25.5685186]]]}, "properties": {"osm_id": "1104204794", "code": 4112, "fclass": "cliff", "name": ""}}, {"type": "Feature", "geometry": {"type": "Polygon", "coordinates": [[[-57.3032434, -25.3074699], [-57.3031387, -25.3073688], [-57.3031519, -25.307358], [-57.3031603, -25.3073438], [-57.3031629, -25.3073279], [-57.3031594, -25.3073122], [-57.3031502, -25.3072984], [-57.3031364, -25.3072883], [-57.3031197, -25.3072829], [-57.3031034, -25.3072827], [-57.3030878, -25.3072871], [-57.3030745, -25.3072957], [-57.3030648, -25.3073076], [-57.3030597, -25.3073217], [-57.3030596, -25.3073365], [-57.3030647, -25.3073505], [-57.302931, -25.3074711], [-57.3030843, -25.3076167], [-57.3032434, -25.3074699]]]}, "properties": {"osm_id": "1112801024", "code": 4112, "fclass": "cliff", "name": ""}}, {"type": "Feature", "geometry": {"type": "Polygon", "coordinates": [[[-55.013823, -26.7907477], [-55.0138209, -26.7907076], [-55.0137124, -26.7906618], [-55.0136298, -26.790643], [-55.0135043, -26.7906178], [-55.0133568, -26.7906178], [-55.0130671, -26.7906561], [-55.0123885, -26.7907973], [-55.012514, -26.7908132], [-55.0130574, -26.7907373], [-55.013485, -26.7907166], [-55.0137357, -26.7907256], [-55.013823, -26.7907477]]]}, "properties": {"osm_id": "1133133481", "code": 4141, "fclass": "beach", "name": ""}}, {"type": "Feature", "geometry": {"type": "Polygon", "coordinates": [[[-56.2852401, -23.8141331], [-56.2843151, -23.8136559], [-56.2836274, -23.8133568], [-56.2825789, -23.8128795], [-56.2820775, -23.81264], [-56.2820546, -23.8127962], [-56.2835744, -23.8134914], [-56.2843078, -23.8138593], [-56.2843255, -23.8139805], [-56.284648, -23.8141422], [-56.2852003, -23.8142392], [-56.2852401, -23.8141331]]]}, "properties": {"osm_id": "1133486942", "code": 4141, "fclass": "beach", "name": ""}}, {"type": "Feature", "geometry": {"type": "Polygon", "coordinates": [[[-54.6746852, -25.4705908], [-54.6746165, -25.4703138], [-54.6732874, -25.469509], [-54.6732029, -25.4694579], [-54.6727924, -25.4692093], [-54.6721935, -25.4690724], [-54.6716048, -25.4691765], [-54.6712673, -25.4693328], [-54.6706702, -25.4696094], [-54.6705615, -25.4697257], [-54.6704597, -25.4698347], [-54.6702453, -25.4700641], [-54.6701968, -25.4703545], [-54.670476, -25.4702833], [-54.6705781, -25.4700637], [-54.6707369, -25.4698888], [-54.6708668, -25.4698288], [-54.6715199, -25.4695272], [-54.6716646, -25.4695011], [-54.6723714, -25.4693735], [-54.6723914, -25.4693699], [-54.6725343, -25.4694057], [-54.6726497, -25.4694621], [-54.6726795, -25.4694766], [-54.6730068, -25.4696532], [-54.6730914, -25.4697004], [-54.6731716, -25.4697453], [-54.6746549, -25.4705739], [-54.6746852, -25.4705908]]]}, "properties": {"osm_id": "1155941142", "code": 4141, "fclass": "beach", "name": "Costanera \u00d1ande Renda"}}, {"type": "Feature", "geometry": {"type": "Polygon", "coordinates": [[[-54.5949148, -25.6129421], [-54.5948443, -25.6129155], [-54.5947886, -25.6129205], [-54.5947273, -25.612903], [-54.5947106, -25.6129256], [-54.5946494, -25.6129205], [-54.594563, -25.6129005], [-54.5944099, -25.6129356], [-54.5943068, -25.6129406], [-54.5941899, -25.6129205], [-54.5940216, -25.6128823], [-54.5939276, -25.6130358], [-54.5940804, -25.6132432], [-54.5941409, -25.6134897], [-54.5943326, -25.6135127], [-54.5944065, -25.6135339], [-54.5944645, -25.6136037], [-54.5945118, -25.6135733], [-54.5945386, -25.6135171], [-54.594552, -25.6134609], [-54.5945493, -25.6134058], [-54.5945694, -25.6133629], [-54.5946087, -25.6133275], [-54.5946331, -25.6132946], [-54.5946392, -25.6132474], [-54.5946445, -25.6132226], [-54.5946593, -25.6131851], [-54.5946693, -25.6131549], [-54.5946781, -25.6131301], [-54.5947022, -25.6130866], [-54.5947277, -25.6130569], [-54.5947585, -25.6130261], [-54.5947847, -25.6129959], [-54.5948804, -25.6129467], [-54.5949148, -25.6129421]]]}, "properties": {"osm_id": "15750132", "code": 4141, "fclass": "beach", "name": ""}}, {"type": "Feature", "geometry": {"type": "Polygon", "coordinates": [[[-57.6102684, -25.2960693], [-57.6101163, -25.2956879], [-57.6094537, -25.2959038], [-57.6096058, -25.2962853], [-57.6102684, -25.2960693]]]}, "properties": {"osm_id": "1238184175", "code": 4112, "fclass": "cliff", "name": ""}}, {"type": "Feature", "geometry": {"type": "Polygon", "coordinates": [[[-55.0293266, -26.7930483], [-55.0292232, -26.7929873], [-55.0290251, -26.7928972], [-55.0289631, -26.7928925], [-55.0286924, -26.7927345], [-55.0285756, -26.7926461], [-55.0283058, -26.792543], [-55.0278315, -26.7922503], [-55.0278155, -26.7921856], [-55.0274758, -26.792086], [-55.0273572, -26.7920023], [-55.0271295, -26.7919008], [-55.0265668, -26.7917528], [-55.0263248, -26.7917449], [-55.0258447, -26.7917162], [-55.0257079, -26.7916635], [-55.0252922, -26.7915414], [-55.0250989, -26.7915076], [-55.024315, -26.7911852], [-55.0241361, -26.791116], [-55.0238867, -26.7910466], [-55.0237901, -26.7910298], [-55.0236346, -26.7909891], [-55.0235541, -26.7910059], [-55.0233717, -26.7909987], [-55.0232857, -26.7909232], [-55.022996, -26.7908945], [-55.022878, -26.7909256], [-55.0228002, -26.7909783], [-55.0226795, -26.7909902], [-55.0226902, -26.7908825], [-55.0222933, -26.7909423], [-55.0221806, -26.7910261], [-55.0220841, -26.7910166], [-55.0219339, -26.7910166], [-55.0218552, -26.7910988], [-55.0218873, -26.7911207], [-55.0221838, -26.7910822], [-55.0230301, -26.7910438], [-55.0235752, -26.791078], [-55.0241011, -26.7911548], [-55.0243689, -26.7912402], [-55.0254112, -26.7916968], [-55.025721, -26.7917571], [-55.026693, -26.7918426], [-55.0277434, -26.7922795], [-55.0291827, -26.7930823], [-55.02916, -26.7933998], [-55.0293266, -26.7930483]]]}, "properties": {"osm_id": "1296432755", "code": 4141, "fclass": "beach", "name": ""}}, {"type": "Feature", "geometry": {"type": "Polygon", "coordinates": [[[-55.0309919, -26.7935626], [-55.0308845, -26.793499], [-55.0306202, -26.7933357], [-55.0305572, -26.793352], [-55.0303397, -26.7932613], [-55.0301812, -26.7932468], [-55.029862, -26.7931778], [-55.0296364, -26.7931488], [-55.0295429, -26.7930889], [-55.0295185, -26.7929927], [-55.0294616, -26.7929909], [-55.0292786, -26.7932105], [-55.0291953, -26.7933847], [-55.0292542, -26.793323], [-55.0293721, -26.7932341], [-55.0295002, -26.7932849], [-55.0295551, -26.7932577], [-55.0296404, -26.7932559], [-55.0296608, -26.7933085], [-55.0297888, -26.7933683], [-55.0299941, -26.7933774], [-55.0301507, -26.7933411], [-55.0302645, -26.7933194], [-55.0305918, -26.7934391], [-55.0309678, -26.7935861], [-55.0309919, -26.7935626]]]}, "properties": {"osm_id": "1296432756", "code": 4141, "fclass": "beach", "name": ""}}, {"type": "Feature", "geometry": {"type": "Polygon", "coordinates": [[[-55.0175185, -26.7909432], [-55.0172624, -26.7907871], [-55.0171079, -26.7907544], [-55.0167664, -26.7907581], [-55.0163273, -26.7907436], [-55.0158964, -26.7907], [-55.0157013, -26.7907254], [-55.0156565, -26.7906819], [-55.015311, -26.7906855], [-55.0152541, -26.7907327], [-55.0144979, -26.7907617], [-55.014254, -26.7907182], [-55.0140873, -26.7906419], [-55.013945, -26.7906855], [-55.013949, -26.7907762], [-55.0140182, -26.7907762], [-55.0142987, -26.7908524], [-55.0145507, -26.7908887], [-55.0150589, -26.7908488], [-55.0152906, -26.7908379], [-55.0157379, -26.7908415], [-55.0159574, -26.7908052], [-55.016307, -26.7908234], [-55.0170307, -26.7908379], [-55.0172827, -26.7908887], [-55.0175185, -26.7909432]]]}, "properties": {"osm_id": "1296432757", "code": 4141, "fclass": "beach", "name": ""}}, {"type": "Feature", "geometry": {"type": "Polygon", "coordinates": [[[-56.5306443, -27.5275809], [-56.5304841, -27.5273815], [-56.5303916, -27.5273214], [-56.5302653, -27.5271602], [-56.5301606, -27.5270399], [-56.5299233, -27.5268733], [-56.5296306, -27.526682], [-56.5294735, -27.5265809], [-56.5292701, -27.5264744], [-56.529076, -27.5264006], [-56.5287987, -27.5263296], [-56.5285769, -27.5262203], [-56.5284958, -27.5261355], [-56.5284383, -27.5260755], [-56.5282226, -27.5260317], [-56.5280192, -27.5259716], [-56.5276834, -27.525835], [-56.5274924, -27.5258104], [-56.5274308, -27.5257203], [-56.5272366, -27.5256601], [-56.5271134, -27.5257093], [-56.5272151, -27.5257722], [-56.5273599, -27.5257831], [-56.5273753, -27.5258022], [-56.5274708, -27.5258733], [-56.5275263, -27.5259197], [-56.5276125, -27.5259143], [-56.5276711, -27.5259498], [-56.5277789, -27.5259826], [-56.5279237, -27.5260837], [-56.528124, -27.5261356], [-56.5282719, -27.5261328], [-56.5284413, -27.5262476], [-56.5286077, -27.5263569], [-56.5286786, -27.5264689], [-56.5288511, -27.5264662], [-56.5290267, -27.5265208], [-56.5293965, -27.5266929], [-56.5296645, -27.5268569], [-56.5298401, -27.5270345], [-56.5299541, -27.5271738], [-56.5299726, -27.5273296], [-56.5300281, -27.527499], [-56.530139, -27.5277039], [-56.530179, -27.5278815], [-56.5301698, -27.5281602], [-56.5301421, -27.5283432], [-56.5300712, -27.528529], [-56.5299295, -27.528723], [-56.5297939, -27.5288459], [-56.5295752, -27.5289388], [-56.5293225, -27.5291656], [-56.5291531, -27.5293487], [-56.528962, -27.5294716], [-56.5287679, -27.5294798], [-56.528657, -27.5294197], [-56.5285276, -27.5292558], [-56.5283828, -27.5291], [-56.5282934, -27.528999], [-56.5281949, -27.5289498], [-56.5280069, -27.528958], [-56.5278837, -27.5290591], [-56.5276896, -27.5292175], [-56.5275447, -27.5293022], [-56.5274246, -27.529376], [-56.5271781, -27.5295317], [-56.5269378, -27.5296711], [-56.5266143, -27.5298651], [-56.5264387, -27.5299607], [-56.5262014, -27.5300208], [-56.5260443, -27.5300345], [-56.5258533, -27.5300235], [-56.5256838, -27.5300399], [-56.5254466, -27.5300372], [-56.5255143, -27.5301601], [-56.5256561, -27.5302366], [-56.5258502, -27.5302503], [-56.5262754, -27.5301957], [-56.5266389, -27.5300973], [-56.5269809, -27.5299115], [-56.5273722, -27.5296711], [-56.5279176, -27.529253], [-56.5281055, -27.5291219], [-56.528201, -27.5291055], [-56.5284721, -27.5293815], [-56.5287217, -27.5297203], [-56.5289805, -27.5299388], [-56.5292362, -27.5299743], [-56.5293965, -27.5298896], [-56.5295166, -27.5295536], [-56.5295813, -27.5292203], [-56.5297477, -27.5290481], [-56.5300558, -27.5288077], [-56.5302746, -27.5285372], [-56.5303947, -27.5282531], [-56.5306135, -27.5279225], [-56.5306443, -27.5275809]]]}, "properties": {"osm_id": "1296455270", "code": 4141, "fclass": "beach", "name": "Playa de los Palos"}}, {"type": "Feature", "geometry": {"type": "Polygon", "coordinates": [[[-55.8774382, -22.2832272], [-55.8772927, -22.2830454], [-55.876987, -22.2830589], [-55.8762884, -22.2831868], [-55.8760264, -22.2834023], [-55.8758081, -22.2837592], [-55.875728, -22.2842912], [-55.8759609, -22.2847962], [-55.8760628, -22.2849309], [-55.8762593, -22.2849309], [-55.8764412, -22.2847693], [-55.8766086, -22.2844191], [-55.8768706, -22.2839679], [-55.8771035, -22.2835033], [-55.8774382, -22.2832272]]]}, "properties": {"osm_id": "1318237884", "code": 4101, "fclass": "spring", "name": ""}}, {"type": "Feature", "geometry": {"type": "Polygon", "coordinates": [[[-55.8552256, -22.2850392], [-55.8551892, -22.2846285], [-55.8548545, -22.2841773], [-55.8544105, -22.284009], [-55.8539521, -22.2834366], [-55.8536319, -22.2833288], [-55.8535227, -22.2834904], [-55.8535227, -22.2839281], [-55.8535227, -22.2844871], [-55.8536828, -22.2849046], [-55.8542868, -22.2851806], [-55.8547817, -22.2854365], [-55.8551528, -22.2853153], [-55.8552256, -22.2850392]]]}, "properties": {"osm_id": "1318237885", "code": 4101, "fclass": "spring", "name": ""}}, {"type": "Feature", "geometry": {"type": "Polygon", "coordinates": [[[-55.8736091, -22.2980699], [-55.8735833, -22.2978472], [-55.8734372, -22.2976643], [-55.8731621, -22.2976802], [-55.8728527, -22.2976802], [-55.8725605, -22.2978313], [-55.8723543, -22.2981017], [-55.8724574, -22.29838], [-55.8726637, -22.2983561], [-55.8729387, -22.2983641], [-55.8734028, -22.2982448], [-55.8736091, -22.2980699]]]}, "properties": {"osm_id": "1318237886", "code": 4101, "fclass": "spring", "name": ""}}, {"type": "Feature", "geometry": {"type": "Polygon", "coordinates": [[[-55.8702124, -22.3038013], [-55.8702038, -22.3034634], [-55.8699545, -22.3031413], [-55.8689919, -22.3029425], [-55.8686224, -22.3026642], [-55.8682528, -22.3026245], [-55.8681239, -22.3028233], [-55.8680294, -22.3032447], [-55.8680294, -22.3037695], [-55.867952, -22.3043341], [-55.8680723, -22.3047953], [-55.8682872, -22.304843], [-55.8684677, -22.3047078], [-55.8688115, -22.304509], [-55.8691209, -22.3043579], [-55.8699202, -22.3041909], [-55.8701522, -22.3039842], [-55.8702124, -22.3038013]]]}, "properties": {"osm_id": "1318237887", "code": 4101, "fclass": "spring", "name": ""}}, {"type": "Feature", "geometry": {"type": "Polygon", "coordinates": [[[-57.4398132, -26.182482], [-57.4397806, -26.1824849], [-57.439744, -26.1824738], [-57.4397125, -26.182456], [-57.4396806, -26.182454], [-57.4395946, -26.1825005], [-57.4395549, -26.1825132], [-57.4395129, -26.1825365], [-57.4393865, -26.1825584], [-57.4392951, -26.1825982], [-57.4392387, -26.1826044], [-57.4391008, -26.1826604], [-57.4389817, -26.1827718], [-57.4389064, -26.1828495], [-57.4388812, -26.1828901], [-57.4387672, -26.1829822], [-57.4386871, -26.1830356], [-57.4386119, -26.1830801], [-57.4387646, -26.1830254], [-57.4388526, -26.1829567], [-57.4389788, -26.1828812], [-57.4390859, -26.1828314], [-57.4391854, -26.1827679], [-57.4392829, -26.1827319], [-57.4393709, -26.1826838], [-57.4395315, -26.1826032], [-57.439652, -26.1825517], [-57.4396979, -26.1825156], [-57.4397496, -26.1825174], [-57.4398132, -26.182482]]]}, "properties": {"osm_id": "1319907437", "code": 4141, "fclass": "beach", "name": ""}}, {"type": "Feature", "geometry": {"type": "Polygon", "coordinates": [[[-55.8806661, -27.4172902], [-55.8806655, -27.417267], [-55.8806566, -27.4171947], [-55.8806142, -27.417069], [-55.8805646, -27.4169795], [-55.8804867, -27.4168538], [-55.8804614, -27.4168166], [-55.8801182, -27.4167996], [-55.8799071, -27.4172693], [-55.8797684, -27.4175624], [-55.8796638, -27.4177347], [-55.8795956, -27.4178831], [-55.8794176, -27.4180934], [-55.8791787, -27.4183766], [-55.8789128, -27.4186283], [-55.8787702, -27.4187815], [-55.8786649, -27.418878], [-55.878454, -27.4190025], [-55.8782672, -27.4191297], [-55.8777614, -27.4194363], [-55.8773223, -27.4196817], [-55.8772932, -27.4197063], [-55.8771855, -27.4197975], [-55.8769804, -27.4198636], [-55.876668, -27.4200281], [-55.8763066, -27.4202453], [-55.8762801, -27.420421], [-55.8765761, -27.4204555], [-55.8767831, -27.4204696], [-55.8770587, -27.4204576], [-55.8773016, -27.4203943], [-55.8775253, -27.4202909], [-55.8776007, -27.420256], [-55.8777999, -27.42012], [-55.8780125, -27.4199367], [-55.8785136, -27.4194347], [-55.8786505, -27.4193052], [-55.8787446, -27.4192163], [-55.8788722, -27.4190957], [-55.8792336, -27.4187396], [-55.8793666, -27.4186084], [-55.8797612, -27.4182189], [-55.8798592, -27.4181193], [-55.8803615, -27.4176349], [-55.8805695, -27.4174467], [-55.8806444, -27.417346], [-55.8806661, -27.4172902]]]}, "properties": {"osm_id": "19157313", "code": 4141, "fclass": "beach", "name": "Balneario Costa Sur"}}, {"type": "Feature", "geometry": {"type": "Polygon", "coordinates": [[[-56.0321913, -27.3581179], [-56.0319364, -27.35816], [-56.0318119, -27.3583548], [-56.0319897, -27.3587602], [-56.0321913, -27.3581179]]]}, "properties": {"osm_id": "1447707166", "code": 4141, "fclass": "beach", "name": ""}}]}